concept_id,variety_id,orth,ipa,note
i,ami_nt,kaku,,2026學習詞表 02-02「我」
i,ami_hk,kako,,2026學習詞表 02-02「我」
i,ami_ha,kako,,2026學習詞表 02-02「我」
i,ami_ml,kako,,2026學習詞表 02-02「我」
i,ami_hc,kako,,"2026學習詞表 02-02「我」：主詞:kako, 依附詞 ako"
i,ata_sq,kun,,2026學習詞表 02-02「我」：kuzing/saku
i,ata_su,kuzing/kung,,2026學習詞表 02-02「我」
i,ata_ml,ikuwing/ kuwing/ cu/ ci,,2026學習詞表 02-02「我」
i,ata_pl,kung/ kuṟing,,2026學習詞表 02-02「我」
i,ata_sk,kingan,,2026學習詞表 02-02「我」：kingan(主格)
i,ata_kl,kinang/ knan/ kun/ kuzing/ kwing,,2026學習詞表 02-02「我」：kuzing(眉原)
i,say,yako,,2026學習詞表 02-02「我」：ya:o
i,tha,iaku,,2026學習詞表 02-02「我」
i,sed_to,yaku,,2026學習詞表 02-02「我」
i,sed_tg,yaku,,2026學習詞表 02-02「我」
i,sed_tr,yaku,,2026學習詞表 02-02「我」
i,bun_td,azak/caak/zaku,,2026學習詞表 02-02「我」：主格/屬格
i,bun_bh,azak,,2026學習詞表 02-02「我」：cak / zaku(主格) zaku(受格)
i,bun_vt,aak/zaku,,2026學習詞表 02-02「我」：主格aak/saak，受格 zaku
i,bun_bn,saak/zaku,,2026學習詞表 02-02「我」：azak(南投)
i,bun_ib,saikin,,2026學習詞表 02-02「我」：主-saikin/受-zaku
i,pai_es,tiaen,,2026學習詞表 02-02「我」
i,pai_nt,tiaken,,2026學習詞表 02-02「我」
i,pai_ct,tia’en,,2026學習詞表 02-02「我」
i,pai_st,tiaken/tia’en,,2026學習詞表 02-02「我」
i,ruk_es,konako,,2026學習詞表 02-02「我」
i,ruk_bd,kuaku,,2026學習詞表 02-02「我」
i,ruk_tw,kunaku,,2026學習詞表 02-02「我」
i,ruk_tn,kake,,2026學習詞表 02-02「我」
i,ruk_mg,kɨkɨ,,2026學習詞表 02-02「我」
i,ruk_mn,ilrae,,2026學習詞表 02-02「我」
i,puy_py,kuyku,,2026學習詞表 02-02「我」
i,puy_tp,inku,,2026學習詞表 02-02「我」
i,puy_ws,inku,,2026學習詞表 02-02「我」
i,puy_ks,inku,,2026學習詞表 02-02「我」
i,trv,yaku,,2026學習詞表 02-02「我」：主格/第一人稱
i,kav,aiku,,2026學習詞表 02-02「我」：主格
i,tso,aʼo,,2026學習詞表 02-02「我」
i,knv,iku,,2026學習詞表 02-02「我」
i,hla,ihlaku,,2026學習詞表 02-02「我」
i,yam,yaken,,2026學習詞表 02-02「我」
i,sak,kaku,,2026學習詞表 02-02「我」
i,pan,*aku,,ACD PAN 19072-31814b45130b9f247de5cff437cf4d79-1「1sg. nominative; I」
i,pmp,*aku,,ACD PMP 19081-31814b45130b9f247de5cff437cf4d79-1「1sg. nominative; I」
you_singular,ami_nt,kisu,,2026學習詞表 02-01「你」
you_singular,ami_hk,kiso,,2026學習詞表 02-01「你」
you_singular,ami_ha,kiso,,2026學習詞表 02-01「你」
you_singular,ami_ml,kiso,,2026學習詞表 02-01「你」
you_singular,ami_hc,kiso,,2026學習詞表 02-01「你」
you_singular,ata_sq,su,,2026學習詞表 02-01「你」：isu
you_singular,ata_su,isu/su,,2026學習詞表 02-01「你」：isu
you_singular,ata_ml,suʼ/ isuʼ,,2026學習詞表 02-01「你」
you_singular,ata_pl,su’/isu’,,2026學習詞表 02-01「你」
you_singular,ata_sk,su/isu,,2026學習詞表 02-01「你」
you_singular,ata_kl,isu/su,,2026學習詞表 02-01「你」
you_singular,say,Soʼo,,2026學習詞表 02-01「你」
you_singular,tha,ihu,,2026學習詞表 02-01「你」
you_singular,sed_to,isu,,2026學習詞表 02-01「你」
you_singular,sed_tg,isu,,2026學習詞表 02-01「你」
you_singular,sed_tr,isu,,2026學習詞表 02-01「你」
you_singular,bun_td,asu/suʼu,,2026學習詞表 02-01「你」：主格/屬格
you_singular,bun_bh,asu/suʼu/suʼ,,2026學習詞表 02-01「你」
you_singular,bun_vt,aas/suʼu,,2026學習詞表 02-01「你」
you_singular,bun_bn,asu/suʼu,,2026學習詞表 02-01「你」：asu/su-u
you_singular,bun_ib,kasu/suu,,2026學習詞表 02-01「你」：主-kasu/受-suu
you_singular,pai_es,tisun,,2026學習詞表 02-01「你」
you_singular,pai_nt,tisun,,2026學習詞表 02-01「你」
you_singular,pai_ct,tisun,,2026學習詞表 02-01「你」
you_singular,pai_st,tisun,,2026學習詞表 02-01「你」
you_singular,ruk_es,koso,,2026學習詞表 02-01「你」
you_singular,ruk_bd,kusu,,2026學習詞表 02-01「你」
you_singular,ruk_tw,kusu,,2026學習詞表 02-01「你」
you_singular,ruk_tn,koso,,2026學習詞表 02-01「你」
you_singular,ruk_mg,musu,,2026學習詞表 02-01「你」
you_singular,ruk_mn,imiyaʼe,,2026學習詞表 02-01「你」
you_singular,puy_py,yuyu,,2026學習詞表 02-01「你」：中性格
you_singular,puy_tp,inu,,2026學習詞表 02-01「你」
you_singular,puy_ws,inu,,2026學習詞表 02-01「你」
you_singular,puy_ks,inu,,2026學習詞表 02-01「你」
you_singular,trv,isu,,2026學習詞表 02-01「你」：主格/第二人稱
you_singular,kav,aisu,,2026學習詞表 02-01「你」：主格
you_singular,tso,suu,,2026學習詞表 02-01「你」
you_singular,knv,kasu,,2026學習詞表 02-01「你」
you_singular,hla,ihlau,,2026學習詞表 02-01「你」
you_singular,yam,imo,,2026學習詞表 02-01「你」；2026學習詞表 02-10「你」
you_singular,sak,kisu,,2026學習詞表 02-01「你」
you_singular,pan,*kaSu,,"ACD PAN 19072-024b2171c8958efa3ce919d2ba68322c-1「2sg., you」"
you_singular,pmp,*kahu,,"ACD PMP 19081-024b2171c8958efa3ce919d2ba68322c-1「2sg., you」"
he,ami_nt,cira,,2026學習詞表 02-03「他」
he,ami_hk,ciira,,2026學習詞表 02-03「他」
he,ami_ha,cingra,,2026學習詞表 02-03「他」：同其他方言ciira、cinira。
he,ami_ml,mira/cingra,,2026學習詞表 02-03「他」
he,ami_hc,cingra,,2026學習詞表 02-03「他」
he,ata_sq,hiya,,2026學習詞表 02-03「他」：hiya’
he,ata_su,hiya,,2026學習詞表 02-03「他」
he,ata_ml,hiyaʼ/ ihyaʼ,,2026學習詞表 02-03「他」
he,ata_pl,hiyaʼ,,2026學習詞表 02-03「他」
he,ata_sk,hiya,,2026學習詞表 02-03「他」
he,ata_kl,heya/ hya,,2026學習詞表 02-03「他」：hya(眉原)
he,say,siya,,2026學習詞表 02-03「他」
he,tha,thithu,,2026學習詞表 02-03「他」：另作他的
he,sed_to,hiya,,2026學習詞表 02-03「他」
he,sed_tg,heya,,2026學習詞表 02-03「他」
he,sed_tr,hiya,,2026學習詞表 02-03「他」
he,bun_td,cia,,2026學習詞表 02-03「他」：主格/屬格
he,bun_bh,mackiʼ,,2026學習詞表 02-03「他」：naip(主格) naipi(近)naipun(中)naipa(遠)cia(受格) ciadi(近)ciatun(中)ciata(遠)
he,bun_vt,aipa,,2026學習詞表 02-03「他」：主格aipa/naipa，受格 istaa/siata
he,bun_bn,naipa / siata / istaa,,2026學習詞表 02-03「他」：istaa(受格)
he,bun_ib,saia,,"2026學習詞表 02-03「他」：主-saiin(貼身), saian(近), saia(遠)；受-saicin(貼身), saitan(近), saicin(遠)"
he,pai_es,timadju,,2026學習詞表 02-03「他」
he,pai_nt,timadju,,2026學習詞表 02-03「他」
he,pai_ct,timadju,,2026學習詞表 02-03「他」
he,pai_st,timadju,,2026學習詞表 02-03「他」
he,ruk_es,kwani,,2026學習詞表 02-03「他」
he,ruk_bd,lasu,,2026學習詞表 02-03「他」
he,ruk_tw,lasu/alisu,,2026學習詞表 02-03「他」：lasu(他)/alisu(她)
he,ruk_tn,kini,,2026學習詞表 02-03「他」
he,ruk_mg,kini,,2026學習詞表 02-03「他」
he,ruk_mn,ine,,2026學習詞表 02-03「他」
he,puy_py,taytaw,,2026學習詞表 02-03「他」
he,puy_tp,intaw,,2026學習詞表 02-03「他」
he,puy_ws,intaw,,2026學習詞表 02-03「他」
he,puy_ks,intaw,,2026學習詞表 02-03「他」
he,trv,hiya,,2026學習詞表 02-03「他」：主格/第三人稱
he,kav,aizipna,,2026學習詞表 02-03「他」：主格
he,tso,taini,,2026學習詞表 02-03「他」
he,knv,nguain,,2026學習詞表 02-03「他」
he,hla,kanaʼana,,2026學習詞表 02-03「他」
he,yam,iya,,2026學習詞表 02-03「他」；2026學習詞表 02-12「他」
he,sak,ciniza/cinida,,2026學習詞表 02-03「他」
he,pan,*ia₁,,"ACD PAN 19072-f9714f427ece03dbb7d64ddfe65d087e-1「3sg. personal pronoun: he, she; him, her, it」"
he,pmp,*ia₁,,"ACD PMP 19081-f9714f427ece03dbb7d64ddfe65d087e-1「3sg. personal pronoun: he, she; him, her, it」"
we,ami_nt,kami / kita,,2026學習詞表 02-05「我們」；2026學習詞表 02-13「我們(排除式)」；2026學習詞表 02-14「咱們(包含式)」
we,ami_hk,kita / kami,,2026學習詞表 02-05「我們」；2026學習詞表 02-13「我們(排除式)」；2026學習詞表 02-14「咱們(包含式)」
we,ami_ha,kami / kita,,2026學習詞表 02-05「我們」；2026學習詞表 02-13「我們(排除式)」；2026學習詞表 02-14「咱們(包含式)」
we,ami_ml,kami / kita,,2026學習詞表 02-05「我們」；2026學習詞表 02-13「我們(排除式)」；2026學習詞表 02-14「咱們(包含式)」
we,ami_hc,kami / kita,,2026學習詞表 02-05「我們」：我們(排除式)；2026學習詞表 02-13「我們(排除式)」；2026學習詞表 02-14「咱們(包含式)」
we,ata_sq,ta / sami / ita,,2026學習詞表 02-05「我們」：ta’/ita；2026學習詞表 02-13「我們(排除式)」；2026學習詞表 02-14「咱們(包含式)」：ita’
we,ata_su,sami/ita / sami / ita,,2026學習詞表 02-05「我們」：cami(新生部落)；2026學習詞表 02-13「我們(排除式)」；2026學習詞表 02-14「咱們(包含式)」
we,ata_ml,taʼ/ itaʼ/ cami/ icami / cami/ icami / taʼ/ itaʼ,,2026學習詞表 02-05「我們」；2026學習詞表 02-13「我們(排除式)」；2026學習詞表 02-14「咱們(包含式)」
we,ata_pl,min/cami/ta/ita / cami / itaʼ,,2026學習詞表 02-05「我們」；2026學習詞表 02-13「我們(排除式)」；2026學習詞表 02-14「咱們(包含式)」
we,ata_sk,cami/ta/ita / cami / ita,,2026學習詞表 02-05「我們」；2026學習詞表 02-13「我們(排除式)」；2026學習詞表 02-14「咱們(包含式)」
we,ata_kl,cami/ ita/ sami / cami/ sami / ita,,2026學習詞表 02-05「我們」：sami(眉原)；2026學習詞表 02-13「我們(排除式)」：sami(眉原)；2026學習詞表 02-14「咱們(包含式)」
we,say,yami / ʼitaʼ,,2026學習詞表 02-05「我們」；2026學習詞表 02-13「我們(排除式)」；2026學習詞表 02-14「我們(包含式)」：mita’
we,tha,ita/iamin / iamin / ita,,2026學習詞表 02-05「我們」：ita (包含式) iamin (排除式)；2026學習詞表 02-13「我們(排除式)」；2026學習詞表 02-14「咱們(包含式)」
we,sed_to,yami / ita,,2026學習詞表 02-05「我們」；2026學習詞表 02-13「我們(排除式)」；2026學習詞表 02-14「咱們(包含式)」
we,sed_tg,yami / nita,,2026學習詞表 02-05「我們」；2026學習詞表 02-13「我們(排除式)」：miyan；2026學習詞表 02-14「咱們(包含式)」
we,sed_tr,yami / ita,,2026學習詞表 02-05「我們」；2026學習詞表 02-13「我們(排除式)」；2026學習詞表 02-14「咱們(包含式)」
we,bun_td,azam/ata/zami / azam / ita /ata,,2026學習詞表 02-05「我們」：主格/屬格azam/ata/zami/ita；2026學習詞表 02-13「我們(排除式)」：主格；2026學習詞表 02-14「咱們(包含式)」：主格 / 賓格
we,bun_bh,ita / ata,,2026學習詞表 02-05「我們」：(包含)ata/ita/cata(排他) azam/cam/zami；2026學習詞表 02-13「我們(排除式)」；2026學習詞表 02-14「咱們(包含式)」
we,bun_vt,aam / mita,,"2026學習詞表 02-05「我們」：(包含)主格ata/mita/ita/sata, (排他)zami/aam/saam；2026學習詞表 02-13「我們(排除式)」；2026學習詞表 02-14「咱們(包含式)」：mita/ata/ita/sata"
we,bun_bn,ata/mita / saam / zami /  samin,,2026學習詞表 02-05「我們」：ata/mita；2026學習詞表 02-13「我們(排除式)」：saam；2026學習詞表 02-14「咱們(包含式)」：ata
we,bun_ib,kaimin / kata,,2026學習詞表 02-05「我們」：(排他)主-kaimin/受-zami (包含)主-kata/受-mita；2026學習詞表 02-13「我們(排除式)」：主-kaimin/受-zami；2026學習詞表 02-14「咱們(包含式)」：主-kata/受-mita
we,pai_es,timitja / tiyamen / titjen,,2026學習詞表 02-05「我們」；2026學習詞表 02-13「我們(排除式)」；2026學習詞表 02-14「咱們(包含式)」
we,pai_nt,tiamen / titjen,,2026學習詞表 02-05「我們」；2026學習詞表 02-13「我們(排除式)」；2026學習詞表 02-14「咱們(包含式)」
we,pai_ct,tiamen / titjen,,2026學習詞表 02-05「我們」：timitja；2026學習詞表 02-13「我們(排除式)」；2026學習詞表 02-14「咱們(包含式)」
we,pai_st,tiamen / timitja,,2026學習詞表 02-05「我們」；2026學習詞表 02-13「我們(排除式)」；2026學習詞表 02-14「咱們(包含式)」
we,ruk_es,konai / kota； konai,,2026學習詞表 02-05「我們」；2026學習詞表 02-13「我們(排除式)」；2026學習詞表 02-14「咱們(包含式)」
we,ruk_bd,kuta / kunay,,2026學習詞表 02-05「我們」；2026學習詞表 02-13「我們(排除式)」；2026學習詞表 02-14「咱們(包含式)」
we,ruk_tw,kunai / kuta,,2026學習詞表 02-05「我們」；2026學習詞表 02-13「我們(排除式)」；2026學習詞表 02-14「咱們(包含式)」
we,ruk_tn,kiname / kita,,2026學習詞表 02-05「我們」；2026學習詞表 02-13「我們(排除式)」；2026學習詞表 02-14「咱們(包含式)」
we,ruk_mg,kɨnamɨ / nɨma / mitia,,2026學習詞表 02-05「我們」；2026學習詞表 02-13「我們(排除式)」；2026學習詞表 02-14「咱們(包含式)」
we,ruk_mn,iname / nai / imite,,2026學習詞表 02-05「我們」；2026學習詞表 02-13「我們(排除式)」；2026學習詞表 02-14「咱們(包含式)」
we,puy_py,mi / mimi / tayta,,2026學習詞表 02-05「我們」：排除主格；2026學習詞表 02-13「我們(排除式)」；2026學習詞表 02-14「我們(包含式)」
we,puy_tp,iniyam / inta,,2026學習詞表 02-05「我們」；2026學習詞表 02-13「我們(排除式)」；2026學習詞表 02-14「我們(包含式)」
we,puy_ws,iniyam / inta,,2026學習詞表 02-05「我們」：iniyam我們(排除式)；2026學習詞表 02-13「我們(排除式)」；2026學習詞表 02-14「我們(包含式)」
we,puy_ks,iniyam / inta,,2026學習詞表 02-05「我們」；2026學習詞表 02-13「我們(排除式)」；2026學習詞表 02-14「我們(包含式)」
we,trv,yami / ita,,2026學習詞表 02-05「我們」：主格;第一人稱複數;排他性；2026學習詞表 02-13「我們(排除式)」：主格;第一人稱複數;排他性；2026學習詞表 02-14「咱們(包含式)」：主格;第一人稱複數;包含式
we,kav,aimi / aita,,2026學習詞表 02-05「我們」：主格；2026學習詞表 02-13「我們(排除式)」：主格；2026學習詞表 02-14「咱們(包含式)」：主格
we,tso,a’mia/a’mi / a’mi/a’mia / aʼto,,2026學習詞表 02-05「我們」：a’mia達邦說法/a’mi特富野說法；2026學習詞表 02-13「我們(排除式)」：a’mi達邦說法/a’mia特富野說法；2026學習詞表 02-14「咱們(包含式)」
we,knv,kita / kimia / kitana,,2026學習詞表 02-05「我們」；2026學習詞表 02-13「我們(排除式)」；2026學習詞表 02-14「咱們(包含式)」
we,hla,ihlakia / ihlahlamu,,2026學習詞表 02-05「我們」：(排除式)用於較小單位數；2026學習詞表 02-13「我們(排除式)」；2026學習詞表 02-14「咱們(包含式)」
we,yam,yamen / namen / jiyaten / ta,,2026學習詞表 02-05「我們」：主格(自由)；2026學習詞表 02-08「我們」：主格(附著)、屬格(附著)；2026學習詞表 02-13「我們(排除式)」；2026學習詞表 02-14「咱們(包含式)」；2026學習詞表 02-15「咱們」
we,sak,kami / kita,,2026學習詞表 02-05「我們」；2026學習詞表 02-13「我們(排除式)」；2026學習詞表 02-14「咱們(包含式)」
we,pan,*ita₁ / *i-ami,,"ACD PAN 19072-42dc6c5bee537c4850d8dd80da64d83f-1「we (incl.)」；ACD PAN 19072-d299990b6539fdcfaf8a1e0776434cb3-1「1pl. excl. nominative, we」"
we,pmp,*ita₁ / *kam-ami,,"ACD PMP 19081-42dc6c5bee537c4850d8dd80da64d83f-1「we (incl.)」；ACD PMP 19081-f9853c80575cdb596f810f7a8d1fe958-1「1pl. excl., we」"
you_plural,ami_nt,kamu,,2026學習詞表 02-04「你們」
you_plural,ami_hk,kamo,,2026學習詞表 02-04「你們」
you_plural,ami_ha,kamo,,2026學習詞表 02-04「你們」
you_plural,ami_ml,kamo,,2026學習詞表 02-04「你們」
you_plural,ami_hc,kamo,,2026學習詞表 02-04「你們」：你們(複數／第二人稱／主格)
you_plural,ata_sq,simu,,2026學習詞表 02-04「你們」
you_plural,ata_su,simu,,2026學習詞表 02-04「你們」
you_plural,ata_ml,cimu/ icimu,,2026學習詞表 02-04「你們」
you_plural,ata_pl,mamu/cimu,,2026學習詞表 02-04「你們」
you_plural,ata_sk,cimu,,2026學習詞表 02-04「你們」
you_plural,ata_kl,cimuw/ simu,,2026學習詞表 02-04「你們」：simu(眉原)
you_plural,say,moyo,,2026學習詞表 02-04「你們」
you_plural,tha,maniun,,2026學習詞表 02-04「你們」：另作你們的
you_plural,sed_to,yamu,,2026學習詞表 02-04「你們」
you_plural,sed_tg,yamu,,2026學習詞表 02-04「你們」
you_plural,sed_tr,yamu,,2026學習詞表 02-04「你們」
you_plural,bun_td,amu/muʼu,,2026學習詞表 02-04「你們」：主格/屬格
you_plural,bun_bh,muʼu/amu/mu,,2026學習詞表 02-04「你們」
you_plural,bun_vt,amuu,,2026學習詞表 02-04「你們」：muu/amuu/samu/mu’u
you_plural,bun_bn,amu / muʼu,,2026學習詞表 02-04「你們」：amu/mu-u
you_plural,bun_ib,kamu,,2026學習詞表 02-04「你們」：主-kamu/受-muu
you_plural,pai_es,timun,,2026學習詞表 02-04「你們」
you_plural,pai_nt,timun,,2026學習詞表 02-04「你們」
you_plural,pai_ct,timun,,2026學習詞表 02-04「你們」
you_plural,pai_st,timun,,2026學習詞表 02-04「你們」
you_plural,ruk_es,konomi,,2026學習詞表 02-04「你們」
you_plural,ruk_bd,kunumi,,2026學習詞表 02-04「你們」
you_plural,ruk_tw,kunumi,,2026學習詞表 02-04「你們」
you_plural,ruk_tn,komo,,2026學習詞表 02-04「你們」
you_plural,ruk_mg,mumu,,2026學習詞表 02-04「你們」
you_plural,ruk_mn,inome,,2026學習詞表 02-04「你們」
you_plural,puy_py,muymu,,2026學習詞表 02-04「你們」
you_plural,puy_tp,inmu,,2026學習詞表 02-04「你們」
you_plural,puy_ws,inmu,,2026學習詞表 02-04「你們」
you_plural,puy_ks,inmu,,2026學習詞表 02-04「你們」
you_plural,trv,yamu,,2026學習詞表 02-04「你們」：主格;第二人稱複數;排他性
you_plural,kav,aimu,,2026學習詞表 02-04「你們」：主格
you_plural,tso,muu,,2026學習詞表 02-04「你們」
you_plural,knv,ikamu,,2026學習詞表 02-04「你們」
you_plural,hla,ihlamu,,2026學習詞表 02-04「你們」
you_plural,yam,inyo,,2026學習詞表 02-04「你們」；2026學習詞表 02-07「你們」
you_plural,sak,kamu,,2026學習詞表 02-04「你們」
you_plural,pan,*k-amu,,"ACD PAN 19072-b81ace7f89124abe41bb320d7ce63a81-1「2pl. nominative, you all」"
you_plural,pmp,*kamu₂,,"ACD PMP 19081-b81ace7f89124abe41bb320d7ce63a81-1「2pl. nominative, you all」"
they,ami_nt,heni,,2026學習詞表 02-06「他們」
they,ami_hk,caira,,2026學習詞表 02-06「他們」
they,ami_ha,cangra,,2026學習詞表 02-06「他們」
they,ami_ml,ca mira/cangra,,2026學習詞表 02-06「他們」
they,ami_hc,cangra,,2026學習詞表 02-06「他們」
they,ata_sq,lha,,2026學習詞表 02-06「他們」：lha’/lhgan
they,ata_su,laha,,2026學習詞表 02-06「他們」
they,ata_ml,nhaʼ/ inhaʼ,,2026學習詞表 02-06「他們」
they,ata_pl,lahaʼ,,2026學習詞表 02-06「他們」
they,ata_sk,naha,,2026學習詞表 02-06「他們」
they,ata_kl,naha/ lha,,2026學習詞表 02-06「他們」：lha(眉原)
they,say,lasiya,,2026學習詞表 02-06「他們」
they,tha,thaithuy,,2026學習詞表 02-06「他們」：另作他們的
they,sed_to,dhiya,,2026學習詞表 02-06「他們」
they,sed_tg,dheya,,2026學習詞表 02-06「他們」
they,sed_tr,dhiya,,2026學習詞表 02-06「他們」
they,bun_td,nai,,2026學習詞表 02-06「他們」：主格/屬格
they,bun_bh,mangkaʼ,,2026學習詞表 02-06「他們」：mangkiʼ(近)mangkun(中)mangkaʼ(遠)
they,bun_vt,aingka,,"2026學習詞表 02-06「他們」：主格naingkun/aingkun(中),naingka/aingka(遠),受格intaa,"
they,bun_bn,naingka / naita,,2026學習詞表 02-06「他們」：nenka/nai ta
they,bun_ib,naia,,"2026學習詞表 02-06「他們」：主-naiin, naian, naia/ 受-naicin, naitan, naicia"
they,pai_es,tiyamadju,,2026學習詞表 02-06「他們」
they,pai_nt,tiamadju,,2026學習詞表 02-06「他們」
they,pai_ct,tiamadju,,2026學習詞表 02-06「他們」
they,pai_st,tiamadju,,2026學習詞表 02-06「他們」
they,ruk_es,kolini,,2026學習詞表 02-06「他們」
they,ruk_bd,lalasu,,2026學習詞表 02-06「他們」
they,ruk_tw,lamaalalala/lamaalyali,,2026學習詞表 02-06「他們」：lamaalalala(他們)/lamaalyali(她們)
they,ruk_tn,kinadroway,,2026學習詞表 02-06「他們」
they,ruk_mg,kidri,,2026學習詞表 02-06「他們」
they,ruk_mn,analo,,2026學習詞表 02-06「他們」
they,puy_py,nadrunu,,2026學習詞表 02-06「他們」：nadru是省略語
they,puy_tp,nazu,,2026學習詞表 02-06「他們」
they,puy_ws,naziyu/nazu,,2026學習詞表 02-06「他們」
they,puy_ks,nadu,,2026學習詞表 02-06「他們」
they,trv,dhiya,,2026學習詞表 02-06「他們」：主格;第三人稱複數;排他性
they,kav,qaniyau,,2026學習詞表 02-06「他們」：主格
they,tso,hin’i,,2026學習詞表 02-06「他們」
they,knv,nguani,,2026學習詞表 02-06「他們」
they,hla,hlakanaʼana,,2026學習詞表 02-06「他們」
they,yam,sira,,2026學習詞表 02-06「他們」；2026學習詞表 02-09「他們」
they,sak,kuheni/uheni,,2026學習詞表 02-06「他們」
they,pmp,*ida,,"ACD PMP 19081-57b30897d8f6e257fe905a355332b3c1-1「they, them (cf *da)」"
this,ami_nt,kiniyan,,2026學習詞表 02-17「這個」
this,ami_hk,noni/nian,,2026學習詞表 02-17「這個」
this,ami_ha,oni,,2026學習詞表 02-17「這個」
this,ami_ml,koni,,2026學習詞表 02-17「這個」
this,ami_hc,koni,,2026學習詞表 02-17「這個」：未特定強調或特意指定的說法
this,ata_sq,qani,,2026學習詞表 02-17「這個」
this,ata_su,hani,,2026學習詞表 02-17「這個」
this,ata_ml,hani,,2026學習詞表 02-17「這個」
this,ata_pl,kani/hani,,2026學習詞表 02-17「這個」
this,ata_sk,qani,,2026學習詞表 02-17「這個」
this,ata_kl,kwani / kwe / yi’a / c’a,,2026學習詞表 02-17「這個」：yi’a(眉原) / c’a(眉原)
this,say,hini,,2026學習詞表 02-17「這個」
this,tha,haya,,2026學習詞表 02-17「這個」
this,sed_to,ni,,2026學習詞表 02-17「這個」
this,sed_tg,nii,,2026學習詞表 02-17「這個」
this,sed_tr,nii,,2026學習詞表 02-17「這個」
this,bun_td,dii,,2026學習詞表 02-17「這個」
this,bun_bh,mackiʼ/di,,2026學習詞表 02-17「這個」
this,bun_vt,siati/siadii/aipi,,2026學習詞表 02-17「這個」：dii/dikun
this,bun_bn,naipi / dii,,2026學習詞表 02-17「這個」：nepi/dii
this,bun_ib,andipa,,"2026學習詞表 02-17「這個」：主-saiin(貼身), saian(近)/受-saicin(貼身), saitan(近)"
this,pai_es,aycu,,2026學習詞表 02-17「這個」
this,pai_nt,aicu,,2026學習詞表 02-17「這個」
this,pai_ct,aicu,,2026學習詞表 02-17「這個」
this,pai_st,aicu,,2026學習詞表 02-17「這個」
this,ruk_es,kaivai,,2026學習詞表 02-17「這個」
this,ruk_bd,kikay,,2026學習詞表 02-17「這個」
this,ruk_tw,kaivai,,2026學習詞表 02-17「這個」
this,ruk_tn,kikay,,2026學習詞表 02-17「這個」
this,ruk_mg,kɨné,,2026學習詞表 02-17「這個」
this,ruk_mn,ʼina,,2026學習詞表 02-17「這個」
this,puy_py,idrini,,2026學習詞表 02-17「這個」：idri是省略用語
this,puy_tp,ini,,2026學習詞表 02-17「這個」
this,puy_ws,ini,,2026學習詞表 02-17「這個」：單數
this,puy_ks,ini,,2026學習詞表 02-17「這個」：單數
this,trv,nii,,2026學習詞表 02-17「這個」
this,kav,zau,,2026學習詞表 02-17「這個」
this,tso,eni,,2026學習詞表 02-17「這個」
this,knv,isi,,2026學習詞表 02-17「這個」
this,hla,kaniʼi,,2026學習詞表 02-17「這個」
this,yam,oya,,2026學習詞表 02-17「這個」
this,sak,kuyni/uyni,,2026學習詞表 02-17「這個」
this,pan,*i-ni,,ACD PAN 19072-ea5a2ba944083bbb4bb4dcab6e6daf3c-1「this; here」
this,pmp,*i-ni,,ACD PMP 19081-ea5a2ba944083bbb4bb4dcab6e6daf3c-1「this; here」
that,ami_nt,iraan,,2026學習詞表 02-16「那個」
that,ami_hk,nora/raan,,2026學習詞表 02-16「那個」
that,ami_ha,ora,,2026學習詞表 02-16「那個」
that,ami_ml,kora,,2026學習詞表 02-16「那個」
that,ami_hc,kora,,2026學習詞表 02-16「那個」
that,ata_sq,qasa,,2026學習詞表 02-16「那個」
that,ata_su,hasa,,2026學習詞表 02-16「那個」：haca
that,ata_ml,haca,,2026學習詞表 02-16「那個」
that,ata_pl,kaca/haca,,2026學習詞表 02-16「那個」
that,ata_sk,qaca,,2026學習詞表 02-16「那個」
that,ata_kl,kwaca / kyaca / asa / yasa,,2026學習詞表 02-16「那個」：asa(眉原) / yasa(眉原)
that,say,hiza,,2026學習詞表 02-16「那個」
that,tha,huya,,2026學習詞表 02-16「那個」
that,sed_to,way,,2026學習詞表 02-16「那個」：wa那個
that,sed_tg,gaga,,2026學習詞表 02-16「那個」
that,sed_tr,gaga,,2026學習詞表 02-16「那個」
that,bun_td,aiza,,2026學習詞表 02-16「那個」：aiza/mackaʼ/naipaʼ
that,bun_bh,mackaʼ/eza,,2026學習詞表 02-16「那個」
that,bun_vt,siata/naipa/daiza,,2026學習詞表 02-16「那個」
that,bun_bn,naipa / siata,,2026學習詞表 02-16「那個」：nepa
that,bun_ib,adipa,,2026學習詞表 02-16「那個」：主-saia/受-saicia
that,pai_es,azuwa,,2026學習詞表 02-16「那個」
that,pai_nt,azua,,2026學習詞表 02-16「那個」
that,pai_ct,azua,,2026學習詞表 02-16「那個」
that,pai_st,azua,,2026學習詞表 02-16「那個」
that,ruk_es,kwani,,2026學習詞表 02-16「那個」
that,ruk_bd,kuidra,,2026學習詞表 02-16「那個」
that,ruk_tw,kwani,,2026學習詞表 02-16「那個」
that,ruk_tn,kidro,,2026學習詞表 02-16「那個」
that,ruk_mg,kɨdroo,,2026學習詞表 02-16「那個」
that,ruk_mn,ana,,2026學習詞表 02-16「那個」
that,puy_py,idrunu,,2026學習詞表 02-16「那個」：idru是省略用語
that,puy_tp,izu,,2026學習詞表 02-16「那個」
that,puy_ws,iziyu,,2026學習詞表 02-16「那個」：單數
that,puy_ks,idu,,2026學習詞表 02-16「那個」：單數
that,trv,gaga,,2026學習詞表 02-16「那個」
that,kav,ʼnay,,2026學習詞表 02-16「那個」
that,tso,tonoi,,2026學習詞表 02-16「那個」
that,knv,isa,,2026學習詞表 02-16「那個」：說話者以及聽話者都可以看得到的「那個」
that,hla,kanaʼa,,2026學習詞表 02-16「那個」
that,yam,ito,,2026學習詞表 02-16「那個」
that,sak,kuyza/ kuyda/uyda,,2026學習詞表 02-16「那個」
that,pan,*i-Cu,,ACD PAN 19072-7f245d8d19bcf4d5a57ab3f08291429d-1「that (2p)」
that,pmp,*i-Cu,,ACD PMP 19081-7f245d8d19bcf4d5a57ab3f08291429d-1「that (2p)」
here,ami_nt,itini,,2026學習詞表 02-18「這裡」
here,ami_hk,itini,,2026學習詞表 02-18「這裡」
here,ami_ha,ini,,2026學習詞表 02-18「這裡」
here,ami_ml,ni,,2026學習詞表 02-18「這裡」
here,ami_hc,tini,,2026學習詞表 02-18「這裡」
here,ata_sq,sqani,,2026學習詞表 02-18「這裡」
here,ata_su,hani/shani/runiy,,2026學習詞表 02-18「這裡」：另作runiy
here,ata_ml,runi,,2026學習詞表 02-18「這裡」
here,ata_pl,sani,,2026學習詞表 02-18「這裡」
here,ata_sk,cqani,,2026學習詞表 02-18「這裡」
here,ata_kl,cahay / hani,,2026學習詞表 02-18「這裡」
here,say,rini,,2026學習詞表 02-18「這裡」：hini / hani / hiSon
here,tha,inai,,2026學習詞表 02-18「這裡」
here,sed_to,hini,,2026學習詞表 02-18「這裡」：niyi hini這裡
here,sed_tg,hini,,2026學習詞表 02-18「這裡」
here,sed_tr,hini,,2026學習詞表 02-18「這裡」
here,bun_td,haan dii / haʼan dii,,2026學習詞表 02-18「這裡」：在這裡ihaan dii / ihaʼan dii
here,bun_bh,diki,,2026學習詞表 02-18「這裡」
here,bun_vt,iti/haandii,,2026學習詞表 02-18「這裡」
here,bun_bn,iti,,2026學習詞表 02-18「這裡」：handii/dii /iti
here,bun_ib,andiip,,2026學習詞表 02-18「這裡」：andi南投慣用/Andiip/andii在這(近稱)/Avandiip/avandii(中稱)/Azandiip/azandii(遠稱)
here,pai_es,imaza,,2026學習詞表 02-18「這裡」
here,pai_nt,maza,,2026學習詞表 02-18「這裡」
here,pai_ct,maza,,2026學習詞表 02-18「這裡」
here,pai_st,maza,,2026學習詞表 02-18「這裡」
here,ruk_es,kikai,,2026學習詞表 02-18「這裡」
here,ruk_bd,kawvay,,2026學習詞表 02-18「這裡」
here,ruk_tw,kaivai,,2026學習詞表 02-18「這裡」
here,ruk_tn,nakay,,2026學習詞表 02-18「這裡」
here,ruk_mg,kani,,2026學習詞表 02-18「這裡」
here,ruk_mn,ʼinaai,,2026學習詞表 02-18「這裡」
here,puy_py,kadrini,,2026學習詞表 02-18「這裡」：kadri是省略用語
here,puy_tp,kani,,2026學習詞表 02-18「這裡」
here,puy_ws,kani,,2026學習詞表 02-18「這裡」
here,puy_ks,kani,,2026學習詞表 02-18「這裡」
here,trv,hini,,2026學習詞表 02-18「這裡」
here,kav,tazian,,2026學習詞表 02-18「這裡」
here,tso,tanʼe,,2026學習詞表 02-18「這裡」
here,knv,nesi,,2026學習詞表 02-18「這裡」
here,hla,naani,,2026學習詞表 02-18「這裡」
here,yam,jiya,,2026學習詞表 02-18「這裡」
here,sak,tini,,2026學習詞表 02-18「這裡」
here,pan,*di-ni,,ACD PAN 19072-6c92285fa6d3e827b198d120ea3ac674-1「here」
here,pmp,*di-ni,,ACD PMP 19081-6c92285fa6d3e827b198d120ea3ac674-1「here」
there,ami_nt,itila,,2026學習詞表 02-19「那裡」
there,ami_hk,itira,,2026學習詞表 02-19「那裡」
there,ami_ha,iraw,,2026學習詞表 02-19「那裡」
there,ami_ml,ra,,2026學習詞表 02-19「那裡」
there,ami_hc,itira,,2026學習詞表 02-19「那裡」
there,ata_sq,thasa,,2026學習詞表 02-19「那裡」：tehasa/sqasa
there,ata_su,thasa / tehasa / tihasa,,2026學習詞表 02-19「那裡」
there,ata_ml,haca,,2026學習詞表 02-19「那裡」
there,ata_pl,saca,,2026學習詞表 02-19「那裡」
there,ata_sk,cqaca,,2026學習詞表 02-19「那裡」
there,ata_kl,haca / hasa,,2026學習詞表 02-19「那裡」：hasa(眉原)
there,say,riza/haSon,,2026學習詞表 02-19「那裡」：hiza hato/haSon不可見
there,tha,isui,,2026學習詞表 02-19「那裡」
there,sed_to,hiya,,2026學習詞表 02-19「那裡」：wa ha那裡
there,sed_tg,hiya,,2026學習詞表 02-19「那裡」
there,sed_tr,hiya,,2026學習詞表 02-19「那裡」
there,bun_td,haan aiza / haʼan aiza,,2026學習詞表 02-19「那裡」：同ihaan aiza./iha’an aiza.
there,bun_bh,mackaʼ/eza/deza,,2026學習詞表 02-19「那裡」
there,bun_vt,daiza,,2026學習詞表 02-19「那裡」
there,bun_bn,daiza /  ita,,2026學習詞表 02-19「那裡」：handeza /deza /ita
there,bun_ib,adiip,,2026學習詞表 02-19「那裡」
there,pai_es,azuwa,,2026學習詞表 02-19「那裡」
there,pai_nt,azua,,2026學習詞表 02-19「那裡」
there,pai_ct,i zua,,2026學習詞表 02-19「那裡」
there,pai_st,zua,,2026學習詞表 02-19「那裡」
there,ruk_es,kawai,,2026學習詞表 02-19「那裡」
there,ruk_bd,kavay,,2026學習詞表 02-19「那裡」
there,ruk_tw,kauwai,,2026學習詞表 02-19「那裡」
there,ruk_tn,nadroway,,2026學習詞表 02-19「那裡」
there,ruk_mg,kadroo,,2026學習詞表 02-19「那裡」
there,ruk_mn,aanai,,2026學習詞表 02-19「那裡」
there,puy_py,kadriyu,,2026學習詞表 02-19「那裡」：kadru是省略用語
there,puy_tp,kazu,,2026學習詞表 02-19「那裡」
there,puy_ws,kaziyu,,2026學習詞表 02-19「那裡」
there,puy_ks,kadu,,2026學習詞表 02-19「那裡」
there,trv,hiya,,2026學習詞表 02-19「那裡」
there,kav,tawian,,2026學習詞表 02-19「那裡」
there,tso,taʼe,,2026學習詞表 02-19「那裡」
there,knv,nesa,,2026學習詞表 02-19「那裡」：不確定位置的「那裡」
there,hla,naana,,2026學習詞表 02-19「那裡」
there,yam,dang,,2026學習詞表 02-19「那裡」
there,sak,tiza/ tida,,2026學習詞表 02-19「那裡」
there,pan,*dua,,"ACD PAN 19072-a876c5442f8fae07bb35da85068d110b-1「over there, yonder」"
there,pmp,*i-di,,"ACD PMP 19081-f4bd49af2ce322507e58c447f2c82f02-2「that, there」"
who,ami_nt,cima,,2026學習詞表 03-05「誰」
who,ami_hk,cima^,,2026學習詞表 03-05「誰」
who,ami_ha,cima,,2026學習詞表 03-05「誰」
who,ami_ml,cima,,2026學習詞表 03-05「誰」
who,ami_hc,cima,,2026學習詞表 03-05「誰」
who,ata_sq,ima,,2026學習詞表 03-05「誰」：ima’
who,ata_su,ima,,2026學習詞表 03-05「誰」
who,ata_ml,imaʼ,,2026學習詞表 03-05「誰」
who,ata_pl,imaʼ,,2026學習詞表 03-05「誰」
who,ata_sk,ima,,2026學習詞表 03-05「誰」
who,ata_kl,ima,,2026學習詞表 03-05「誰」
who,say,hiyaʼ,,2026學習詞表 03-05「誰」
who,tha,tima,,2026學習詞表 03-05「誰」
who,sed_to,ima,,2026學習詞表 03-05「誰」
who,sed_tg,ima,,2026學習詞表 03-05「誰」
who,sed_tr,ima,,2026學習詞表 03-05「誰」
who,bun_td,cima,,2026學習詞表 03-05「誰」
who,bun_bh,cimaq/cima,,2026學習詞表 03-05「誰」
who,bun_vt,simaq,,2026學習詞表 03-05「誰」
who,bun_bn,simaq,,2026學習詞表 03-05「誰」：simaq
who,bun_ib,sima,,2026學習詞表 03-05「誰」
who,pai_es,tima,,2026學習詞表 03-05「誰」
who,pai_nt,tima,,2026學習詞表 03-05「誰」
who,pai_ct,tima,,2026學習詞表 03-05「誰」
who,pai_st,tima,,2026學習詞表 03-05「誰」
who,ruk_es,anea,,2026學習詞表 03-05「誰」
who,ruk_bd,aneane,,2026學習詞表 03-05「誰」
who,ruk_tw,anea,,2026學習詞表 03-05「誰」
who,ruk_tn,nanini,,2026學習詞表 03-05「誰」
who,ruk_mg,acini,,2026學習詞表 03-05「誰」
who,ruk_mn,aangai,,2026學習詞表 03-05「誰」
who,puy_py,i manay,,2026學習詞表 03-05「誰」
who,puy_tp,i eman,,2026學習詞表 03-05「誰」
who,puy_ws,i eman,,2026學習詞表 03-05「誰」
who,puy_ks,i eman,,2026學習詞表 03-05「誰」
who,trv,ima,,2026學習詞表 03-05「誰」
who,kav,tiana,,2026學習詞表 03-05「誰」
who,tso,sia,,2026學習詞表 03-05「誰」
who,knv,neni,,2026學習詞表 03-05「誰」
who,hla,ngahlaisa,,2026學習詞表 03-05「誰」
who,yam,sino,,2026學習詞表 03-05「誰」
who,sak,cima,,2026學習詞表 03-05「誰」
who,pan,*ima,,ACD PAN 19072-53d670af9bb16ea82e7ef41ee23ec6df-1「who?」
who,pmp,*sai,,ACD PMP 19081-53d670af9bb16ea82e7ef41ee23ec6df-2「who?」
what,ami_nt,maan,,2026學習詞表 03-02「什麼」
what,ami_hk,maan,,2026學習詞表 03-02「什麼」
what,ami_ha,maan,,2026學習詞表 03-02「什麼」
what,ami_ml,maan,,2026學習詞表 03-02「什麼」
what,ami_hc,maan/manan/mimaan,,2026學習詞表 03-02「什麼」
what,ata_sq,nanu,,2026學習詞表 03-02「什麼」：nanu’
what,ata_su,nanu,,2026學習詞表 03-02「什麼」
what,ata_ml,nanuwan,,2026學習詞表 03-02「什麼」
what,ata_pl,amol,,2026學習詞表 03-02「什麼」
what,ata_sk,nanu,,2026學習詞表 03-02「什麼」
what,ata_kl,laluw / nanu / nanya,,2026學習詞表 03-02「什麼」：nanu(眉原) / nanya(眉原)
what,say,kanoʼ,,2026學習詞表 03-02「什麼」
what,tha,numa,,2026學習詞表 03-02「什麼」
what,sed_to,manu,,2026學習詞表 03-02「什麼」
what,sed_tg,maanu,,2026學習詞表 03-02「什麼」
what,sed_tr,manu,,2026學習詞表 03-02「什麼」
what,bun_td,maʼaz,,2026學習詞表 03-02「什麼」
what,bun_bh,maq/maʼaq/maz/maʼaz,,2026學習詞表 03-02「什麼」
what,bun_vt,maʼaq/maaq,,2026學習詞表 03-02「什麼」
what,bun_bn,maʼaq,,2026學習詞表 03-02「什麼」：ma-aq
what,bun_ib,maaz,,2026學習詞表 03-02「什麼」：Maaz南投慣用
what,pai_es,anema,,2026學習詞表 03-02「什麼」
what,pai_nt,anema,,2026學習詞表 03-02「什麼」
what,pai_ct,anema,,2026學習詞表 03-02「什麼」
what,pai_st,anema,,2026學習詞表 03-02「什麼」
what,puy_py,a manay,,2026學習詞表 03-02「什麼」
what,puy_tp,eman,,2026學習詞表 03-02「什麼」
what,puy_ws,eman,,2026學習詞表 03-02「什麼」
what,puy_ks,eman,,2026學習詞表 03-02「什麼」
what,trv,manu,,2026學習詞表 03-02「什麼」
what,kav,niana,,2026學習詞表 03-02「什麼」
what,tso,cuma,,2026學習詞表 03-02「什麼」
what,knv,neni,,2026學習詞表 03-02「什麼」
what,hla,ngasa,,2026學習詞表 03-02「什麼」
what,yam,ikongo / ikong,,2026學習詞表 03-02「什麼」；2026學習詞表 03-12「什麼」
what,sak,canan,,2026學習詞表 03-02「什麼」
what,pan,*nema,,ACD PAN 19072-dfa3ad2ef5455b87d7e4655203501f43-1「what thing?」
what,pmp,*apa₁,,ACD PMP 19081-4a2028eceac5e1f4d252ea13c71ecec6-1「what?」
where,ami_nt,icuwa,,2026學習詞表 03-07「哪裡」；2026學習詞表 03-12「什麼地方」
where,ami_hk,icowa^,,2026學習詞表 03-07「哪裡」；2026學習詞表 03-12「什麼地方」
where,ami_ha,icowa / sakacowa,,2026學習詞表 03-07「哪裡」；2026學習詞表 03-12「什麼地方」
where,ami_ml,cowa/icowa / icowa,,2026學習詞表 03-07「哪裡」；2026學習詞表 03-12「什麼地方」
where,ami_hc,icowa / icowaay,,2026學習詞表 03-07「哪裡」：表示哪裡，何處；2026學習詞表 03-12「什麼地方」：表示哪裡，何處
where,ata_sq,inu,,2026學習詞表 03-07「哪裡」：inu’；2026學習詞表 03-12「什麼地方」：inu’
where,ata_su,inu,,2026學習詞表 03-07「哪裡」；2026學習詞表 03-12「什麼地方」：te’inu
where,ata_ml,inuʼ/ aynuʼ / inuʼ ku hani,,2026學習詞表 03-07「哪裡」；2026學習詞表 03-12「什麼地方」
where,ata_pl,inuʼ,,2026學習詞表 03-07「哪裡」；2026學習詞表 03-12「什麼地方」
where,ata_sk,inu / cqenu,,2026學習詞表 03-07「哪裡」；2026學習詞表 03-12「什麼地方」
where,ata_kl,inu / henu / beh inu/ inu,,2026學習詞表 03-07「哪裡」；2026學習詞表 03-12「什麼地方」：inu(眉原)
where,say,haynoʼ / raynoʼ / haynoʼ,,2026學習詞表 03-07「哪裡」；2026學習詞表 03-12「什麼地方」：rayno’
where,tha,intua,,2026學習詞表 03-12「在什麼地方」
where,sed_to,inu,,2026學習詞表 03-07「哪裡」：wa inu哪裡；2026學習詞表 03-12「什麼地方」
where,sed_tg,inu,,2026學習詞表 03-07「哪裡」；2026學習詞表 03-12「什麼地方」
where,sed_tr,inu,,2026學習詞表 03-07「哪裡」；2026學習詞表 03-12「什麼地方」
where,bun_td,ica,,2026學習詞表 03-07「哪裡」；2026學習詞表 03-12「什麼地方」：亦可稱：i’ica哪裡
where,bun_bh,icaq/ica,,2026學習詞表 03-07「哪裡」；2026學習詞表 03-12「什麼地方」
where,bun_vt,isaq,,2026學習詞表 03-07「哪裡」；2026學習詞表 03-12「什麼地方」：iʼisaq
where,bun_bn,isaq / iʼisaq / isaq,,2026學習詞表 03-07「哪裡」：isaq/i-isaq；2026學習詞表 03-12「什麼地方」：antan-isaq
where,bun_ib,isa,,2026學習詞表 03-07「哪裡」；2026學習詞表 03-12「什麼地方」
where,pai_es,inu / inuwan,,2026學習詞表 03-07「哪裡」；2026學習詞表 03-12「什麼地方」
where,pai_nt,inu / yainuan,,2026學習詞表 03-07「哪裡」：izainu；2026學習詞表 03-12「什麼地方」：izainuan
where,pai_ct,i zainu / yainuan,,2026學習詞表 03-07「哪裡」；2026學習詞表 03-12「什麼地方」
where,pai_st,inu / inuan,,2026學習詞表 03-07「哪裡」；2026學習詞表 03-12「什麼地方」
where,ruk_es,ino / amani ino,,2026學習詞表 03-07「哪裡」；2026學習詞表 03-12「什麼地方」：amani ino 問事件發生的位置，yakai ino 在什麼地方(要詢問更確切的位置及方位)
where,ruk_bd,yainu / inu,,2026學習詞表 03-07「哪裡」；2026學習詞表 03-12「什麼地方」
where,ruk_tw,inu / yainu,,2026學習詞表 03-07「哪裡」；2026學習詞表 03-12「什麼地方」
where,ruk_tn,nino,,2026學習詞表 03-07「哪裡」；2026學習詞表 03-12「什麼地方」
where,ruk_mg,ikadra / ikatékadra,,2026學習詞表 03-07「哪裡」；2026學習詞表 03-12「什麼地方」
where,ruk_mn,aikiedha / omaedha,,2026學習詞表 03-07「哪裡」；2026學習詞表 03-12「什麼地方」
where,puy_py,isuwa,,2026學習詞表 03-07「哪裡；何處」；2026學習詞表 03-12「什麼地方」
where,puy_tp,iyan / i  iyan,,2026學習詞表 03-07「哪裡；何處」；2026學習詞表 03-12「什麼地方」
where,puy_ws,iyan / i iyan,,2026學習詞表 03-07「哪裡；何處」；2026學習詞表 03-12「什麼地方」
where,puy_ks,i iyan,,2026學習詞表 03-07「哪裡；何處」；2026學習詞表 03-12「什麼地方」
where,trv,inu / quri inu,,2026學習詞表 03-07「哪裡」；2026學習詞表 03-12「哪裡」
where,kav,tanian,,2026學習詞表 03-07「哪裡」；2026學習詞表 03-12「什麼地方」
where,tso,nenu / no  nenu,,2026學習詞表 03-07「哪裡」；2026學習詞表 03-12「什麼地方」
where,knv,nanu,,2026學習詞表 03-07「哪裡」；2026學習詞表 03-12「什麼地方」
where,hla,ninau / sasaruana ninau,,2026學習詞表 03-07「哪裡」；2026學習詞表 03-12「什麼地方」
where,yam,jino,,2026學習詞表 03-07「哪裡」
where,sak,cuwa / i cuwa,,2026學習詞表 03-07「哪裡」；2026學習詞表 03-12「什麼地方」
where,pan,*inu,,ACD PAN 19072-567904efe9e64d9faf3e41ef402cb568-1「where?」
where,pmp,*inu,,ACD PMP 19081-567904efe9e64d9faf3e41ef402cb568-1「where?」
when,ami_nt,a hacuwa / nahacuwa,,2026學習詞表 03-04「何時(未發生)」；2026學習詞表 03-13「何時(已發生)」
when,ami_hk,ihacowa^,,2026學習詞表 03-04「何時(未發生)」；2026學習詞表 03-13「何時(已發生)」
when,ami_ha,ano hacowa / ihacowa,,2026學習詞表 03-04「何時(未發生)」；2026學習詞表 03-13「何時(已發生)」：hacowa 指何時；hakowa 指多少。
when,ami_ml,anohacowa / ihacowaay,,2026學習詞表 03-04「何時(未發生)」；2026學習詞表 03-13「何時(已發生)」
when,ami_hc,i hacowa/ano hacowa / hacowa/ano hacowa,,2026學習詞表 03-04「何時(未發生)」；2026學習詞表 03-13「何時(已發生)」
when,ata_sq,knwan,,2026學習詞表 03-04「何時(未發生)」；2026學習詞表 03-13「何時(已發生)」
when,ata_su,kanuwan/knwan / sknuwan/sakanuwan,,2026學習詞表 03-04「何時(未發生)」；2026學習詞表 03-13「何時(已發生)」：knuwan/sknwan
when,ata_ml,kanuwan,,2026學習詞表 03-04「何時(未發生)」；2026學習詞表 03-13「何時(已發生)」
when,ata_pl,kanon / ci kanon,,2026學習詞表 03-04「何時(未發生)」；2026學習詞表 03-13「何時(已發生)」
when,ata_sk,knwan / cknwan,,2026學習詞表 03-04「何時(未發生)」；2026學習詞表 03-13「何時(已發生)」
when,ata_kl,knwan,,2026學習詞表 03-04「何時(未發生)」；2026學習詞表 03-13「何時(已發生)」
when,say,ʼinowan / kaʼinowan,,2026學習詞表 03-04「何時(未發生)」：ka’inowan （表過去）；2026學習詞表 03-13「何時(已發生)」
when,tha,alhakaiza / kaiza,,2026學習詞表 03-04「何時(未發生)」；2026學習詞表 03-13「何時(已發生)」
when,sed_to,knuwan / cnuwan,,2026學習詞表 03-04「何時(未發生)」；2026學習詞表 03-13「何時(已發生)」
when,sed_tg,knuwan,,2026學習詞表 03-04「何時(未發生)」；2026學習詞表 03-13「何時(已發生)」
when,sed_tr,knuwan / snuwan,,2026學習詞表 03-04「何時(未發生)」；2026學習詞表 03-13「何時(已發生)」
when,bun_td,lakua,,2026學習詞表 03-04「何時(未發生)」；2026學習詞表 03-13「何時(已發生)」
when,bun_bh,lakuaq / lakuaq/lakua,,2026學習詞表 03-04「何時(未發生)」；2026學習詞表 03-13「何時(已發生)」
when,bun_vt,lakuaq,,2026學習詞表 03-04「何時(未發生)」；2026學習詞表 03-13「何時(已發生)」
when,bun_bn,lakuʼaq,,2026學習詞表 03-04「何時(未發生)」：laku-aq；2026學習詞表 03-13「何時(已發生)」：leku-aq
when,bun_ib,lakua,,2026學習詞表 03-04「何時(未發生)」；2026學習詞表 03-13「何時(已發生)」
when,pai_es,makudakuda / kamakudakuda,,2026學習詞表 03-04「何時(未發生)」；2026學習詞表 03-13「何時(已發生)」
when,pai_nt,nungida / kangida,,2026學習詞表 03-04「何時(未發生)」；2026學習詞表 03-13「何時(已發生)」
when,pai_ct,nungida / singidaan,,2026學習詞表 03-04「何時(未發生)」：已經發生kangida；2026學習詞表 03-13「何時(已發生)」
when,pai_st,nungida / singidan,,2026學習詞表 03-04「何時(未發生)」；2026學習詞表 03-13「何時(已發生)」
when,ruk_es,loiga / koiga,,2026學習詞表 03-04「何時(未發生)」；2026學習詞表 03-13「何時(已發生)」
when,ruk_bd,luigane / kuigane,,2026學習詞表 03-04「何時(未發生)」；2026學習詞表 03-13「何時(已發生)」
when,ruk_tw,luiga / kuiga,,2026學習詞表 03-04「何時(未發生)」；2026學習詞表 03-13「何時(已發生)」
when,ruk_tn,nogiyane,,2026學習詞表 03-04「何時(未發生)」；2026學習詞表 03-13「何時(已發生)」
when,ruk_mg,nugɨne / ugɨne,,2026學習詞表 03-04「何時(未發生)」；2026學習詞表 03-13「何時(已發生)」
when,ruk_mn,kalaʼomae / kalaʼomaengadha,,2026學習詞表 03-04「何時(未發生)」；2026學習詞表 03-13「何時(已發生)」
when,puy_py,an asuwa / a asuwa,,2026學習詞表 03-04「何時(未發生)」；2026學習詞表 03-13「何時(已發生)」
when,puy_tp,nu aidan / a aidan,,2026學習詞表 03-04「何時(未發生)」；2026學習詞表 03-13「何時(已發生)」
when,puy_ws,nu aidan / a aidan,,2026學習詞表 03-04「何時(未發生)」；2026學習詞表 03-13「何時(已發生)」
when,puy_ks,nu aidan / a aidan,,2026學習詞表 03-04「何時(未發生)」；2026學習詞表 03-13「何時(已發生)」
when,trv,knuwan,,2026學習詞表 03-04「何時」
when,kav,qumni,,2026學習詞表 03-04「何時(未發生)」：無分時態；2026學習詞表 03-13「何時(已發生)」：無分時態
when,tso,ho homna / ne homna,,2026學習詞表 03-04「何時(未發生)」；2026學習詞表 03-13「何時(已發生)」
when,knv,nukanmana / minmana,,2026學習詞表 03-04「何時(未發生)」；2026學習詞表 03-13「何時(過去式)」
when,hla,cuhlaumangʉ / kihlaumangʉ,,2026學習詞表 03-04「何時(未發生)」；2026學習詞表 03-13「何時(已發生)」
when,yam,simanngo / no kango,,2026學習詞表 03-04「何時(未發生)」：simango/野銀部落稱；2026學習詞表 03-13「何時(已發生)」
when,sak,ayaan / nayaan,,2026學習詞表 03-04「何時(未發生)」；2026學習詞表 03-13「何時(已發生)」：a yaan指何時（未發生）
when,pan,*ijan,,ACD PAN 19072-df491a4de50739fa9cffdbd4e3f4b4bb-1「when?」
when,pmp,*ijan,,ACD PMP 19081-df491a4de50739fa9cffdbd4e3f4b4bb-3「when?」
how,ami_nt,mamaan,,2026學習詞表 03-03「如何」；2026學習詞表 03-09「怎麼」
how,ami_hk,masamaan / mamaan,,2026學習詞表 03-03「如何」；2026學習詞表 03-09「怎麼」
how,ami_ha,masamaan / mamanay,,2026學習詞表 03-03「如何」；2026學習詞表 03-09「怎麼」
how,ami_ml,samaan / mamaan,,2026學習詞表 03-03「如何」；2026學習詞表 03-09「怎麼」
how,ami_hc,samanen/masamaan / mamaanay,,2026學習詞表 03-03「如何」：samanen 如果；2026學習詞表 03-09「怎麼」
how,ata_sq,son nanu / hmswa,,2026學習詞表 03-03「如何」：sun nanu’；2026學習詞表 03-09「怎麼」：hmswa’
how,ata_su,son nanu/sawn nanu / maha nanu,,2026學習詞表 03-03「如何」：son nanu/hmcwa(新生部落)；2026學習詞表 03-09「怎麼」
how,ata_ml,humicuwaʼ,,2026學習詞表 03-03「如何」；2026學習詞表 03-09「怎麼」
how,ata_pl,sunno / huncoʼ,,2026學習詞表 03-03「如何」；2026學習詞表 03-09「怎麼」
how,ata_sk,pkusa / hmcwa,,2026學習詞表 03-03「如何」；2026學習詞表 03-09「怎麼」
how,ata_kl,san kenu / son nanu / hswa’un / mcwa / mhswa / hmswa,,2026學習詞表 03-03「如何」：son nanu(眉原) / hswa’un(眉原)；2026學習詞表 03-09「怎麼」：mhswa(眉原) / hmswa(眉原)
how,say,nakʼinoʼ / ʼampowaʼ /nakʼinoʼ,,2026學習詞表 03-03「如何」：powa’aw(又能如何)；2026學習詞表 03-09「怎麼」
how,tha,miakuza / minu,,2026學習詞表 03-03「如何」；2026學習詞表 03-09「怎麼」
how,sed_to,mphuya / hmuya,,2026學習詞表 03-03「如何」：nchuya/hyaun如何；2026學習詞表 03-09「怎麼」
how,sed_tg,hmuwa,,2026學習詞表 03-03「如何」；2026學習詞表 03-09「怎麼」
how,sed_tr,shuya / hmuya,,2026學習詞表 03-03「如何」；2026學習詞表 03-09「怎麼」
how,bun_td,makua / mikua,,2026學習詞表 03-03「如何」；2026學習詞表 03-09「怎麼」：mikua怎麼了/makua怎樣，如何
how,bun_bh,makuaq / makuaq/makua,,2026學習詞表 03-03「如何」；2026學習詞表 03-09「怎麼」
how,bun_vt,makuaq tu / makuaq,,2026學習詞表 03-03「如何」；2026學習詞表 03-09「怎麼」
how,bun_bn,makuʼaq / mikuʼaq / makuʼaq /  mavia,,2026學習詞表 03-03「如何」：maku-aq/miku-aq；2026學習詞表 03-09「怎麼」：miku-aq
how,bun_ib,makua / mikua,,2026學習詞表 03-03「如何」：mikuabin tu南投慣用；2026學習詞表 03-09「怎麼」
how,pai_es,kemuda / makuda,,2026學習詞表 03-03「如何」；2026學習詞表 03-09「怎麼」
how,pai_nt,makuda / kemuda,,2026學習詞表 03-03「如何」；2026學習詞表 03-09「怎麼」
how,pai_ct,kemuda / makuda,,2026學習詞表 03-03「如何」；2026學習詞表 03-09「怎麼」
how,pai_st,kemuda / makuda,,2026學習詞表 03-03「如何」；2026學習詞表 03-09「怎麼」
how,ruk_es,miyakakwa / kiyatoma,,2026學習詞表 03-03「如何:怎麼樣」；2026學習詞表 03-09「怎麼」
how,ruk_bd,watumane / matumane,,2026學習詞表 03-03「如何:怎麼樣」；2026學習詞表 03-09「怎麼」
how,ruk_tw,ngyatuma / matuma,,2026學習詞表 03-03「如何:怎麼樣」；2026學習詞表 03-09「怎麼」
how,ruk_tn,amiyaini / akwani,,2026學習詞表 03-03「如何:怎麼樣」；2026學習詞表 03-09「怎麼」
how,ruk_mg,tumanɨdra / nakudra,,2026學習詞表 03-03「如何:怎麼樣」；2026學習詞表 03-09「怎麼」
how,ruk_mn,amokoani / apokoa,,2026學習詞表 03-03「如何:怎麼樣」；2026學習詞表 03-09「怎麼」
how,puy_py,kemuda,,2026學習詞表 03-03「怎麼」
how,puy_tp,kemuda,,2026學習詞表 03-03「怎麼」
how,puy_ws,kemuda,,2026學習詞表 03-03「怎麼」
how,puy_ks,kemuda,,2026學習詞表 03-03「怎麼」
how,trv,huya,,2026學習詞表 03-03「如何」
how,kav,naquni / manna,,2026學習詞表 03-03「如何」；2026學習詞表 03-09「怎麼」
how,tso,mainenu / mainci,,2026學習詞表 03-03「如何」；2026學習詞表 03-09「怎麼」
how,knv,makananu,,2026學習詞表 03-03「如何」：尚未發生狀況的用詞；2026學習詞表 03-09「怎麼」
how,hla,aunini / itaʼiaraisa,,2026學習詞表 03-03「如何」；2026學習詞表 03-09「怎麼」
how,yam,manngo / makong,,2026學習詞表 03-03「如何」；2026學習詞表 03-09「怎麼」
how,sak,mahica,,2026學習詞表 03-03「如何」；2026學習詞表 03-09「怎麼」
how,pan,*kuja,,"ACD PAN 19072-8759a2ae0ea28f142167308c60a65cc3-1「how?, How is it? What is the matter?」"
how,pmp,*kuja,,"ACD PMP 19081-8759a2ae0ea28f142167308c60a65cc3-2「how?, How is it? What is the matter?」"
not,ami_nt,caay,,2026學習詞表 35-03「不是(回答用)」
not,ami_hk,caay / cai,,2026學習詞表 35-03「不是(回答用)」
not,ami_ha,caayay,,2026學習詞表 35-03「不是(回答用)」
not,ami_ml,cowa,,2026學習詞表 35-03「不是(回答用)」
not,ami_hc,cowa,,2026學習詞表 35-03「不是(回答用)」
not,ata_sq,iyat,,2026學習詞表 35-03「不是(回答用)」
not,ata_su,’yat/iyat,,2026學習詞表 35-03「不是(回答用)」：ayat
not,ata_ml,iqaat/ qaat,,2026學習詞表 35-03「不是(回答用)」
not,ata_pl,aṟat,,2026學習詞表 35-03「不是(回答用)」
not,ata_sk,iyat/ ini,,2026學習詞表 35-03「不是(回答用)」
not,ata_kl,iyat,,2026學習詞表 35-03「不是(回答用)」：ka(眉原) / laxi(眉原) / ta(眉原)
not,say,ʼokaʼ,,2026學習詞表 35-03「不是(回答用)」
not,tha,ani,,2026學習詞表 35-03「不是(回答用)」
not,sed_to,uxay,,2026學習詞表 35-03「不是(回答用)」
not,sed_tg,uxe,,2026學習詞表 35-03「不是(回答用)」
not,sed_tr,uxay,,2026學習詞表 35-03「不是(回答用)」
not,bun_td,niiʼ,,2026學習詞表 35-03「不是(回答用)」
not,bun_bh,ni,,2026學習詞表 35-03「不是(回答用)」
not,bun_vt,nii,,2026學習詞表 35-03「不是(回答用)」
not,bun_bn,nii,,2026學習詞表 35-03「不是(回答用)」：ni-i
not,bun_ib,nii,,2026學習詞表 35-03「不是(回答用)」
not,pai_es,ini,,2026學習詞表 35-03「不是(回答用)」
not,pai_nt,ini,,2026學習詞表 35-03「不是(回答用)」
not,pai_ct,ini,,2026學習詞表 35-03「不是(回答用)」
not,pai_st,ini,,2026學習詞表 35-03「不是(回答用)」
not,ruk_es,maela,,2026學習詞表 35-03「不是(回答用)」：亦可:ini
not,ruk_bd,kaika,,2026學習詞表 35-03「不是(回答用)」
not,ruk_tw,ini,,2026學習詞表 35-03「不是(回答用)」
not,ruk_tn,ʼaini,,2026學習詞表 35-03「不是(回答用)」
not,ruk_mg,ikɨmani,,2026學習詞表 35-03「不是(回答用)」
not,ruk_mn,ʼaina,,2026學習詞表 35-03「不是(回答用)」
not,puy_py,amelli,,2026學習詞表 35-03「不是(回答用)」
not,puy_tp,melri,,2026學習詞表 35-03「不是(回答用)」
not,puy_ws,amelri,,2026學習詞表 35-03「不是(回答用)」
not,puy_ks,melri,,2026學習詞表 35-03「不是(回答用)」
not,trv,aji,,2026學習詞表 35-03「不是」
not,kav,ussa,,2026學習詞表 35-03「不是(回答用)」
not,tso,oʼasaʼa,,2026學習詞表 35-03「不是(回答用)」
not,knv,kaʼanʉ,,2026學習詞表 35-03「不是(回答用)」
not,hla,ku,,2026學習詞表 35-03「不是(回答用)」
not,yam,beken / ta ori,,2026學習詞表 35-03「不是(回答用)」
not,sak,caay,,2026學習詞表 35-03「不是(回答用)」
not,pan,*adi,,"ACD PAN 19072-99f2e975bb5b9a82b1d2386ad2adb527-1「no, not」"
not,pmp,*adi,,"ACD PMP 19081-99f2e975bb5b9a82b1d2386ad2adb527-1「no, not」"
all,ami_nt,amin,,2026學習詞表 01-43「全部」
all,ami_hk,maemin,,2026學習詞表 01-43「全部」
all,ami_ha,maemin,,2026學習詞表 01-43「全部」
all,ami_ml,maemin,,2026學習詞表 01-43「全部」
all,ami_hc,maemin/mapolong,,2026學習詞表 01-43「全部」
all,ata_sq,kwara,,2026學習詞表 01-43「全部」：kwara’
all,ata_su,kwara,,2026學習詞表 01-43「全部」
all,ata_ml,kahabaag,,2026學習詞表 01-43「全部」
all,ata_pl,koraʼ,,2026學習詞表 01-43「全部」
all,ata_sk,qabax,,2026學習詞表 01-43「全部」
all,ata_kl,kwara,,2026學習詞表 01-43「全部」
all,say,hahi:il/sabsaboeh,,2026學習詞表 01-43「全部」：hahi:il
all,tha,mulhthkiz,,2026學習詞表 01-43「全部」
all,sed_to,kana,,2026學習詞表 01-43「全部」
all,sed_tg,kana,,2026學習詞表 01-43「全部」
all,sed_tr,kana,,2026學習詞表 01-43「全部」
all,bun_td,muʼamin,,2026學習詞表 01-43「全部」：都是
all,bun_bh,amin / cikopa,,2026學習詞表 01-43「全部」：都是/也
all,bun_vt,amin,,2026學習詞表 01-43「全部」：都是、也是
all,bun_bn,amin / sikaupa,,2026學習詞表 01-43「全部」：也，都；sikaupa所有的
all,bun_ib,iskakaupa,,2026學習詞表 01-43「全部」：也、都。amin高雄慣用/iskakaupa、amin南投慣用
all,pai_es,penuljat,,2026學習詞表 01-43「全部」
all,pai_nt,penuljat,,2026學習詞表 01-43「全部」
all,pai_ct,penuljat,,2026學習詞表 01-43「全部」
all,pai_st,penuljat,,2026學習詞表 01-43「全部」
all,ruk_es,lreʼeng,,2026學習詞表 01-43「全部」
all,ruk_bd,patuelre,,2026學習詞表 01-43「全部」
all,ruk_tw,demedeme,,2026學習詞表 01-43「全部」
all,ruk_tn,ʼangicoʼolo,,2026學習詞表 01-43「全部」
all,ruk_mg,ngiculu,,2026學習詞表 01-43「全部」
all,ruk_mn,poelre,,2026學習詞表 01-43「全部」
all,puy_py,peniya,,2026學習詞表 01-43「全部」；2026學習詞表 36-28「都;全部」
all,puy_tp,peniya / papiya ;  peniya,,2026學習詞表 01-43「全部」；2026學習詞表 36-28「都;全部」：全部(人)/全部(物)
all,puy_ws,peniya,,2026學習詞表 01-43「全部」：數物；papiya/mapiya都是數人；2026學習詞表 36-28「都;全部」
all,puy_ks,peniya,,2026學習詞表 01-43「全部」；2026學習詞表 36-28「都;全部」
all,trv,kana,,2026學習詞表 01-43「全部」；2026學習詞表 36-28「都/全」
all,kav,meniz,,2026學習詞表 01-43「全部」
all,tso,acʉhʉ,,2026學習詞表 01-43「全部」
all,knv,kavangvang,,2026學習詞表 01-43「全部」：另作:也是
all,hla,mʉmʉa,,2026學習詞表 01-43「全部」
all,yam,mamimin,,2026學習詞表 01-43「全部」
all,sak,hamin,,2026學習詞表 01-43「全部」
all,pan,*qemin,,ACD PAN 19072-a181a603769c1f98ad927e7367c7aa51-1「all」
all,pmp,*qemin,,ACD PMP 19081-a181a603769c1f98ad927e7367c7aa51-1「all」
many,ami_nt,adihay,,2026學習詞表 32-10「多」
many,ami_hk,adihay,,2026學習詞表 32-10「多」
many,ami_ha,adihay,,2026學習詞表 32-10「多」
many,ami_ml,adihay,,2026學習詞表 32-10「多」
many,ami_hc,adihay,,2026學習詞表 32-10「多」
many,ata_sq,cingay/pzyux,,2026學習詞表 32-10「多」：piyux
many,ata_su,pyux,,2026學習詞表 32-10「多」：peyux
many,ata_ml,payux,,2026學習詞表 32-10「多」
many,ata_pl,payux/ tikuy/ hun_gel,,2026學習詞表 32-10「多」
many,ata_sk,piyux,,2026學習詞表 32-10「多」
many,ata_kl,piyux,,2026學習詞表 32-10「多」
many,say,ʼakoey,,2026學習詞表 32-10「多」
many,tha,manasha,,2026學習詞表 32-10「多」
many,sed_to,ou,,2026學習詞表 32-10「多」：kari bay
many,sed_tg,egu,,2026學習詞表 32-10「多」
many,sed_tr,egu,,2026學習詞表 32-10「多」
many,bun_td,madiaʼ,,2026學習詞表 32-10「多」
many,bun_bh,madiaʼ,,2026學習詞表 32-10「多」
many,bun_vt,madia/laqzang,,2026學習詞表 32-10「多」
many,bun_bn,madia,,2026學習詞表 32-10「多」：madia
many,bun_ib,supah,,2026學習詞表 32-10「多」
many,pai_es,liyaw,,2026學習詞表 32-10「多」
many,pai_nt,liav,,2026學習詞表 32-10「多」
many,pai_ct,liav,,2026學習詞表 32-10「多」
many,pai_st,liaw,,2026學習詞表 32-10「多」
many,ruk_es,makalra,,2026學習詞表 32-10「多」
many,ruk_bd,makalra,,2026學習詞表 32-10「多」
many,ruk_tw,makalra,,2026學習詞表 32-10「多」
many,ruk_tn,madraw,,2026學習詞表 32-10「多」
many,ruk_mg,madro,,2026學習詞表 32-10「多」
many,ruk_mn,kadhao,,2026學習詞表 32-10「多」
many,puy_py,esadru,,2026學習詞表 32-10「多」
many,puy_tp,sazu,,2026學習詞表 32-10「多」
many,puy_ws,sazu,,2026學習詞表 32-10「多」
many,puy_ks,sadu,,2026學習詞表 32-10「多」：物多
many,trv,lala / hbaraw,,2026學習詞表 32-10「多」；2026學習詞表 32-49「眾多」
many,kav,muwaza,,2026學習詞表 32-10「多」
many,tso,manʼi,,2026學習詞表 32-10「多」
many,knv,ʼitumuru,,2026學習詞表 32-10「多」
many,hla,matumuhlu,,2026學習詞表 32-10「多(物品)」
many,yam,aro,,2026學習詞表 32-10「多」
many,sak,yadah,,2026學習詞表 32-10「多」
many,pan,*Sadu,,"ACD PAN 19072-b1e42110ea5a7d32af349e8b80968baa-1「many, much, plenty」"
many,pmp,*hadu,,"ACD PMP 19081-7aeae477b1b8f8450201ef67d8c66895-1「much, many, plenty」"
some,ami_nt,hatini,,2026學習詞表 01-38「一些」
some,ami_hk,hati:ni,,2026學習詞表 01-38「一些」
some,ami_ha,pinapina,,2026學習詞表 01-38「一些」
some,ami_ml,mamangay/cowa ka hakowa,,2026學習詞表 01-38「一些」
some,ami_hc,miming,,2026學習詞表 01-38「一些」：cakahakowa 沒多少
some,ata_sq,cikay,,2026學習詞表 01-38「一些」：cikah
some,ata_su,tikay / ini kpyux / ini kapayux,,2026學習詞表 01-38「一些」
some,ata_ml,tikay,,2026學習詞表 01-38「一些」
some,ata_pl,tikiy,,2026學習詞表 01-38「一些」：亦可稱：tikiy
some,ata_sk,ini kpiyux,,2026學習詞表 01-38「一些」
some,ata_kl,cikah,,2026學習詞表 01-38「一些」：cikey
some,say,pizpizaʼ / ʼititiʼan,,2026學習詞表 01-38「一些」
some,tha,ladadu,,2026學習詞表 01-38「一些」
some,sed_to,tikuh,,2026學習詞表 01-38「一些些」：tipiq
some,sed_tg,tikuh,,2026學習詞表 01-38「一些些」
some,sed_tr,ciway,,2026學習詞表 01-38「一些些」：cipiq
some,bun_td,tukuc,,2026學習詞表 01-38「一些」：tikic少
some,bun_bh,tikic,,2026學習詞表 01-38「一些」
some,bun_vt,atikis,,2026學習詞表 01-38「一些」：另一nii tu pia
some,bun_bn,papia / atikis,,2026學習詞表 01-38「一些」：tikis
some,bun_ib,kauman,,2026學習詞表 01-38「一些」
some,pai_es,pida,,2026學習詞表 01-38「一些」
some,pai_nt,kedri,,2026學習詞表 01-38「一些」
some,pai_ct,ika pida,,2026學習詞表 01-38「一些」
some,pai_st,pida,,2026學習詞表 01-38「一些」
some,ruk_es,bekelay,,2026學習詞表 01-38「一些」
some,ruk_bd,bekelane,,2026學習詞表 01-38「一些」
some,ruk_tw,bekela,,2026學習詞表 01-38「一些」
some,ruk_tn,bekebekele,,2026學習詞表 01-38「一些」
some,ruk_mg,ikipiya,,2026學習詞表 01-38「一些」
some,ruk_mn,dhoma,,2026學習詞表 01-38「一些」
some,trv,cicih,,2026學習詞表 01-38「一些(數量)」
some,kav,kiya,,2026學習詞表 01-38「一些」
some,tso,akeʼi,,2026學習詞表 01-38「一些」
some,knv,tiʼingi,,2026學習詞表 01-38「一些」
some,hla,amaimaini,,2026學習詞表 01-38「一些」
some,yam,apereh,,2026學習詞表 01-38「一些」
some,sak,adiding,,2026學習詞表 01-38「一些」
some,pan,*pija pija,,ACD PAN 19072-d22c20948d81fdb944af24c6219214ba-1「some; several」
some,pmp,*pija pija,,ACD PMP 19081-d22c20948d81fdb944af24c6219214ba-1「some; several」
few,ami_nt,adidik / adidiay,,2026學習詞表 01-44「一點點」；2026學習詞表 32-14「少的」
few,ami_hk,mamang,,2026學習詞表 01-44「一點點」；2026學習詞表 32-14「少的」
few,ami_ha,miming / mamang,,2026學習詞表 01-44「一點點」；2026學習詞表 32-14「少的」
few,ami_ml,mamang / mimingay,,2026學習詞表 01-44「一點點」；2026學習詞表 32-14「少的」
few,ami_hc,miming,,2026學習詞表 01-44「一點點」；2026學習詞表 32-14「少的」
few,ata_sq,cipoq/cikuy / cipuq/cikuy,,2026學習詞表 01-44「一點點」：cikuy/cipuq；2026學習詞表 32-14「少的」：cipoq
few,ata_su,tikuy / tikay / cikay,,2026學習詞表 01-44「一點點」：cikuh bay(新生部落)；2026學習詞表 32-14「少的」：cikuh(新生部落)
few,ata_ml,tikay,,2026學習詞表 01-44「一點點」；2026學習詞表 32-14「少的」
few,ata_pl,tikiy / bilak,,2026學習詞表 01-44「一點點」：亦可稱：bilak；2026學習詞表 32-14「少的」
few,ata_sk,cipaq / cimang/ cipaq,,2026學習詞表 01-44「一點點」；2026學習詞表 32-14「少的」
few,ata_kl,cikuy/ cikah / cipuy / cikah/ cikoh,,2026學習詞表 01-44「一點點」：cikah(眉原)；2026學習詞表 32-14「少的」：cikoh(眉原)
few,say,ʼitʼitiʼan,,2026學習詞表 01-44「一點點」：sowisowiti’；2026學習詞表 32-14「少的」
few,tha,ladadu,,2026學習詞表 01-44「一點點」；2026學習詞表 32-14「少的」
few,sed_to,tipiq / tikuh,,2026學習詞表 01-44「一點點」；2026學習詞表 32-14「少的」：tipiq少的(指物品或食物)
few,sed_tg,tikuh,,2026學習詞表 01-44「一點點」；2026學習詞表 32-14「少的」
few,sed_tr,cipiq / cikuh,,2026學習詞表 01-44「一點點」；2026學習詞表 32-14「少的」
few,bun_td,takiuc,,"2026學習詞表 01-44「一點點」；2026學習詞表 32-14「少的」：takiuc小 ,少 ; atikic小 ; mavai’ 少, 不足"
few,bun_bh,tikic / mavaiʼ/tukiuc,,2026學習詞表 01-44「一點點」；2026學習詞表 32-14「少的」
few,bun_vt,kamatikis / mavai,,2026學習詞表 01-44「一點點」；2026學習詞表 32-14「少的」
few,bun_bn,atikis / mavai / atikis,,2026學習詞表 01-44「一點點」：atikis；2026學習詞表 32-14「少的」：atikis
few,bun_ib,kauman,,2026學習詞表 01-44「一點點」；2026學習詞表 32-14「少的」：kauman南投慣用
few,pai_es,kedri,,2026學習詞表 01-44「一點點」；2026學習詞表 32-14「少」
few,pai_nt,kedri,,2026學習詞表 01-44「一點點」；2026學習詞表 32-14「少」
few,pai_ct,kedri,,2026學習詞表 01-44「一點點」；2026學習詞表 32-14「少」
few,pai_st,kedri,,2026學習詞表 01-44「一點點」；2026學習詞表 32-14「少」
few,ruk_es,bekela,,2026學習詞表 01-44「一點點」；2026學習詞表 32-14「少的」
few,ruk_bd,bebebekelane / bekelane,,2026學習詞表 01-44「一點點」；2026學習詞表 32-14「少的」
few,ruk_tw,bebekela / bekela,,2026學習詞表 01-44「一點點」；2026學習詞表 32-14「少的」
few,ruk_tn,ʼakatitiʼici / bekebekele,,2026學習詞表 01-44「一點點」；2026學習詞表 32-14「少的」：ti’icane 小的/ tyabekebekele 數量很少
few,ruk_mg,ikipiiya / ikipiya,,2026學習詞表 01-44「一點點」；2026學習詞表 32-14「少的」
few,ruk_mn,masiiʼi / mapikai ka,,2026學習詞表 01-44「一點點」；2026學習詞表 32-14「少的」
few,puy_py,saima / paranak,,2026學習詞表 01-38「很少」：指物品數量很少；2026學習詞表 01-44「一點點」：指程度；2026學習詞表 32-14「少的」
few,puy_tp,saeman/saemat / pakiwalay / saeman,,2026學習詞表 01-38「很少」：指物品數量很少；2026學習詞表 01-44「一點點」：指程度；2026學習詞表 32-14「少的」
few,puy_ws,saeman / pakiwalay / saema,,2026學習詞表 01-38「很少」：saema初鹿用語(待確認)；指物品數量很少；2026學習詞表 01-44「一點點」：指程度；2026學習詞表 32-14「少的」：少的(指東西)
few,puy_ks,saeman / pakiwalay,,2026學習詞表 01-38「很少」：指物品數量很少；2026學習詞表 01-44「一點點」：指程度；2026學習詞表 32-14「少的」：物少
few,trv,cipiq,,2026學習詞表 01-44「一點點」
few,kav,kikiya / kiya,,2026學習詞表 01-44「一點點」；2026學習詞表 32-14「少」
few,tso,kakutia,,2026學習詞表 01-44「一點點」：很少；2026學習詞表 32-14「少的」
few,knv,tiʼingai / makangʉcʉ,,2026學習詞表 01-44「一點點」：另作:小的；2026學習詞表 32-14「少的」
few,hla,maini,,2026學習詞表 01-44「一點點」；2026學習詞表 32-14「少的」
few,yam,apereh,,2026學習詞表 01-44「一點點」；2026學習詞表 32-14「少的」
few,sak,adidiʼ / adidi’,,2026學習詞表 01-44「一點點」；2026學習詞表 32-14「少的」
few,pan,*dikit,,"ACD PAN 19072-a0117d579b57b95fc80029ae79e0d898-1「little, few, small in amount」"
few,pmp,*dikit,,"ACD PMP 19081-a0117d579b57b95fc80029ae79e0d898-1「little, few, small in amount」"
other,pan,*duma,,ACD PAN 19072-1b8a90c6a8dd16ac537d8e447995d4fe-1「someone; other people; be different」
other,pmp,*duma,,ACD PMP 19081-1b8a90c6a8dd16ac537d8e447995d4fe-1「someone; other people; be different」
big,ami_nt,tataakay,,2026學習詞表 32-05「大的」
big,ami_hk,ta’angay,,2026學習詞表 32-05「大的」
big,ami_ha,tata’ang/ta’angayay,,2026學習詞表 32-05「大的」：同tata’ak
big,ami_ml,taangayay,,2026學習詞表 32-05「大的」：ta’angayay
big,ami_hc,taʼangay,,2026學習詞表 32-05「大的」
big,ata_sq,hopa/krahu/yaba,,2026學習詞表 32-05「大的」：hopa’/krahu’
big,ata_su,rahu / krahu,,2026學習詞表 32-05「大的」：ncyaba(新生部落)
big,ata_ml,rahuwal,,2026學習詞表 32-05「大的」
big,ata_pl,yotas/ yaba,,2026學習詞表 32-05「大的」
big,ata_sk,tyaba/ hopa,,2026學習詞表 32-05「大的」
big,ata_kl,hopa/tyaba,,2026學習詞表 32-05「大的」
big,say,sopaloy / sobae:oeh,,2026學習詞表 32-05「大的」
big,tha,maraʼin,,2026學習詞表 32-05「大的」
big,sed_to,beyhing,,2026學習詞表 32-05「大的」：beyhing無限大的(泛指所有一切); beyring大的(指生物); beyki大的(指物體); paru一般大小(泛指所有)
big,sed_tg,paru,,2026學習詞表 32-05「大的」：polaq
big,sed_tr,paru,,2026學習詞表 32-05「大的」
big,bun_td,madaing,,2026學習詞表 32-05「大的」
big,bun_bh,madaing,,2026學習詞表 32-05「大的」
big,bun_vt,madaing,,2026學習詞表 32-05「大的」
big,bun_bn,madaing,,2026學習詞表 32-05「大的」：madaing
big,bun_ib,madaing,,2026學習詞表 32-05「大的」
big,pai_es,kudrakudral,,2026學習詞表 32-05「大的」
big,pai_nt,kudrakudral,,2026學習詞表 32-05「大的」
big,pai_ct,kudrakudral/’udra’udral/qacaqaca,,2026學習詞表 32-05「大的」
big,pai_st,kudrakudral,,2026學習詞表 32-05「大的」
big,ruk_es,madraw,,2026學習詞表 32-05「大的」
big,ruk_bd,maadraw,,2026學習詞表 32-05「大的」
big,ruk_tw,maadrau,,2026學習詞表 32-05「大的」
big,ruk_tn,tawmomo,,2026學習詞表 32-05「大的」
big,ruk_mg,tɨradro,,2026學習詞表 32-05「大的」
big,ruk_mn,takatoalrai,,2026學習詞表 32-05「大的」
big,puy_py,matrina,,2026學習詞表 32-05「大」
big,puy_tp,maʼizang,,2026學習詞表 32-05「大」
big,puy_ws,maʼizang,,2026學習詞表 32-05「大」
big,puy_ks,maʼidang,,2026學習詞表 32-05「大」
big,trv,paru,,2026學習詞表 32-05「大的」
big,kav,Raya,,2026學習詞表 32-05「大」
big,tso,meoisi,,2026學習詞表 32-05「大的」
big,knv,tatia,,2026學習詞表 32-05「大的」：taatia 大大的
big,hla,taisa,,2026學習詞表 32-05「大(體積)」
big,yam,arako,,2026學習詞表 32-05「大的」
big,sak,tabaki,,2026學習詞表 32-05「大的」
big,pan,*Raya,,"ACD PAN 19072-14c5634c630c7b67a11c2af204a8b5a7-1「big, large」"
big,pmp,*Raya,,"ACD PMP 19081-14c5634c630c7b67a11c2af204a8b5a7-2「big, large」"
long,ami_nt,rarayaʼ,,2026學習詞表 32-74「長」
long,ami_hk,karaya’,,2026學習詞表 32-74「長」
long,ami_ha,kakaya’/ki’edaw,,2026學習詞表 32-74「長」：亦同ki’edaw/ko’edaw
long,ami_ml,kiʼedaw,,2026學習詞表 32-74「長」
long,ami_hc,kiʼedaw,,2026學習詞表 32-74「長」
long,ata_sq,qruzyux,,2026學習詞表 32-74「長」：qroyux
long,ata_su,ruyux/’ruyux,,2026學習詞表 32-74「長」
long,ata_ml,qanaruux,,2026學習詞表 32-74「長」
long,ata_pl,unruṟux,,2026學習詞表 32-74「長」
long,ata_sk,qroyux,,2026學習詞表 32-74「長」
long,ata_kl,ruyux/ ’royux,,2026學習詞表 32-74「長」：’royux(眉原)
long,say,ʼinaroʼ,,2026學習詞表 32-74「長」
long,tha,maquliush,,2026學習詞表 32-74「長」
long,sed_to,qndiwan,,2026學習詞表 32-74「長」：bbaraw
long,sed_tg,qnedis,,2026學習詞表 32-74「長」
long,sed_tr,bbaraw,,2026學習詞表 32-74「長」
long,bun_td,madauqpus,,2026學習詞表 32-74「長」
long,bun_bh,madoqpus,,2026學習詞表 32-74「長」
long,bun_vt,madauqpus,,2026學習詞表 32-74「長」
long,bun_bn,madauqpus,,2026學習詞表 32-74「長」：madoqpus
long,bun_ib,madulu,,2026學習詞表 32-74「長」
long,pai_es,ladruq,,2026學習詞表 32-74「長」
long,pai_nt,ladru’,,2026學習詞表 32-74「長」：ladruadruq
long,pai_ct,ladruq,,2026學習詞表 32-74「長」
long,pai_st,ladruq,,2026學習詞表 32-74「長」
long,ruk_es,mathangelra,,2026學習詞表 32-74「長」
long,ruk_bd,malragi,,2026學習詞表 32-74「長」
long,ruk_tw,mathangelra,,2026學習詞表 32-74「長」
long,ruk_tn,mathangedaʼa,,2026學習詞表 32-74「長」
long,ruk_mg,mathɨngeda,,2026學習詞表 32-74「長」
long,ruk_mn,ʼosangedhaʼa,,2026學習詞表 32-74「長」
long,puy_py,belakas,,2026學習詞表 32-74「長的」
long,puy_tp,tatelraw,,2026學習詞表 32-74「長的」
long,puy_ws,tatelraw,,2026學習詞表 32-74「長的」
long,puy_ks,tatelraw,,2026學習詞表 32-74「長的」
long,trv,bbaraw,,2026學習詞表 32-74「長」
long,kav,maRung,,2026學習詞表 32-74「長」
long,tso,tacvohʼi,,2026學習詞表 32-74「長」
long,knv,macasʉ,,2026學習詞表 32-74「長」
long,hla,mʉlʉngʉsʉ,,2026學習詞表 32-74「長」
long,yam,anaro,,2026學習詞表 32-74「長的」
long,sak,tanayuʼ,,2026學習詞表 32-74「長」
long,pmp,*anaduq,,ACD PMP 19081-ff6bab7678824315606cc8e098f12cd9-1「long (of objects)」
wide,ami_nt,dadahal,,2026學習詞表 32-68「(空間)寬敞」：另作：lalahad寬廣
wide,ami_hk,dadahal,,2026學習詞表 32-68「(空間)寬敞」
wide,ami_ha,kakahad,,2026學習詞表 32-68「(空間)寬敞」
wide,ami_ml,kakahad,,2026學習詞表 32-68「(空間)寬敞」
wide,ami_hc,kakahad,,2026學習詞表 32-68「(空間)寬敞」：意同：不擁擠之意
wide,ata_sq,labang,,2026學習詞表 32-68「(空間)寬敞」：glabang
wide,ata_su,glabang/labang,,2026學習詞表 32-68「(空間)寬敞」：galabang
wide,ata_ml,wahti’/ gilahang,,2026學習詞表 32-68「(空間)寬敞」
wide,ata_pl,wastiʼ,,2026學習詞表 32-68「(空間)寬敞」
wide,ata_sk,glabang,,2026學習詞表 32-68「(空間)寬敞」
wide,ata_kl,hlabang/glahang,,2026學習詞表 32-68「(空間)寬敞」
wide,say,mowahil,,2026學習詞表 32-68「(空間)寬敞」
wide,tha,maharan,,2026學習詞表 32-68「(空間)寬敞」
wide,sed_to,thdiq,,2026學習詞表 32-68「(空間)寬敞」：llabang寬敞; ini tkiyux不會擁擠
wide,sed_tg,glahang,,2026學習詞表 32-68「(空間)寬敞」
wide,sed_tr,llabang,,2026學習詞表 32-68「(空間)寬敞」
wide,bun_td,mangazʼaq,,2026學習詞表 32-68「(空間)寬敞」
wide,bun_bh,mangazʼaq,,2026學習詞表 32-68「(空間)寬敞」
wide,bun_vt,mangazʼaq,,2026學習詞表 32-68「(空間)寬敞」
wide,bun_bn,mavaunglav / mangazʼaq,,2026學習詞表 32-68「(空間)寬敞」：mavonglav
wide,bun_ib,mabukzavan,,2026學習詞表 32-68「(空間)寬敞」：mangabzan高雄慣用
wide,pai_es,tjaljiqaca,,2026學習詞表 32-68「寬敞」：(空間)寬敞
wide,pai_nt,tjalji’aca,,2026學習詞表 32-68「寬敞」
wide,pai_ct,tjaljiqaca,,2026學習詞表 32-68「寬敞」
wide,pai_st,tjaljiqaca,,2026學習詞表 32-68「寬敞」
wide,ruk_es,madraw,,2026學習詞表 32-68「(空間)寬敞」
wide,ruk_bd,suaadraw,,2026學習詞表 32-68「(空間)寬敞」
wide,ruk_tw,swaadrau,,2026學習詞表 32-68「(空間)寬敞」
wide,ruk_tn,sakwadraw,,2026學習詞表 32-68「(空間)寬敞」
wide,ruk_mg,mavɨné,,2026學習詞表 32-68「(空間)寬敞」
wide,ruk_mn,malripangaʼa,,2026學習詞表 32-68「(空間)寬敞」：malripala'a
wide,puy_py,barawang / drekan,,2026學習詞表 32-68「(空間)寬敞」；2026學習詞表 32-73「寬的」
wide,puy_tp,lawas,,2026學習詞表 32-68「(空間)寬敞」；2026學習詞表 32-73「寬的」
wide,puy_ws,lawas / ketrivi,,2026學習詞表 32-68「(空間)寬敞」：也是長竹筒之意；2026學習詞表 32-73「寬的」
wide,puy_ks,alaway / lawas,,2026學習詞表 32-68「(空間)寬敞」；2026學習詞表 32-73「寬的」
wide,trv,kuwah,,2026學習詞表 32-68「寬敞/開闊」
wide,kav,tabay,,2026學習詞表 32-68「(空間)寬敞」
wide,tso,cocoya,,2026學習詞表 32-68「(空間)寬敞」
wide,knv,mapunarʉ,,2026學習詞表 32-68「(空間)寬敞」：1.mapunarʉ 空間的寬 2.mavakan 體積的寬
wide,hla,maranarʉ,,2026學習詞表 32-68「(空間)寬敞」
wide,yam,mawazey na,,2026學習詞表 32-68「(空間)寬敞」
wide,sak,ahebal,,2026學習詞表 32-68「(空間)寬敞」
wide,pan,*lawa₁,,ACD PAN 19072-b71e59a3962a4af02e9a7dc3b88ed3ea-1「wide」
wide,pmp,*lawa₁,,ACD PMP 19081-b71e59a3962a4af02e9a7dc3b88ed3ea-2「wide」
thick,ami_nt,kivetulay,,2026學習詞表 32-19「厚的」
thick,ami_hk,kifetolay,,2026學習詞表 32-19「厚的」
thick,ami_ha,kifetolay,,2026學習詞表 32-19「厚的」
thick,ami_ml,kifetolay,,2026學習詞表 32-19「厚的」
thick,ami_hc,kifetolay,,2026學習詞表 32-19「厚的」
thick,ata_sq,khmay,,2026學習詞表 32-19「厚的」
thick,ata_su,khmay,,2026學習詞表 32-19「厚的」
thick,ata_ml,kehma,,2026學習詞表 32-19「厚的」
thick,ata_pl,kahmaṟ,,2026學習詞表 32-19「厚的」
thick,ata_sk,khmay,,2026學習詞表 32-19「厚的」
thick,ata_kl,khmay,,2026學習詞表 32-19「厚的」
thick,say,karpa:,,2026學習詞表 32-19「厚的」
thick,tha,makushtur,,2026學習詞表 32-19「厚的」
thick,sed_to,kndux,,2026學習詞表 32-19「厚的」
thick,sed_tg,mknedux,,2026學習詞表 32-19「厚的」
thick,sed_tr,kndux,,2026學習詞表 32-19「厚的」
thick,bun_td,makatpal,,2026學習詞表 32-19「厚的」
thick,bun_bh,makanbav,,2026學習詞表 32-19「厚的」
thick,bun_vt,makatpal,,2026學習詞表 32-19「厚的」
thick,bun_bn,makaspal,,2026學習詞表 32-19「厚的」：makaspal
thick,bun_ib,makaspal,,2026學習詞表 32-19「厚的」
thick,pai_es,kedremel,,2026學習詞表 32-19「厚」
thick,pai_nt,kudremel,,2026學習詞表 32-19「厚」：kedremedremel
thick,pai_ct,kudremel/’udremel,,2026學習詞表 32-19「厚」
thick,pai_st,kedremel/kudremel,,2026學習詞表 32-19「厚」
thick,ruk_es,makedremelre,,2026學習詞表 32-19「厚的」
thick,ruk_bd,makudremelre,,2026學習詞表 32-19「厚的」
thick,ruk_tw,makidremelre,,2026學習詞表 32-19「厚的」
thick,ruk_tn,mayʼemedre,,2026學習詞表 32-19「厚的」
thick,ruk_mg,marimɨdrɨ,,2026學習詞表 32-19「厚的」
thick,ruk_mn,takalriʼemedhe,,2026學習詞表 32-19「厚的」
thick,puy_py,ketrebe,,2026學習詞表 32-19「厚的;粗的」
thick,puy_tp,kezemel,,2026學習詞表 32-19「厚的;粗的」
thick,puy_ws,kizemel/treliving/kezemel,,2026學習詞表 32-19「厚的;粗的」
thick,puy_ks,kedemel,,2026學習詞表 32-19「厚的;粗的」
thick,trv,mkndux,,2026學習詞表 32-19「厚的」
thick,kav,Rutuz,,2026學習詞表 32-19「厚」
thick,tso,ocmʉyʉ,,2026學習詞表 32-19「厚的」
thick,knv,makacʉmʉrʉ,,2026學習詞表 32-19「厚的」
thick,hla,makisʉmʉrʉ,,2026學習詞表 32-19「厚的」
thick,yam,mavahakey,,2026學習詞表 32-19「厚的」
thick,sak,kibetulay,,2026學習詞表 32-19「厚的」
thick,pan,*kaS(e)pal,,"ACD PAN 19072-9fb50ede5934c2cf5bf61d5a1296f97e-1「thick, of solid objects」"
thick,pmp,*kaS(e)pal,,"ACD PMP 19081-9fb50ede5934c2cf5bf61d5a1296f97e-1「thick, of solid objects」"
heavy,ami_nt,vaeket,,2026學習詞表 32-02「重(重量)」
heavy,ami_hk,faeket/kareteng,,2026學習詞表 32-02「重(重量)」
heavy,ami_ha,kareteng,,2026學習詞表 32-02「重(重量)」
heavy,ami_ml,kareteng,,2026學習詞表 32-02「重(重量)」
heavy,ami_hc,kareteng,,2026學習詞表 32-02「重(重量)」
heavy,ata_sq,rʼusuw,,2026學習詞表 32-02「重(重量)」：r’usu
heavy,ata_su,yesuw,,2026學習詞表 32-02「重(重量)」：yasuw
heavy,ata_ml,imuleq,,2026學習詞表 32-02「重(重量)」
heavy,ata_pl,aṟusuw,,2026學習詞表 32-02「重(重量)」
heavy,ata_sk,qesux,,2026學習詞表 32-02「重(重量)」
heavy,ata_kl,r’su/ ye’su,,2026學習詞表 32-02「重(重量)」：ye’su(眉原)
heavy,say,Silʼi:,,2026學習詞表 32-02「重(重量)」
heavy,tha,mabrith,,2026學習詞表 32-02「重(重量)」
heavy,sed_to,chdil,,2026學習詞表 32-02「重(重量)」
heavy,sed_tg,chedil,,2026學習詞表 32-02「重(重量)」
heavy,sed_tr,shjil,,2026學習詞表 32-02「重(重量)」
heavy,bun_td,masauqbung,,2026學習詞表 32-02「重(重量)」
heavy,bun_bh,masoqbung,,2026學習詞表 32-02「重(重量)」
heavy,bun_vt,masauqbung,,2026學習詞表 32-02「重(重量)」
heavy,bun_bn,sauqbung,,2026學習詞表 32-02「重(重量)」：masoqbung
heavy,bun_ib,mahusbu,,2026學習詞表 32-02「重(重量)」
heavy,pai_es,sadjelung,,2026學習詞表 32-02「重(重量)」
heavy,pai_nt,sadjelung,,2026學習詞表 32-02「重(重量)」
heavy,pai_ct,sadjelung,,2026學習詞表 32-02「重(重量)」
heavy,pai_st,sadjelung,,2026學習詞表 32-02「重(重量)」
heavy,ruk_es,matelrege,,2026學習詞表 32-02「重(重量)」
heavy,ruk_bd,matelrege,,2026學習詞表 32-02「重(重量)」
heavy,ruk_tw,matyelrege,,2026學習詞表 32-02「重(重量)」
heavy,ruk_tn,madikeʼee,,2026學習詞表 32-02「重(重量)」
heavy,ruk_mg,madɨkɨrɨ,,2026學習詞表 32-02「重(重量)」
heavy,ruk_mn,madheʼelrehe,,2026學習詞表 32-02「重(重量)」：dhe'elrehae 重量
heavy,puy_py,aludrun,,2026學習詞表 32-02「重(重量)」
heavy,puy_tp,ika'aluzun,,2026學習詞表 32-02「重(重量)」
heavy,puy_ws,aluzun,,2026學習詞表 32-02「重(重量)」
heavy,puy_ks,aludun,,2026學習詞表 32-02「重(重量)」
heavy,trv,shjil,,2026學習詞表 32-02「重」
heavy,kav,zinneq,,2026學習詞表 32-02「重(重量)」
heavy,tso,ecvʉhʉ,,2026學習詞表 32-02「重(重量)」
heavy,knv,meʼicunu,,2026學習詞表 32-02「重(重量)」
heavy,hla,malisʉhlʉ,,2026學習詞表 32-02「重(重量)」
heavy,yam,marehmet,,2026學習詞表 32-02「重(重量)」
heavy,sak,baʼket,,2026學習詞表 32-02「重(重量)」
heavy,pmp,*ma-beReqat,,ACD PMP 19081-dd14faf0ccb747c7c02f9addc7eb5d50-1「heavy; burdensome」
small,ami_nt,adidikay,,2026學習詞表 32-09「小的」：另作:adidi’
small,ami_hk,mimingay,,2026學習詞表 32-09「小的」
small,ami_ha,mimingay,,2026學習詞表 32-09「小的」
small,ami_ml,mimingay,,2026學習詞表 32-09「小的」
small,ami_hc,mimingay,,2026學習詞表 32-09「小的」
small,ata_sq,cipuq/cikuy,,2026學習詞表 32-09「小的」
small,ata_su,tikuy,,2026學習詞表 32-09「小的」：cikuy/ncikun(新生部落)
small,ata_ml,tikay,,2026學習詞表 32-09「小的」
small,ata_pl,yuyuk,,2026學習詞表 32-09「小的」
small,ata_sk,cipaq/ cimang,,2026學習詞表 32-09「小的」
small,ata_kl,uyuk / cikuy / cikoh/ cipok,,2026學習詞表 32-09「小的」：cikoh (眉原)/ cipok(眉原)
small,say,’ol’olae’an,,2026學習詞表 32-09「小的」
small,tha,langqisusay,,2026學習詞表 32-09「小的」
small,sed_to,tiping,,"2026學習詞表 32-09「小的」：tipiq小的, 一點; tiring更小的"
small,sed_tg,biciq,,2026學習詞表 32-09「小的」
small,sed_tr,ciway,,2026學習詞表 32-09「小的」
small,bun_td,atikic,,2026學習詞表 32-09「小的」
small,bun_bh,atikic,,2026學習詞表 32-09「小的」
small,bun_vt,atikis,,2026學習詞表 32-09「小的」
small,bun_bn,atikis,,2026學習詞表 32-09「小的」：atikis
small,bun_ib,kamaʼikit,,2026學習詞表 32-09「小的」
small,pai_es,kedrikedri,,2026學習詞表 32-09「小的」
small,pai_nt,kedrikedri,,2026學習詞表 32-09「小的」
small,pai_ct,kakedrikedri,,2026學習詞表 32-09「小的」
small,pai_st,kedrikedri,,2026學習詞表 32-09「小的」
small,ruk_es,tikiya,,2026學習詞表 32-09「小的」
small,ruk_bd,tikiane,,2026學習詞表 32-09「小的」
small,ruk_tw,tikiya,,2026學習詞表 32-09「小的」
small,ruk_tn,tiʼicane,,2026學習詞表 32-09「小的」
small,ruk_mg,tikɨcɨnɨ,,2026學習詞表 32-09「小的」
small,ruk_mn,takasiʼi,,2026學習詞表 32-09「小的」
small,puy_py,makiteng,,2026學習詞表 32-09「小的」
small,puy_tp,makiteng,,2026學習詞表 32-09「小的」
small,puy_ws,makiteng,,2026學習詞表 32-09「小的」
small,puy_ks,makiteng,,2026學習詞表 32-09「小的」
small,trv,bilaq,,2026學習詞表 32-09「小的」；2026學習詞表 32-14「小的/少的」
small,kav,kitut,,2026學習詞表 32-09「小」
small,tso,okosi,,2026學習詞表 32-09「小的」
small,knv,maʼura,,2026學習詞表 32-09「小的」：ma’u’ura 小小的
small,hla,maini,,2026學習詞表 32-09「小(體積)」
small,yam,alikey,,2026學習詞表 32-09「小的」
small,sak,adidi’,,2026學習詞表 32-09「小的」
small,pan,*kedi,,ACD PAN 19072-88d24f21b84831e1584a66591d1b0ae1-1「small in size or amount」
small,pmp,*dikiq,,ACD PMP 19081-eb5c1399a871211c7e7ed732d15e3a8b-1「small」
short,ami_nt,apuruʼ,,2026學習詞表 32-76「短」
short,ami_hk,poyoʼ,,2026學習詞表 32-76「短」
short,ami_ha,kamokoʼ,,2026學習詞表 32-76「短」
short,ami_ml,amotoʼ,,2026學習詞表 32-76「短」
short,ami_hc,kamokoʼ,,2026學習詞表 32-76「短」
short,ata_sq,rʼtung,,2026學習詞表 32-76「短」
short,ata_su,r’tung/’tung,,2026學習詞表 32-76「短」：ra’atung
short,ata_ml,isting,,2026學習詞表 32-76「短」
short,ata_pl,purung,,2026學習詞表 32-76「短」
short,ata_sk,rʼtung,,2026學習詞表 32-76「短」
short,ata_kl,r’tung/ ’rtung,,2026學習詞表 32-76「短」：’rtung(眉原)
short,say,ʼitoSan,,2026學習詞表 32-76「短」
short,tha,luish,,2026學習詞表 32-76「短」
short,sed_to,llbu,,2026學習詞表 32-76「短」：butun短
short,sed_tg,puto,,2026學習詞表 32-76「短」
short,sed_tr,putuh,,2026學習詞表 32-76「短」
short,bun_td,maputul,,2026學習詞表 32-76「短」：maputul指物的短小，如手指頭; mapuchu也可指無形之事，如時間的短暫。
short,bun_bh,maputul,,2026學習詞表 32-76「短」
short,bun_vt,maputuq,,2026學習詞表 32-76「短」：另二maputul與mapushu
short,bun_bn,maputul,,2026學習詞表 32-76「短」：maputul
short,bun_ib,maputul,,2026學習詞表 32-76「短」
short,pai_es,drikitj,,2026學習詞表 32-76「短」
short,pai_nt,drikitj,,2026學習詞表 32-76「短」
short,pai_ct,drikitj,,2026學習詞表 32-76「短」
short,pai_st,drikitj,,2026學習詞表 32-76「短」
short,ruk_es,edreka,,2026學習詞表 32-76「短」
short,ruk_bd,edrekane,,2026學習詞表 32-76「短」
short,ruk_tw,edreka,,2026學習詞表 32-76「短」
short,ruk_tn,maekekene,,2026學習詞表 32-76「短」
short,ruk_mg,mekɨnɨ,,2026學習詞表 32-76「短」
short,ruk_mn,ʼoekeekedhe,,2026學習詞表 32-76「短」
short,puy_py,lliketri,,2026學習詞表 32-76「短的」
short,puy_tp,lriketri,,2026學習詞表 32-76「短的」
short,puy_ws,lriketri,,2026學習詞表 32-76「短的」
short,puy_ks,lrikeci,,2026學習詞表 32-76「短的」
short,trv,llbu,,2026學習詞表 32-76「短」
short,kav,kezut,,2026學習詞表 32-76「短」
short,tso,nanʉhtʉ,,2026學習詞表 32-76「短」
short,knv,mangtʉʼai,,2026學習詞表 32-76「短」
short,hla,manitʉkʉ,,2026學習詞表 32-76「短」
short,yam,alinged,,2026學習詞表 32-76「短」
short,sak,apuyuʼ,,2026學習詞表 32-76「短」
short,pmp,*pandak,,"ACD PMP 19081-d6bb67dcd7b15bb6111cecece12cc6be-1「short in height, squat and compact in build, of a person」"
narrow,pan,*kipit,,"ACD PAN 19072-30ae93fc547c925f97b87f78dc97fcaf-1「narrow; pinch between tongs, etc.」"
narrow,pmp,*kipit,,"ACD PMP 19081-30ae93fc547c925f97b87f78dc97fcaf-1「narrow; pinch between tongs, etc.」"
thin,ami_nt,duhepicay,,2026學習詞表 32-21「薄的」
thin,ami_hk,kihepicay/kohepicay,,2026學習詞表 32-21「薄的」
thin,ami_ha,kohpicay,,2026學習詞表 32-21「薄的」
thin,ami_ml,kohepicay,,2026學習詞表 32-21「薄的」
thin,ami_hc,kihepicay,,2026學習詞表 32-21「薄的」
thin,ata_sq,lhmiq,,2026學習詞表 32-21「薄的」：khi’ 細
thin,ata_su,lhmi,,2026學習詞表 32-21「薄的」：lahami
thin,ata_ml,lehpeq,,2026學習詞表 32-21「薄的」
thin,ata_pl,lahmiʼ,,2026學習詞表 32-21「薄的」
thin,ata_sk,lhmiq,,2026學習詞表 32-21「薄的」
thin,ata_kl,lhmi,,2026學習詞表 32-21「薄的」
thin,say,lihlihpihan,,2026學習詞表 32-21「薄的」
thin,tha,mabazay,,2026學習詞表 32-21「薄的」
thin,sed_to,mpux,,2026學習詞表 32-21「薄的」：hlpis單薄的
thin,sed_tg,epux,,2026學習詞表 32-21「薄的」
thin,sed_tr,hlpis,,2026學習詞表 32-21「薄的」
thin,bun_td,mangisbic,,"2026學習詞表 32-21「薄的」：mavis’ik物細小, 身瘦小; makuis瘦"
thin,bun_bh,manisbic,,2026學習詞表 32-21「薄的」
thin,bun_vt,nisbis,,2026學習詞表 32-21「薄的」
thin,bun_bn,manisbis,,2026學習詞表 32-21「薄的」：manisbis
thin,bun_ib,manisbis,,2026學習詞表 32-21「薄的」
thin,pai_es,ljusepit,,2026學習詞表 32-21「薄」
thin,pai_nt,ljuspisepit,,2026學習詞表 32-21「薄」
thin,pai_ct,ljusepisepit,,2026學習詞表 32-21「薄」
thin,pai_st,ljusepit,,2026學習詞表 32-21「薄」
thin,ruk_es,marobili,,2026學習詞表 32-21「薄的」
thin,ruk_bd,malubiiri,,2026學習詞表 32-21「薄的」
thin,ruk_tw,malubiihi,,2026學習詞表 32-21「薄的」
thin,ruk_tn,madrolipisi,,2026學習詞表 32-21「薄的」：makakolay細的 maylai瘦的
thin,ruk_mg,madilipisi,,2026學習詞表 32-21「薄的」
thin,ruk_mn,takalovehe,,2026學習詞表 32-21「薄的」：亦作：kalovere
thin,puy_py,sallesall,,2026學習詞表 32-21「薄的」：sautr細的
thin,puy_tp,alripit,,2026學習詞表 32-21「薄的」
thin,puy_ws,aripitr,,2026學習詞表 32-21「薄的」
thin,puy_ks,alripic,,2026學習詞表 32-21「薄的」
thin,kav,inpis,,2026學習詞表 32-21「薄」
thin,tso,hipsi,,2026學習詞表 32-21「薄的」
thin,knv,manipi,,2026學習詞表 32-21「薄的」
thin,hla,mahlipi,,2026學習詞表 32-21「薄的」
thin,yam,mataripis,,2026學習詞表 32-21「薄的」
thin,sak,duhpicay,,2026學習詞表 32-21「薄的」
thin,pan,*ma-Nipis,,ACD PAN 19072-66a397a0aad9781efa9f7ff5bb4954ac-2「thin (of materials)」
thin,pmp,*ma-nipis,,ACD PMP 19081-67a31bdff6b7be6ae1f607d941205327-1「thin (of materals)」
woman,ami_nt,vavahi,,2026學習詞表 05-07「女性」
woman,ami_hk,fafahiyan/fayfahi,,2026學習詞表 05-07「女性」
woman,ami_ha,fafahiyan,,2026學習詞表 05-07「女性」
woman,ami_ml,fafahiyan,,2026學習詞表 05-07「女性」
woman,ami_hc,fafahiyan / fafahi,,2026學習詞表 05-07「女性」
woman,ata_sq,kneril,,2026學習詞表 05-07「女性」
woman,ata_su,knerin/kanayrin,,2026學習詞表 05-07「女性」：knerin/lknerin(新生部落)
woman,ata_ml,kanayril/ kanawnu’,,2026學習詞表 05-07「女性」：kanayril(男)/ kanawnu’(女)
woman,ata_pl,kanel,,2026學習詞表 05-07「女性」
woman,ata_sk,kneril,,2026學習詞表 05-07「女性」
woman,ata_kl,knerin,,2026學習詞表 05-07「女性」
woman,say,minkoringan,,2026學習詞表 05-07「女性」
woman,tha,binanauʼaz,,2026學習詞表 05-07「女性」
woman,sed_to,qridin,,2026學習詞表 05-07「女性」
woman,sed_tg,mqedil,,2026學習詞表 05-07「女性」
woman,sed_tr,qrijil,,2026學習詞表 05-07「女性」
woman,bun_td,binanauʼaz,,2026學習詞表 05-07「女性」
woman,bun_bh,binanoʼaz,,2026學習詞表 05-07「女性」
woman,bun_vt,binanauʼaz,,2026學習詞表 05-07「女性」
woman,bun_bn,binanauʼaz,,2026學習詞表 05-07「女性」：binano-az
woman,bun_ib,pingaz,,2026學習詞表 05-07「女性」
woman,pai_es,vavayan,,2026學習詞表 05-07「女性(單數)」
woman,pai_nt,vavayan,,2026學習詞表 05-07「女性(單數)」
woman,pai_ct,vavayan,,2026學習詞表 05-07「女性(單數)」
woman,pai_st,vavayan,,2026學習詞表 05-07「女性(單數)」
woman,ruk_es,ababay,,2026學習詞表 05-07「女性」
woman,ruk_bd,ababay,,2026學習詞表 05-07「女性」
woman,ruk_tw,ababai,,2026學習詞表 05-07「女性」
woman,ruk_tn,ʼabayane,,2026學習詞表 05-07「女性」
woman,ruk_mg,abéya,,2026學習詞表 05-07「女性」
woman,ruk_mn,ʼavai,,2026學習詞表 05-07「女性」
woman,puy_py,babayan,,2026學習詞表 05-07「女性」
woman,puy_tp,vavayan,,2026學習詞表 05-07「女性」
woman,puy_ws,vavay,,2026學習詞表 05-07「女性」
woman,puy_ks,vavayan,,2026學習詞表 05-07「女性」
woman,kav,tazungan,,2026學習詞表 05-07「女性」
woman,tso,mamespingi,,2026學習詞表 05-07「女性」
woman,knv,nanakʉ,,2026學習詞表 05-07「女性」
woman,hla,ahlaina,,2026學習詞表 05-07「女性」
woman,yam,mavakes,,2026學習詞表 05-07「女性」
woman,sak,tatayna,,2026學習詞表 05-07「女性」
woman,pan,*ba-bahi,,ACD PAN 19072-69c4d77aa87a6ce451ac6be8d66c1bc9-1「woman; female」
woman,pmp,*ba-bahi,,ACD PMP 19081-69c4d77aa87a6ce451ac6be8d66c1bc9-2「woman; female」
man,ami_nt,vavainay,,2026學習詞表 05-08「男性」
man,ami_hk,faʼinayan/fanaʼinay,,2026學習詞表 05-08「男性」
man,ami_ha,faʼinayan,,2026學習詞表 05-08「男性」
man,ami_ml,faʼinayan,,2026學習詞表 05-08「男性」
man,ami_hc,faʼinayan,,2026學習詞表 05-08「男性」
man,ata_sq,mlikuy,,2026學習詞表 05-08「男性」
man,ata_su,tamalung/tmalung,,2026學習詞表 05-08「男性」：tmalung/lmlikuy(新生部落)
man,ata_ml,mamaliku,,2026學習詞表 05-08「男性」
man,ata_pl,malikuṟ,,2026學習詞表 05-08「男性」
man,ata_sk,mlikuy,,2026學習詞表 05-08「男性」
man,ata_kl,mlikuy,,2026學習詞表 05-08「男性」
man,say,kamamanra:an,,2026學習詞表 05-08「男性」
man,tha,ayuzi,,2026學習詞表 05-08「男性」
man,sed_to,snaw,,2026學習詞表 05-08「男性」
man,sed_tg,rseno,,2026學習詞表 05-08「男性」
man,sed_tr,snaw,,2026學習詞表 05-08「男性」
man,bun_td,bananaz,,2026學習詞表 05-08「男性」
man,bun_bh,bananaz,,2026學習詞表 05-08「男性」
man,bun_vt,bananaz,,2026學習詞表 05-08「男性」
man,bun_bn,bananaz,,2026學習詞表 05-08「男性」：bananaz
man,bun_ib,bananaz,,2026學習詞表 05-08「男性」
man,pai_es,uqaljay,,2026學習詞表 05-08「男性」
man,pai_nt,u’aljay,,2026學習詞表 05-08「男性」：uqaljay
man,pai_ct,uqaljay,,2026學習詞表 05-08「男性」
man,pai_st,uqaljay,,2026學習詞表 05-08「男性」
man,ruk_es,sawalay,,2026學習詞表 05-08「男性」
man,ruk_bd,sawvalay,,2026學習詞表 05-08「男性」
man,ruk_tw,sauwalai,,2026學習詞表 05-08「男性」
man,ruk_tn,saʼoalay,,2026學習詞表 05-08「男性」
man,ruk_mg,sovɨlé,,2026學習詞表 05-08「男性」
man,ruk_mn,ʼaolai,,2026學習詞表 05-08「男性」
man,puy_py,mainayan,,2026學習詞表 05-08「男性」
man,puy_tp,maʼinay,,2026學習詞表 05-08「男性」
man,puy_ws,maʼinay,,2026學習詞表 05-08「男性」
man,puy_ks,maʼinay,,2026學習詞表 05-08「男性」
man,kav,Runanay,,2026學習詞表 05-08「男性」
man,tso,hahocngʉ,,2026學習詞表 05-08「男性」
man,knv,sarunai,,2026學習詞表 05-08「男性」
man,hla,hlahlusa,,2026學習詞表 05-08「男性」
man,yam,mehakay,,2026學習詞表 05-08「男性」
man,sak,tatama,,2026學習詞表 05-08「男性」
man,pan,*RuqaNay,,ACD PAN 19072-07cf4f8f5d8b76282917320715dda2ad-1「male」
man,pmp,*laki₁,,"ACD PMP 19081-aadc2f3bbafe7946377dabc10baf561c-1「male, masculine; man」"
person,ami_nt,tamdaw,,2026學習詞表 05-09「人」
person,ami_hk,tamdaw,,2026學習詞表 05-09「人」
person,ami_ha,tamdaw,,2026學習詞表 05-09「人」
person,ami_ml,tamdaw,,2026學習詞表 05-09「人」
person,ami_hc,tamdaw/tamdamdaw,,2026學習詞表 05-09「人」：tamdamdaw;本族的自稱用語’Amis
person,ata_sq,tayal/squliq,,2026學習詞表 05-09「人」：Tayal/squliq
person,ata_su,tayan / s’uli,,2026學習詞表 05-09「人」：c’uli(新生部落)
person,ata_ml,itaal/ cuquleq,,2026學習詞表 05-09「人」
person,ata_pl,ciʼuliʼ,,2026學習詞表 05-09「人」
person,ata_sk,cquliq/ tayal,,2026學習詞表 05-09「人」
person,ata_kl,c’oli/ c’uli / s’uli,,2026學習詞表 05-09「人」：s’uli(眉原)
person,say,maeʼiyaeh,,2026學習詞表 05-09「人」
person,tha,thau,,2026學習詞表 05-09「人」
person,sed_to,sediq,,2026學習詞表 05-09「人」：Sediq賽德克族
person,sed_tg,seediq,,2026學習詞表 05-09「人」：Seediq賽德克族
person,sed_tr,sejiq,,2026學習詞表 05-09「人」：Sejiq賽德克族
person,bun_td,bunun,,2026學習詞表 05-09「人」
person,bun_bh,bunun,,2026學習詞表 05-09「人」
person,bun_vt,Bunun,,2026學習詞表 05-09「人」
person,bun_bn,bunun,,2026學習詞表 05-09「人」：bunun
person,bun_ib,bunun,,2026學習詞表 05-09「人」
person,pai_es,caucau,,2026學習詞表 05-09「人」
person,pai_nt,caucaw,,2026學習詞表 05-09「人」
person,pai_ct,caucau,,2026學習詞表 05-09「人」
person,pai_st,caucau,,2026學習詞表 05-09「人」
person,ruk_es,omase,,2026學習詞表 05-09「人類」
person,ruk_bd,umaumase,,2026學習詞表 05-09「人類」
person,ruk_tw,umase,,2026學習詞表 05-09「人類」
person,ruk_tn,coaw,,2026學習詞表 05-09「人類」
person,ruk_mg,ico,,2026學習詞表 05-09「人類」
person,ruk_mn,ocao,,2026學習詞表 05-09「人類」
person,puy_py,trau,,2026學習詞表 05-09「人」
person,puy_tp,trau,,2026學習詞表 05-09「人」
person,puy_ws,trau,,2026學習詞表 05-09「人」
person,puy_ks,cau,,2026學習詞表 05-09「人」
person,trv,seejiq,,2026學習詞表 05-09「人」
person,kav,lazat,,2026學習詞表 05-09「人」
person,tso,cou,,2026學習詞表 05-09「人」
person,knv,cau,,2026學習詞表 05-09「人」
person,hla,cucuʼu,,2026學習詞表 05-09「人」
person,yam,tao,,2026學習詞表 05-09「人」
person,sak,tademaw/tamdaw,,2026學習詞表 05-09「人」
person,pan,*Cau,,"ACD PAN 19072-e64d7fff8a4b9e1e6400ac1776960467-1「person, human being」"
person,pmp,*tau₁,,"ACD PMP 19081-e64d7fff8a4b9e1e6400ac1776960467-1「person, human being」"
child,ami_nt,wawa,,2026學習詞表 05-05「孩童」
child,ami_hk,wawa^,,2026學習詞表 05-05「孩童」
child,ami_ha,kaemangay,,2026學習詞表 05-05「孩童」
child,ami_ml,wawa,,2026學習詞表 05-05「孩童」
child,ami_hc,kaemangat/wawa,,2026學習詞表 05-05「孩童」：wawa為孩子的統稱
child,ata_sq,laqi,,2026學習詞表 05-05「孩童」：laqi/’laqi
child,ata_su,laʼi,,2026學習詞表 05-05「孩童」
child,ata_ml,ulaqiʼ,,2026學習詞表 05-05「孩童」
child,ata_pl,uleʼ,,2026學習詞表 05-05「孩童」
child,ata_sk,laqi,,2026學習詞表 05-05「孩童」
child,ata_kl,la’i cikuy/la’i cipuy/ la’i cikoh/ la’i cipok,,2026學習詞表 05-05「孩童」：la’i cikoh(眉原)/ la’i cipok(眉原)
child,say,korkoring,,2026學習詞表 05-05「孩童」
child,tha,azazak,,2026學習詞表 05-05「孩童」
child,sed_to,laqi,,2026學習詞表 05-05「孩童」
child,sed_tg,laqi,,2026學習詞表 05-05「孩童」
child,sed_tr,laqi,,2026學習詞表 05-05「孩童」
child,bun_td,uvaʼaz,,2026學習詞表 05-05「孩童」
child,bun_bh,uzvaʼaz,,2026學習詞表 05-05「孩童」
child,bun_vt,uvazʼaz,,2026學習詞表 05-05「孩童」
child,bun_bn,uvazʼaz / uvavazʼaz,,2026學習詞表 05-05「孩童」：uvaz-az
child,bun_ib,uvaaz,,2026學習詞表 05-05「孩童」
child,pai_es,kakedryan,,2026學習詞表 05-05「孩童」
child,pai_nt,kakedrian,,2026學習詞表 05-05「孩童」
child,pai_ct,kakedrian,,"2026學習詞表 05-05「孩童」：亦稱為lumamad, i cengeceng tu maqacuvucuvung paeseesev anga 晚成未婚"
child,pai_st,kakedrian,,2026學習詞表 05-05「孩童」
child,ruk_es,lrolay,,2026學習詞表 05-05「孩童」
child,ruk_bd,vavalake,,2026學習詞表 05-05「孩童」
child,ruk_tw,lavavalake,,2026學習詞表 05-05「孩童」
child,ruk_tn,valavalake,,2026學習詞表 05-05「孩童」
child,ruk_mg,valɨvalɨke,,2026學習詞表 05-05「孩童」
child,ruk_mn,lroolai,,2026學習詞表 05-05「孩童」
child,puy_py,llallak,,2026學習詞表 05-05「孩童」
child,puy_tp,lralrak,,2026學習詞表 05-05「孩童」
child,puy_ws,alrak,,2026學習詞表 05-05「孩童」
child,puy_ks,lralrak,,2026學習詞表 05-05「孩童」
child,trv,laqi,,2026學習詞表 05-05「孩童」
child,kav,sunis,,2026學習詞表 05-05「孩童」
child,tso,oko,,2026學習詞表 05-05「孩童」
child,knv,manu,,2026學習詞表 05-05「孩童」
child,hla,mamaini,,2026學習詞表 05-05「孩童」
child,yam,kanakan,,2026學習詞表 05-05「孩童」
child,sak,wawa,,2026學習詞表 05-05「孩童」
child,pan,*aN-aNak,,ACD PAN 19072-1b7d5726533ab525a8760351e9b5e415-1「child」
child,pmp,*an-anak,,ACD PMP 19081-1b7d5726533ab525a8760351e9b5e415-1「child」
wife,ami_nt,ramud,,2026學習詞表 04-07「配偶」
wife,ami_hk,tihi,,2026學習詞表 04-07「配偶」
wife,ami_ha,ramod,,2026學習詞表 04-07「配偶」
wife,ami_ml,ramod,,2026學習詞表 04-07「配偶」
wife,ami_hc,ramod,,2026學習詞表 04-07「配偶」
wife,ata_sq,bes,,2026學習詞表 04-07「配偶」：bays
wife,ata_su,bes / bays,,2026學習詞表 04-07「配偶」
wife,ata_ml,glug/ baays,,2026學習詞表 04-07「配偶」：mamaliku mu
wife,ata_pl,tubesan,,2026學習詞表 04-07「配偶」
wife,ata_sk,bes,,2026學習詞表 04-07「配偶」
wife,ata_kl,bes / bes utux tnuxan,,2026學習詞表 04-07「配偶」
wife,say,ba:iS,,2026學習詞表 04-07「配偶」
wife,sed_to,snaw/qridin,,2026學習詞表 04-07「配偶(先生/太太)」
wife,sed_tg,seno/qedil,,2026學習詞表 04-07「配偶(先生/太太)」
wife,sed_tr,snaw/qrijil,,2026學習詞表 04-07「配偶(先生/太太)」
wife,bun_td,dingalan,,2026學習詞表 04-07「配偶」
wife,bun_bh,pakatuszang,,2026學習詞表 04-07「配偶」
wife,bun_vt,pakatuszang,,2026學習詞表 04-07「配偶」
wife,bun_bn,pakatuszang,,2026學習詞表 04-07「配偶」：pakatuszangan
wife,bun_ib,pakatuszang,,2026學習詞表 04-07「配偶」：maluspingaz高雄
wife,pai_es,valjaw,,2026學習詞表 04-07「配偶」
wife,pai_nt,cekelj,,2026學習詞表 04-07「配偶」
wife,pai_ct,cekelj,,2026學習詞表 04-07「配偶」
wife,pai_st,valjaw,,2026學習詞表 04-07「配偶」
wife,ruk_es,sakacekele,,2026學習詞表 04-07「配偶」；2026學習詞表 04-15「丈夫/妻子」：另作mwasakadrosa
wife,ruk_bd,wacekecekele / tawane/labaibay,,2026學習詞表 04-07「配偶」；2026學習詞表 04-15「丈夫/妻子」：tawane丈夫/labaibay妻子
wife,ruk_tw,tauwaa / tauwaa ka sauwalai,,2026學習詞表 04-07「配偶」；2026學習詞表 04-15「丈夫/妻子」
wife,ruk_tn,sakadrosani / palange,,2026學習詞表 04-07「配偶」；2026學習詞表 04-15「丈夫/妻子」
wife,ruk_mg,sɨpakamɨnia / usirikua/asirali,,2026學習詞表 04-07「配偶」；2026學習詞表 04-15「丈夫/妻子」
wife,ruk_mn,lamengae,,2026學習詞表 04-07「配偶」；2026學習詞表 04-15「丈夫/妻子」：亦作：夫妻之間稱呼
wife,puy_py,kataguwin,,2026學習詞表 04-07「配偶」；2026學習詞表 04-15「丈夫/妻子/配偶」
wife,puy_tp,turumaʼan,,2026學習詞表 04-07「配偶」；2026學習詞表 04-15「丈夫/妻子/配偶」
wife,puy_ws,ʼazin,,2026學習詞表 04-07「配偶」；2026學習詞表 04-15「丈夫/妻子/配偶」
wife,puy_ks,turumaʼan,,2026學習詞表 04-07「配偶」；2026學習詞表 04-15「丈夫/妻子/配偶」
wife,trv,bais / kuyuh,,2026學習詞表 04-07「配偶」；2026學習詞表 05-07「妻子」：或女性
wife,kav,tisin / napawan,,2026學習詞表 04-07「配偶」：另作napawan；2026學習詞表 04-15「丈夫、妻子」：另一半：tisin 丈夫：pakuwayan
wife,tso,vcongʉ,,2026學習詞表 04-07「配偶」
wife,knv,ʼucangʉ,,2026學習詞表 04-07「配偶」
wife,hla,usumanʉ,,2026學習詞表 04-07「配偶」
wife,yam,kadoan do vahay,,2026學習詞表 04-07「配偶」
wife,sak,acawa,,2026學習詞表 04-07「配偶」
wife,pan,*qasawa,,"ACD PAN 19072-655bfc271c854beeb79f40d819682553-1「spouse: husband, wife」"
wife,pmp,*qasawa,,"ACD PMP 19081-655bfc271c854beeb79f40d819682553-1「spouse: husband, wife」"
husband,ami_nt,ramud / vavainay,,2026學習詞表 04-07「配偶」；2026學習詞表 04-15「丈夫」
husband,ami_hk,tihi / faʼinay,,2026學習詞表 04-07「配偶」；2026學習詞表 04-15「丈夫」
husband,ami_ha,ramod / faʼinay,,2026學習詞表 04-07「配偶」；2026學習詞表 04-15「丈夫」
husband,ami_ml,ramod / faʼinay,,2026學習詞表 04-07「配偶」；2026學習詞表 04-15「丈夫」
husband,ami_hc,ramod / faʼinay,,2026學習詞表 04-07「配偶」；2026學習詞表 04-15「丈夫」
husband,ata_sq,bes / mlikuy,,2026學習詞表 04-07「配偶」：bays；2026學習詞表 04-15「丈夫」
husband,ata_su,bes / bays / tmalung / tamalung,,2026學習詞表 04-07「配偶」；2026學習詞表 04-15「丈夫」
husband,ata_ml,glug/ baays,,2026學習詞表 04-07「配偶」：mamaliku mu；2026學習詞表 04-15「丈夫」
husband,ata_pl,tubesan / malikuṟ,,2026學習詞表 04-07「配偶」；2026學習詞表 04-15「丈夫」
husband,ata_sk,bes / mlikuy,,2026學習詞表 04-07「配偶」；2026學習詞表 04-15「丈夫」
husband,ata_kl,bes / bes utux tnuxan / likuy/ mlikuy / mlikuy utux tnuxan,,2026學習詞表 04-07「配偶」；2026學習詞表 04-15「丈夫」：mlikuy(眉原)
husband,say,ba:iS / tatamaʼ maʼan / kamamanra:an maʼan,,2026學習詞表 04-07「配偶」；2026學習詞表 04-15「丈夫」：要加上ma’an才有丈夫的概念
husband,tha,ayuzi,,2026學習詞表 04-15「丈夫」
husband,sed_to,snaw/qridin / snaw,,2026學習詞表 04-07「配偶(先生/太太)」；2026學習詞表 04-15「丈夫」
husband,sed_tg,seno/qedil / seno,,2026學習詞表 04-07「配偶(先生/太太)」；2026學習詞表 04-15「丈夫」
husband,sed_tr,snaw/qrijil / snaw,,2026學習詞表 04-07「配偶(先生/太太)」；2026學習詞表 04-15「丈夫」
husband,bun_td,dingalan / bananaz,,2026學習詞表 04-07「配偶」；2026學習詞表 04-15「丈夫」：bananaz是男人/丈夫
husband,bun_bh,pakatuszang / bananaz,,2026學習詞表 04-07「配偶」；2026學習詞表 04-15「丈夫」
husband,bun_vt,pakatuszang / bananaz,,2026學習詞表 04-07「配偶」；2026學習詞表 04-15「丈夫」：男生
husband,bun_bn,pakatuszang / bananaz/mabananaz,,2026學習詞表 04-07「配偶」：pakatuszangan；2026學習詞表 04-15「丈夫」：bananaz
husband,bun_ib,pakatuszang / mabananaz,,2026學習詞表 04-07「配偶」：maluspingaz高雄；2026學習詞表 04-15「丈夫」：mabananaz高雄慣用
husband,pai_es,valjaw,,2026學習詞表 04-07「配偶」；2026學習詞表 04-15「丈夫」
husband,pai_nt,cekelj,,2026學習詞表 04-07「配偶」；2026學習詞表 04-15「丈夫」
husband,pai_ct,cekelj,,2026學習詞表 04-07「配偶」；2026學習詞表 04-15「丈夫」
husband,pai_st,valjaw / cekelj / valjaw,,2026學習詞表 04-07「配偶」；2026學習詞表 04-15「丈夫」
husband,ruk_es,sakacekele,,2026學習詞表 04-07「配偶」；2026學習詞表 04-15「丈夫/妻子」：另作mwasakadrosa
husband,ruk_bd,wacekecekele / tawane/labaibay,,2026學習詞表 04-07「配偶」；2026學習詞表 04-15「丈夫/妻子」：tawane丈夫/labaibay妻子
husband,ruk_tw,tauwaa / tauwaa ka sauwalai,,2026學習詞表 04-07「配偶」；2026學習詞表 04-15「丈夫/妻子」
husband,ruk_tn,sakadrosani / palange,,2026學習詞表 04-07「配偶」；2026學習詞表 04-15「丈夫/妻子」
husband,ruk_mg,sɨpakamɨnia / usirikua/asirali,,2026學習詞表 04-07「配偶」；2026學習詞表 04-15「丈夫/妻子」
husband,ruk_mn,lamengae,,2026學習詞表 04-07「配偶」；2026學習詞表 04-15「丈夫/妻子」：亦作：夫妻之間稱呼
husband,puy_py,kataguwin,,2026學習詞表 04-07「配偶」；2026學習詞表 04-15「丈夫/妻子/配偶」
husband,puy_tp,turumaʼan,,2026學習詞表 04-07「配偶」；2026學習詞表 04-15「丈夫/妻子/配偶」
husband,puy_ws,ʼazin,,2026學習詞表 04-07「配偶」；2026學習詞表 04-15「丈夫/妻子/配偶」
husband,puy_ks,turumaʼan,,2026學習詞表 04-07「配偶」；2026學習詞表 04-15「丈夫/妻子/配偶」
husband,trv,bais / snaw,,2026學習詞表 04-07「配偶」；2026學習詞表 04-15「丈夫」；2026學習詞表 05-08「丈夫」：或男性
husband,kav,tisin / napawan,,2026學習詞表 04-07「配偶」：另作napawan；2026學習詞表 04-15「丈夫、妻子」：另一半：tisin 丈夫：pakuwayan
husband,tso,vcongʉ,,2026學習詞表 04-07「配偶」；2026學習詞表 04-15「丈夫」
husband,knv,ʼucangʉ / ’ucangʉ,,2026學習詞表 04-07「配偶」；2026學習詞表 04-15「丈夫」
husband,hla,usumanʉ,,2026學習詞表 04-07「配偶」；2026學習詞表 04-15「丈夫」
husband,yam,kadoan do vahay / kataned,,2026學習詞表 04-07「配偶」；2026學習詞表 04-15「丈夫」
husband,sak,acawa,,2026學習詞表 04-07「配偶」；2026學習詞表 04-15「丈夫」
husband,pan,*qasawa,,"ACD PAN 19072-655bfc271c854beeb79f40d819682553-1「spouse: husband, wife」"
husband,pmp,*banah,,ACD PMP 19081-a2d4100de5a4c446ab1f52b1bf20cd93-1「husband」
mother,ami_nt,ina,,2026學習詞表 04-02「媽媽」
mother,ami_hk,ina^,,2026學習詞表 04-02「媽媽」
mother,ami_ha,ina,,2026學習詞表 04-02「媽媽」
mother,ami_ml,wina,,2026學習詞表 04-02「媽媽」：另作：ina
mother,ami_hc,wina ; ina,,2026學習詞表 04-02「媽媽」：wina帶有敬語，ina 一 般稱謂
mother,ata_sq,yaya,,2026學習詞表 04-02「媽媽」：yaya’
mother,ata_su,yaya/uya,,2026學習詞表 04-02「媽媽」
mother,ata_ml,yayaʼ/ ayaʼ,,2026學習詞表 04-02「媽媽」：aya’(第一人稱)
mother,ata_pl,yayaʼ,,2026學習詞表 04-02「媽媽」
mother,ata_sk,yaya,,2026學習詞表 04-02「媽媽」
mother,ata_kl,yaya,,2026學習詞表 04-02「媽媽」
mother,say,ʼoyaʼ,,2026學習詞表 04-02「媽媽」：tinaeh
mother,tha,ina,,2026學習詞表 04-02「媽媽」
mother,sed_to,bubu,,2026學習詞表 04-02「媽媽」
mother,sed_tg,bubu,,2026學習詞表 04-02「媽媽」
mother,sed_tr,bubu,,2026學習詞表 04-02「媽媽」
mother,bun_td,tina,,2026學習詞表 04-02「媽媽」
mother,bun_bh,tina,,2026學習詞表 04-02「媽媽」
mother,bun_vt,tina,,2026學習詞表 04-02「媽媽」
mother,bun_bn,tina,,2026學習詞表 04-02「媽媽」：tina
mother,bun_ib,cina,,2026學習詞表 04-02「媽媽」
mother,pai_es,kina,,2026學習詞表 04-02「媽媽」
mother,pai_nt,kina,,2026學習詞表 04-02「媽媽」
mother,pai_ct,kina,,2026學習詞表 04-02「媽媽」
mother,pai_st,kina/ina,,2026學習詞表 04-02「媽媽」
mother,ruk_es,naina,,2026學習詞表 04-02「媽媽」：naina直稱
mother,ruk_bd,tiatina,,2026學習詞表 04-02「媽媽」：ina是我媽媽
mother,ruk_tw,naine,,2026學習詞表 04-02「媽媽」：naine直稱/tina對外稱謂
mother,ruk_tn,niyaw,,2026學習詞表 04-02「媽媽」：titina對外稱謂/niyaw直稱
mother,ruk_mg,nao/nina,,2026學習詞表 04-02「媽媽」：nao直稱/nina對外稱謂
mother,ruk_mn,inake,,2026學習詞表 04-02「媽媽」：ina對外稱謂/inake直稱
mother,puy_py,ina,,2026學習詞表 04-02「媽媽」
mother,puy_tp,ina,,2026學習詞表 04-02「媽媽」
mother,puy_ws,ina,,2026學習詞表 04-02「媽媽」
mother,puy_ks,ina,,2026學習詞表 04-02「媽媽」
mother,trv,bubu,,2026學習詞表 04-02「媽媽」
mother,kav,tina,,2026學習詞表 04-02「媽媽」
mother,tso,ino,,2026學習詞表 04-02「媽媽」
mother,knv,cina,,2026學習詞表 04-02「媽媽」
mother,hla,inaʼa,,2026學習詞表 04-02「媽媽」：ina’a對他人提及； kainu對媽媽的稱呼
mother,yam,ina,,2026學習詞表 04-02「媽媽」
mother,sak,ina,,2026學習詞表 04-02「媽媽」
mother,pan,*ina,,"ACD PAN 19072-24aa31b7e1f21c831f2f429aa68b4ff7-1「mother, mother’s sister」"
mother,pmp,*ina,,"ACD PMP 19081-5e3d41e520ada74459e3b30209982f45-1「mother, mother's sister; female animal」"
father,ami_nt,ama,,2026學習詞表 04-01「爸爸」
father,ami_hk,mama^,,2026學習詞表 04-01「爸爸」
father,ami_ha,mama/ama,,2026學習詞表 04-01「爸爸」
father,ami_ml,wama,,2026學習詞表 04-01「爸爸」：另作：ama
father,ami_hc,wama / ama,,2026學習詞表 04-01「爸爸」：wama帶有敬語，ama 一 般稱謂
father,ata_sq,yaba,,2026學習詞表 04-01「爸爸」：yaba’
father,ata_su,yaba/uba,,2026學習詞表 04-01「爸爸」
father,ata_ml,yabaʼ/ abaʼ,,2026學習詞表 04-01「爸爸」：aba’(第一人稱)
father,ata_pl,yabaʼ,,2026學習詞表 04-01「爸爸」
father,ata_sk,yaba,,2026學習詞表 04-01「爸爸」
father,ata_kl,yaba,,2026學習詞表 04-01「爸爸」
father,say,yabaʼ,,2026學習詞表 04-01「爸爸」：tamaeh
father,tha,ama,,2026學習詞表 04-01「爸爸」
father,sed_to,tama,,2026學習詞表 04-01「爸爸」
father,sed_tg,tama,,2026學習詞表 04-01「爸爸」
father,sed_tr,tama,,2026學習詞表 04-01「爸爸」
father,bun_td,tama,,2026學習詞表 04-01「爸爸」
father,bun_bh,tama,,2026學習詞表 04-01「爸爸」
father,bun_vt,tama,,2026學習詞表 04-01「爸爸」
father,bun_bn,tama,,2026學習詞表 04-01「爸爸」：tama
father,bun_ib,tama,,2026學習詞表 04-01「爸爸」
father,pai_es,kama,,2026學習詞表 04-01「爸爸」
father,pai_nt,kama,,2026學習詞表 04-01「爸爸」
father,pai_ct,kama,,2026學習詞表 04-01「爸爸」
father,pai_st,kama/ama,,2026學習詞表 04-01「爸爸」
father,ruk_es,nama,,2026學習詞表 04-01「爸爸」：nama直稱
father,ruk_bd,tatama,,2026學習詞表 04-01「爸爸」：ama是我爸爸
father,ruk_tw,name,,2026學習詞表 04-01「爸爸」：name直稱/tama對外稱謂
father,ruk_tn,mao,,2026學習詞表 04-01「爸爸」：tatava對外稱謂/mao直稱
father,ruk_mg,mao/mama,,2026學習詞表 04-01「爸爸」：mao直稱/mama對外稱謂
father,ruk_mn,amake,,2026學習詞表 04-01「爸爸」：ama對外稱謂/amake直稱
father,puy_py,ama,,2026學習詞表 04-01「爸爸」
father,puy_tp,ama,,2026學習詞表 04-01「爸爸」
father,puy_ws,ama,,2026學習詞表 04-01「爸爸」
father,puy_ks,ama,,2026學習詞表 04-01「爸爸」
father,trv,tama,,2026學習詞表 04-01「爸爸」
father,kav,tama,,2026學習詞表 04-01「爸爸」
father,tso,amo,,2026學習詞表 04-01「爸爸」
father,knv,cuma,,2026學習詞表 04-01「爸爸」
father,hla,amaʼa,,2026學習詞表 04-01「爸爸」：ama’a對他人提及；kaamu對爸爸的稱呼
father,yam,ama,,2026學習詞表 04-01「爸爸」
father,sak,ama,,2026學習詞表 04-01「爸爸」
father,pan,*amax,,ACD PAN 19072-0de959beaa82daa7df6ef2286d071a6d-2「father」
father,pmp,*amax,,ACD PMP 19081-0de959beaa82daa7df6ef2286d071a6d-3「father」
fish,ami_nt,vuting,,2026學習詞表 07-07「魚」
fish,ami_hk,foting,,2026學習詞表 07-07「魚」
fish,ami_ha,foting,,2026學習詞表 07-07「魚」
fish,ami_ml,foting,,2026學習詞表 07-07「魚」
fish,ami_hc,foting,,2026學習詞表 07-07「魚」
fish,ata_sq,qulih,,2026學習詞表 07-07「魚」
fish,ata_su,syux/ ’syux,,2026學習詞表 07-07「魚」：siyux/’cyux （qulih）(新生部落)
fish,ata_ml,quleh,,2026學習詞表 07-07「魚」
fish,ata_pl,ucyux,,2026學習詞表 07-07「魚」
fish,ata_sk,qulih,,2026學習詞表 07-07「魚」
fish,ata_kl,’cyux/ ulih,,2026學習詞表 07-07「魚」：ulih(眉原)
fish,say,ʼaelaw,,2026學習詞表 07-07「魚」
fish,tha,rusaw,,2026學習詞表 07-07「魚」
fish,sed_to,qcurux,,2026學習詞表 07-07「魚」
fish,sed_tg,qcurux,,2026學習詞表 07-07「魚」
fish,sed_tr,qsurux,,2026學習詞表 07-07「魚」
fish,bun_td,kaan,,2026學習詞表 07-07「魚」
fish,bun_bh,iskan/kan,,2026學習詞表 07-07「魚」
fish,bun_vt,iskaan,,2026學習詞表 07-07「魚」
fish,bun_bn,iskaan,,2026學習詞表 07-07「魚」：iskaan
fish,bun_ib,iskaan,,2026學習詞表 07-07「魚」
fish,pai_es,ciqaw,,2026學習詞表 07-07「魚」
fish,pai_nt,ci’av,,2026學習詞表 07-07「魚」：ciqav
fish,pai_ct,ciqav,,2026學習詞表 07-07「魚」：又稱ciqaw
fish,pai_st,ciqaw,,2026學習詞表 07-07「魚」
fish,ruk_es,kaang,,2026學習詞表 07-07「魚」
fish,ruk_bd,kaange,,2026學習詞表 07-07「魚」
fish,ruk_tw,kaange,,2026學習詞表 07-07「魚」
fish,ruk_tn,kaʼange,,2026學習詞表 07-07「魚」
fish,ruk_mg,akangɨ,,2026學習詞表 07-07「魚」
fish,ruk_mn,kaʼange,,2026學習詞表 07-07「魚」
fish,puy_py,kuraw,,2026學習詞表 07-07「魚」
fish,puy_tp,vulraw,,2026學習詞表 07-07「魚」
fish,puy_ws,vulraw/kuraw,,2026學習詞表 07-07「魚」
fish,puy_ks,vulraw,,2026學習詞表 07-07「魚」
fish,trv,qsurux,,2026學習詞表 07-07「魚」
fish,kav,baut,,2026學習詞表 07-07「魚」
fish,tso,yoskʉ,,2026學習詞表 07-07「魚」
fish,knv,vutukuru,,2026學習詞表 07-07「魚」
fish,hla,vutukuhlu,,2026學習詞表 07-07「魚」
fish,yam,among,,2026學習詞表 07-07「魚」
fish,sak,buting,,2026學習詞表 07-07「魚」
fish,pan,*Sikan,,ACD PAN 19072-83e4a96aed96436c621b9809e258b309-1「fish」
fish,pmp,*hikan,,ACD PMP 19081-83e4a96aed96436c621b9809e258b309-1「fish」
bird,ami_nt,ayam,,2026學習詞表 07-06「鳥」
bird,ami_hk,ʼayam,,2026學習詞表 07-06「鳥」
bird,ami_ha,ʼayam,,2026學習詞表 07-06「鳥」
bird,ami_ml,ʼayam,,2026學習詞表 07-06「鳥」
bird,ami_hc,ʼayam,,2026學習詞表 07-06「鳥」
bird,ata_sq,qbhniq,,2026學習詞表 07-06「鳥」：qhniq
bird,ata_su,kbhni / kabahni,,2026學習詞表 07-06「鳥」：kabahani/pzic（統稱）(新生部落)
bird,ata_ml,kabahneq,,2026學習詞表 07-06「鳥」
bird,ata_pl,kabahniʼ,,2026學習詞表 07-06「鳥」
bird,ata_sk,qbhniq,,2026學習詞表 07-06「鳥」
bird,ata_kl,piyit/ pzit,,2026學習詞表 07-06「鳥」：pzit(眉原)
bird,say,kabkabaehae:,,2026學習詞表 07-06「鳥」
bird,tha,rumfaz,,2026學習詞表 07-06「鳥」
bird,sed_to,qduda,,2026學習詞表 07-06「鳥」：qbhni/qbni鳥
bird,sed_tg,qbheni,,2026學習詞表 07-06「鳥」
bird,sed_tr,qduda,,2026學習詞表 07-06「鳥」：qbhni
bird,bun_td,luqaiʼ,,2026學習詞表 07-06「鳥」
bird,bun_bh,loqeʼ,,2026學習詞表 07-06「鳥」
bird,bun_vt,luqei,,2026學習詞表 07-06「鳥」
bird,bun_bn,qazam,,2026學習詞表 07-06「鳥」：qazam(統稱)
bird,bun_ib,hazam,,2026學習詞表 07-06「鳥」
bird,pai_es,qayaqayam,,2026學習詞表 07-06「鳥」
bird,pai_nt,’aya’ayam,,2026學習詞表 07-06「鳥」：qayaqayam
bird,pai_ct,qayaqayam,,2026學習詞表 07-06「鳥」
bird,pai_st,qayaqayam,,2026學習詞表 07-06「鳥」
bird,ruk_es,azazame,,2026學習詞表 07-06「鳥」
bird,ruk_bd,adhaadhame,,2026學習詞表 07-06「鳥」
bird,ruk_tw,adhadhame,,2026學習詞表 07-06「鳥」
bird,ruk_tn,alralrame,,2026學習詞表 07-06「鳥」
bird,ruk_mg,raramɨ,,2026學習詞表 07-06「鳥」
bird,ruk_mn,aalrame,,2026學習詞表 07-06「鳥」
bird,puy_py,ayam / ayaayam,,2026學習詞表 07-06「鳥」；2026學習詞表 07-57「鳥類」
bird,puy_tp,ʼayam,,2026學習詞表 07-06「鳥」；2026學習詞表 07-57「鳥類」
bird,puy_ws,ʼayam,,2026學習詞表 07-06「鳥」；2026學習詞表 07-57「鳥類」
bird,puy_ks,ʼayam,,2026學習詞表 07-06「鳥」；2026學習詞表 07-57「鳥類」
bird,trv,qbhni,,2026學習詞表 07-06「鳥」
bird,kav,adam,,2026學習詞表 07-06「鳥」
bird,tso,zomʉ,,2026學習詞表 07-06「鳥」
bird,knv,tapinange,,2026學習詞表 07-06「鳥」
bird,hla,ahlamʉ,,2026學習詞表 07-06「鳥」
bird,yam,meyyasasalap,,2026學習詞表 07-06「鳥」
bird,sak,ayam,,2026學習詞表 07-06「鳥」
bird,pan,*qayam₁,,ACD PAN 19072-abaecf8ca3f98dc13eeecbac263cd3ed-1「bird」
bird,pmp,*manu(k)-manuk,,ACD PMP 19081-abaecf8ca3f98dc13eeecbac263cd3ed-1「bird」
dog,ami_nt,wacu,,2026學習詞表 07-03「狗」
dog,ami_hk,waco^,,2026學習詞表 07-03「狗」
dog,ami_ha,waco,,2026學習詞表 07-03「狗」
dog,ami_ml,waco,,2026學習詞表 07-03「狗」
dog,ami_hc,waco,,2026學習詞表 07-03「狗」
dog,ata_sq,huzil,,2026學習詞表 07-03「狗」：hozil
dog,ata_su,huzin,,2026學習詞表 07-03「狗」
dog,ata_ml,xuwil,,2026學習詞表 07-03「狗」
dog,ata_pl,huṟil,,2026學習詞表 07-03「狗」
dog,ata_sk,hoyil,,2026學習詞表 07-03「狗」
dog,ata_kl,hoyin/ huzin,,2026學習詞表 07-03「狗」：huzin(眉原)
dog,say,ʼaehoeʼ,,2026學習詞表 07-03「狗」
dog,tha,atu,,2026學習詞表 07-03「狗」
dog,sed_to,huling,,2026學習詞表 07-03「狗」
dog,sed_tg,huling,,2026學習詞表 07-03「狗」
dog,sed_tr,huling,,2026學習詞表 07-03「狗」
dog,bun_td,acuʼ,,2026學習詞表 07-03「狗」
dog,bun_bh,acuʼ,,2026學習詞表 07-03「狗」
dog,bun_vt,asu,,2026學習詞表 07-03「狗」
dog,bun_bn,asu,,2026學習詞表 07-03「狗」：asu
dog,bun_ib,asu,,2026學習詞表 07-03「狗」
dog,pai_es,vatu,,2026學習詞表 07-03「狗」
dog,pai_nt,vatu,,2026學習詞表 07-03「狗」
dog,pai_ct,vatu,,2026學習詞表 07-03「狗」
dog,pai_st,vatu,,2026學習詞表 07-03「狗」
dog,ruk_es,tawʼong,,2026學習詞表 07-03「狗」
dog,ruk_bd,tawpungu,,2026學習詞表 07-03「狗」
dog,ruk_tw,taupungu,,2026學習詞表 07-03「狗」
dog,ruk_tn,atho,,2026學習詞表 07-03「狗」
dog,ruk_mg,atho,,2026學習詞表 07-03「狗」
dog,ruk_mn,taʼolro,,2026學習詞表 07-03「狗」
dog,puy_py,suwan,,2026學習詞表 07-03「狗」
dog,puy_tp,suwan,,2026學習詞表 07-03「狗」
dog,puy_ws,suwan,,2026學習詞表 07-03「狗」
dog,puy_ks,suwan,,2026學習詞表 07-03「狗」
dog,trv,huling,,2026學習詞表 07-03「狗」
dog,kav,wasu,,2026學習詞表 07-03「狗」
dog,tso,avʼu,,2026學習詞表 07-03「狗」
dog,knv,tacau,,2026學習詞表 07-03「狗」
dog,hla,tasau,,2026學習詞表 07-03「狗」
dog,yam,ino / agsa,,2026學習詞表 07-03「狗」
dog,sak,wacu,,2026學習詞表 07-03「狗」
dog,pan,*asu₁,,ACD PAN 19072-06d80eb0c50b49a509b49f2424e8c805-1「dog」
dog,pmp,*asu₁,,ACD PMP 19081-06d80eb0c50b49a509b49f2424e8c805-1「dog」
louse,ami_nt,kutu,,2026學習詞表 07-33「頭蝨」
louse,ami_hk,koto^,,2026學習詞表 07-33「頭蝨」
louse,ami_ha,koto,,2026學習詞表 07-33「頭蝨」
louse,ami_ml,koto,,2026學習詞表 07-33「頭蝨」
louse,ami_hc,koto,,2026學習詞表 07-33「頭蝨」
louse,ata_sq,kuhing,,2026學習詞表 07-33「頭蝨」：equ’
louse,ata_su,kuhing,,2026學習詞表 07-33「頭蝨」
louse,ata_ml,kuhing/ kucu’,,2026學習詞表 07-33「頭蝨」：kuhing(男)/kucu’(女)
louse,ata_pl,kuhing,,2026學習詞表 07-33「頭蝨」
louse,ata_sk,kuhing,,2026學習詞表 07-33「頭蝨」
louse,ata_kl,kuhing,,2026學習詞表 07-33「頭蝨」：另作lumi
louse,say,kosoʼ,,2026學習詞表 07-33「頭蝨」
louse,tha,kuthu,,2026學習詞表 07-33「頭蝨」
louse,sed_to,quhing,,2026學習詞表 07-33「頭蝨」
louse,sed_tg,quhing,,2026學習詞表 07-33「頭蝨」
louse,sed_tr,quhing,,2026學習詞表 07-33「頭蝨」
louse,bun_td,kutu,,2026學習詞表 07-33「頭蝨」
louse,bun_bh,kutu,,2026學習詞表 07-33「頭蝨」
louse,bun_vt,kutuh,,2026學習詞表 07-33「頭蝨」
louse,bun_bn,kutu,,2026學習詞表 07-33「頭蝨」：kutu
louse,bun_ib,kutu,,2026學習詞表 07-33「頭蝨」
louse,pai_es,kucu,,2026學習詞表 07-33「頭蝨」
louse,pai_nt,kucu,,2026學習詞表 07-33「頭蝨」
louse,pai_ct,’ucu,,2026學習詞表 07-33「頭蝨」
louse,pai_st,kucu,,2026學習詞表 07-33「頭蝨」
louse,ruk_es,koco,,2026學習詞表 07-33「頭蝨」
louse,ruk_bd,kucu,,2026學習詞表 07-33「頭蝨」
louse,ruk_tw,kucu,,2026學習詞表 07-33「頭蝨」
louse,ruk_tn,koco,,2026學習詞表 07-33「頭蝨」
louse,ruk_mg,kucu,,2026學習詞表 07-33「頭蝨」
louse,ruk_mn,koco,,2026學習詞表 07-33「頭蝨」
louse,puy_py,kutru,,2026學習詞表 07-33「頭蝨」
louse,puy_tp,kutru,,2026學習詞表 07-33「頭蝨」
louse,puy_ws,kutru,,2026學習詞表 07-33「頭蝨」
louse,puy_ks,kucu,,2026學習詞表 07-33「頭蝨」
louse,trv,quhing,,2026學習詞表 07-33「頭蝨」
louse,kav,qutu,,2026學習詞表 07-33「頭蝨」
louse,tso,ʼcuu,,2026學習詞表 07-33「頭蝨」
louse,knv,kucu,,2026學習詞表 07-33「頭蝨」
louse,hla,kucuʼu,,2026學習詞表 07-33「頭蝨」
louse,yam,koto,,2026學習詞表 07-33「頭蝨」
louse,sak,kutu,,2026學習詞表 07-33「頭蝨」
louse,pan,*kuCux,,ACD PAN 19072-0f3e030df47b709f4bd2ef62f37b7f57-1「head louse」
louse,pmp,*kutu₁,,ACD PMP 19081-93bae5344a284d270d14bcc59460c2ea-1「head louse; sparks from a fire; water striker (insect that walks on water)」
snake,ami_nt,uner,,2026學習詞表 07-19「蛇」
snake,ami_hk,ʼoner,,2026學習詞表 07-19「蛇」
snake,ami_ha,ʼoner,,2026學習詞表 07-19「蛇」
snake,ami_ml,’oner,,2026學習詞表 07-19「蛇」
snake,ami_hc,ʼoner,,2026學習詞表 07-19「蛇」
snake,ata_sq,mqu,,2026學習詞表 07-19「蛇」：mqu’
snake,ata_su,m’u / kumay,,2026學習詞表 07-19「蛇」：u
snake,ata_ml,quruʼ,,2026學習詞表 07-19「蛇」
snake,ata_pl,kuyaʼ,,2026學習詞表 07-19「蛇」
snake,ata_sk,maqu,,2026學習詞表 07-19「蛇」
snake,ata_kl,mʼu,,2026學習詞表 07-19「蛇」：m’ow
snake,say,Siba:iʼ,,2026學習詞表 07-19「蛇」
snake,tha,qlhuran,,2026學習詞表 07-19「蛇」
snake,sed_to,quyu,,2026學習詞表 07-19「蛇」
snake,sed_tg,quyu,,2026學習詞表 07-19「蛇」
snake,sed_tr,quyu,,2026學習詞表 07-19「蛇」
snake,bun_td,ivut,,2026學習詞表 07-19「蛇」
snake,bun_bh,ivut,,2026學習詞表 07-19「蛇」
snake,bun_vt,ivut,,2026學習詞表 07-19「蛇」
snake,bun_bn,ivut,,2026學習詞表 07-19「蛇」：ivut
snake,bun_ib,ivut,,2026學習詞表 07-19「蛇」
snake,pai_es,qatjuvi,,2026學習詞表 07-19「蛇」
snake,pai_nt,’atjuvi,,2026學習詞表 07-19「蛇」：qatjuvi
snake,pai_ct,qatjuvi,,2026學習詞表 07-19「蛇」
snake,pai_st,qatjuvi,,2026學習詞表 07-19「蛇」
snake,ruk_es,olawlay,,2026學習詞表 07-19「蛇」
snake,ruk_bd,dulay,,2026學習詞表 07-19「蛇」：sulraw
snake,ruk_tw,alawlai,,2026學習詞表 07-19「蛇」
snake,ruk_tn,swaʼa,,2026學習詞表 07-19「蛇」
snake,ruk_mg,sura,,2026學習詞表 07-19「蛇」
snake,ruk_mn,ʼolraʼa,,2026學習詞表 07-19「蛇」：通稱
snake,puy_py,unan,,2026學習詞表 07-19「蛇」
snake,puy_tp,unan,,2026學習詞表 07-19「蛇」
snake,puy_ws,unan,,2026學習詞表 07-19「蛇」
snake,puy_ks,unan,,2026學習詞表 07-19「蛇」
snake,trv,quyu,,2026學習詞表 07-19「蛇」：統稱
snake,kav,siqqay,,2026學習詞表 07-19「蛇」
snake,tso,fkoi,,2026學習詞表 07-19「蛇」
snake,knv,vunai,,2026學習詞表 07-19「蛇」
snake,hla,vuhliʼi,,2026學習詞表 07-19「蛇」
snake,yam,volay,,2026學習詞表 07-19「蛇」
snake,sak,bau,,2026學習詞表 07-19「蛇」
snake,pan,*SulaR,,ACD PAN 19072-de1b2a7baf7850243db71c4abd4e5a39-1「snake」
snake,pmp,*hulaR,,ACD PMP 19081-de1b2a7baf7850243db71c4abd4e5a39-2「snake」
worm,ami_nt,atikak,,2026學習詞表 07-39「蚯蚓」
worm,ami_hk,ʼatikak,,2026學習詞表 07-39「蚯蚓」
worm,ami_ha,ʼarikak,,2026學習詞表 07-39「蚯蚓」
worm,ami_ml,arikak/atikak,,2026學習詞表 07-39「蚯蚓」
worm,ami_hc,ʼarikak,,2026學習詞表 07-39「蚯蚓」
worm,ata_sq,bisuw,,2026學習詞表 07-39「蚯蚓」：bisu
worm,ata_su,bisuw,,2026學習詞表 07-39「蚯蚓」
worm,ata_ml,bicug,,2026學習詞表 07-39「蚯蚓」
worm,ata_pl,bicuw,,2026學習詞表 07-39「蚯蚓」
worm,ata_sk,byaq,,2026學習詞表 07-39「蚯蚓」
worm,ata_kl,bicyu/ bisyu,,2026學習詞表 07-39「蚯蚓」：bisyu(眉原)
worm,say,hewel / hoewel,,2026學習詞表 07-39「蚯蚓」
worm,tha,qatidauluq,,2026學習詞表 07-39「蚯蚓」
worm,sed_to,bicur,,2026學習詞表 07-39「蚯蚓」
worm,sed_tg,bicun,,2026學習詞表 07-39「蚯蚓」
worm,sed_tr,bisur,,2026學習詞表 07-39「蚯蚓」
worm,bun_td,takidauluq,,2026學習詞表 07-39「蚯蚓」
worm,bun_bh,tandoloq /takidoloq/doloq,,2026學習詞表 07-39「蚯蚓」
worm,bun_vt,dauluq,,2026學習詞表 07-39「蚯蚓」
worm,bun_bn,takiluqaz / tanduluq,,2026學習詞表 07-39「蚯蚓」：talindozuq
worm,bun_ib,takiluhaz,,2026學習詞表 07-39「蚯蚓」
worm,pai_es,qatjudray,,2026學習詞表 07-39「蚯蚓」
worm,pai_nt,’atjudray,,2026學習詞表 07-39「蚯蚓」：qatjudray
worm,pai_ct,qatjudray,,2026學習詞表 07-39「蚯蚓」
worm,pai_st,qatjudray / qatjulalj,,2026學習詞表 07-39「蚯蚓」
worm,ruk_es,atatolrale,,2026學習詞表 07-39「蚯蚓」
worm,ruk_bd,atatulrale,,2026學習詞表 07-39「蚯蚓」：katudray
worm,ruk_tw,atatulrale,,2026學習詞表 07-39「蚯蚓」
worm,ruk_tn,atoiki,,2026學習詞表 07-39「蚯蚓」
worm,ruk_mg,torolo,,2026學習詞表 07-39「蚯蚓」
worm,ruk_mn,atolriki,,2026學習詞表 07-39「蚯蚓」
worm,puy_py,uretati,,2026學習詞表 07-39「蚯蚓」
worm,puy_tp,utati,,2026學習詞表 07-39「蚯蚓」
worm,puy_ws,ʼutati,,2026學習詞表 07-39「蚯蚓」
worm,puy_ks,ʼuretati,,2026學習詞表 07-39「蚯蚓」
worm,trv,bisur,,2026學習詞表 07-39「蚯蚓」
worm,kav,keladut,,2026學習詞表 07-39「蚯蚓」
worm,tso,polo,,2026學習詞表 07-39「蚯蚓」
worm,knv,ngicaʼʉ,,2026學習詞表 07-39「蚯蚓」
worm,hla,tangaluhlu,,2026學習詞表 07-39「蚯蚓」
worm,yam,kalwalwaci,,2026學習詞表 07-39「蚯蚓」
worm,sak,atikak,,2026學習詞表 07-39「蚯蚓」
worm,pan,*kulay₁,,"ACD PAN 19072-694f9056d0f367c0c827eb8a797bb2ba-1「worm, insect」"
worm,pmp,*bulati,,"ACD PMP 19081-a372f58dab928112a4b5ab98a25e7cd3-1「roundworm, ascaris, intestinal worm; also earthworm?」"
tree,ami_nt,kilang,,2026學習詞表 08-03「樹」
tree,ami_hk,kilang,,2026學習詞表 08-03「樹」
tree,ami_ha,kilang,,2026學習詞表 08-03「樹」
tree,ami_ml,kilang,,2026學習詞表 08-03「樹」
tree,ami_hc,kilang,,2026學習詞表 08-03「樹」
tree,ata_sq,qhuniq,,2026學習詞表 08-03「樹」：qhoniq
tree,ata_su,khoni/khawni,,2026學習詞表 08-03「樹」：khoni/khuni
tree,ata_ml,kahuneq/ kahuy,,2026學習詞表 08-03「樹」：kahuneq(男)/ kahuy(女)
tree,ata_pl,kahuniʼ,,2026學習詞表 08-03「樹」
tree,ata_sk,qhoniq,,2026學習詞表 08-03「樹」
tree,ata_kl,khoni/ khuni,,2026學習詞表 08-03「樹」：khuni(眉原)
tree,say,kaehoy,,2026學習詞表 08-03「樹」
tree,tha,ribush,,2026學習詞表 08-03「樹」
tree,sed_to,qhuni,,2026學習詞表 08-03「樹」
tree,sed_tg,qhuni,,2026學習詞表 08-03「樹」
tree,sed_tr,pusu qhuni,,2026學習詞表 08-03「樹」
tree,bun_td,lukic,,2026學習詞表 08-03「樹」
tree,bun_bh,lukic,,2026學習詞表 08-03「樹」
tree,bun_vt,lukis,,2026學習詞表 08-03「樹」
tree,bun_bn,lukis,,2026學習詞表 08-03「樹」：lukis
tree,bun_ib,lukis,,2026學習詞表 08-03「樹」
tree,pai_es,kasiw,,2026學習詞表 08-03「樹」
tree,pai_nt,kasiv,,2026學習詞表 08-03「樹」
tree,pai_ct,kasiv,,2026學習詞表 08-03「樹」：kasiyw
tree,pai_st,kasiw,,2026學習詞表 08-03「樹」
tree,ruk_es,angato,,2026學習詞表 08-03「樹」
tree,ruk_bd,angatu,,2026學習詞表 08-03「樹」
tree,ruk_tw,angatu,,2026學習詞表 08-03「樹」
tree,ruk_tn,ʼangato,,2026學習詞表 08-03「樹」
tree,ruk_mg,angatu,,2026學習詞表 08-03「樹」
tree,ruk_mn,ʼangato,,2026學習詞表 08-03「樹」
tree,puy_py,kawi,,2026學習詞表 08-03「樹」
tree,puy_tp,kawi,,2026學習詞表 08-03「樹」
tree,puy_ws,kawi,,2026學習詞表 08-03「樹」
tree,puy_ks,kawi,,2026學習詞表 08-03「樹」
tree,trv,qhuni,,2026學習詞表 08-03「樹」
tree,kav,paRin,,2026學習詞表 08-03「樹」
tree,tso,evi,,2026學習詞表 08-03「樹」
tree,knv,karu,,2026學習詞表 08-03「樹」
tree,hla,kiuʼu,,2026學習詞表 08-03「樹」
tree,yam,kayo,,2026學習詞表 08-03「樹」
tree,sak,kilang,,2026學習詞表 08-03「樹」
tree,pan,*kaSiw,,"ACD PAN 19072-169d5a9b15ebc7a2be270810936c2315-1「wood, tree」"
tree,pmp,*kahiw,,"ACD PMP 19081-169d5a9b15ebc7a2be270810936c2315-1「wood, tree」"
forest,ami_nt,kilakilangan,,2026學習詞表 10-09「森林」
forest,ami_hk,kilakilangan,,2026學習詞表 10-09「森林」
forest,ami_ha,kilakilangan,,2026學習詞表 10-09「森林」
forest,ami_ml,kilakilangan,,2026學習詞表 10-09「森林」
forest,ami_hc,kilakilangan,,2026學習詞表 10-09「森林」
forest,ata_sq,hlahuy,,2026學習詞表 10-09「森林」
forest,ata_su,lhlahuy,,2026學習詞表 10-09「森林」
forest,ata_ml,lahulahu,,2026學習詞表 10-09「森林」
forest,ata_pl,lahlahuṟ,,2026學習詞表 10-09「森林」
forest,ata_sk,hhlahuy,,2026學習詞表 10-09「森林」
forest,ata_kl,rgyax kkhoni / hlahuy kkhoni,,2026學習詞表 10-09「森林」
forest,say,kaehkaehoyan,,2026學習詞表 10-09「森林」：bangol
forest,tha,tuqash,,2026學習詞表 10-09「森林」
forest,sed_to,bbuyu,,2026學習詞表 10-02「森林」
forest,sed_tg,bbuyu,,2026學習詞表 10-02「森林」
forest,sed_tr,bbuyu,,2026學習詞表 10-02「森林」
forest,bun_td,libus,,2026學習詞表 10-09「森林」
forest,bun_bh,libus,,2026學習詞表 10-09「森林」
forest,bun_vt,libus,,2026學習詞表 10-09「森林」
forest,bun_bn,libus,,2026學習詞表 10-09「森林」：libus
forest,bun_ib,libus,,2026學習詞表 10-09「森林」
forest,pai_es,kasikasiw,,2026學習詞表 10-09「森林」
forest,pai_nt,vukid,,2026學習詞表 10-09「森林」
forest,pai_ct,’asi’asivan,,2026學習詞表 10-09「森林」
forest,pai_st,kasikasiw,,2026學習詞表 10-09「森林」
forest,ruk_es,angatongato,,2026學習詞表 10-09「森林」
forest,ruk_bd,tenaenale,,2026學習詞表 10-09「森林」
forest,ruk_tw,tenaenale,,2026學習詞表 10-09「森林」
forest,ruk_tn,tapaongane,,2026學習詞表 10-09「森林」
forest,ruk_mg,tɨparongu,,2026學習詞表 10-09「森林」
forest,ruk_mn,ngao’atoe,,2026學習詞表 10-09「森林」：tapatolrengae
forest,puy_py,kawikawi,,2026學習詞表 10-09「森林」
forest,puy_tp,kawikawiyan,,2026學習詞表 10-09「森林」
forest,puy_ws,kawikawi,,2026學習詞表 10-09「森林」
forest,puy_ks,kawikawiyan,,2026學習詞表 10-09「森林」：zoling林班地
forest,trv,rnaaw,,2026學習詞表 10-09「森林」
forest,kav,paRpaRin,,2026學習詞表 10-09「森林」
forest,tso,fuengu,,2026學習詞表 10-09「森林」
forest,knv,tantanau,,2026學習詞表 10-09「森林」
forest,hla,ilangicana,,2026學習詞表 10-09「森林」
forest,yam,kahasan,,2026學習詞表 10-09「森林」
forest,sak,kilakilangan,,2026學習詞表 10-09「森林」
forest,pan,*Salas,,"ACD PAN 19072-996c9924967fcd82d1b63acf4d1a60c6-1「forest, wilderness, woods」"
forest,pmp,*halas,,"ACD PMP 19081-a0c25d21971691e6ad3675cb9d39d3ff-1「forest, wilderness, woods, jungle」"
stick,ami_nt,caang,,2026學習詞表 08-15「樹枝」；2026學習詞表 09-18「枝條」
stick,ami_hk,caʼang,,2026學習詞表 08-15「樹枝」；2026學習詞表 09-18「枝條」
stick,ami_ha,caʼang,,2026學習詞表 08-15「樹枝」；2026學習詞表 09-18「枝條」
stick,ami_ml,caʼang,,2026學習詞表 08-15「樹枝」；2026學習詞表 09-18「枝條」
stick,ami_hc,caʼang,,2026學習詞表 08-15「樹枝」；2026學習詞表 09-18「枝條」
stick,ata_sq,qara,,2026學習詞表 08-15「樹枝」：qara’/qara qhuniq；2026學習詞表 09-18「枝條」：qata
stick,ata_su,ara,,2026學習詞表 08-15「樹枝」：ara；2026學習詞表 09-18「枝條」：araw
stick,ata_ml,raqni’ na kahuneq/ raqni’ na kahuy / raqniʼ,,2026學習詞表 08-15「樹枝」：raqni’ na kahuneq (男)/ raqni’ na kahuy(女)；2026學習詞表 09-18「枝條」
stick,ata_pl,ara kahuniʼ / araw,,2026學習詞表 08-15「樹枝」；2026學習詞表 09-18「枝條」
stick,ata_sk,qara qhoniq / qara,,2026學習詞表 08-15「樹枝」；2026學習詞表 09-18「枝條」
stick,ata_kl,ara khoni/ ’ara / araw khuni / ara,,2026學習詞表 08-15「樹枝」：’ara(眉原) / araw khuni (眉原)；2026學習詞表 09-18「枝條」
stick,say,noka kaehoy hawaw / hawaw,,2026學習詞表 08-15「樹枝」：panga’ 樹幹分岔處；2026學習詞表 09-18「枝條」：panga’
stick,tha,pana,,2026學習詞表 08-15「樹枝」；2026學習詞表 09-18「枝條」
stick,sed_to,cida / qrti,,2026學習詞表 08-15「樹枝」；2026學習詞表 09-18「枝條」
stick,sed_tg,cida qhuni / qreti,,2026學習詞表 08-15「樹枝」；2026學習詞表 09-18「枝條」
stick,sed_tr,sida / qrci,,2026學習詞表 08-15「樹枝」；2026學習詞表 09-18「枝條」：qaraw
stick,bun_td,ciqaiʼ / qacqac,,2026學習詞表 08-15「樹枝」；2026學習詞表 09-18「枝條」：qacqac可農物用。 ciqai’係稱樹枝。
stick,bun_bh,ceqeʼ / qulesvaʼ,,2026學習詞表 08-15「樹枝」；2026學習詞表 09-18「枝條」
stick,bun_vt,sieqei / siqei,,2026學習詞表 08-15「樹枝」；2026學習詞表 09-18「枝條」
stick,bun_bn,siqi / siqi / qalisva,,2026學習詞表 08-15「樹枝」：siqi；2026學習詞表 09-18「枝條」：siqi
stick,bun_ib,sihi / halungsiva,,2026學習詞表 08-15「樹枝」：siahi南投/高雄慣用；2026學習詞表 09-18「枝條」：halungsiva高雄慣用
stick,pai_es,ricing,,2026學習詞表 08-15「樹枝」；2026學習詞表 09-18「枝條」
stick,pai_nt,ricing,,2026學習詞表 08-15「樹枝」；2026學習詞表 09-18「枝條」
stick,pai_ct,ricing,,2026學習詞表 08-15「樹枝」；2026學習詞表 09-18「枝條」
stick,pai_st,ricing,,2026學習詞表 08-15「樹枝」；2026學習詞表 09-18「枝條」
stick,ruk_es,ʼilaka / ragoso,,2026學習詞表 08-15「樹枝」；2026學習詞表 09-18「枝條」
stick,ruk_bd,ricingi,,2026學習詞表 08-15「樹枝」：rugusu；2026學習詞表 09-18「枝條」
stick,ruk_tw,hagusu / hicingi,,2026學習詞表 08-15「樹枝」：hicingi；2026學習詞表 09-18「枝條」
stick,ruk_tn,lidaʼa,,2026學習詞表 08-15「樹枝」；2026學習詞表 09-18「枝條」
stick,ruk_mg,piringi,,2026學習詞表 08-15「樹枝」；2026學習詞表 09-18「枝條」
stick,ruk_mn,pihingi / holroso,,2026學習詞表 08-15「樹枝」；2026學習詞表 09-18「枝條」
stick,puy_py,saadr,,2026學習詞表 08-15「樹枝」；2026學習詞表 09-18「枝條」
stick,puy_tp,saʼaz,,2026學習詞表 08-15「樹枝」；2026學習詞表 09-18「枝條」
stick,puy_ws,saʼaz,,2026學習詞表 08-15「樹枝」；2026學習詞表 09-18「枝條」
stick,puy_ks,saʼad,,2026學習詞表 08-15「樹枝」；2026學習詞表 09-18「枝條」
stick,trv,sida / qaraw,,2026學習詞表 08-15「樹枝」；2026學習詞表 09-18「枝條」
stick,kav,pising,,2026學習詞表 08-15「樹枝」；2026學習詞表 09-18「枝條」
stick,tso,ehti / esou,,2026學習詞表 08-15「樹枝」；2026學習詞表 09-18「枝條」
stick,knv,rapiʼi karu / rapiʼi,,2026學習詞表 08-15「樹枝」；2026學習詞表 09-18「枝條」
stick,hla,rapiʼi / kiana,,2026學習詞表 08-15「樹枝」；2026學習詞表 09-18「枝條」
stick,yam,yangaw / yangow na,,2026學習詞表 08-15「樹枝」；2026學習詞表 09-18「枝條」
stick,sak,ciid,,2026學習詞表 08-15「樹枝」；2026學習詞表 09-18「枝條」
stick,pan,*sukud,,"ACD PAN 19072-c61969f4b99964b71935f432546edd46-1「walking stick, cane, staff」"
stick,pmp,*sukud,,"ACD PMP 19081-c61969f4b99964b71935f432546edd46-1「walking stick, cane, staff」"
fruit,ami_nt,heci / lusay,,2026學習詞表 08-16「(植物的)果實」；2026學習詞表 08-24「水果」
fruit,ami_hk,heci^ / soy-kwo,,2026學習詞表 08-16「(植物的)果實」；2026學習詞表 08-24「水果」
fruit,ami_ha,heci / losay,,2026學習詞表 08-16「(植物的)果實」；2026學習詞表 08-24「水果」
fruit,ami_ml,heci / losay,,2026學習詞表 08-16「(植物的)果實」；2026學習詞表 08-24「水果」
fruit,ami_hc,heci no losay / losay,,2026學習詞表 08-16「(植物的)果實」；2026學習詞表 08-24「水果」
fruit,ata_sq,bway / bway qhuniq,,2026學習詞表 08-16「(植物的)果實」；2026學習詞表 08-24「水果」：bway pinbahu/bway
fruit,ata_su,buway / buway khoni / buway kahawni,,2026學習詞表 08-16「(植物的)果實」；2026學習詞表 08-24「水果」：buway ra’iri/buway khoni (竹、和平)
fruit,ata_ml,buway / uquuquʼ,,2026學習詞表 08-16「(植物的)果實」；2026學習詞表 08-24「水果」
fruit,ata_pl,buy,,2026學習詞表 08-16「(植物的)果實」；2026學習詞表 08-24「水果」
fruit,ata_sk,bway / bway qhoniq,,2026學習詞表 08-16「(植物的)果實」；2026學習詞表 08-24「水果」
fruit,ata_kl,bway/bwey / bbway ni’un/ bbway,,2026學習詞表 08-16「(植物的)果實」；2026學習詞表 08-24「水果」：bbway (眉原)
fruit,say,boway,,2026學習詞表 08-16「(植物的)果實」；2026學習詞表 08-24「水果」
fruit,tha,ribush a bunlhaz,,2026學習詞表 08-16「(植物的)果實」；2026學習詞表 08-24「水果」
fruit,sed_to,hiyi pnwalang / hiyi qhuni,,2026學習詞表 08-16「(植物的)果實」；2026學習詞表 08-24「水果」
fruit,sed_tg,hei qhuni,,2026學習詞表 08-16「(植物的)果實」；2026學習詞表 08-24「水果」
fruit,sed_tr,hiyi qhuni,,2026學習詞表 08-16「(植物的)果實」；2026學習詞表 08-24「水果」
fruit,bun_td,laac / kukutdaqun,,2026學習詞表 08-16「(植物的)果實」；2026學習詞表 08-24「水果」
fruit,bun_bh,lac / kakaunun,,2026學習詞表 08-16「(植物的)果實」；2026學習詞表 08-24「水果」
fruit,bun_vt,laas / ququtʼaqun,,2026學習詞表 08-16「(植物的)果實」；2026學習詞表 08-24「水果」
fruit,bun_bn,laas / kakaunun,,2026學習詞表 08-16「(植物的)果實」：laas；2026學習詞表 08-24「水果」：konunkonun
fruit,bun_ib,laas / kaununkaunun,,2026學習詞表 08-16「(植物的)果實」；2026學習詞表 08-24「水果」
fruit,pai_es,vangalj / kudamunu,,2026學習詞表 08-16「(植物的)果實」；2026學習詞表 08-24「水果」
fruit,pai_nt,vangalj,,2026學習詞表 08-16「(植物的)果實」；2026學習詞表 08-24「水果」
fruit,pai_ct,vangalj / kudamunu,,2026學習詞表 08-16「(植物的)果實」；2026學習詞表 08-24「水果」
fruit,pai_st,vangalj / kudamunu,,2026學習詞表 08-16「(植物的)果實」；2026學習詞表 08-24「水果」
fruit,ruk_es,madro / akanekanea ka madro,,2026學習詞表 08-16「(植物的)果實」；2026學習詞表 08-24「水果」
fruit,ruk_bd,madru / madru ki angatu,,2026學習詞表 08-16「(植物的)果實」；2026學習詞表 08-24「水果」
fruit,ruk_tw,madru ki angatu / madru,,2026學習詞表 08-16「(植物的)果實」；2026學習詞表 08-24「水果」
fruit,ruk_tn,madro,,2026學習詞表 08-16「(植物的)果實」；2026學習詞表 08-24「水果」
fruit,ruk_mg,mudro / mudrodra sierɨngɨ,,2026學習詞表 08-16「(植物的)果實」；2026學習詞表 08-24「水果」：kudamono
fruit,ruk_mn,madho / ngeta madho,,2026學習詞表 08-16「(植物的)果實」；2026學習詞表 08-24「水果」
fruit,puy_py,buwa / kalimudan,,2026學習詞表 08-16「(植物的)果實」；2026學習詞表 08-24「水果」
fruit,puy_tp,vuwaʼ / inaekan na vuwaʼ,,2026學習詞表 08-16「(植物的)果實」；2026學習詞表 08-24「水果」
fruit,puy_ws,vuwaʼ / inaekan na vuwaʼ,,2026學習詞表 08-16「(植物的)果實」；2026學習詞表 08-24「水果」
fruit,puy_ks,vuwaʼ / aekanen a vuwaʼ,,2026學習詞表 08-16「(植物的)果實」；2026學習詞表 08-24「水果」
fruit,trv,hiyi qhuni,,2026學習詞表 08-16「水果」
fruit,kav,ʼsi / suykuo,,2026學習詞表 08-16「(植物的)果實」：較完整的說法：’si na penaluman；2026學習詞表 08-24「水果」
fruit,tso,beahci,,2026學習詞表 08-16「(植物的)果實」；2026學習詞表 08-24「水果」
fruit,knv,macuʼu,,2026學習詞表 08-16「(植物的)果實」；2026學習詞表 08-24「水果」
fruit,hla,masuʼu,,2026學習詞表 08-16「(植物的)果實」；2026學習詞表 08-24「水果」
fruit,yam,asi no kayo / asiasi no kayo,,2026學習詞表 08-16「(植物的)果實」；2026學習詞表 08-24「水果」
fruit,sak,heci,,2026學習詞表 08-16「(植物的)果實」；2026學習詞表 08-24「水果」
fruit,pan,*buaq,,ACD PAN 19072-e0deff349b2c61f5f796ccaa344a4930-1「fruit」
fruit,pmp,*buaq,,"ACD PMP 19081-a9fc12ff4e79d44450ced5e94e4af1ce-1「fruit; areca palm and nut; grain; berry; seed; nut; endosperm of a sprouting coconut; kidney; heart; finger; calf of the leg; testicle; various insects; scar tissue; roe; bud; flower; blossom; bear fruit; words, speech, or songs; meaning, contents of discussion; numeral classifier for roundish objects; buttock; Adam's apple; nipple of the breast; button; marble; tattooing」"
seed,ami_nt,sapaluma,,2026學習詞表 08-44「種子」
seed,ami_hk,sapaloma^,,2026學習詞表 08-44「種子」
seed,ami_ha,sapal,,2026學習詞表 08-44「種子」
seed,ami_ml,sapaloma,,2026學習詞表 08-44「種子」
seed,ami_hc,sapal,,2026學習詞表 08-44「種子」
seed,ata_sq,ghap,,2026學習詞表 08-44「種子」
seed,ata_su,gahap,,2026學習詞表 08-44「種子」：gahak(新生部落)
seed,ata_ml,gaghap,,2026學習詞表 08-44「種子」
seed,ata_pl,gagraʼ/tane,,2026學習詞表 08-44「種子」：tane(日語)
seed,ata_sk,ghap,,2026學習詞表 08-44「種子」
seed,ata_kl,giya/ ghak,,2026學習詞表 08-44「種子」：ghak(眉原)
seed,say,binSiʼ,,2026學習詞表 08-44「種子」：tatokoeh / pipis
seed,tha,fafinshiq,,2026學習詞表 08-44「種子」
seed,sed_to,rhak,,2026學習詞表 08-44「種子」
seed,sed_tg,rehak,,2026學習詞表 08-44「種子」
seed,sed_tr,ghak,,2026學習詞表 08-44「種子」
seed,bun_td,qauqsa,,2026學習詞表 08-44「種子」：katuuc是南瓜子等大之種子。
seed,bun_bh,qoqsa’/taniʼ,,2026學習詞表 08-44「種子」
seed,bun_vt,tuus/tani,,2026學習詞表 08-44「種子」
seed,bun_bn,auqsa / tuqnu,,2026學習詞表 08-44「種子」：qoqsa
seed,bun_ib,auhsa,,2026學習詞表 08-44「種子」：auh’sa南投慣用/iktuus高雄慣用
seed,pai_es,tjaljayan,,2026學習詞表 08-44「種子」
seed,pai_nt,tjaljayan,,2026學習詞表 08-44「種子」
seed,pai_ct,tjaljayan,,2026學習詞表 08-44「種子」：小米vusam
seed,pai_st,vusam / gusam,,2026學習詞表 08-44「種子」
seed,ruk_es,sasalreme,,2026學習詞表 08-44「種子」
seed,ruk_bd,sapaivay,,2026學習詞表 08-44「種子」
seed,ruk_tw,sapaivai,,2026學習詞表 08-44「種子」
seed,ruk_tn,capeʼe,,2026學習詞表 08-44「種子」
seed,ruk_mg,cɨpɨ,,2026學習詞表 08-44「種子」
seed,ruk_mn,ʼepe,,2026學習詞表 08-44「種子」：’epe菜籽、covo種子
seed,puy_py,bini,,2026學習詞表 08-44「種子」
seed,puy_tp,ʼapapiyar,,2026學習詞表 08-44「種子」
seed,puy_ws,ʼapiyar/viniʼ,,2026學習詞表 08-44「種子」
seed,puy_ks,ʼapiyar,,2026學習詞表 08-44「種子」
seed,trv,ghak,,2026學習詞表 08-44「種子」
seed,kav,tissan,,2026學習詞表 08-44「種子」
seed,tso,tutu,,2026學習詞表 08-44「種子」
seed,knv,rapʉ,,2026學習詞表 08-44「種子」
seed,hla,tutusuliʼi,,2026學習詞表 08-44「種子」
seed,yam,vottow,,2026學習詞表 08-44「種子」
seed,sak,sapaluma,,2026學習詞表 08-44「種子」
seed,pan,*bineSiq,,ACD PAN 19072-bdfc82110f9ccaa26b2f131649e88803-1「seed set aside for the next planting」
seed,pmp,*binehiq,,ACD PMP 19081-e7ef67d98edacc1ca95a4274d0f4c109-1「seed set aside for the next planting (esp. rice)」
leaf,ami_nt,papah,,2026學習詞表 08-06「葉子」
leaf,ami_hk,papah,,2026學習詞表 08-06「葉子」
leaf,ami_ha,papah,,2026學習詞表 08-06「葉子」
leaf,ami_ml,papah,,2026學習詞表 08-06「葉子」
leaf,ami_hc,papah,,2026學習詞表 08-06「葉子」：rengus 草
leaf,ata_sq,abaw,,2026學習詞表 08-06「葉子」：lbak
leaf,ata_su,abaw / lbak,,2026學習詞表 08-06「葉子」：lbak（大的）
leaf,ata_ml,abag,,2026學習詞表 08-06「葉子」
leaf,ata_pl,abaw,,2026學習詞表 08-06「葉子」
leaf,ata_sk,abax,,2026學習詞表 08-06「葉子」
leaf,ata_kl,abaw / lbak,,2026學習詞表 08-06「葉子」：lbak(大葉) (眉原)
leaf,say,biyaeʼ,,2026學習詞表 08-06「葉子」
leaf,tha,filhaq,,2026學習詞表 08-06「葉子」
leaf,sed_to,wasaw,,2026學習詞表 08-06「葉子」
leaf,sed_tg,waso,,2026學習詞表 08-06「葉子」
leaf,sed_tr,wasaw,,2026學習詞表 08-06「葉子」
leaf,bun_td,lisav,,2026學習詞表 08-06「葉子」：muut草
leaf,bun_bh,lisav,,2026學習詞表 08-06「葉子」
leaf,bun_vt,lisav,,2026學習詞表 08-06「葉子」
leaf,bun_bn,lisav,,2026學習詞表 08-06「葉子」：lisav
leaf,bun_ib,lisav/silav,,2026學習詞表 08-06「葉子」：lisav/silav(南投)
leaf,pai_es,asaw,,2026學習詞表 08-06「葉子」
leaf,pai_nt,asav,,2026學習詞表 08-06「葉子」
leaf,pai_ct,asav,,2026學習詞表 08-06「葉子」
leaf,pai_st,asaw,,2026學習詞表 08-06「葉子」
leaf,ruk_es,biya,,2026學習詞表 08-06「葉子」
leaf,ruk_bd,vasaw,,2026學習詞表 08-06「葉子」
leaf,ruk_tw,biya,,2026學習詞表 08-06「葉子」
leaf,ruk_tn,sopongo,,2026學習詞表 08-06「葉子」
leaf,ruk_mg,supungu,,2026學習詞表 08-06「葉子」
leaf,ruk_mn,liʼange,,2026學習詞表 08-06「葉子」
leaf,puy_py,bira,,2026學習詞表 08-06「葉子」
leaf,puy_tp,viraʼ,,2026學習詞表 08-06「葉子」
leaf,puy_ws,truvu/viraʼ,,2026學習詞表 08-06「葉子」
leaf,puy_ks,viraʼ,,2026學習詞表 08-06「葉子」
leaf,trv,rnabaw,,2026學習詞表 08-06「葉子」
leaf,kav,biRi,,2026學習詞表 08-06「葉子」
leaf,tso,ehʉngʉ,,2026學習詞表 08-06「葉子」
leaf,knv,ranʉngʉ,,2026學習詞表 08-06「葉子」
leaf,hla,rahlʉngʉ,,2026學習詞表 08-06「葉子」
leaf,yam,voong,,2026學習詞表 08-06「葉子」
leaf,sak,papah,,2026學習詞表 08-06「葉子」
leaf,pan,*waSaw,,ACD PAN 19072-bab4ff04cc14af66e4d42c85f888cfe6-1「leaf」
leaf,pmp,*dahun,,ACD PMP 19081-8d28c4ecb1ee06c8a21909e015810a90-1「leaf; blade of paddle or oar; ‘table’ for eating」
root,ami_nt,lamit,,2026學習詞表 08-28「樹根」
root,ami_hk,lamit,,2026學習詞表 08-28「樹根」
root,ami_ha,lamit,,2026學習詞表 08-28「樹根」
root,ami_ml,lamit,,2026學習詞表 08-28「樹根」
root,ami_hc,lamit,,2026學習詞表 08-28「樹根」：poni’腐爛
root,ata_sq,gamil,,2026學習詞表 08-28「樹根」
root,ata_su,gamin,,2026學習詞表 08-28「樹根」
root,ata_ml,gamil na kahuneq/gamil na kahuy,,2026學習詞表 08-28「樹根」：gamil na kahuneq(男)/gamil na kahuy(女)
root,ata_pl,gamil,,2026學習詞表 08-28「樹根」
root,ata_sk,gamil,,2026學習詞表 08-28「樹根」
root,ata_kl,ugin khoni/ gamin khoni/ gamin khuni,,2026學習詞表 08-28「樹根」：gamin khuni(眉原)
root,say,hames,,2026學習詞表 08-28「樹根」
root,tha,lhamith,,2026學習詞表 08-28「樹根」：統稱
root,sed_to,wamil,,2026學習詞表 08-28「樹根」
root,sed_tg,gamil qhuni,,2026學習詞表 08-28「樹根」
root,sed_tr,gamil,,2026學習詞表 08-28「樹根」
root,bun_td,lamis,,2026學習詞表 08-28「樹根」
root,bun_bh,lamis,,2026學習詞表 08-28「樹根」
root,bun_vt,lamis,,2026學習詞表 08-28「樹根」
root,bun_bn,lamis,,2026學習詞表 08-28「樹根」：lamis
root,bun_ib,lamis,,2026學習詞表 08-28「樹根」
root,pai_es,kapaz,,2026學習詞表 08-28「樹根」
root,pai_nt,kapaz,,2026學習詞表 08-28「樹根」
root,pai_ct,kapaz,,2026學習詞表 08-28「樹根」
root,pai_st,kapaz,,2026學習詞表 08-28「樹根」
root,ruk_es,balace,,2026學習詞表 08-28「樹根」
root,ruk_bd,balace,,2026學習詞表 08-28「樹根」
root,ruk_tw,balace,,2026學習詞表 08-28「樹根」
root,ruk_tn,ʼamici,,2026學習詞表 08-28「樹根」
root,ruk_mg,amici ngatu,,2026學習詞表 08-28「樹根」
root,ruk_mn,'angato ʼamici,,2026學習詞表 08-28「樹根」
root,puy_py,rami,,2026學習詞表 08-28「樹根」
root,puy_tp,rami,,2026學習詞表 08-28「樹根」
root,puy_ws,rami,,2026學習詞表 08-28「樹根」
root,puy_ks,rami,,2026學習詞表 08-28「樹根」
root,trv,gamil,,2026學習詞表 08-28「根」
root,kav,Rabas,,2026學習詞表 08-28「樹根」
root,tso,emisi,,2026學習詞表 08-28「樹根」
root,knv,ramisi,,2026學習詞表 08-28「樹根」
root,hla,ramii,,2026學習詞表 08-28「樹根」
root,yam,yamot no kayo,,2026學習詞表 08-28「樹根」
root,sak,lamit,,2026學習詞表 08-28「樹根」
root,pan,*RameC,,ACD PAN 19072-63a9f0ea7bb98050796b649e85481845-1「root」
root,pmp,*wakaR,,ACD PMP 19081-63a9f0ea7bb98050796b649e85481845-2「root」
bark,pmp,*kulit,,ACD PMP 19081-b2928d98fe51a73b4ce69d8576f0fac2-1「skin; hide; rind; bark」
flower,ami_nt,varu,,2026學習詞表 08-09「花朵」
flower,ami_hk,rohayan,,2026學習詞表 08-09「花朵」
flower,ami_ha,hana,,2026學習詞表 08-09「花朵」：日語借詞。
flower,ami_ml,falo,,2026學習詞表 08-09「花朵」
flower,ami_hc,hana,,2026學習詞表 08-09「花朵」：colingiw花苞
flower,ata_sq,phpah,,2026學習詞表 08-09「花朵」
flower,ata_su,kaka/hana,,2026學習詞表 08-09「花朵」：hana
flower,ata_ml,pahpah,,2026學習詞表 08-09「花朵」
flower,ata_pl,ṟapak,,2026學習詞表 08-09「花朵」
flower,ata_sk,phpah,,2026學習詞表 08-09「花朵」
flower,ata_kl,phpah / kaka,,2026學習詞表 08-09「花朵」：kaka(眉原)
flower,say,pongaeh,,2026學習詞表 08-09「花朵」
flower,tha,bukay,,2026學習詞表 08-09「花朵」
flower,sed_to,phpah,,2026學習詞表 08-09「花朵」
flower,sed_tg,phepah,,2026學習詞表 08-09「花朵」
flower,sed_tr,phpah,,2026學習詞表 08-09「花朵」
flower,bun_td,puaq,,2026學習詞表 08-09「花朵」
flower,bun_bh,puaq,,2026學習詞表 08-09「花朵」
flower,bun_vt,puaq,,2026學習詞表 08-09「花朵」
flower,bun_bn,puaq,,2026學習詞表 08-09「花朵」：puaq
flower,bun_ib,puah/lipuah,,2026學習詞表 08-09「花朵」
flower,pai_es,vuciyar,,2026學習詞表 08-09「花朵」
flower,pai_nt,katjutjung,,2026學習詞表 08-09「花朵」
flower,pai_ct,vuciar,,2026學習詞表 08-09「花朵」：另作kuku/hana
flower,pai_st,veljangaw / paquljis,,2026學習詞表 08-09「花朵」
flower,ruk_es,bengelray,,2026學習詞表 08-09「花朵」
flower,ruk_bd,bengelray,,2026學習詞表 08-09「花朵」
flower,ruk_tw,bengelrai,,2026學習詞表 08-09「花朵」
flower,ruk_tn,vengeay,,2026學習詞表 08-09「花朵」：hana
flower,ruk_mg,vɨngɨré,,2026學習詞表 08-09「花朵」
flower,ruk_mn,ʼaelrenge,,2026學習詞表 08-09「花朵」
flower,puy_py,aputr,,2026學習詞表 08-09「花朵」
flower,puy_tp,ʼaputr,,2026學習詞表 08-09「花朵」
flower,puy_ws,ʼaputr,,2026學習詞表 08-09「花朵」
flower,puy_ks,ʼapuc,,2026學習詞表 08-09「花朵」
flower,trv,phpah,,2026學習詞表 08-09「花朵」
flower,kav,simau,,2026學習詞表 08-09「花朵」
flower,tso,bʉvnʉ,,2026學習詞表 08-09「花朵」
flower,knv,vungavung,,2026學習詞表 08-09「花朵」
flower,hla,tavahlihla,,2026學習詞表 08-09「花朵」
flower,yam,savong,,2026學習詞表 08-09「花朵」
flower,sak,balu/hana,,2026學習詞表 08-09「花朵」
flower,pan,*buŋa,,"ACD PAN 19072-813a89ef965f66ee626edf620cee318d-1「flower, blossom」"
flower,pmp,*buŋa,,"ACD PMP 19081-78219cde54d551daacdd0c93c5e33bc2-1「flower, blossom; to flower, bear flowers; yield a benefit (as interest on a loan); first-born child; cotton; vulva (refined or evasive), skin rash, prickly heat; speckled (of fish); kidneys」"
grass,ami_nt,rengus,,2026學習詞表 08-20「草」
grass,ami_hk,rengos,,2026學習詞表 08-20「草」
grass,ami_ha,rengos,,2026學習詞表 08-20「草」
grass,ami_ml,rengos,,2026學習詞表 08-20「草」
grass,ami_hc,rengos/semot/tarod,,2026學習詞表 08-20「草」
grass,ata_sq,kʼman,,2026學習詞表 08-20「草」
grass,ata_su,k’man / ka’aman,,2026學習詞表 08-20「草」
grass,ata_ml,kiʼman,,2026學習詞表 08-20「草」
grass,ata_pl,kaman,,2026學習詞表 08-20「草」
grass,ata_sk,kʼman,,2026學習詞表 08-20「草」
grass,ata_kl,kʼman,,2026學習詞表 08-20「草」：ayax
grass,say,hinbetel,,2026學習詞表 08-20「草」
grass,tha,lhmir,,2026學習詞表 08-20「草」
grass,sed_to,spriq,,2026學習詞表 08-20「草」
grass,sed_tg,speriq,,2026學習詞表 08-20「草」
grass,sed_tr,spriq,,2026學習詞表 08-20「草」
grass,bun_td,muut,,2026學習詞表 08-20「草」
grass,bun_bh,ismut,,2026學習詞表 08-20「草」
grass,bun_vt,ismuut,,2026學習詞表 08-20「草」
grass,bun_bn,ismuut,,2026學習詞表 08-20「草」：ismuut
grass,bun_ib,ismut,,2026學習詞表 08-20「草」
grass,pai_es,cemel,,2026學習詞表 08-20「草」
grass,pai_nt,cemel,,2026學習詞表 08-20「草」
grass,pai_ct,cemel,,2026學習詞表 08-20「草」
grass,pai_st,cemel,,2026學習詞表 08-20「草」
grass,ruk_es,obolo,,2026學習詞表 08-20「草」
grass,ruk_bd,ubulu,,2026學習詞表 08-20「草」
grass,ruk_tw,ubulu,,2026學習詞表 08-20「草」
grass,ruk_tn,soao,,2026學習詞表 08-20「草」
grass,ruk_mg,suro,,2026學習詞表 08-20「草」
grass,ruk_mn,ʼolrao,,2026學習詞表 08-20「草」
grass,puy_py,tralun,,2026學習詞表 08-20「草」
grass,puy_tp,tralunan,,2026學習詞表 08-20「草」
grass,puy_ws,tralun,,2026學習詞表 08-20「草」
grass,puy_ks,calunan,,2026學習詞表 08-20「草」
grass,trv,spriq,,2026學習詞表 08-20「草」
grass,kav,suway,,2026學習詞表 08-20「草」
grass,tso,kukuzo,,2026學習詞表 08-20「草」
grass,knv,cʉnʉ,,2026學習詞表 08-20「草」
grass,hla,sʉsʉngʉ,,2026學習詞表 08-20「草」
grass,yam,tamek,,2026學習詞表 08-20「草」
grass,sak,lutuk,,2026學習詞表 08-20「草」
grass,pan,*udu,,ACD PAN 19072-09d440e487d45777c05c3a6552ad9154-1「grass」
grass,pmp,*dukut₂,,ACD PMP 19081-09d440e487d45777c05c3a6552ad9154-1「grass」
rope,ami_nt,rayic,,2026學習詞表 09-15「繩索」
rope,ami_hk,lopo^ / sasoʼot,,2026學習詞表 09-15「繩索」
rope,ami_ha,towaso/saso’ot,,2026學習詞表 09-15「繩索」
rope,ami_ml,sasoʼot,,2026學習詞表 09-15「繩索」
rope,ami_hc,sasoʼot,,2026學習詞表 09-15「繩索」：towaso繩索(閩借詞)
rope,ata_sq,gasil,,2026學習詞表 09-15「繩索」
rope,ata_su,snyuw,,2026學習詞表 09-15「繩索」：snyu
rope,ata_ml,siniyug,,2026學習詞表 09-15「繩索」
rope,ata_pl,sinyuw,,2026學習詞表 09-15「繩索」
rope,ata_sk,snyux,,2026學習詞表 09-15「繩索」
rope,ata_kl,snyu/snyuw,,2026學習詞表 09-15「繩索」
rope,say,Sina:iS,,2026學習詞表 09-15「繩索」
rope,tha,klhiw,,2026學習詞表 09-15「繩索」
rope,sed_to,wasil,,2026學習詞表 09-15「繩索」
rope,sed_tg,negul,,2026學習詞表 09-15「繩索」
rope,sed_tr,gasil,,2026學習詞表 09-15「繩索」
rope,bun_td,duun,,2026學習詞表 09-15「繩索」
rope,bun_bh,dun,,2026學習詞表 09-15「繩索」
rope,bun_vt,duun,,2026學習詞表 09-15「繩索」
rope,bun_bn,duun,,2026學習詞表 09-15「繩索」：duun
rope,bun_ib,duun,,2026學習詞表 09-15「繩索」
rope,pai_es,calis,,2026學習詞表 09-15「繩索」
rope,pai_nt,calis,,2026學習詞表 09-15「繩索」
rope,pai_ct,calis/vaudj,,2026學習詞表 09-15「繩索」
rope,pai_st,calis,,2026學習詞表 09-15「繩索」
rope,ruk_es,sakakereng,,2026學習詞表 09-15「繩索」
rope,ruk_bd,calrisi,,2026學習詞表 09-15「繩索」
rope,ruk_tw,calrisi,,2026學習詞表 09-15「繩索」
rope,ruk_tn,taisi,,2026學習詞表 09-15「繩索」：vaʼedre
rope,ruk_mg,tési,,2026學習詞表 09-15「繩索」
rope,ruk_mn,caiʼi,,2026學習詞表 09-15「繩索」
rope,puy_py,tatilu,,2026學習詞表 09-15「繩索」
rope,puy_tp,tiluʼ,,2026學習詞表 09-15「繩索」
rope,puy_ws,tatiluʼ,,2026學習詞表 09-15「繩索」
rope,puy_ks,tiluʼ,,2026學習詞表 09-15「繩索」
rope,trv,gasil,,2026學習詞表 09-15「繩索」
rope,kav,Rais,,2026學習詞表 09-15「繩索」
rope,tso,vhongʉ ci teesi / teesi,,2026學習詞表 09-14「細繩」；2026學習詞表 09-15「繩索」
rope,knv,tarisi,,2026學習詞表 09-15「繩索」
rope,hla,siakilia,,2026學習詞表 09-15「繩索」
rope,yam,ovid / kolili,,2026學習詞表 09-14「細繩」；2026學習詞表 09-15「繩索」
rope,sak,lait/laic,,2026學習詞表 09-15「繩索」
rope,pan,*CaliS,,"ACD PAN 19072-4e9bec56badc795a9b9bc68efad9570a-1「rope, cord, twine, string」"
rope,pmp,*talih,,"ACD PMP 19081-4e9bec56badc795a9b9bc68efad9570a-1「rope, cord, twine, string」"
skin,ami_nt,vanges,,2026學習詞表 06-23「皮」
skin,ami_hk,fanges,,2026學習詞表 06-23「皮」
skin,ami_ha,fanges,,2026學習詞表 06-23「皮」
skin,ami_ml,fanges,,2026學習詞表 06-23「皮」
skin,ami_hc,fanges,,2026學習詞表 06-23「皮」
skin,ata_sq,kyahil,,2026學習詞表 06-23「皮」：kyahil(動物、人) kehil
skin,ata_su,kyahin / yula,,2026學習詞表 06-23「皮」：kyahin皮(人)yula皮(樹)
skin,ata_ml,kuwahil,,2026學習詞表 06-23「皮」
skin,ata_pl,kuṟaxil,,2026學習詞表 06-23「皮」
skin,ata_sk,kyahil,,2026學習詞表 06-23「皮」
skin,ata_kl,yula / kyahen / kyahing,,2026學習詞表 06-23「皮」：yula皮(植物)/ kyahin皮(人) / kyahing(眉原)
skin,say,bangeS,,2026學習詞表 06-23「皮」
skin,tha,shapa,,2026學習詞表 06-23「皮」
skin,sed_to,qraqil,,2026學習詞表 06-23「皮」
skin,sed_tg,qraqil,,2026學習詞表 06-23「皮」
skin,sed_tr,qraqil,,2026學習詞表 06-23「皮」
skin,bun_td,kahung,,2026學習詞表 06-23「皮」
skin,bun_bh,kahung,,2026學習詞表 06-23「皮」
skin,bun_vt,kahung,,2026學習詞表 06-23「皮」
skin,bun_bn,kahung,,2026學習詞表 06-23「皮」：kahung
skin,bun_ib,kaung,,2026學習詞表 06-23「皮」
skin,pai_es,qaljic,,2026學習詞表 06-23「皮」
skin,pai_nt,aljic,,2026學習詞表 06-23「皮」：qaljic
skin,pai_ct,qaljic,,2026學習詞表 06-23「皮」
skin,pai_st,qaljic,,2026學習詞表 06-23「皮」
skin,ruk_es,ikidri,,2026學習詞表 06-23「皮」
skin,ruk_bd,lrangici,,2026學習詞表 06-23「皮」
skin,ruk_tw,ikidri,,2026學習詞表 06-23「皮」
skin,ruk_tn,picingi,,2026學習詞表 06-23「皮」
skin,ruk_mg,picingi,,2026學習詞表 06-23「皮」
skin,ruk_mn,picingi,,2026學習詞表 06-23「皮」
skin,puy_py,lubitr,,2026學習詞表 06-23「皮」
skin,puy_tp,luvitr,,2026學習詞表 06-23「皮」
skin,puy_ws,luvitr,,2026學習詞表 06-23「皮」
skin,puy_ks,ruvic,,2026學習詞表 06-23「皮」
skin,trv,qraqil,,2026學習詞表 06-23「皮膚」
skin,kav,lubung,,2026學習詞表 06-23「皮」
skin,tso,snʉfʉ,,2026學習詞表 06-23「皮膚」
skin,knv,rapatʉ,,2026學習詞表 06-23「皮」
skin,hla,kulalungu,,2026學習詞表 06-23「皮」
skin,yam,kolit,,2026學習詞表 06-23「皮」
skin,sak,banges,,2026學習詞表 06-23「皮」
skin,pan,*qaNiC,,"ACD PAN 19072-6769dd82b2fcca1a2b85503d47eb0119-1「animal skin, hide, leather」"
skin,pmp,*kulit,,ACD PMP 19081-b2928d98fe51a73b4ce69d8576f0fac2-1「skin; hide; rind; bark」
meat,ami_nt,heci,,2026學習詞表 06-15「肉」
meat,ami_hk,heci/titi^,,2026學習詞表 06-15「肉」：heci人體的肉/titi^食用的肉
meat,ami_ha,heci/titi,,2026學習詞表 06-15「肉」
meat,ami_ml,heci/titi,,2026學習詞表 06-15「肉」
meat,ami_hc,heci/titi,,2026學習詞表 06-15「肉」
meat,ata_sq,hi,,2026學習詞表 06-15「肉；身體」：hi’/syam
meat,ata_su,hi,,2026學習詞表 06-15「肉；身體」：siyam/syam/siyang(新生部落)
meat,ata_ml,hiii’,,2026學習詞表 06-15「肉；身體」
meat,ata_pl,hiʼ,,2026學習詞表 06-15「肉；身體」
meat,ata_sk,he,,2026學習詞表 06-15「肉；身體」
meat,ata_kl,he/ hi,,2026學習詞表 06-15「肉；身體」：hi(眉原)
meat,say,bori:,,2026學習詞表 06-15「肉」：’ayam
meat,tha,bunlhaz,,2026學習詞表 06-15「肉」
meat,sed_to,wawa,,2026學習詞表 06-15「肉」：hiyi肉
meat,sed_tg,wawa,,2026學習詞表 06-15「肉」
meat,sed_tr,wawa,,2026學習詞表 06-15「肉」：另作hiyi
meat,bun_td,laac,,2026學習詞表 06-15「肉」：果實
meat,bun_bh,lac,,2026學習詞表 06-15「肉」：titi可食用的肉
meat,bun_vt,laas,,"2026學習詞表 06-15「肉」：laas肌肉/瘦肉, 另說法titiʼ肉"
meat,bun_bn,titi / laas,,2026學習詞表 06-15「肉」：laas/ titi ※瘦肉的部分才稱作laas
meat,bun_ib,laas,,2026學習詞表 06-15「肉」：cici是可食
meat,pai_es,vutjulj,,2026學習詞表 06-15「肉」
meat,pai_nt,vutjulj,,2026學習詞表 06-15「肉」
meat,pai_ct,vutjulj,,2026學習詞表 06-15「肉」
meat,pai_st,vutjulj,,2026學習詞表 06-15「肉」
meat,ruk_es,bwate,,2026學習詞表 06-15「肉」
meat,ruk_bd,beate,,2026學習詞表 06-15「肉」
meat,ruk_tw,beate,,2026學習詞表 06-15「肉」
meat,ruk_tn,bwate,,2026學習詞表 06-15「肉」
meat,ruk_mg,buetɨ,,2026學習詞表 06-15「肉」
meat,ruk_mn,lroho,,2026學習詞表 06-15「肉」
meat,trv,hiyi,,2026學習詞表 06-15「肉」
meat,kav,ʼsi,,2026學習詞表 06-15「肉」
meat,tso,fou,,2026學習詞表 06-15「肉」
meat,knv,ʼaramʉ,,2026學習詞表 06-15「肉」
meat,hla,papaʼa,,2026學習詞表 06-15「肉」
meat,yam,asisi,,2026學習詞表 06-15「肉」
meat,sak,titi/heci/basis,,2026學習詞表 06-15「肉」
meat,pan,*Sesi,,"ACD PAN 19072-96580769db996639221f3f9800890a9c-1「flesh, meat」"
meat,pmp,*hesi,,"ACD PMP 19081-96580769db996639221f3f9800890a9c-1「flesh, meat」"
blood,ami_nt,remes,,2026學習詞表 06-14「血」
blood,ami_hk,remes,,2026學習詞表 06-14「血」
blood,ami_ha,remes,,2026學習詞表 06-14「血」：同’irang。
blood,ami_ml,ʼirang,,2026學習詞表 06-14「血」
blood,ami_hc,ʼilang,,2026學習詞表 06-14「血」
blood,ata_sq,ramu,,2026學習詞表 06-14「血」：ramu’
blood,ata_su,muyux/rmuyux,,2026學習詞表 06-14「血」：ramuyux/rmuyux
blood,ata_ml,ramuux,,2026學習詞表 06-14「血」
blood,ata_pl,ramuṟux,,2026學習詞表 06-14「血」
blood,ata_sk,ramu,,2026學習詞表 06-14「血」
blood,ata_kl,muyux/ ramu / rmuyux,,2026學習詞表 06-14「血」：ramu(眉原) / rmuyux(眉原)
blood,say,ramoʼ,,2026學習詞表 06-14「血」
blood,tha,talhum,,2026學習詞表 06-14「血」
blood,sed_to,dara,,2026學習詞表 06-14「血」
blood,sed_tg,dara,,2026學習詞表 06-14「血」
blood,sed_tr,dara,,2026學習詞表 06-14「血」
blood,bun_td,tiquc,,2026學習詞表 06-14「血」
blood,bun_bh,qedang/tequc,,2026學習詞表 06-14「血」
blood,bun_vt,qaidang/tiequs,,2026學習詞表 06-14「血」
blood,bun_bn,qaidang,,2026學習詞表 06-14「血」：qedang
blood,bun_ib,haidang,,2026學習詞表 06-14「血」
blood,pai_es,djamuq,,2026學習詞表 06-14「血」
blood,pai_nt,djamu’,,2026學習詞表 06-14「血」：djamuq
blood,pai_ct,djamuq,,2026學習詞表 06-14「血」
blood,pai_st,djamuq,,2026學習詞表 06-14「血」
blood,ruk_es,eray,,2026學習詞表 06-14「血」
blood,ruk_bd,eray,,2026學習詞表 06-14「血」
blood,ruk_tw,ehai,,2026學習詞表 06-14「血」
blood,ruk_tn,ʼaydri,,2026學習詞表 06-14「血」
blood,ruk_mg,lobu,,2026學習詞表 06-14「血」
blood,ruk_mn,ehai,,2026學習詞表 06-14「血」：亦稱作：erai
blood,puy_py,damuk,,2026學習詞表 06-14「血」
blood,puy_tp,daraʼ / tu’u,,2026學習詞表 06-14「血」
blood,puy_ws,daraʼ/damuk,,2026學習詞表 06-14「血」
blood,puy_ks,daraʼ / tu’u,,2026學習詞表 06-14「血」
blood,trv,dara,,2026學習詞表 06-14「血」
blood,kav,Rinang,,2026學習詞表 06-14「血」
blood,tso,hmuyu,,2026學習詞表 06-14「血」
blood,knv,nimuruʼu,,2026學習詞表 06-14「血」
blood,hla,caraʼʉ,,2026學習詞表 06-14「血」
blood,yam,rala,,2026學習詞表 06-14「血」
blood,sak,izang/ idang,,2026學習詞表 06-14「血」
blood,pan,*daRaq,,ACD PAN 19072-7ce0367cf54ff2f0673b5e55037c1a65-1「blood; to bleed; menstruate」
blood,pmp,*daRaq,,ACD PMP 19081-7ce0367cf54ff2f0673b5e55037c1a65-1「blood; to bleed; menstruate」
bone,pan,*CuqelaN,,ACD PAN 19072-7c3969b15a811aa76aac95c7c4be3c76-1「condylar bone; bone of fauna exclusive of fish」
bone,pmp,*tuqelan,,ACD PMP 19081-7c3969b15a811aa76aac95c7c4be3c76-1「condylar bone; bone of fauna exclusive of fish」
fat,ami_nt,simal,,2026學習詞表 06-37「油脂」
fat,ami_hk,simal,,2026學習詞表 06-37「油脂」
fat,ami_ha,simal,,2026學習詞表 06-37「油脂」
fat,ami_ml,simal,,2026學習詞表 06-37「油脂」
fat,ami_hc,simal,,2026學習詞表 06-37「油脂」
fat,ata_sq,syam/abura,,2026學習詞表 06-37「油脂」：qnu
fat,ata_su,abura / syam/ preh suyaw,,2026學習詞表 06-37「油脂」：suyaw / preh suyaw(士林)
fat,ata_ml,sasiyak,,2026學習詞表 06-37「油脂」
fat,ata_pl,anuʼ/ abura’,,2026學習詞表 06-37「油脂」
fat,ata_sk,syam/ abura,,2026學習詞表 06-37「油脂」
fat,ata_kl,’nu / abura / suyaw,,2026學習詞表 06-37「油脂」：abura(眉原) / suyaw(眉原)
fat,say,pa’iː,,2026學習詞表 06-37「油脂」：:zazalas，翅膀  翅(羽毛)與膀(肉)是不同字
fat,tha,lhimash,,2026學習詞表 06-37「油脂」
fat,sed_to,ricuh,,2026學習詞表 06-37「油脂」：msiyang
fat,sed_tg,daruk,,2026學習詞表 06-37「油脂」
fat,sed_tr,msiyang,,2026學習詞表 06-37「油脂」
fat,bun_td,bizuq,,2026學習詞表 06-37「油脂」
fat,bun_bh,simal,,2026學習詞表 06-37「油脂」
fat,bun_vt,bizuq/nuqus,,2026學習詞表 06-37「油脂」
fat,bun_bn,bizuq,,2026學習詞表 06-37「油脂」：bizuq
fat,bun_ib,silu,,2026學習詞表 06-37「油脂」
fat,pai_es,qalev,,2026學習詞表 06-37「油脂」
fat,pai_nt,’alev,,2026學習詞表 06-37「油脂」：qalev
fat,pai_ct,qalev,,2026學習詞表 06-37「油脂」
fat,pai_st,qalum / qalev,,2026學習詞表 06-37「油脂」
fat,ruk_es,sima,,2026學習詞表 06-37「油脂」：泛指動植物油
fat,ruk_bd,sima,,2026學習詞表 06-37「油脂」
fat,ruk_tw,sima,,2026學習詞表 06-37「油脂」
fat,ruk_tn,simaʼa,,2026學習詞表 06-37「油脂」：’abelra油類
fat,ruk_mg,sɨma,,2026學習詞表 06-37「油脂」
fat,ruk_mn,ʼimaʼa,,2026學習詞表 06-37「油脂」
fat,puy_py,imar,,2026學習詞表 06-37「油脂」
fat,puy_tp,lrawlraw,,2026學習詞表 06-37「油脂」
fat,puy_ws,imar/lrawlraw,,2026學習詞表 06-37「油脂」
fat,puy_ks,ʼarev,,2026學習詞表 06-37「油脂」
fat,trv,siyang,,2026學習詞表 06-37「油脂」
fat,kav,siti,,2026學習詞表 06-37「油脂」
fat,tso,hʉsʉ,,2026學習詞表 06-37「油脂」
fat,knv,ʼangirisi,,2026學習詞表 06-37「油脂」
fat,hla,imarʉ,,2026學習詞表 06-37「油脂」
fat,yam,tava,,2026學習詞表 06-37「油脂」
fat,sak,simal,,2026學習詞表 06-37「油脂」
fat,pan,*SimaR,,"ACD PAN 19072-d1abe47d4ac5c7d8a3a588412a0864f9-1「grease, oil, fat」"
fat,pmp,*himaR,,"ACD PMP 19081-d1abe47d4ac5c7d8a3a588412a0864f9-1「grease, oil, fat」"
egg,ami_nt,litaul,,2026學習詞表 21-09「蛋」
egg,ami_hk,fitaʼol,,2026學習詞表 21-09「蛋」
egg,ami_ha,fitaʼol,,2026學習詞表 21-09「蛋」
egg,ami_ml,fitaʼol,,2026學習詞表 21-09「蛋」
egg,ami_hc,fitaʼol,,2026學習詞表 21-09「蛋」
egg,ata_sq,bazing,,2026學習詞表 21-09「蛋」
egg,ata_su,bazing,,2026學習詞表 21-09「蛋」：bazing
egg,ata_ml,batuʼ,,2026學習詞表 21-09「蛋」
egg,ata_pl,baṟing,,2026學習詞表 21-09「蛋」
egg,ata_sk,batu,,2026學習詞表 21-09「蛋」
egg,ata_kl,baying,,2026學習詞表 21-09「蛋」：bgax(眉原)
egg,say,ʼoesizo:,,2026學習詞表 21-09「蛋」
egg,tha,qarithuy,,2026學習詞表 21-09「蛋」
egg,sed_to,balung,,2026學習詞表 21-09「蛋」
egg,sed_tg,balung,,2026學習詞表 21-09「蛋」
egg,sed_tr,balung,,2026學習詞表 21-09「蛋」
egg,bun_td,qaipuan,,2026學習詞表 21-09「蛋」
egg,bun_bh,qapuan,,2026學習詞表 21-09「蛋」
egg,bun_vt,nibuh,,2026學習詞表 21-09「蛋」：另作tama’ngu
egg,bun_bn,nibu,,2026學習詞表 21-09「蛋」：nibu
egg,bun_ib,lububunun,,2026學習詞表 21-09「蛋」
egg,pai_es,qecilu,,2026學習詞表 21-09「蛋」
egg,pai_nt,’ecilu,,2026學習詞表 21-09「蛋」：qecilu
egg,pai_ct,qecilu,,2026學習詞表 21-09「蛋」
egg,pai_st,qecilu / tamagu,,2026學習詞表 21-09「蛋」
egg,ruk_es,batoko,,2026學習詞表 21-09「蛋」
egg,ruk_bd,batuku,,2026學習詞表 21-09「蛋」
egg,ruk_tw,batuku,,2026學習詞表 21-09「蛋」
egg,ruk_tn,bawthotho,,2026學習詞表 21-09「蛋」
egg,ruk_mg,burucu,,2026學習詞表 21-09「蛋」
egg,ruk_mn,kahadhoho,,2026學習詞表 21-09「蛋」：亦稱作：karadhoho
egg,puy_py,bitrenun,,2026學習詞表 21-09「蛋」
egg,puy_tp,vetrinun,,2026學習詞表 21-09「蛋」
egg,puy_ws,vetrinun/trinun,,2026學習詞表 21-09「蛋」
egg,puy_ks,vucinun,,2026學習詞表 21-09「蛋」
egg,trv,balung rudux,,2026學習詞表 21-09「雞蛋」：族語balung另指睪丸之意，故食用蛋balung後面一定要加「雞」(雞蛋)
egg,kav,tiRuR,,2026學習詞表 21-09「蛋」
egg,tso,fcuyu,,2026學習詞表 21-09「蛋」
egg,knv,ʼiciuru,,2026學習詞表 21-09「蛋」：(在)生蛋muruvʉnʉ
egg,hla,ʼasarʉ,,2026學習詞表 21-09「蛋」
egg,yam,icoy,,2026學習詞表 21-09「蛋」
egg,sak,tiʼkuk,,2026學習詞表 21-09「蛋」
egg,pan,*qiCeluR,,ACD PAN 19072-0e9312087f58f367d001ec9bae8f325a-1「egg」
egg,pmp,*qateluR,,ACD PMP 19081-740454cc15fb5e42a84fc6f8a60461a2-1「egg; testicle」
horn,ami_nt,puhung,,2026學習詞表 07-64「(動物的)角」
horn,ami_hk,pohong,,2026學習詞表 07-64「(動物的)角」
horn,ami_ha,pohong,,2026學習詞表 07-64「(動物的)角」
horn,ami_ml,waaʼ,,2026學習詞表 07-64「(動物的)角」
horn,ami_hc,waʼa,,2026學習詞表 07-64「(動物的)角」
horn,ata_sq,qihuy,,2026學習詞表 07-64「(動物的)角」：qehuy
horn,ata_su,ihuy,,2026學習詞表 07-64「(動物的)角」
horn,ata_ml,tanguqi,,2026學習詞表 07-64「(動物的)角」
horn,ata_pl,ihuṟ,,2026學習詞表 07-64「(動物的)角」
horn,ata_sk,hquy,,2026學習詞表 07-64「(動物的)角」
horn,ata_kl,ihuy,,2026學習詞表 07-64「(動物的)角」
horn,say,kahʼong,,2026學習詞表 07-64「(動物的)角」
horn,tha,waqa,,2026學習詞表 07-64「(動物的)角」：另作公牛
horn,sed_to,urung,,2026學習詞表 07-64「(動物的)角」：urung牛角、老鹿茸、羊角、羌角; tnguraw rqnux幼鹿茸
horn,sed_tg,urung,,2026學習詞表 07-64「(動物的)角」
horn,sed_tr,urung,,2026學習詞表 07-64「(動物的)角」
horn,bun_td,vaqaʼ,,2026學習詞表 07-64「(動物的)角」
horn,bun_bh,vaqaʼ,,2026學習詞表 07-64「(動物的)角」
horn,bun_vt,vaqa,,2026學習詞表 07-64「(動物的)角」
horn,bun_bn,vaqa/ngabul,,2026學習詞表 07-64「(動物的)角」：vaqa/ngabul ※ngabul專指水鹿的角
horn,bun_ib,vaha,,2026學習詞表 07-64「(動物的)角」
horn,pai_es,tequng,,2026學習詞表 07-64「犄角」
horn,pai_nt,te’ung,,2026學習詞表 07-64「犄角」：tequng
horn,pai_ct,tequng,,2026學習詞表 07-64「犄角」：另作tequng
horn,pai_st,tequng,,2026學習詞表 07-64「犄角」
horn,ruk_es,laong,,2026學習詞表 07-64「(動物的)角」
horn,ruk_bd,laungu,,2026學習詞表 07-64「(動物的)角」
horn,ruk_tw,laungu,,2026學習詞表 07-64「(動物的)角」
horn,ruk_tn,lawngo,,2026學習詞表 07-64「(動物的)角」
horn,ruk_mg,longu,,2026學習詞表 07-64「(動物的)角」
horn,ruk_mn,laongo,,2026學習詞表 07-64「(動物的)角」
horn,puy_py,suang,,2026學習詞表 07-64「(動物的)角」
horn,puy_tp,suʼang,,2026學習詞表 07-64「(動物的)角」
horn,puy_ws,suʼang,,2026學習詞表 07-64「(動物的)角」
horn,puy_ks,suʼang,,2026學習詞表 07-64「(動物的)角」
horn,trv,urung,,2026學習詞表 07-64「(動物的)角」
horn,kav,waki,,2026學習詞表 07-64「(動物的)角」
horn,tso,sungu,,2026學習詞表 07-64「(動物的)角」
horn,knv,uʼungu,,2026學習詞表 07-64「(動物的)角」
horn,hla,ʼuungu,,2026學習詞表 07-64「(動物的)角」
horn,yam,ozong,,2026學習詞表 07-64「(動物的)角」
horn,sak,ngawaʼ,,2026學習詞表 07-64「(動物的)角」
horn,pan,*uReŋ,,ACD PAN 19072-ce90d294a492890046e74ab89e0761c6-2「horn of an animal」
horn,pmp,*uReŋ,,ACD PMP 19081-ce90d294a492890046e74ab89e0761c6-1「horn of an animal」
tail,ami_nt,pulut,,2026學習詞表 07-01「尾巴」
tail,ami_hk,kikol,,2026學習詞表 07-01「尾巴」
tail,ami_ha,wikol,,2026學習詞表 07-01「尾巴」
tail,ami_ml,wikor,,2026學習詞表 07-01「尾巴」
tail,ami_hc,wikol,,2026學習詞表 07-01「尾巴」
tail,ata_sq,ngungu,,2026學習詞表 07-01「尾巴」：ngungu’
tail,ata_su,lipung,,2026學習詞表 07-01「尾巴」：ngungu
tail,ata_ml,ngaʼnguʼ,,2026學習詞表 07-01「尾巴」
tail,ata_pl,ngunguʼ,,2026學習詞表 07-01「尾巴」
tail,ata_sk,ngungu,,2026學習詞表 07-01「尾巴」
tail,ata_kl,ngungu/singo,,2026學習詞表 07-01「尾巴」
tail,say,kiko:,,2026學習詞表 07-01「尾巴」
tail,tha,wawishwish,,2026學習詞表 07-01「尾巴」
tail,sed_to,ngungu,,2026學習詞表 07-01「尾巴」
tail,sed_tg,ngungu,,2026學習詞表 07-01「尾巴」
tail,sed_tr,ngungu,,2026學習詞表 07-01「尾巴」
tail,bun_td,visvis,,2026學習詞表 07-01「尾巴」
tail,bun_bh,visvis/ikul,,2026學習詞表 07-01「尾巴」
tail,bun_vt,ikul,,2026學習詞表 07-01「尾巴」
tail,bun_bn,ikul,,2026學習詞表 07-01「尾巴」：ikul
tail,bun_ib,ikul,,2026學習詞表 07-01「尾巴」
tail,pai_es,iku,,2026學習詞表 07-01「尾巴」
tail,pai_nt,iku,,2026學習詞表 07-01「尾巴」
tail,pai_ct,iku,,2026學習詞表 07-01「尾巴」
tail,pai_st,iku,,2026學習詞表 07-01「尾巴」
tail,ruk_es,tawtho,,2026學習詞表 07-01「尾巴」
tail,ruk_bd,tawthu,,2026學習詞表 07-01「尾巴」
tail,ruk_tw,tauthu,,2026學習詞表 07-01「尾巴」
tail,ruk_tn,ʼikivi,,2026學習詞表 07-01「尾巴」
tail,ruk_mg,ikivi,,2026學習詞表 07-01「尾巴」
tail,ruk_mn,ʼiko,,2026學習詞表 07-01「尾巴」
tail,puy_py,ikur,,2026學習詞表 07-01「尾巴」
tail,puy_tp,ikur,,2026學習詞表 07-01「尾巴」
tail,puy_ws,ikur,,2026學習詞表 07-01「尾巴」
tail,puy_ks,ikur,,2026學習詞表 07-01「尾巴」
tail,trv,ngungu,,2026學習詞表 07-01「尾巴」
tail,kav,liqud,,2026學習詞表 07-01「尾巴」
tail,tso,civci,,2026學習詞表 07-01「尾巴」
tail,knv,icici,,2026學習詞表 07-01「尾巴」
tail,hla,ʼisisi,,2026學習詞表 07-01「尾巴」
tail,yam,ipos,,2026學習詞表 07-01「尾巴」
tail,sak,kikul,,2026學習詞表 07-01「尾巴」
tail,pan,*ikuR,,ACD PAN 19072-7aea2552dfe7eb84b9443b6fc9ba6e01-1「tail」
tail,pmp,*ikuR,,ACD PMP 19081-7aea2552dfe7eb84b9443b6fc9ba6e01-2「tail」
feather,pmp,*bulu₁,,"ACD PMP 19081-c1a214fd307a249153d643731dc8cef1-1「body hair; fur; feather; down; floss on plant stems; color; type, kind」"
hair,ami_nt,vukes,,2026學習詞表 06-13「頭髮」
hair,ami_hk,fokes,,2026學習詞表 06-13「頭髮」
hair,ami_ha,fokes,,2026學習詞表 06-13「頭髮」
hair,ami_ml,fokes,,2026學習詞表 06-13「頭髮」
hair,ami_hc,fokes,,2026學習詞表 06-13「頭髮」
hair,ata_sq,snonux,,2026學習詞表 06-13「頭髮」：snawnux
hair,ata_su,snunux / sanunux,,2026學習詞表 06-13「頭髮」：sanyunax(新生部落)
hair,ata_ml,abag na tunux,,2026學習詞表 06-13「頭髮」
hair,ata_pl,sinunux,,2026學習詞表 06-13「頭髮」
hair,ata_sk,snonux,,2026學習詞表 06-13「頭髮」
hair,ata_kl,snonux/ snunux,,2026學習詞表 06-13「頭髮」：snunux(眉原)
hair,say,bekeS / bokeS,,2026學習詞表 06-13「頭髮」
hair,tha,fukish,,2026學習詞表 06-13「頭髮」
hair,sed_to,snunux,,2026學習詞表 06-13「頭髮」
hair,sed_tg,snuunux,,2026學習詞表 06-13「頭髮」
hair,sed_tr,snunux,,2026學習詞表 06-13「頭髮」
hair,bun_td,qulbu,,2026學習詞表 06-13「頭髮」
hair,bun_bh,qulbu,,2026學習詞表 06-13「頭髮」
hair,bun_vt,qulbu,,2026學習詞表 06-13「頭髮」
hair,bun_bn,qulbu,,2026學習詞表 06-13「頭髮」：qulbu
hair,bun_ib,hulbu,,2026學習詞表 06-13「頭髮」
hair,pai_es,quvalj,,2026學習詞表 06-13「頭髮」
hair,pai_nt,’uvalj,,2026學習詞表 06-13「頭髮」：quvalj
hair,pai_ct,quvalj,,2026學習詞表 06-13「頭髮」
hair,pai_st,quvalj,,2026學習詞表 06-13「頭髮」
hair,ruk_es,ʼisiyo,,2026學習詞表 06-13「頭髮」
hair,ruk_bd,isiw,,2026學習詞表 06-13「頭髮」
hair,ruk_tw,isiyu,,2026學習詞表 06-13「頭髮」
hair,ruk_tn,isivi,,2026學習詞表 06-13「頭髮」
hair,ruk_mg,isivi,,2026學習詞表 06-13「頭髮」
hair,ruk_mn,iyoʼo,,2026學習詞表 06-13「頭髮」：亦稱作：io’o
hair,puy_py,arebu,,2026學習詞表 06-13「頭髮」
hair,puy_tp,ʼarevu,,2026學習詞表 06-13「頭髮」
hair,puy_ws,ʼarevu,,2026學習詞表 06-13「頭髮」
hair,puy_ks,ʼarevu,,2026學習詞表 06-13「頭髮」
hair,trv,sneunux,,2026學習詞表 06-13「頭髮」
hair,kav,buqes,,2026學習詞表 06-13「頭髮」
hair,tso,fʼʉsʉ,,2026學習詞表 06-13「頭髮」
hair,knv,vʉkʉsʉ,,2026學習詞表 06-13「頭髮」
hair,hla,vʉkʉʉ,,2026學習詞表 06-13「頭髮」
hair,yam,ovok,,2026學習詞表 06-13「頭髮」
hair,sak,bukes,,2026學習詞表 06-13「頭髮」
hair,pan,*bukeS,,ACD PAN 19072-bd047aa3c26cade313e87ba84c773cb7-1「head hair」
hair,pmp,*buhek,,ACD PMP 19081-bd047aa3c26cade313e87ba84c773cb7-1「head hair」
head,ami_nt,tangal,,2026學習詞表 06-06「頭」
head,ami_hk,tangal,,2026學習詞表 06-06「頭」
head,ami_ha,fongoh,,2026學習詞表 06-06「頭」：另作tangal。
head,ami_ml,fongoh,,2026學習詞表 06-06「頭」
head,ami_hc,fongoh,,2026學習詞表 06-06「頭」
head,ata_sq,tunux,,2026學習詞表 06-06「頭」
head,ata_su,tunux,,2026學習詞表 06-06「頭」
head,ata_ml,tunux,,2026學習詞表 06-06「頭」
head,ata_pl,tunux,,2026學習詞表 06-06「頭」
head,ata_sk,tunux,,2026學習詞表 06-06「頭」
head,ata_kl,tunux,,2026學習詞表 06-06「頭」
head,say,taʼoeloeh,,2026學習詞表 06-06「頭」
head,tha,punuq,,2026學習詞表 06-06「頭」
head,sed_to,tunux,,2026學習詞表 06-06「頭」
head,sed_tg,tunux,,2026學習詞表 06-06「頭」
head,sed_tr,tunux,,2026學習詞表 06-06「頭」
head,bun_td,bungu,,2026學習詞表 06-06「頭」
head,bun_bh,bungu,,2026學習詞表 06-06「頭」
head,bun_vt,bunguh,,2026學習詞表 06-06「頭」
head,bun_bn,bungu,,2026學習詞表 06-06「頭」：bungu
head,bun_ib,bungu,,2026學習詞表 06-06「頭」
head,pai_es,qulu,,2026學習詞表 06-06「頭」
head,pai_nt,’ulu,,2026學習詞表 06-06「頭」：qulu
head,pai_ct,qulu,,2026學習詞表 06-06「頭」
head,pai_st,qulu,,2026學習詞表 06-06「頭」
head,ruk_es,awlro,,2026學習詞表 06-06「頭」
head,ruk_bd,aulru,,2026學習詞表 06-06「頭」
head,ruk_tw,aulru,,2026學習詞表 06-06「頭」
head,ruk_tn,aoo,,2026學習詞表 06-06「頭」
head,ruk_mg,auru/oru,,2026學習詞表 06-06「頭」
head,ruk_mn,cokonoho,,2026學習詞表 06-06「頭」：亦稱作：cokonoro
head,puy_py,tranguru,,2026學習詞表 06-06「頭」
head,puy_tp,tranguruʼ,,2026學習詞表 06-06「頭」
head,puy_ws,tranguruʼ,,2026學習詞表 06-06「頭」
head,puy_ks,canguruʼ,,2026學習詞表 06-06「頭」
head,trv,tunux,,2026學習詞表 06-06「頭」
head,kav,uRu,,2026學習詞表 06-06「頭」
head,tso,fnguu,,2026學習詞表 06-06「頭」
head,knv,navungu,,2026學習詞表 06-06「頭」
head,hla,vunguʼu,,2026學習詞表 06-06「頭」
head,yam,oo,,2026學習詞表 06-06「頭」
head,sak,tangah,,2026學習詞表 06-06「頭」
head,pan,*quluh,,ACD PAN 19072-96e89a298e0a9f469b9ae458d6afae9f-2「head」
head,pmp,*qulu,,"ACD PMP 19081-2f55da55abe2bc6b26d3e5aff98c527e-1「head; top part; leader, chief; headwaters; handle of a bladed implement; prow of a boat; first, first-born」"
ear,ami_nt,tangila,,2026學習詞表 06-01「耳朵」
ear,ami_hk,tangila^,,2026學習詞表 06-01「耳朵」
ear,ami_ha,tanginga,,2026學習詞表 06-01「耳朵」：同tangingla、wanginga。
ear,ami_ml,tangila,,2026學習詞表 06-01「耳朵」
ear,ami_hc,tangila,,2026學習詞表 06-01「耳朵」
ear,ata_sq,papak,,2026學習詞表 06-01「耳朵」
ear,ata_su,papak,,2026學習詞表 06-01「耳朵」
ear,ata_ml,cangiyaʼ,,2026學習詞表 06-01「耳朵」
ear,ata_pl,cangeʼ,,2026學習詞表 06-01「耳朵」
ear,ata_sk,papak,,2026學習詞表 06-01「耳朵」
ear,ata_kl,papak,,2026學習詞表 06-01「耳朵」
ear,say,saleʼe: / saliʼi:,,2026學習詞表 06-01「耳朵」
ear,tha,lharina,,2026學習詞表 06-01「耳朵」
ear,sed_to,birac,,2026學習詞表 06-01「耳朵」
ear,sed_tg,birac,,2026學習詞表 06-01「耳朵」
ear,sed_tr,birac,,2026學習詞表 06-01「耳朵」
ear,bun_td,tainga,,2026學習詞表 06-01「耳朵」
ear,bun_bh,tenga,,2026學習詞表 06-01「耳朵」
ear,bun_vt,tainga,,2026學習詞表 06-01「耳朵」
ear,bun_bn,tainga,,2026學習詞表 06-01「耳朵」：tenga
ear,bun_ib,tangia,,2026學習詞表 06-01「耳朵」
ear,pai_es,calinga,,2026學習詞表 06-01「耳朵」
ear,pai_nt,calinga,,2026學習詞表 06-01「耳朵」
ear,pai_ct,calinga,,2026學習詞表 06-01「耳朵」
ear,pai_st,calinga,,2026學習詞表 06-01「耳朵」
ear,ruk_es,calringa,,2026學習詞表 06-01「耳朵」
ear,ruk_bd,calringa,,2026學習詞表 06-01「耳朵」
ear,ruk_tw,calringa,,2026學習詞表 06-01「耳朵」
ear,ruk_tn,cangiya,,2026學習詞表 06-01「耳朵」
ear,ruk_mg,cingira,,2026學習詞表 06-01「耳朵」
ear,ruk_mn,calringa,,2026學習詞表 06-01「耳朵」
ear,puy_py,trangila,,2026學習詞表 06-01「耳朵」
ear,puy_tp,tralinga,,2026學習詞表 06-01「耳朵」
ear,puy_ws,tralinga/trangila,,2026學習詞表 06-01「耳朵」
ear,puy_ks,calinga,,2026學習詞表 06-01「耳朵」
ear,trv,birat,,2026學習詞表 06-01「耳朵」
ear,kav,kayal,,2026學習詞表 06-01「耳朵」
ear,tso,koyu,,2026學習詞表 06-01「耳朵」
ear,knv,tʉkʉ,,2026學習詞表 06-01「耳朵」
ear,hla,calinga,,2026學習詞表 06-01「耳朵」
ear,yam,talinga,,2026學習詞表 06-01「耳朵」
ear,sak,tangila,,2026學習詞表 06-01「耳朵」
ear,pan,*Caliŋa,,ACD PAN 19072-d8ff99616fc9df8a54a32eec86ba8109-1「ear」
ear,pmp,*taliŋa,,ACD PMP 19081-cd63910ca81066309dba39045f2bae17-1「ear; kind of tree fungus」
eye,ami_nt,mata,,2026學習詞表 06-03「眼睛」
eye,ami_hk,mata^,,2026學習詞表 06-03「眼睛」
eye,ami_ha,mata,,2026學習詞表 06-03「眼睛」
eye,ami_ml,mata,,2026學習詞表 06-03「眼睛」
eye,ami_hc,mata,,2026學習詞表 06-03「眼睛」：眼珠子（瞳孔）mamo’esa/’amamosa’
eye,ata_sq,roziq,,2026學習詞表 06-03「眼睛」：rawziq
eye,ata_su,rozi rawzi,,2026學習詞表 06-03「眼睛」：rawzi
eye,ata_ml,rawweq,,2026學習詞表 06-03「眼睛」
eye,ata_pl,roṟiʼ,,2026學習詞表 06-03「眼睛」
eye,ata_sk,royiq,,2026學習詞表 06-03「眼睛」
eye,ata_kl,royi/ rozi,,2026學習詞表 06-03「眼睛」：rozi(眉原)
eye,say,masaʼ,,2026學習詞表 06-03「眼睛」
eye,tha,matha,,2026學習詞表 06-03「眼睛」
eye,sed_to,doriq,,2026學習詞表 06-03「眼睛」
eye,sed_tg,doriq,,2026學習詞表 06-03「眼睛」
eye,sed_tr,dowriq,,2026學習詞表 06-03「眼睛」
eye,bun_td,mataʼ,,2026學習詞表 06-03「眼睛」
eye,bun_bh,mataʼ,,2026學習詞表 06-03「眼睛」
eye,bun_vt,mata,,2026學習詞表 06-03「眼睛」
eye,bun_bn,mata,,2026學習詞表 06-03「眼睛」：mata
eye,bun_ib,mata,,2026學習詞表 06-03「眼睛」
eye,pai_es,maca,,2026學習詞表 06-03「眼睛」
eye,pai_nt,maca,,2026學習詞表 06-03「眼睛」
eye,pai_ct,maca,,2026學習詞表 06-03「眼睛」
eye,pai_st,maca,,2026學習詞表 06-03「眼睛」
eye,ruk_es,maca,,2026學習詞表 06-03「眼睛」
eye,ruk_bd,maca,,2026學習詞表 06-03「眼睛」
eye,ruk_tw,maca,,2026學習詞表 06-03「眼睛」
eye,ruk_tn,maca,,2026學習詞表 06-03「眼睛」
eye,ruk_mg,mɨca,,2026學習詞表 06-03「眼睛」
eye,ruk_mn,lringao,,2026學習詞表 06-03「眼睛」
eye,puy_py,matra,,2026學習詞表 06-03「眼睛」
eye,puy_tp,matra,,2026學習詞表 06-03「眼睛」
eye,puy_ws,matra,,2026學習詞表 06-03「眼睛」
eye,puy_ks,maca,,2026學習詞表 06-03「眼睛」
eye,trv,dowriq,,2026學習詞表 06-03「眼睛」
eye,kav,mata,,2026學習詞表 06-03「眼睛」
eye,tso,mcoo,,2026學習詞表 06-03「眼睛」
eye,knv,voʼin,,2026學習詞表 06-03「眼睛」
eye,hla,vulaihli,,2026學習詞表 06-03「眼睛」
eye,yam,mata,,2026學習詞表 06-03「眼睛」
eye,sak,mata,,2026學習詞表 06-03「眼睛」
eye,pan,*maCa,,"ACD PAN 19072-77b30a9e76f554ff1640e35eb61f0cae-1「eye, focal point, center or most prominent part」"
eye,pmp,*mata,,"ACD PMP 19081-4c8d38468fcd8e7831cfc16ace8dba50-1「eye, face, focal point, center or most prominent part; hole, aperture; doorway, window; budding part of plant; ‘eye’ of coconut; knot in wood; sun; core of a boil; blade of a knife; to awaken; operculum of a snail; mesh of a net; eye of a needle; noose of a trap; hearth; direction of the wind; head of a river; spring, source; lid, cover」"
nose,ami_nt,ngangusuan,,2026學習詞表 06-10「鼻子」
nose,ami_hk,songetan/ngosoʼ,,2026學習詞表 06-10「鼻子」
nose,ami_ha,ngosoʼ,,2026學習詞表 06-10「鼻子」
nose,ami_ml,ngosoʼ,,2026學習詞表 06-10「鼻子」
nose,ami_hc,ngosoʼ,,2026學習詞表 06-10「鼻子」
nose,ata_sq,nguhuw,,2026學習詞表 06-10「鼻子」：nguhu
nose,ata_su,nguhuw,,2026學習詞表 06-10「鼻子」
nose,ata_ml,nguhu,,2026學習詞表 06-10「鼻子」
nose,ata_pl,tangahen,,2026學習詞表 06-10「鼻子」
nose,ata_sk,nguhux,,2026學習詞表 06-10「鼻子」
nose,ata_kl,nguhu,,2026學習詞表 06-10「鼻子」
nose,say,kangeselan,,2026學習詞表 06-10「鼻子」
nose,tha,muzin,,2026學習詞表 06-10「鼻子」
nose,sed_to,muhing,,2026學習詞表 06-10「鼻子」
nose,sed_tg,muhing,,2026學習詞表 06-10「鼻子」
nose,sed_tr,muhing,,2026學習詞表 06-10「鼻子」
nose,bun_td,ngutuc,,2026學習詞表 06-10「鼻子」
nose,bun_bh,ngutuc,,2026學習詞表 06-10「鼻子」
nose,bun_vt,ngutus,,2026學習詞表 06-10「鼻子」
nose,bun_bn,ngutus,,2026學習詞表 06-10「鼻子」：ngutus
nose,bun_ib,ngutus,,2026學習詞表 06-10「鼻子」
nose,pai_es,ngudjus,,2026學習詞表 06-10「鼻子」
nose,pai_nt,ngudjus,,2026學習詞表 06-10「鼻子」
nose,pai_ct,ngudjus,,2026學習詞表 06-10「鼻子」
nose,pai_st,ngudjus,,2026學習詞表 06-10「鼻子」
nose,ruk_es,ngongoa,,2026學習詞表 06-10「鼻子」
nose,ruk_bd,ngunguane,,2026學習詞表 06-10「鼻子」
nose,ruk_tw,ngungua,,2026學習詞表 06-10「鼻子」
nose,ruk_tn,tangoane,,2026學習詞表 06-10「鼻子」
nose,ruk_mg,tungurua,,2026學習詞表 06-10「鼻子」
nose,ruk_mn,ngongoʼo,,2026學習詞表 06-10「鼻子」
nose,puy_py,tingeran,,2026學習詞表 06-10「鼻子」
nose,puy_tp,ungetran,,2026學習詞表 06-10「鼻子」
nose,puy_ws,ungetran,,2026學習詞表 06-10「鼻子」
nose,puy_ks,ungecan,,2026學習詞表 06-10「鼻子」
nose,trv,muhing,,2026學習詞表 06-10「鼻子」
nose,kav,unung,,2026學習詞表 06-10「鼻子」
nose,tso,engʉcʉ,,2026學習詞表 06-10「鼻子」
nose,knv,tangʉca,,2026學習詞表 06-10「鼻子」
nose,hla,ngunguru,,2026學習詞表 06-10「鼻子」
nose,yam,momodan,,2026學習詞表 06-10「鼻子」
nose,sak,cihek,,2026學習詞表 06-10「鼻子」
nose,pan,*ujuŋ,,ACD PAN 19072-41d1de28e96dc1cde568d3b068fa17bb-1「nose」
nose,pmp,*ijuŋ,,ACD PMP 19081-41d1de28e96dc1cde568d3b068fa17bb-1「nose」
mouth,ami_nt,nguyus,,2026學習詞表 06-05「嘴巴」
mouth,ami_hk,ngapa^/ngoyos,,2026學習詞表 06-05「嘴巴」
mouth,ami_ha,ngoyos,,2026學習詞表 06-05「嘴巴」
mouth,ami_ml,ngoyos,,2026學習詞表 06-05「嘴巴」
mouth,ami_hc,ngoyos,,2026學習詞表 06-05「嘴巴」
mouth,ata_sq,nqwaq,,2026學習詞表 06-05「嘴巴」：ngqwaq
mouth,ata_su,nga’uwa/uwa,,2026學習詞表 06-05「嘴巴」：ng’uwa/ uwa/ng’wa
mouth,ata_ml,ngaquwaq,,2026學習詞表 06-05「嘴巴」
mouth,ata_pl,ngawaʼ,,2026學習詞表 06-05「嘴巴」
mouth,ata_sk,nqwaq,,2026學習詞表 06-05「嘴巴」
mouth,ata_kl,n’wa/ ng’wa,,2026學習詞表 06-05「嘴巴」：ng’wa(眉原)
mouth,say,ngabas,,2026學習詞表 06-05「嘴巴」
mouth,tha,ruzith,,2026學習詞表 06-05「嘴巴」
mouth,sed_to,quwaq,,2026學習詞表 06-05「嘴巴」
mouth,sed_tg,quwaq,,2026學習詞表 06-05「嘴巴」
mouth,sed_tr,quwaq,,2026學習詞表 06-05「嘴巴」
mouth,bun_td,ngulus,,2026學習詞表 06-05「嘴巴」
mouth,bun_bh,ngulus,,2026學習詞表 06-05「嘴巴」
mouth,bun_vt,ngulus,,2026學習詞表 06-05「嘴巴」
mouth,bun_bn,ngulus,,2026學習詞表 06-05「嘴巴」：ngulus
mouth,bun_ib,ngulus,,2026學習詞表 06-05「嘴巴」
mouth,pai_es,angalj,,2026學習詞表 06-05「嘴巴」
mouth,pai_nt,angalj,,2026學習詞表 06-05「嘴巴」
mouth,pai_ct,angalj,,2026學習詞表 06-05「嘴巴」
mouth,pai_st,angalj,,2026學習詞表 06-05「嘴巴」
mouth,ruk_es,ngodoy,,2026學習詞表 06-05「嘴巴」
mouth,ruk_bd,nguduy,,2026學習詞表 06-05「嘴巴」
mouth,ruk_tw,ngudui,,2026學習詞表 06-05「嘴巴」
mouth,ruk_tn,motomoto,,2026學習詞表 06-05「嘴巴」
mouth,ruk_mg,ngidivi,,2026學習詞表 06-05「嘴巴」
mouth,ruk_mn,ngodhoi,,2026學習詞表 06-05「嘴巴」
mouth,puy_py,indan,,2026學習詞表 06-05「嘴巴」
mouth,puy_tp,udung,,2026學習詞表 06-05「嘴巴」
mouth,puy_ws,udung,,2026學習詞表 06-05「嘴巴」
mouth,puy_ks,udung,,2026學習詞表 06-05「嘴巴」
mouth,trv,quwaq,,2026學習詞表 06-05「嘴巴」
mouth,kav,ngibiR,,2026學習詞表 06-05「嘴巴」
mouth,tso,ngayo,,2026學習詞表 06-05「嘴巴」
mouth,knv,ivici,,2026學習詞表 06-05「嘴巴」
mouth,hla,ngusu,,2026學習詞表 06-05「嘴巴」
mouth,yam,ngongoy,,2026學習詞表 06-05「嘴巴」
mouth,sak,laway,,2026學習詞表 06-05「嘴巴」
mouth,pmp,*baqbaq,,"ACD PMP 19081-f172b08c6117a31988d59944b4f4ab2f-1「mouth, opening; speak, say」"
tooth,ami_nt,wadis,,2026學習詞表 06-12「牙齒」
tooth,ami_hk,wadis,,2026學習詞表 06-12「牙齒」
tooth,ami_ha,wadis,,2026學習詞表 06-12「牙齒」
tooth,ami_ml,wadis,,2026學習詞表 06-12「牙齒」
tooth,ami_hc,wadis,,2026學習詞表 06-12「牙齒」
tooth,ata_sq,gʼnux,,2026學習詞表 06-12「牙齒」：nux/’ nux/gipun
tooth,ata_su,g’nux / ’nux / ga’anux,,2026學習詞表 06-12「牙齒」：ga’anux/g’nux
tooth,ata_ml,gi’nux/ gipun,,2026學習詞表 06-12「牙齒」：gi’nux(男)/ gipun(女)
tooth,ata_pl,apnux,,2026學習詞表 06-12「牙齒」
tooth,ata_sk,pniq,,2026學習詞表 06-12「牙齒」
tooth,ata_kl,gʼnux,,2026學習詞表 06-12「牙齒」
tooth,say,nepen / ngepen,,2026學習詞表 06-12「牙齒」
tooth,tha,nipin,,2026學習詞表 06-12「牙齒」
tooth,sed_to,rupun,,2026學習詞表 06-12「牙齒」
tooth,sed_tg,rupun,,2026學習詞表 06-12「牙齒」
tooth,sed_tr,gupun,,2026學習詞表 06-12「牙齒」
tooth,bun_td,nipun,,2026學習詞表 06-12「牙齒」
tooth,bun_bh,nipun,,2026學習詞表 06-12「牙齒」
tooth,bun_vt,nipun,,2026學習詞表 06-12「牙齒」
tooth,bun_bn,nipun,,2026學習詞表 06-12「牙齒」：nipun
tooth,bun_ib,nipun,,2026學習詞表 06-12「牙齒」
tooth,pai_es,aljis,,2026學習詞表 06-12「牙齒」
tooth,pai_nt,aljis,,2026學習詞表 06-12「牙齒」
tooth,pai_ct,aljis,,2026學習詞表 06-12「牙齒」
tooth,pai_st,aljis,,2026學習詞表 06-12「牙齒」
tooth,ruk_es,valisi,,2026學習詞表 06-12「牙齒」
tooth,ruk_bd,valisi,,2026學習詞表 06-12「牙齒」
tooth,ruk_tw,valisi,,2026學習詞表 06-12「牙齒」
tooth,ruk_tn,valisi,,2026學習詞表 06-12「牙齒」
tooth,ruk_mg,vɨlésé,,2026學習詞表 06-12「牙齒」
tooth,ruk_mn,aliʼi,,2026學習詞表 06-12「牙齒」
tooth,puy_py,walli,,2026學習詞表 06-12「牙齒」
tooth,puy_tp,walri,,2026學習詞表 06-12「牙齒」
tooth,puy_ws,walri,,2026學習詞表 06-12「牙齒」
tooth,puy_ks,walri,,2026學習詞表 06-12「牙齒」
tooth,trv,gupun,,2026學習詞表 06-12「牙齒」
tooth,kav,bangRaw,,2026學習詞表 06-12「牙齒」
tooth,tso,hisi,,2026學習詞表 06-12「牙齒」
tooth,knv,anisi,,2026學習詞表 06-12「牙齒」
tooth,hla,ahlii,,2026學習詞表 06-12「牙齒」
tooth,yam,ngepen,,2026學習詞表 06-12「牙齒」
tooth,sak,ngipen,,2026學習詞表 06-12「牙齒」
tooth,pan,*nipen,,ACD PAN 19072-28b26be59c986170c572133aaace31c2-2「tooth」
tooth,pmp,*ipen,,ACD PMP 19081-28b26be59c986170c572133aaace31c2-1「tooth」
tongue,ami_nt,sema,,2026學習詞表 06-42「舌頭」
tongue,ami_hk,sema^,,2026學習詞表 06-42「舌頭」
tongue,ami_ha,sema,,2026學習詞表 06-42「舌頭」
tongue,ami_ml,sema,,2026學習詞表 06-42「舌頭」
tongue,ami_hc,sema,,2026學習詞表 06-42「舌頭」
tongue,ata_sq,hmali,,2026學習詞表 06-42「舌頭」：hmali’
tongue,ata_su,hmaʼuy,,2026學習詞表 06-42「舌頭」：hmali(新生部落)
tongue,ata_ml,hmaʼ,,2026學習詞表 06-42「舌頭」
tongue,ata_pl,hamalit,,2026學習詞表 06-42「舌頭」
tongue,ata_sk,hmali,,2026學習詞表 06-42「舌頭」
tongue,ata_kl,hma’uy/ hmali,,2026學習詞表 06-42「舌頭」：hmali(眉原)
tongue,say,kaehmaʼ,,2026學習詞表 06-42「舌頭」
tongue,tha,zama,,2026學習詞表 06-42「舌頭」
tongue,sed_to,hma,,2026學習詞表 06-42「舌頭」
tongue,sed_tg,hema,,2026學習詞表 06-42「舌頭」
tongue,sed_tr,hma,,2026學習詞表 06-42「舌頭」
tongue,bun_td,mama,,2026學習詞表 06-42「舌頭」
tongue,bun_bh,mamah,,2026學習詞表 06-42「舌頭」
tongue,bun_vt,mamah,,2026學習詞表 06-42「舌頭」
tongue,bun_bn,maʼmaʼ,,2026學習詞表 06-42「舌頭」：ma’ma
tongue,bun_ib,maʼma,,2026學習詞表 06-42「舌頭」
tongue,pai_es,sema,,2026學習詞表 06-42「舌頭」
tongue,pai_nt,sema,,2026學習詞表 06-42「舌頭」
tongue,pai_ct,sema,,2026學習詞表 06-42「舌頭」：亦稱為：ridraridr ridra吐信
tongue,pai_st,sema,,2026學習詞表 06-42「舌頭」
tongue,ruk_es,lridame,,2026學習詞表 06-42「舌頭」
tongue,ruk_bd,lridame,,2026學習詞表 06-42「舌頭」
tongue,ruk_tw,lridame,,2026學習詞表 06-42「舌頭」
tongue,ruk_tn,idame,,2026學習詞表 06-42「舌頭」
tongue,ruk_mg,rɨdamɨ,,2026學習詞表 06-42「舌頭」
tongue,ruk_mn,lridhame,,2026學習詞表 06-42「舌頭」
tongue,puy_py,sema,,2026學習詞表 06-42「舌頭」
tongue,puy_tp,lidam,,2026學習詞表 06-42「舌頭」
tongue,puy_ws,lidam,,2026學習詞表 06-42「舌頭」
tongue,puy_ks,lidam,,2026學習詞表 06-42「舌頭」
tongue,trv,hma,,2026學習詞表 06-42「舌頭」
tongue,kav,lidam,,2026學習詞表 06-42「舌頭」
tongue,tso,umo,,2026學習詞表 06-42「舌頭」
tongue,knv,ʼavasʉ,,2026學習詞表 06-42「舌頭」
tongue,hla,ʼavasʉ,,2026學習詞表 06-42「舌頭」
tongue,yam,lila,,2026學習詞表 06-42「舌頭」
tongue,sak,sema,,2026學習詞表 06-42「舌頭」
tongue,pan,*Sema,,ACD PAN 19072-cc99541ff10660a5542cc6eec7b81ac4-2「tongue」
tongue,pmp,*dilaq₁,,ACD PMP 19081-b06690cf64ce1c7f73ec68d8dc8567fe-1「tongue; tongue of tongue-and-groove joint in carpentry」
fingernail,ami_nt,kanus,,2026學習詞表 06-07「指甲」：kanuus(Cikasuan)
fingernail,ami_hk,kanoos,,2026學習詞表 06-07「指甲」
fingernail,ami_ha,kanoos,,2026學習詞表 06-07「指甲」
fingernail,ami_ml,kinoos,,2026學習詞表 06-07「指甲」
fingernail,ami_hc,kanoos,,2026學習詞表 06-07「指甲」：mayno’洗澡
fingernail,ata_sq,kamit,,2026學習詞表 06-07「指甲」
fingernail,ata_su,kamin,,2026學習詞表 06-07「指甲」：kamic(新生部落)
fingernail,ata_ml,kakamil,,2026學習詞表 06-07「指甲」
fingernail,ata_pl,kakamil,,2026學習詞表 06-07「指甲」
fingernail,ata_sk,kamil,,2026學習詞表 06-07「指甲」
fingernail,ata_kl,kamit/ kamic,,2026學習詞表 06-07「指甲」：kamic(眉原)
fingernail,say,kaklokoeh,,2026學習詞表 06-07「指甲」
fingernail,tha,kuku,,2026學習詞表 06-07「指甲」
fingernail,sed_to,kukuh,,2026學習詞表 06-07「指甲」
fingernail,sed_tg,kukuh,,2026學習詞表 06-07「指甲」
fingernail,sed_tr,kukuh,,2026學習詞表 06-07「指甲」
fingernail,bun_td,kuskus,,2026學習詞表 06-07「指甲」
fingernail,bun_bh,kuskus,,2026學習詞表 06-07「指甲」
fingernail,bun_vt,kuskus,,2026學習詞表 06-07「指甲」
fingernail,bun_bn,kuskus,,2026學習詞表 06-07「指甲」：kuskus
fingernail,bun_ib,kuskus,,2026學習詞表 06-07「指甲」
fingernail,pai_es,kaljusekusan,,2026學習詞表 06-07「指甲」
fingernail,pai_nt,kaljusekusan,,2026學習詞表 06-07「指甲」
fingernail,pai_ct,kaljuskusan,,2026學習詞表 06-07「指甲」
fingernail,pai_st,kaljusekusan,,2026學習詞表 06-07「指甲」
fingernail,ruk_es,gamay,,2026學習詞表 06-07「指甲」
fingernail,ruk_bd,kalesekesane,,2026學習詞表 06-07「指甲」
fingernail,ruk_tw,kalukua,,2026學習詞表 06-07「指甲」
fingernail,ruk_tn,kaloka,,2026學習詞表 06-07「指甲」
fingernail,ruk_mg,kuluka,,2026學習詞表 06-07「指甲」
fingernail,ruk_mn,loka,,2026學習詞表 06-07「指甲」
fingernail,puy_py,seki,,2026學習詞表 06-07「指甲」
fingernail,puy_tp,hamay,,2026學習詞表 06-07「指甲」
fingernail,puy_ws,hamay,,2026學習詞表 06-07「指甲」
fingernail,puy_ks,hamay,,2026學習詞表 06-07「指甲」
fingernail,trv,kukuh,,2026學習詞表 06-07「指甲」
fingernail,kav,qenuqus,,2026學習詞表 06-07「指甲」
fingernail,tso,huʼo,,2026學習詞表 06-07「指甲」
fingernail,knv,ʼanuka,,2026學習詞表 06-07「指甲」
fingernail,hla,ʼahluku,,2026學習詞表 06-07「指甲」
fingernail,yam,koko,,2026學習詞表 06-07「指甲」
fingernail,sak,kanus,,2026學習詞表 06-07「指甲」
fingernail,pan,*kuSkuS₁,,"ACD PAN 19072-dc4bc78e102e4aa43c33152fc2b3d140-1「claw, talon, fingernail」"
fingernail,pmp,*kukuh,,"ACD PMP 19081-dc4bc78e102e4aa43c33152fc2b3d140-1「claw, talon, fingernail」"
foot,ami_nt,kukuʼ,,2026學習詞表 06-11「腳」
foot,ami_hk,waʼay,,2026學習詞表 06-11「腳」
foot,ami_ha,waʼay,,2026學習詞表 06-11「腳」
foot,ami_ml,ooʼ,,2026學習詞表 06-11「腳」
foot,ami_hc,ooʼ,,2026學習詞表 06-11「腳」
foot,ata_sq,kakay,,2026學習詞表 06-11「腳」
foot,ata_su,kakay / kuzih,,2026學習詞表 06-11「腳」：kuzih/kukuy(新生部落)
foot,ata_ml,kukuy,,2026學習詞表 06-11「腳」
foot,ata_pl,papak,,2026學習詞表 06-11「腳」
foot,ata_sk,kakay,,2026學習詞表 06-11「腳」
foot,ata_kl,kakay/kakey,,2026學習詞表 06-11「腳」
foot,say,ʼaeʼay,,2026學習詞表 06-11「腳」：tatakay（動物用詞）
foot,tha,kuskus,,2026學習詞表 06-11「腳」
foot,sed_to,qaqay,,2026學習詞表 06-11「腳」
foot,sed_tg,papak,,2026學習詞表 06-11「腳」
foot,sed_tr,qaqay,,2026學習詞表 06-11「腳」
foot,bun_td,bantac,,2026學習詞表 06-11「腳」
foot,bun_bh,bantac,,2026學習詞表 06-11「腳」
foot,bun_vt,bantas,,2026學習詞表 06-11「腳」
foot,bun_bn,bantas,,2026學習詞表 06-11「腳」：bantas
foot,bun_ib,bantas,,2026學習詞表 06-11「腳」
foot,pai_es,kula,,2026學習詞表 06-11「腳」
foot,pai_nt,kula,,2026學習詞表 06-11「腳」
foot,pai_ct,kula,,2026學習詞表 06-11「腳」
foot,pai_st,kula,,2026學習詞表 06-11「腳」
foot,ruk_es,draʼale,,2026學習詞表 06-11「腳」
foot,ruk_bd,drapale,,2026學習詞表 06-11「腳」
foot,ruk_tw,drapale,,2026學習詞表 06-11「腳」
foot,ruk_tn,drapale,,2026學習詞表 06-11「腳」
foot,ruk_mg,kuku,,2026學習詞表 06-11「腳」
foot,ruk_mn,okoko,,2026學習詞表 06-11「腳」
foot,puy_py,dapall,,2026學習詞表 06-11「腳」
foot,puy_tp,kuwi,,2026學習詞表 06-11「腳」
foot,puy_ws,kuy/kuwi,,2026學習詞表 06-11「腳」
foot,puy_ks,kuwi,,2026學習詞表 06-11「腳」
foot,trv,qaqay,,2026學習詞表 06-11「腳」
foot,kav,zapan,,2026學習詞表 06-11「腳」
foot,tso,tʼango,,2026學習詞表 06-11「腳」
foot,knv,ʼacipi,,2026學習詞表 06-11「腳」
foot,hla,saaʉ,,2026學習詞表 06-11「腳」
foot,yam,ai,,2026學習詞表 06-11「腳」
foot,sak,kukuʼ,,2026學習詞表 06-11「腳」
foot,pan,*qaqay,,"ACD PAN 19072-b66bd44815b99374d2c9c65aeb6e067c-1「foot, leg」"
foot,pmp,*qaqay,,"ACD PMP 19081-b66bd44815b99374d2c9c65aeb6e067c-1「foot, leg」"
leg,ami_nt,cepiʼ,,2026學習詞表 06-02「大腿」
leg,ami_hk,cepiʼ,,2026學習詞表 06-02「大腿」
leg,ami_ha,cepiʼ,,2026學習詞表 06-02「大腿」
leg,ami_ml,cepiʼ,,2026學習詞表 06-02「大腿」
leg,ami_hc,cepiʼ,,2026學習詞表 06-02「大腿」
leg,ata_sq,muzi,,2026學習詞表 06-02「大腿」：gaya’(大腿內側) muzi’/ kayt(大腿外側)
leg,ata_su,gaya,,2026學習詞表 06-02「大腿」：gaya(內) muzi(外)
leg,ata_ml,gaa’,,2026學習詞表 06-02「大腿」
leg,ata_pl,muṟiʼ,,2026學習詞表 06-02「大腿」
leg,ata_sk,muyi,,2026學習詞表 06-02「大腿」
leg,ata_kl,muyi/ muzi,,2026學習詞表 06-02「大腿」：muzi(眉原)
leg,say,rinkelan,,2026學習詞表 06-02「大腿」
leg,tha,bantath,,2026學習詞表 06-02「大腿」
leg,sed_to,btriq,,2026學習詞表 06-02「大腿」
leg,sed_tg,bteriq,,2026學習詞表 06-02「大腿」
leg,sed_tr,btriq,,2026學習詞表 06-02「大腿」
leg,bun_td,vain,,2026學習詞表 06-02「大腿」
leg,bun_bh,vain,,2026學習詞表 06-02「大腿」
leg,bun_vt,pinasaq,,2026學習詞表 06-02「大腿」
leg,bun_bn,pinasaq,,2026學習詞表 06-02「大腿」：pinasaq
leg,bun_ib,pinasah,,2026學習詞表 06-02「大腿」
leg,pai_es,djapalj,,2026學習詞表 06-02「大腿」
leg,pai_nt,djapalj,,2026學習詞表 06-02「大腿」
leg,pai_ct,djapalj,,2026學習詞表 06-02「大腿」
leg,pai_st,djapalj,,2026學習詞表 06-02「大腿」
leg,ruk_es,vagisi,,2026學習詞表 06-02「大腿」
leg,ruk_bd,vagisi,,2026學習詞表 06-02「大腿」
leg,ruk_tw,vagisi,,2026學習詞表 06-02「大腿」
leg,ruk_tn,draswane,,2026學習詞表 06-02「大腿」
leg,ruk_mg,drorosa,,2026學習詞表 06-02「大腿」
leg,ruk_mn,dhalroae,,2026學習詞表 06-02「大腿」
leg,puy_py,paa,,2026學習詞表 06-02「大腿」
leg,puy_tp,paʼa,,2026學習詞表 06-02「大腿」
leg,puy_ws,paʼa,,2026學習詞表 06-02「大腿」
leg,puy_ks,paʼa,,2026學習詞表 06-02「大腿」
leg,trv,btriq,,2026學習詞表 06-02「大腿」
leg,kav,penaniyan,,2026學習詞表 06-02「大腿」
leg,tso,fainʉ,,2026學習詞表 06-02「大腿」
leg,knv,paisi,,2026學習詞表 06-02「大腿」
leg,hla,vanarʉ,,2026學習詞表 06-02「大腿」
leg,yam,opa,,2026學習詞表 06-02「大腿」：appa/朗島部落稱
leg,sak,padahaw/cepi’,,2026學習詞表 06-02「大腿」
leg,pan,*qaqay,,"ACD PAN 19072-b66bd44815b99374d2c9c65aeb6e067c-1「foot, leg」"
leg,pmp,*qaqay,,"ACD PMP 19081-b66bd44815b99374d2c9c65aeb6e067c-1「foot, leg」"
knee,ami_nt,tusur,,2026學習詞表 06-31「膝蓋」
knee,ami_hk,tosor,,2026學習詞表 06-31「膝蓋」
knee,ami_ha,tosor,,2026學習詞表 06-31「膝蓋」：同toros。
knee,ami_ml,toros,,2026學習詞表 06-31「膝蓋」
knee,ami_hc,toros,,2026學習詞表 06-31「膝蓋」：kawili  左邊 kawanan 右邊
knee,ata_sq,tari,,2026學習詞表 06-31「膝蓋」：tari’
knee,ata_su,tari,,2026學習詞表 06-31「膝蓋」：munuc tari(新詞彙)(新生部落)
knee,ata_ml,tariʼ,,2026學習詞表 06-31「膝蓋」
knee,ata_pl,tariʼ,,2026學習詞表 06-31「膝蓋」
knee,ata_sk,tari,,2026學習詞表 06-31「膝蓋」
knee,ata_kl,tari,,2026學習詞表 06-31「膝蓋」
knee,say,poeʼoeʼ,,2026學習詞表 06-31「膝蓋」
knee,tha,qaruf,,2026學習詞表 06-31「膝蓋」
knee,sed_to,pungu qaqay,,2026學習詞表 06-31「膝蓋」：bqlic膝蓋窩
knee,sed_tg,pungu papak,,2026學習詞表 06-31「膝蓋」
knee,sed_tr,pungu qaqay,,2026學習詞表 06-31「膝蓋」：pungu bqlic
knee,bun_td,qaaʼ,,2026學習詞表 06-31「膝蓋」
knee,bun_bh,qaʼ,,2026學習詞表 06-31「膝蓋」
knee,bun_vt,qaa,,2026學習詞表 06-31「膝蓋」
knee,bun_bn,qaa / buqtung,,2026學習詞表 06-31「膝蓋」：qaa
knee,bun_ib,malung,,2026學習詞表 06-31「膝蓋」
knee,pai_es,cungal,,2026學習詞表 06-31「膝蓋」
knee,pai_nt,cungal,,2026學習詞表 06-31「膝蓋」
knee,pai_ct,cungal,,2026學習詞表 06-31「膝蓋」
knee,pai_st,cungal,,2026學習詞表 06-31「膝蓋」
knee,ruk_es,ʼacolro,,2026學習詞表 06-31「膝蓋」
knee,ruk_bd,paculru,,2026學習詞表 06-31「膝蓋」
knee,ruk_tw,paculru,,2026學習詞表 06-31「膝蓋」
knee,ruk_tn,pakoo,,2026學習詞表 06-31「膝蓋」
knee,ruk_mg,puku,,2026學習詞表 06-31「膝蓋」
knee,ruk_mn,sahao,,2026學習詞表 06-31「膝蓋」
knee,puy_py,sungal,,2026學習詞表 06-31「膝蓋」
knee,puy_tp,vulan,,2026學習詞表 06-31「膝蓋」
knee,puy_ws,tuzu,,2026學習詞表 06-31「膝蓋」
knee,puy_ks,tudu,,2026學習詞表 06-31「膝蓋」
knee,trv,bqlit,,2026學習詞表 06-31「膝蓋」
knee,kav,tusuz,,2026學習詞表 06-31「膝蓋」
knee,tso,kali,,2026學習詞表 06-31「膝蓋」
knee,knv,’ʉvʉ,,2026學習詞表 06-31「膝蓋」
knee,hla,lasahlʉ,,2026學習詞表 06-31「膝蓋」
knee,yam,otod,,2026學習詞表 06-31「膝蓋」：atod/朗島部落稱
knee,sak,tusuz/ tusud,,2026學習詞表 06-31「膝蓋」
knee,pan,*tuduS,,ACD PAN 19072-22b84b6e35ace0cd87f805ecf020ff36-2「knee」
knee,pmp,*tuhud,,ACD PMP 19081-22b84b6e35ace0cd87f805ecf020ff36-3「knee」
hand,ami_nt,kamay,,2026學習詞表 06-08「手」
hand,ami_hk,kamay,,2026學習詞表 06-08「手」
hand,ami_ha,kamay,,2026學習詞表 06-08「手」
hand,ami_ml,kamay,,2026學習詞表 06-08「手」
hand,ami_hc,kamay,,2026學習詞表 06-08「手」
hand,ata_sq,qba,,2026學習詞表 06-08「手」：qba’
hand,ata_su,ba/ ba,,2026學習詞表 06-08「手」
hand,ata_ml,qabaʼ,,2026學習詞表 06-08「手」
hand,ata_pl,abaʼ,,2026學習詞表 06-08「手」
hand,ata_sk,qba,,2026學習詞表 06-08「手」
hand,ata_kl,ʼba,,2026學習詞表 06-08「手」
hand,say,himaʼ,,2026學習詞表 06-08「手」
hand,tha,rima,,2026學習詞表 06-08「手」
hand,sed_to,bawa,,2026學習詞表 06-08「手」
hand,sed_tg,baga,,2026學習詞表 06-08「手」
hand,sed_tr,baga,,2026學習詞表 06-08「手」
hand,bun_td,ima,,2026學習詞表 06-08「手」
hand,bun_bh,ima,,2026學習詞表 06-08「手」
hand,bun_vt,ima,,2026學習詞表 06-08「手」
hand,bun_bn,ima,,2026學習詞表 06-08「手」：ima
hand,bun_ib,ima,,2026學習詞表 06-08「手」
hand,pai_es,lima,,2026學習詞表 06-08「手」
hand,pai_nt,lima,,2026學習詞表 06-08「手」
hand,pai_ct,lima,,2026學習詞表 06-08「手」
hand,pai_st,lima,,2026學習詞表 06-08「手」
hand,ruk_es,alrima,,2026學習詞表 06-08「手」
hand,ruk_bd,alrima,,2026學習詞表 06-08「手」
hand,ruk_tw,alrima,,2026學習詞表 06-08「手」
hand,ruk_tn,aima,,2026學習詞表 06-08「手」
hand,ruk_mg,rima,,2026學習詞表 06-08「手」
hand,ruk_mn,alrima,,2026學習詞表 06-08「手」
hand,puy_py,lima,,2026學習詞表 06-08「手」
hand,puy_tp,lima,,2026學習詞表 06-08「手」
hand,puy_ws,lima,,2026學習詞表 06-08「手」
hand,puy_ks,lima,,2026學習詞表 06-08「手」
hand,trv,baga,,2026學習詞表 06-08「手」
hand,kav,lima,,2026學習詞表 06-08「手」
hand,tso,emucu,,2026學習詞表 06-08「手」
hand,knv,ramucu,,2026學習詞表 06-08「手」
hand,hla,ramucu,,2026學習詞表 06-08「手」
hand,yam,lima,,2026學習詞表 06-08「手」
hand,sak,lima,,2026學習詞表 06-08「手」
hand,pan,*qalima,,ACD PAN 19072-573ce5969e9884d49d4fab77b09a306a-3「hand」
hand,pmp,*qalima,,ACD PMP 19081-573ce5969e9884d49d4fab77b09a306a-3「hand」
wing,ami_nt,sakuvad,,2026學習詞表 07-49「翅膀」
wing,ami_hk,sapikpik,,2026學習詞表 07-49「翅膀」
wing,ami_ha,sapikpik,,2026學習詞表 07-49「翅膀」
wing,ami_ml,sapikpik,,2026學習詞表 07-49「翅膀」
wing,ami_hc,sapikpik,,2026學習詞表 07-49「翅膀」
wing,ata_sq,pali,,2026學習詞表 07-49「翅膀」：pali’
wing,ata_su,alih,,2026學習詞表 07-49「翅膀」
wing,ata_ml,qaqahing,,2026學習詞表 07-49「翅膀」
wing,ata_pl,alihuṟ,,2026學習詞表 07-49「翅膀」
wing,ata_sk,pali,,2026學習詞表 07-49「翅膀」
wing,ata_kl,aleh/paleh,,2026學習詞表 07-49「翅膀」
wing,say,palir,,2026學習詞表 07-49「翅膀」：’ae’az翅羽
wing,tha,pali,,2026學習詞表 07-49「翅膀」
wing,sed_to,palic,,2026學習詞表 07-49「翅膀」
wing,sed_tg,palic,,2026學習詞表 07-49「翅膀」
wing,sed_tr,trak,,2026學習詞表 07-49「翅膀」：亦稱palic
wing,bun_td,paniʼ,,2026學習詞表 07-49「翅膀」
wing,bun_bh,paniʼ,,2026學習詞表 07-49「翅膀」
wing,bun_vt,pani,,2026學習詞表 07-49「翅膀」
wing,bun_bn,pani,,2026學習詞表 07-49「翅膀」：pani
wing,bun_ib,pani,,2026學習詞表 07-49「翅膀」
wing,pai_es,palalj,,2026學習詞表 07-49「翅膀」
wing,pai_nt,palalj,,2026學習詞表 07-49「翅膀」
wing,pai_ct,palalj,,2026學習詞表 07-49「翅膀」
wing,pai_st,palalj,,2026學習詞表 07-49「翅膀」
wing,ruk_es,ʼaridi,,2026學習詞表 07-49「翅膀」
wing,ruk_bd,sapakepake,,2026學習詞表 07-49「翅膀」
wing,ruk_tw,pahidi,,2026學習詞表 07-49「翅膀」
wing,ruk_tn,pakepake,,2026學習詞表 07-49「翅膀」
wing,ruk_mg,sɨpakɨpakɨ,,2026學習詞表 07-49「翅膀」
wing,ruk_mn,ciyahe,,2026學習詞表 07-49「翅膀」：亦稱作：ciare
wing,puy_py,pakepak,,2026學習詞表 07-49「翅膀」
wing,puy_tp,pakpak ∕ kapkap,,2026學習詞表 07-49「翅膀」
wing,puy_ws,pakpak/pakipak,,2026學習詞表 07-49「翅膀」
wing,puy_ks,pakpak,,2026學習詞表 07-49「翅膀」
wing,trv,pahing,,2026學習詞表 07-49「翅膀」
wing,kav,pakuz,,2026學習詞表 07-49「翅膀」
wing,tso,yopngu,,2026學習詞表 07-49「翅膀」
wing,knv,pakʉ,,2026學習詞表 07-49「翅膀」
wing,hla,ʼalapungu,,2026學習詞表 07-49「翅膀」
wing,yam,panid,,2026學習詞表 07-49「翅膀」
wing,sak,sakubad,,2026學習詞表 07-49「翅膀」
wing,pan,*paNid,,ACD PAN 19072-3328e4f7fbcce95180abf8bc6075e78b-1「wing」
wing,pmp,*panid,,ACD PMP 19081-3328e4f7fbcce95180abf8bc6075e78b-1「wing」
belly,ami_nt,tiyad,,2026學習詞表 06-17「肚子」
belly,ami_hk,tiyad,,2026學習詞表 06-17「肚子」
belly,ami_ha,tiyad,,2026學習詞表 06-17「肚子」
belly,ami_ml,tiyad,,2026學習詞表 06-17「肚子」
belly,ami_hc,tiyad,,2026學習詞表 06-17「肚子」
belly,ata_sq,ktu,,2026學習詞表 06-17「肚子」：ktu’
belly,ata_su,nbuwas/buwas,,2026學習詞表 06-17「肚子」：nbwas
belly,ata_ml,nabuwas,,2026學習詞表 06-17「肚子」
belly,ata_pl,labos,,2026學習詞表 06-17「肚子」
belly,ata_sk,ktu,,2026學習詞表 06-17「肚子」
belly,ata_kl,ktu,,2026學習詞表 06-17「肚子」：nbwas(腹部)
belly,say,tiyal,,2026學習詞表 06-17「肚子」：polo’
belly,tha,tiaz,,2026學習詞表 06-17「肚子」
belly,sed_to,buyas,,2026學習詞表 06-17「肚子」：nbuyas肚子; 腹部
belly,sed_tg,nbuyas,,2026學習詞表 06-17「肚子」
belly,sed_tr,buyas,,2026學習詞表 06-17「肚子」
belly,bun_td,tian,,2026學習詞表 06-17「肚子」
belly,bun_bh,tian,,2026學習詞表 06-17「肚子」
belly,bun_vt,tian,,2026學習詞表 06-17「肚子」
belly,bun_bn,tian,,2026學習詞表 06-17「肚子」：tian
belly,bun_ib,cian,,2026學習詞表 06-17「肚子」
belly,pai_es,tjiyalj,,2026學習詞表 06-17「肚子」
belly,pai_nt,tjialj,,2026學習詞表 06-17「肚子」
belly,pai_ct,tjialj,,2026學習詞表 06-17「肚子」
belly,pai_st,tjiyalj,,2026學習詞表 06-17「肚子」
belly,ruk_es,barang,,2026學習詞表 06-17「肚子」
belly,ruk_bd,barange,,2026學習詞表 06-17「肚子」
belly,ruk_tw,bahange,,2026學習詞表 06-17「肚子」
belly,ruk_tn,baange,,2026學習詞表 06-17「肚子」
belly,ruk_mg,bɨrangɨ,,2026學習詞表 06-17「肚子」
belly,ruk_mn,vahange,,2026學習詞表 06-17「肚子」
belly,puy_py,tiyall,,2026學習詞表 06-17「肚子」
belly,puy_tp,tiyalr,,2026學習詞表 06-17「肚子」
belly,puy_ws,tiyalr,,2026學習詞表 06-17「肚子」
belly,puy_ks,tiyalr,,2026學習詞表 06-17「肚子」
belly,trv,nbuyas,,2026學習詞表 06-17「肚子」
belly,kav,bedes,,2026學習詞表 06-17「肚子」
belly,tso,bʉyo,,2026學習詞表 06-17「肚子」
belly,knv,vʉcʉkʉ,,2026學習詞表 06-17「肚子」
belly,hla,civuka,,2026學習詞表 06-17「肚子」
belly,yam,velek,,2026學習詞表 06-17「肚子」
belly,sak,bili,,2026學習詞表 06-17「肚子」
belly,pan,*tiaN,,"ACD PAN 19072-0dace72ad1134cb2bf737544c099f126-1「abdomen, belly」"
belly,pmp,*tian,,"ACD PMP 19081-0dace72ad1134cb2bf737544c099f126-1「abdomen, belly」"
guts,pan,*C<in>aqi,,ACD PAN 19072-16c91a4af4e0b62e27587b044fa0e1d4-1「small intestine」
guts,pmp,*t<in>aqay,,ACD PMP 19081-e809cc608db249eaf1b13d564503dbca-1「intestines」
neck,ami_nt,liel,,2026學習詞表 06-47「脖子」
neck,ami_hk,liʼel / aʼilocan,,2026學習詞表 06-47「脖子」
neck,ami_ha,liʼel,,2026學習詞表 06-47「脖子」
neck,ami_ml,liʼel,,2026學習詞表 06-47「脖子」
neck,ami_hc,liʼel,,2026學習詞表 06-47「脖子」
neck,ata_sq,gryung,,2026學習詞表 06-47「脖子」
neck,ata_su,olu / awlu / gryung,,2026學習詞表 06-47「脖子」：awlu
neck,ata_ml,wariyung,,2026學習詞表 06-47「脖子」
neck,ata_pl,oluʼ,,2026學習詞表 06-47「脖子」
neck,ata_sk,qolu,,2026學習詞表 06-47「脖子」
neck,ata_kl,olu / olu btakan,,2026學習詞表 06-47「脖子」：olu btakan (眉原)
neck,say,wareng,,2026學習詞表 06-47「脖子」；2026學習詞表 06-52「頸子」
neck,tha,buqtur,,2026學習詞表 06-47「脖子」
neck,sed_to,waru / qilu,,2026學習詞表 06-47「脖子」；2026學習詞表 06-52「頸子」
neck,sed_tg,nduyung / qilu,,2026學習詞表 06-47「脖子」；2026學習詞表 06-52「頸子」
neck,sed_tr,waru / glu,,2026學習詞表 06-47「脖子」；2026學習詞表 06-52「頸子」
neck,bun_td,qungqungan / cukcuk,,2026學習詞表 06-47「脖子」；2026學習詞表 06-52「頸子」
neck,bun_bh,mumuʼdan / cukcuk,,2026學習詞表 06-47「脖子」；2026學習詞表 06-52「頸子」
neck,bun_vt,mumudan / suksuk,,2026學習詞表 06-47「脖子」；2026學習詞表 06-52「頸子」
neck,bun_bn,mudan / suksuk,,2026學習詞表 06-47「脖子」：mumudan；2026學習詞表 06-52「頸子」：mumudan
neck,bun_ib,hudʼhud / suksuk,,2026學習詞表 06-47「脖子」；2026學習詞表 06-52「頸子」
neck,pai_es,liqu / drengelan,,2026學習詞表 06-47「脖子」；2026學習詞表 06-52「頸子」
neck,pai_nt,li’u / udjun,,2026學習詞表 06-47「脖子」：liqu；2026學習詞表 06-52「頸子」：drengelan
neck,pai_ct,liqe / udjun,,2026學習詞表 06-47「脖子」；2026學習詞表 06-52「頸子」
neck,pai_st,liqu / udjun / drengelan,,2026學習詞表 06-47「脖子」；2026學習詞表 06-52「頸子」
neck,ruk_es,lree / talrelrea,,2026學習詞表 06-47「脖子」；2026學習詞表 06-52「頸子；領子」
neck,ruk_bd,lre / tikuthu,,2026學習詞表 06-47「脖子」；2026學習詞表 06-52「頸子；領子」
neck,ruk_tw,lree,,2026學習詞表 06-47「脖子」；2026學習詞表 06-52「頸子；領子」
neck,ruk_tn,eʼe / tawdonane,,2026學習詞表 06-47「脖子」；2026學習詞表 06-52「頸子；領子」
neck,ruk_mg,ɨrɨ,,2026學習詞表 06-47「脖子」；2026學習詞表 06-52「頸子；領子」
neck,ruk_mn,lreʼe,,2026學習詞表 06-47「脖子」；2026學習詞表 06-52「頸子；領子」
neck,puy_py,nien,,2026學習詞表 06-47「脖子」
neck,puy_tp,niʼen,,2026學習詞表 06-47「脖子」
neck,puy_ws,niʼen,,2026學習詞表 06-47「脖子」
neck,puy_ks,niʼen,,2026學習詞表 06-47「脖子」
neck,trv,waru / tudu waru,,2026學習詞表 06-47「脖子」；2026學習詞表 06-52「頸子」
neck,kav,lulen,,2026學習詞表 06-47「脖子」；2026學習詞表 06-52「頸子」
neck,tso,sʉnʉ / tʉ’tona,,2026學習詞表 06-47「脖子」；2026學習詞表 06-52「頸子」
neck,knv,ʉʼʉrʉ / ngacaʼʉ tʉkʉ,,2026學習詞表 06-47「脖子」；2026學習詞表 06-52「頸子」
neck,hla,alʉmʉsa / kuangʉlʉhla,,2026學習詞表 06-47「脖子」；2026學習詞表 06-52「頸子」
neck,yam,zagow / popotohan,,2026學習詞表 06-47「脖子」；2026學習詞表 06-52「頸子」
neck,sak,liel / ailuc,,2026學習詞表 06-47「脖子」；2026學習詞表 06-52「頸子」
neck,pan,*liqeR,,ACD PAN 19072-45fe7e5529d283851d93b74536e095a0-1「neck」
neck,pmp,*liqeR,,ACD PMP 19081-45fe7e5529d283851d93b74536e095a0-1「neck」
back,ami_nt,kulul,,2026學習詞表 06-22「背部」
back,ami_hk,koror,,2026學習詞表 06-22「背部」
back,ami_ha,koror,,2026學習詞表 06-22「背部」
back,ami_ml,koror,,2026學習詞表 06-22「背部」
back,ami_hc,koror,,2026學習詞表 06-22「背部」
back,ata_sq,turu,,2026學習詞表 06-22「背部」：turu’
back,ata_su,suruw,,2026學習詞表 06-22「背部」：suru/turu(新生部落)
back,ata_ml,makasug,,2026學習詞表 06-22「背部」
back,ata_pl,bukuy,,2026學習詞表 06-22「背部」
back,ata_sk,turu,,2026學習詞表 06-22「背部」
back,ata_kl,turu,,2026學習詞表 06-22「背部」
back,say,hikor,,2026學習詞表 06-22「背部」
back,tha,rikus,,2026學習詞表 06-22「背部」
back,sed_to,bukuy,,2026學習詞表 06-22「背部」
back,sed_tg,bukuy,,2026學習詞表 06-22「背部」
back,sed_tr,bukuy,,2026學習詞表 06-22「背部」
back,bun_td,hikuʼ,,2026學習詞表 06-22「背部」
back,bun_bh,hikuʼ,,2026學習詞表 06-22「背部」
back,bun_vt,hiku,,2026學習詞表 06-22「背部」
back,bun_bn,hiku,,2026學習詞表 06-22「背部」：hiku
back,bun_ib,iku,,2026學習詞表 06-22「背部」
back,pai_es,uqulj,,2026學習詞表 06-22「背部」
back,pai_nt,u’ulj,,2026學習詞表 06-22「背部」：uqulj
back,pai_ct,uqulj,,2026學習詞表 06-22「背部」：ququlj
back,pai_st,uqulj,,2026學習詞表 06-22「背部」
back,ruk_es,drelreke,,2026學習詞表 06-22「背部」
back,ruk_bd,drelreke,,2026學習詞表 06-22「背部」
back,ruk_tw,drelreke,,2026學習詞表 06-22「背部」
back,ruk_tn,dreeke,,2026學習詞表 06-22「背部」
back,ruk_mg,bukulu,,2026學習詞表 06-22「背部」
back,ruk_mn,dhelrehe,,2026學習詞表 06-22「背部」
back,puy_py,drakur,,2026學習詞表 06-22「背部」
back,puy_tp,likuzan,,2026學習詞表 06-22「背部」
back,puy_ws,likuzan,,2026學習詞表 06-22「背部」
back,puy_ks,likudan,,2026學習詞表 06-22「背部」
back,trv,bukuy,,2026學習詞表 06-22「背部」
back,kav,tuRuz,,2026學習詞表 06-22「背部」
back,tso,fʼuhu,,2026學習詞表 06-22「背部」
back,knv,kukuca,,2026學習詞表 06-22「背部」
back,hla,likusu,,2026學習詞表 06-22「背部」
back,yam,likod,,2026學習詞表 06-22「背部」
back,sak,kulul,,2026學習詞表 06-22「背部」
back,pan,*likud,,ACD PAN 19072-469bba0a564235dfceede42db14f17b0-1「back」
back,pmp,*likud,,ACD PMP 19081-469bba0a564235dfceede42db14f17b0-1「back」
breast,ami_nt,cucu,,2026學習詞表 06-18「乳房」
breast,ami_hk,coco^,,2026學習詞表 06-18「乳房」
breast,ami_ha,coco,,2026學習詞表 06-18「乳房」
breast,ami_ml,coco,,2026學習詞表 06-18「乳房」
breast,ami_hc,coco,,2026學習詞表 06-18「乳房」
breast,ata_sq,bubu,,2026學習詞表 06-18「乳房」：bubu’
breast,ata_su,bubu,,2026學習詞表 06-18「乳房」：bubu
breast,ata_ml,xuxuʼ,,2026學習詞表 06-18「乳房」
breast,ata_pl,bubuʼ,,2026學習詞表 06-18「乳房」
breast,ata_sk,bubu,,2026學習詞表 06-18「乳房」
breast,ata_kl,bubu,,2026學習詞表 06-18「乳房」
breast,say,hoehoeʼ,,2026學習詞表 06-18「乳房」
breast,tha,tutu,,2026學習詞表 06-18「乳房」
breast,sed_to,nunuh,,2026學習詞表 06-18「乳房」
breast,sed_tg,nunuh,,2026學習詞表 06-18「乳房」
breast,sed_tr,unuh,,2026學習詞表 06-18「乳房」
breast,bun_td,cucuʼ,,2026學習詞表 06-18「乳房」
breast,bun_bh,cucuʼ,,2026學習詞表 06-18「乳房」
breast,bun_vt,susuʼ,,2026學習詞表 06-18「乳房」
breast,bun_bn,susu/susuʼ,,2026學習詞表 06-18「乳房」：vuvu
breast,bun_ib,susu,,2026學習詞表 06-18「乳房」
breast,pai_es,tutu,,2026學習詞表 06-18「乳房」
breast,pai_nt,tutu,,2026學習詞表 06-18「乳房」
breast,pai_ct,tutu,,2026學習詞表 06-18「乳房」
breast,pai_st,tutu,,2026學習詞表 06-18「乳房」
breast,ruk_es,thotho,,2026學習詞表 06-18「乳房」
breast,ruk_bd,thuthu,,2026學習詞表 06-18「乳房」
breast,ruk_tw,thuthu,,2026學習詞表 06-18「乳房」
breast,ruk_tn,thotho,,2026學習詞表 06-18「乳房」
breast,ruk_mg,thuthu,,2026學習詞表 06-18「乳房」
breast,ruk_mn,soso,,2026學習詞表 06-18「乳房」
breast,puy_py,susu,,2026學習詞表 06-18「乳房」
breast,puy_tp,susu,,2026學習詞表 06-18「乳房」
breast,puy_ws,susu,,2026學習詞表 06-18「乳房」
breast,puy_ks,susu,,2026學習詞表 06-18「乳房」
breast,trv,unuh,,2026學習詞表 06-18「乳房」
breast,kav,sisu,,2026學習詞表 06-18「乳房」
breast,tso,nunʼu,,2026學習詞表 06-18「乳房」
breast,knv,mumu,,2026學習詞表 06-18「乳房」
breast,hla,ʼususu,,2026學習詞表 06-18「乳房」
breast,yam,soso,,2026學習詞表 06-18「乳房」
breast,sak,cucu,,2026學習詞表 06-18「乳房」
breast,pan,*susu₁,,"ACD PAN 19072-90250d26b5795f56a683fa78c82c4ce6-1「female breast, udder」"
breast,pmp,*susu₁,,"ACD PMP 19081-90250d26b5795f56a683fa78c82c4ce6-1「female breast, udder」"
heart,ami_nt,valucuʼ,,2026學習詞表 06-28「心臟」
heart,ami_hk,falocoʼ,,2026學習詞表 06-28「心臟」
heart,ami_ha,falocoʼ,,2026學習詞表 06-28「心臟」
heart,ami_ml,falocoʼ,,2026學習詞表 06-28「心臟」
heart,ami_hc,falocoʼ,,2026學習詞表 06-28「心臟」
heart,ata_sq,yaba yuhum,,2026學習詞表 06-28「心臟」：yuhum/yaba’ bahat
heart,ata_su,tumun,,2026學習詞表 06-28「心臟」：tumun
heart,ata_ml,yurul,,2026學習詞表 06-28「心臟」
heart,ata_pl,bahak,,2026學習詞表 06-28「心臟」
heart,ata_sk,yuhuk,,2026學習詞表 06-28「心臟」
heart,ata_kl,yurun/ bahat,,2026學習詞表 06-28「心臟」：yurun/ bahat(眉原) /sinzyo
heart,say,ʼae:oʼ,,2026學習詞表 06-28「心臟」
heart,tha,shnaw,,2026學習詞表 06-28「心臟」
heart,sed_to,tama baraq,,2026學習詞表 06-28「心臟」
heart,sed_tg,toma bahak,,2026學習詞表 06-28「心臟」
heart,sed_tr,tama baraq,,2026學習詞表 06-28「心臟」
heart,bun_td,qumun,,2026學習詞表 06-28「心臟」
heart,bun_bh,qumun,,2026學習詞表 06-28「心臟」
heart,bun_vt,qumun,,2026學習詞表 06-28「心臟」
heart,bun_bn,qumun/qaputung,,2026學習詞表 06-28「心臟」：qumun/qaputung
heart,bun_ib,haputung,,2026學習詞表 06-28「心臟」
heart,pai_es,qavuvung,,2026學習詞表 06-28「心臟」
heart,pai_nt,’avuvung,,2026學習詞表 06-28「心臟」：qavuvung
heart,pai_ct,qavuvung,,2026學習詞表 06-28「心臟」
heart,pai_st,qavuvung,,2026學習詞表 06-28「心臟」
heart,ruk_es,avava,,2026學習詞表 06-28「心臟」：kavavong動物的心臟
heart,ruk_bd,avaava,,2026學習詞表 06-28「心臟」
heart,ruk_tw,avava,,2026學習詞表 06-28「心臟」：tetene
heart,ruk_tn,tetene,,2026學習詞表 06-28「心臟」
heart,ruk_mg,atukulu,,2026學習詞表 06-28「心臟」
heart,ruk_mn,tetene,,2026學習詞表 06-28「心臟」
heart,puy_py,muredudu,,2026學習詞表 06-28「心臟」
heart,puy_tp,ʼavuvung,,2026學習詞表 06-28「心臟」
heart,puy_ws,mulududu/ʼavuvung/muluduludu,,2026學習詞表 06-28「心臟」
heart,puy_ks,ʼavuvung,,2026學習詞表 06-28「心臟」
heart,trv,tama baraq,,2026學習詞表 06-28「心臟」
heart,kav,anem,,2026學習詞表 06-28「心臟」
heart,tso,tʼuhu,,2026學習詞表 06-28「心臟」
heart,knv,tukunu,,2026學習詞表 06-28「心臟」
heart,hla,hlikʉlʉcʉhla,,2026學習詞表 06-28「心臟」
heart,yam,taoz,,2026學習詞表 06-28「心臟」
heart,sak,balucuʼ,,2026學習詞表 06-28「心臟」
heart,pan,*ajem,,"ACD PAN 19072-420905ddde7b465d727e898a3e3ac923-1「heart, mind」"
heart,pmp,*pusuq₁,,ACD PMP 19081-7c4ebc3c96ac8e297782857272f185f4-1「heart of a person or animal; purple heart-shaped inflorescence of banana plant」
liver,ami_nt,atay,,2026學習詞表 06-34「肝臟」
liver,ami_hk,ʼatay,,2026學習詞表 06-34「肝臟」
liver,ami_ha,ʼatay,,2026學習詞表 06-34「肝臟」
liver,ami_ml,ʼatay,,2026學習詞表 06-34「肝臟」
liver,ami_hc,ʼatay,,2026學習詞表 06-34「肝臟」：kalasay脾臟
liver,ata_sq,szik,,2026學習詞表 06-34「肝臟」
liver,ata_su,sigit,,2026學習詞表 06-34「肝臟」：sgigic(新生部落)
liver,ata_ml,sayk,,2026學習詞表 06-34「肝臟」
liver,ata_pl,saṟik,,2026學習詞表 06-34「肝臟」
liver,ata_sk,sik,,2026學習詞表 06-34「肝臟」
liver,ata_kl,sigit / sgigit / sgigic,,2026學習詞表 06-34「肝臟」：sgigit (眉原)/ sgigic(眉原)
liver,say,raeʼael,,2026學習詞表 06-34「肝臟」
liver,tha,rishi,,2026學習詞表 06-34「肝臟」
liver,sed_to,rumul,,2026學習詞表 06-34「肝臟」
liver,sed_tg,rumun,,2026學習詞表 06-34「肝臟」
liver,sed_tr,rumul,,2026學習詞表 06-34「肝臟」
liver,bun_td,takiʼngadaq,,2026學習詞表 06-34「肝臟」
liver,bun_bh,qataz,,2026學習詞表 06-34「肝臟」
liver,bun_vt,qataz,,2026學習詞表 06-34「肝臟」
liver,bun_bn,qataz,,2026學習詞表 06-34「肝臟」：qataz
liver,bun_ib,hataz,,2026學習詞表 06-34「肝臟」
liver,pai_es,qacay,,2026學習詞表 06-34「肝臟」
liver,pai_nt,acay,,2026學習詞表 06-34「肝臟」：qacay
liver,pai_ct,qacay,,2026學習詞表 06-34「肝臟」
liver,pai_st,qacay,,2026學習詞表 06-34「肝臟」
liver,ruk_es,athay,,2026學習詞表 06-34「肝臟」
liver,ruk_bd,athay,,2026學習詞表 06-34「肝臟」
liver,ruk_tw,athai,,2026學習詞表 06-34「肝臟」
liver,ruk_tn,soogo,,2026學習詞表 06-34「肝臟」
liver,ruk_mg,surugu,,2026學習詞表 06-34「肝臟」
liver,ruk_mn,asai,,2026學習詞表 06-34「肝臟」
liver,puy_py,rami,,2026學習詞表 06-34「肝臟」
liver,puy_tp,ʼatray,,2026學習詞表 06-34「肝臟」
liver,puy_ws,ʼatray/rami,,2026學習詞表 06-34「肝臟」
liver,puy_ks,ʼacay,,2026學習詞表 06-34「肝臟」
liver,trv,rumul,,2026學習詞表 06-34「肝臟」
liver,kav,penazengitan/pazengitan,,2026學習詞表 06-34「肝臟」
liver,tso,hʼonʉ,,2026學習詞表 06-34「肝臟」
liver,knv,civuin,,2026學習詞表 06-34「肝臟」
liver,hla,ʼaciʼi,,2026學習詞表 06-34「肝臟」
liver,yam,atay,,2026學習詞表 06-34「肝臟」
liver,sak,atay,,2026學習詞表 06-34「肝臟」
liver,pan,*qaCay,,ACD PAN 19072-ab309313142df64b0c8a000f1c11a12e-1「liver」
liver,pmp,*qatay,,"ACD PMP 19081-2ba5624900aef5dbbd68054d0c4efb55-1「liver; seat of the emotions, inner self: core, mind, will, desire, feeling, intelligence, understanding; to want or wish; hollow of the palm of the hand or sole of the foot; pith, as of bamboo」"
drink,ami_nt,minanum,,2026學習詞表 27-03「喝」；2026學習詞表 30-61「喝(水)」
drink,ami_hk,ʼowak / miʼinip/minanom,,2026學習詞表 27-03「喝」；2026學習詞表 30-61「喝(水)」
drink,ami_ha,minanom,,2026學習詞表 27-03「喝」；2026學習詞表 30-61「喝(水)」
drink,ami_ml,minanom,,2026學習詞表 27-03「喝」；2026學習詞表 30-61「喝(水)」
drink,ami_hc,minanom / miʼinip,,"2026學習詞表 27-03「喝」：’ok’ok大口大口地喝
 ’owak /inip 酒類的喝法；2026學習詞表 30-61「喝(水)」：mi’owak猛喝"
drink,ata_sq,mnbuw,,2026學習詞表 27-03「喝」：mnbuw；2026學習詞表 30-61「喝(水)」
drink,ata_su,mnbuw / mnbuw / nbuw,,2026學習詞表 27-03「喝」；2026學習詞表 30-61「喝(水)」
drink,ata_ml,manubuwag,,2026學習詞表 27-03「喝」；2026學習詞表 30-61「喝(水)」
drink,ata_pl,maʼabuʼ,,2026學習詞表 27-03「喝」；2026學習詞表 30-61「喝(水)」
drink,ata_sk,mnbux,,2026學習詞表 27-03「喝」；2026學習詞表 30-61「喝(水)」
drink,ata_kl,mnbuw/ mnbu / gubun / gubiy / mnbuw/ nbu,,2026學習詞表 27-03「喝」：mnbu(眉原)；2026學習詞表 30-61「喝(水)」：nbu(眉原)
drink,say,raeʼoe:,,2026學習詞表 27-03「喝」；2026學習詞表 30-61「喝(水)」
drink,tha,miqilha,,2026學習詞表 27-03「喝」；2026學習詞表 30-61「喝(水)」
drink,sed_to,mimah,,2026學習詞表 27-03「喝」：mahi喝；2026學習詞表 30-61「喝(水)」
drink,sed_tg,mimah,,2026學習詞表 27-03「喝」；2026學習詞表 30-61「喝(水)」
drink,sed_tr,mimah,,2026學習詞表 27-03「喝」；2026學習詞表 30-61「喝(水)」：mahi
drink,bun_td,quuʼ,,2026學習詞表 27-03「喝」；2026學習詞表 30-61「喝(水)」
drink,bun_bh,quʼ / quʼ(danum),,2026學習詞表 27-03「喝」；2026學習詞表 30-61「喝(水)」
drink,bun_vt,quu,,2026學習詞表 27-03「喝」；2026學習詞表 30-61「喝(水)」
drink,bun_bn,quu,,2026學習詞表 27-03「喝」：quu；2026學習詞表 30-61「喝(水)」：quu
drink,bun_ib,huud,,2026學習詞表 27-03「喝」；2026學習詞表 30-61「喝(水)」：hud東部/高雄慣用
drink,pai_es,temekel,,2026學習詞表 27-03「喝」；2026學習詞表 30-61「喝(水)」
drink,pai_nt,temekel,,2026學習詞表 27-03「喝」；2026學習詞表 30-61「喝(水)」
drink,pai_ct,temekel/teme’el,,2026學習詞表 27-03「喝」；2026學習詞表 30-61「喝(水)」
drink,pai_st,temekel/teme’el,,2026學習詞表 27-03「喝」；2026學習詞表 30-61「喝(水)」
drink,ruk_es,ongolo,,2026學習詞表 27-03「喝」；2026學習詞表 30-61「喝(水)」
drink,ruk_bd,ungulu,,2026學習詞表 27-03「喝」；2026學習詞表 30-61「喝(水)」
drink,ruk_tw,ungulu,,2026學習詞表 27-03「喝」；2026學習詞表 30-61「喝(水)」
drink,ruk_tn,waʼongolo,,2026學習詞表 27-03「喝」；2026學習詞表 30-61「喝(水)」
drink,ruk_mg,ungulu,,2026學習詞表 27-03「喝」；2026學習詞表 30-61「喝(水)」
drink,ruk_mn,ʼongolo / ʼongolo (acilai),,2026學習詞表 27-03「喝」；2026學習詞表 30-61「喝(水)」
drink,puy_py,tremekel,,2026學習詞表 27-03「喝」
drink,puy_tp,ʼemawu,,2026學習詞表 27-03「喝」
drink,puy_ws,trekel,,2026學習詞表 27-03「喝」：喝(酒)
drink,puy_ks,’au,,2026學習詞表 27-03「喝」
drink,trv,mimah / mimah(qsiya),,2026學習詞表 27-03「喝」；2026學習詞表 30-61「喝(水)」
drink,kav,menanum,,2026學習詞表 27-03「喝」；2026學習詞表 30-61「喝(水)」
drink,tso,mimo,,2026學習詞表 27-03「喝」；2026學習詞表 30-61「喝(水)」
drink,knv,mima,,2026學習詞表 27-03「喝」；2026學習詞表 30-61「喝(水)」
drink,hla,miima / mima,,2026學習詞表 27-03「喝」；2026學習詞表 30-61「喝(水)」
drink,yam,minom,,2026學習詞表 27-03「喝」；2026學習詞表 30-61「喝(水)」：minom 喝(ranom水)
drink,sak,nanum / minanum,,2026學習詞表 27-03「喝」；2026學習詞表 30-61「喝(水)」
drink,pan,*imah,,ACD PAN 19072-0b18a3d7b9c43ff1750d2baa4606b8d0-1「drink」
drink,pmp,*um-inum,,ACD PMP 19081-8ce4fe6bc0847e53024f01c9eae36724-1「to drink」
eat,ami_nt,kaen / kemaen,,2026學習詞表 27-01「吃」；2026學習詞表 27-15「吃(東西)」
eat,ami_hk,kaen,,2026學習詞表 27-01「吃」；2026學習詞表 27-15「吃(東西)」
eat,ami_ha,kaen / komaen,,2026學習詞表 27-01「吃」；2026學習詞表 27-15「吃(東西)」
eat,ami_ml,kaen / komaen,,2026學習詞表 27-01「吃」；2026學習詞表 27-15「吃(東西)」
eat,ami_hc,kaen / komaen,,2026學習詞表 27-01「吃」；2026學習詞表 27-15「吃(東西)」
eat,ata_sq,maniq,,2026學習詞表 27-01「吃」；2026學習詞表 27-15「吃(東西)」
eat,ata_su,mani / mani / kani,,2026學習詞表 27-01「吃」；2026學習詞表 27-15「吃(東西)」：ni’un/mani
eat,ata_ml,maneq,,2026學習詞表 27-01「吃」；2026學習詞表 27-15「吃(東西)」
eat,ata_pl,maniʼ,,2026學習詞表 27-01「吃」；2026學習詞表 27-15「吃(東西)」
eat,ata_sk,maniq,,2026學習詞表 27-01「吃」；2026學習詞表 27-15「吃(東西)」
eat,ata_kl,mani,,2026學習詞表 27-01「吃」；2026學習詞表 27-15「吃(東西)」
eat,say,siʼael / somiʼael,,2026學習詞表 27-01「吃」；2026學習詞表 27-15「吃(東西)」
eat,tha,kmaan,,2026學習詞表 27-01「吃」；2026學習詞表 27-15「吃(東西)」
eat,sed_to,mkan,,2026學習詞表 27-01「吃」：qi; uqi; kan吃；2026學習詞表 27-15「吃(東西)」：kan; qi; uqi吃
eat,sed_tg,ekan / mekan,,2026學習詞表 27-01「吃」；2026學習詞表 27-15「吃(東西)」
eat,sed_tr,mkan,,2026學習詞表 27-01「吃」；2026學習詞表 27-15「吃(東西)」
eat,bun_td,maʼun,,2026學習詞表 27-01「吃」；2026學習詞表 27-15「吃(東西)」：ma’un吃 kaunun食用，食物
eat,bun_bh,maʼun,,2026學習詞表 27-01「吃」；2026學習詞表 27-15「吃(東西)」
eat,bun_vt,maʼun / mamaʼun,,2026學習詞表 27-01「吃」：另作maun；2026學習詞表 27-15「吃(東西)」
eat,bun_bn,maʼun,,2026學習詞表 27-01「吃」：ma-un；2026學習詞表 27-15「吃(東西)」：ma-un
eat,bun_ib,maun,,2026學習詞表 27-01「吃」；2026學習詞表 27-15「吃(東西)」
eat,pai_es,keman / kakanen,,2026學習詞表 27-01「吃」；2026學習詞表 27-15「吃(東西)」
eat,pai_nt,keman / kemakan,,2026學習詞表 27-01「吃」；2026學習詞表 27-15「吃(東西)」
eat,pai_ct,keman/’eman / kemakan/’ema’an,,2026學習詞表 27-01「吃」；2026學習詞表 27-15「吃(東西)」
eat,pai_st,keman/’eman / kakanen/’a’anen,,2026學習詞表 27-01「吃」；2026學習詞表 27-15「吃(東西)」
eat,ruk_es,kane / kwane,,2026學習詞表 27-01「吃」；2026學習詞表 27-15「吃(東西)」
eat,ruk_bd,kane,,2026學習詞表 27-01「吃」；2026學習詞表 27-15「吃(東西)」
eat,ruk_tw,kane / kwanea,,2026學習詞表 27-01「吃」；2026學習詞表 27-15「吃(東西)」：祈使
eat,ruk_tn,wakane,,2026學習詞表 27-01「吃」；2026學習詞表 27-15「吃(東西)」
eat,ruk_mg,ukanɨ,,2026學習詞表 27-01「吃」；2026學習詞表 27-15「吃(東西)」
eat,ruk_mn,kone / okane,,2026學習詞表 27-01「吃」；2026學習詞表 27-15「吃(東西)」
eat,puy_py,mekan,,2026學習詞表 27-01「吃」；2026學習詞表 27-15「吃」
eat,puy_tp,mekan / ekan / akan,,2026學習詞表 27-01「吃」；2026學習詞表 27-15「吃」
eat,puy_ws,ekan,,2026學習詞表 27-01「吃」；2026學習詞表 27-15「吃」
eat,puy_ks,ekan,,2026學習詞表 27-01「吃」；2026學習詞表 27-15「吃」
eat,trv,mkan,,2026學習詞表 27-01「吃」
eat,kav,qeman,,2026學習詞表 27-01「吃」；2026學習詞表 27-15「吃(東西)」
eat,tso,bonʉ / ana,,2026學習詞表 27-01「吃」；2026學習詞表 27-15「吃(東西)」
eat,knv,kumakʉnʉ,,2026學習詞表 27-01「吃」；2026學習詞表 27-15「吃」
eat,hla,uumu / umau,,2026學習詞表 27-01「吃」；2026學習詞表 27-15「(要)吃」
eat,yam,koman,,2026學習詞表 27-01「吃」；2026學習詞表 27-15「吃(東西)」
eat,sak,kan / mukan,,2026學習詞表 27-01「吃」；2026學習詞表 27-15「吃(東西)」
eat,pan,*kaen,,ACD PAN 19072-9a97eda6d89f5c9e84560468a0679707-1「eat」
eat,pmp,*kaen,,ACD PMP 19081-9a97eda6d89f5c9e84560468a0679707-1「eat」
bite,ami_nt,kalat,,2026學習詞表 27-05「咬」
bite,ami_hk,kalat,,2026學習詞表 27-05「咬」
bite,ami_ha,kalat,,2026學習詞表 27-05「咬」
bite,ami_ml,mikalat,,2026學習詞表 27-05「咬」
bite,ami_hc,kalat,,2026學習詞表 27-05「咬」
bite,ata_sq,kmat,,2026學習詞表 27-05「咬」
bite,ata_su,kmat,,2026學習詞表 27-05「咬」：kmat/kmac(新生部落)
bite,ata_ml,kumat,,2026學習詞表 27-05「咬」
bite,ata_pl,kumat,,2026學習詞表 27-05「咬」
bite,ata_sk,kmat,,2026學習詞表 27-05「咬」
bite,ata_kl,kmat,,2026學習詞表 27-05「咬」
bite,say,ka:as,,2026學習詞表 27-05「咬」
bite,tha,qmirqir,,2026學習詞表 27-05「咬」
bite,sed_to,qmiyuc,,2026學習詞表 27-05「咬」：qyuti咬
bite,sed_tg,qmiyuc,,2026學習詞表 27-05「咬」
bite,sed_tr,qyutan,,2026學習詞表 27-05「咬」
bite,bun_td,kalat,,2026學習詞表 27-05「咬」
bite,bun_bh,kalat,,2026學習詞表 27-05「咬」
bite,bun_vt,kalat,,2026學習詞表 27-05「咬」
bite,bun_bn,kalat,,2026學習詞表 27-05「咬」：kalat
bite,bun_ib,kalat,,2026學習詞表 27-05「咬」
bite,pai_es,kemac,,2026學習詞表 27-05「咬」
bite,pai_nt,kemac,,2026學習詞表 27-05「咬」
bite,pai_ct,kemac/’emac,,2026學習詞表 27-05「咬」
bite,pai_st,kemac/’emac,,2026學習詞表 27-05「咬」
bite,ruk_es,kac / kwac,,2026學習詞表 27-05「咬」
bite,ruk_bd,kaace,,2026學習詞表 27-05「咬」
bite,ruk_tw,kace,,2026學習詞表 27-05「咬」
bite,ruk_tn,wakaʼace,,2026學習詞表 27-05「咬」
bite,ruk_mg,utɨtɨ/ungocu,,2026學習詞表 27-05「咬」
bite,ruk_mn,ʼelrate,,2026學習詞表 27-05「咬」
bite,puy_py,karatraw,,2026學習詞表 27-05「咬」
bite,puy_tp,karatr,,2026學習詞表 27-05「咬」
bite,puy_ws,karatr,,2026學習詞表 27-05「咬」
bite,puy_ks,karac,,2026學習詞表 27-05「咬」
bite,trv,qmiyut,,2026學習詞表 27-05「咬」
bite,kav,qemaRat,,2026學習詞表 27-05「咬」
bite,tso,boecx,,2026學習詞表 27-05「咬」
bite,knv,rumaraʼisi,,2026學習詞表 27-05「咬」
bite,hla,umaracʉ,,2026學習詞表 27-05「咬」
bite,yam,ngetngeten,,2026學習詞表 27-05「咬」
bite,sak,kalat,,2026學習詞表 27-05「咬」
bite,pan,*kaRaC,,ACD PAN 19072-7659182992ed205987aad96e00094e92-1「to bite」
bite,pmp,*kaRat,,ACD PMP 19081-7659182992ed205987aad96e00094e92-3「to bite」
suck,ami_nt,helup,,2026學習詞表 27-02「吸」
suck,ami_hk,helip,,2026學習詞表 27-02「吸」
suck,ami_ha,helip/helop,,2026學習詞表 27-02「吸」
suck,ami_ml,helip/helop,,2026學習詞表 27-02「吸」
suck,ami_hc,helip/cepcep,,2026學習詞表 27-02「吸」
suck,ata_sq,shop,,2026學習詞表 27-02「吸」
suck,ata_su,ssiban / pshut,,2026學習詞表 27-02「吸」：pasahus/pshoban
suck,ata_ml,sumihub/ sihuban,,2026學習詞表 27-02「吸」
suck,ata_pl,hunyak,,2026學習詞表 27-02「吸」
suck,ata_sk,shop,,2026學習詞表 27-02「吸」
suck,ata_kl,mchot / choban / cbit / mshop,,2026學習詞表 27-02「吸」：mshop(眉原)
suck,say,ʼoesʼoes,,2026學習詞表 27-02「吸」
suck,tha,shmiʼuthʼuth,,2026學習詞表 27-02「吸」
suck,sed_to,mhuc,,2026學習詞表 27-02「吸」
suck,sed_tg,hgeti,,2026學習詞表 27-02「吸」
suck,sed_tr,hguc,,2026學習詞表 27-02「吸」
suck,bun_td,sicupcup,,2026學習詞表 27-02「吸」：sicupcup/sibuqtuc 吸；抽取
suck,bun_bh,sicupcup,,2026學習詞表 27-02「吸」
suck,bun_vt,siszup,,2026學習詞表 27-02「吸」：另作supsup
suck,bun_bn,supsup,,2026學習詞表 27-02「吸」：supsup
suck,bun_ib,supsup,,2026學習詞表 27-02「吸」
suck,pai_es,semeljup,,2026學習詞表 27-02「吸」
suck,pai_nt,semiyup,,2026學習詞表 27-02「吸」：menutjemutj/semiqub/semeljup
suck,pai_ct,semerep,,2026學習詞表 27-02「吸」：慢慢吸tempetep
suck,pai_st,semiljup/semeljup,,2026學習詞表 27-02「吸」
suck,ruk_es,theʼetheʼe,,2026學習詞表 27-02「吸」
suck,ruk_bd,therepe,,2026學習詞表 27-02「吸」
suck,ruk_tw,thehepe,,2026學習詞表 27-02「吸」
suck,ruk_tn,watheepe,,2026學習詞表 27-02「吸」
suck,ruk_mg,sulutu/thɨrɨpɨ,,2026學習詞表 27-02「吸」
suck,ruk_mn,sehepe,,2026學習詞表 27-02「吸」：serepe。 sepesepe吸允。
suck,puy_py,semirep,,2026學習詞表 27-02「吸」
suck,puy_tp,semirep,,2026學習詞表 27-02「吸」
suck,puy_ws,sirep,,2026學習詞表 27-02「吸」
suck,puy_ks,sirep,,2026學習詞表 27-02「吸」
suck,trv,qmqung,,2026學習詞表 27-02「吸」
suck,kav,semisep,,2026學習詞表 27-02「吸」
suck,tso,eseuseu,,2026學習詞表 27-02「吸」
suck,knv,maricucu,,2026學習詞表 27-02「吸」
suck,hla,malimucucu,,2026學習詞表 27-02「吸」
suck,yam,cizopen,,2026學習詞表 27-02「吸」
suck,sak,helup,,2026學習詞表 27-02「吸」
suck,pan,*qesep,,"ACD PAN 19072-8f7135c41a713f5c7298adcc49062969-1「sip, suck」"
suck,pmp,*q<um>esep,,ACD PMP 19081-a195a27d1c96dbc7ea4aa9928d914673-2「suck」
spit,pan,*l<um>udaq,,ACD PAN 19072-039e4758003ccbd76012334cc173cfa7-1「to spit」
spit,pmp,*l<um>udaq,,ACD PMP 19081-039e4758003ccbd76012334cc173cfa7-1「to spit」
vomit,ami_nt,mutaʼ,,2026學習詞表 27-04「吐」
vomit,ami_hk,otaʼ,,2026學習詞表 27-04「吐」
vomit,ami_ha,mota’/ota’,,2026學習詞表 27-04「吐」：另作maota’。
vomit,ami_ml,maota’,,2026學習詞表 27-04「吐」
vomit,ami_hc,otaʼ,,2026學習詞表 27-04「吐」
vomit,ata_sq,mutaq,,2026學習詞表 27-04「吐」
vomit,ata_su,mputa / puta,,2026學習詞表 27-04「吐」：maputa/muta
vomit,ata_ml,mutaq,,2026學習詞表 27-04「吐」
vomit,ata_pl,mutaʼ,,2026學習詞表 27-04「吐」
vomit,ata_sk,mutaq,,2026學習詞表 27-04「吐」
vomit,ata_kl,muta/ mutak,,2026學習詞表 27-04「吐」：mutak(眉原)
vomit,say,moetaeʼ,,2026學習詞表 27-04「吐」：tomopeS
vomit,tha,mutaq,,2026學習詞表 27-04「吐」
vomit,sed_to,pbrih,,2026學習詞表 27-04「吐」：brih吐; tmuyuq吐口水
vomit,sed_tg,pberih,,2026學習詞表 27-04「吐」
vomit,sed_tr,tbrih,,2026學習詞表 27-04「吐」
vomit,bun_td,mutaq,,2026學習詞表 27-04「吐」
vomit,bun_bh,mutaq,,2026學習詞表 27-04「吐」
vomit,bun_vt,pusʼaq/mutaq,,2026學習詞表 27-04「吐」
vomit,bun_bn,pusʼaq / mutaq,,2026學習詞表 27-04「吐」：mutaq
vomit,bun_ib,mutah,,2026學習詞表 27-04「吐」
vomit,pai_es,mutjaq,,2026學習詞表 27-04「吐」
vomit,pai_nt,mutja’,,2026學習詞表 27-04「吐」：mutjaq
vomit,pai_ct,mutjaq,,2026學習詞表 27-04「吐」
vomit,pai_st,mutjaq,,2026學習詞表 27-04「吐」
vomit,ruk_es,ota,,2026學習詞表 27-04「吐」
vomit,ruk_bd,puauta,,2026學習詞表 27-04「吐」：saulri
vomit,ruk_tw,puta,,2026學習詞表 27-04「吐」
vomit,ruk_tn,waʼota,,2026學習詞表 27-04「吐」
vomit,ruk_mg,ututa,,2026學習詞表 27-04「吐」
vomit,ruk_mn,ʼoadhe,,2026學習詞表 27-04「吐」
vomit,puy_py,lepaan,,2026學習詞表 27-04「吐出來」
vomit,puy_tp,uta’,,2026學習詞表 27-04「吐出來」：祈使(命令)
vomit,puy_ws,utaʼ,,2026學習詞表 27-04「吐出來」
vomit,puy_ks,uta’,,2026學習詞表 27-04「吐出來」
vomit,trv,pbrih,,2026學習詞表 27-04「吐」
vomit,kav,muti,,2026學習詞表 27-04「吐」
vomit,tso,teavto,,2026學習詞表 27-04「吐」
vomit,knv,puriʼi,,2026學習詞表 27-04「吐」
vomit,hla,tarʉta,,2026學習詞表 27-04「吐」
vomit,yam,mota,,2026學習詞表 27-04「吐」：motota一直吐
vomit,sak,utaʼ,,2026學習詞表 27-04「吐」
vomit,pan,*utaq,,ACD PAN 19072-e5f18c6746faca00f7d36f1955baa798-1「vomit」
vomit,pmp,*utaq,,ACD PMP 19081-e5f18c6746faca00f7d36f1955baa798-1「vomit」
blow,ami_nt,iyup,,2026學習詞表 26-28「吹」
blow,ami_hk,iyof,,2026學習詞表 26-28「吹」
blow,ami_ha,ʼiyof,,2026學習詞表 26-28「吹」
blow,ami_ml,miiyof,,2026學習詞表 26-28「吹」
blow,ami_hc,iyof,,2026學習詞表 26-28「吹」
blow,ata_sq,yupun,,2026學習詞表 26-28「吹」：zyupan
blow,ata_su,yupan,,2026學習詞表 26-28「吹」：yupan
blow,ata_ml,umiyup,,2026學習詞表 26-28「吹」
blow,ata_pl,yumuk,,2026學習詞表 26-28「吹」
blow,ata_sk,yupan,,2026學習詞表 26-28「吹」
blow,ata_kl,ymuk / yupan,,2026學習詞表 26-28「吹」：yupan(眉原)
blow,say,hiyop,,2026學習詞表 26-28「吹」
blow,tha,miup,,2026學習詞表 26-28「吹」
blow,sed_to,miyuk,,2026學習詞表 26-28「吹」
blow,sed_tg,miyuk,,2026學習詞表 26-28「吹」
blow,sed_tr,muyuk,,2026學習詞表 26-28「吹」：亦用miyuk
blow,bun_td,maʼiup,,2026學習詞表 26-28「吹」：i’iup 吹（火）筒，吹氣筒 ; pululuut哨子
blow,bun_bh,maʼiup,,2026學習詞表 26-28「吹」
blow,bun_vt,maʼiup,,2026學習詞表 26-28「吹」
blow,bun_bn,maʼiup,,2026學習詞表 26-28「吹」：ma-iup
blow,bun_ib,maʼiip,,2026學習詞表 26-28「吹」：Ma’ip南投/高雄慣用
blow,pai_es,djemapes,,2026學習詞表 26-28「吹」
blow,pai_nt,djemapes,,2026學習詞表 26-28「吹」
blow,pai_ct,djemapes / djemasep,,2026學習詞表 26-28「吹」
blow,pai_st,djemapes,,2026學習詞表 26-28「吹」
blow,ruk_es,bethebethe,,2026學習詞表 26-28「吹」
blow,ruk_bd,iipi,,2026學習詞表 26-28「吹」
blow,ruk_tw,waiipi,,2026學習詞表 26-28「吹」
blow,ruk_tn,waʼipi,,2026學習詞表 26-28「吹」
blow,ruk_mg,butu,,2026學習詞表 26-28「吹」
blow,ruk_mn,voʼoto,,2026學習詞表 26-28「吹」
blow,puy_py,emiyup,,2026學習詞表 26-28「吹」
blow,puy_tp,miyup,,2026學習詞表 26-28「吹」
blow,puy_ws,iyup,,2026學習詞表 26-28「吹」
blow,puy_ks,iyup,,2026學習詞表 26-28「吹」
blow,trv,miyuk,,2026學習詞表 26-28「吹」
blow,kav,semiyup,,2026學習詞表 26-28「吹」
blow,tso,meepeucu,,2026學習詞表 26-28「吹」
blow,knv,purarupu,,2026學習詞表 26-28「吹」
blow,hla,paripa,,2026學習詞表 26-28「吹」
blow,yam,avyotan,,2026學習詞表 26-28「吹」
blow,sak,iyub,,2026學習詞表 26-28「吹」
blow,pan,*S<um>eyup,,ACD PAN 19072-6349ac43f298198d976ef735b58c66f6-1「to blow」
blow,pmp,*h<um>eyup,,ACD PMP 19081-6349ac43f298198d976ef735b58c66f6-1「to blow」
breathe,pan,*NiSawa,,ACD PAN 19072-a1fc9b5f3c690507f54a7fd387b364fc-1「breath; to breathe」
breathe,pmp,*nihawa,,"ACD PMP 19081-e9f4472e813052a994532e635c6916b8-1「breath; life force, breath soul; to breathe; breathe easily, feel comfort, be at ease, have ‘breathing room’; to rest, take a break」"
laugh,ami_nt,tawa,,2026學習詞表 32-16「笑」
laugh,ami_hk,tawa^,,2026學習詞表 32-16「笑」
laugh,ami_ha,matawa,,2026學習詞表 32-16「笑」
laugh,ami_ml,matawa,,2026學習詞表 32-16「笑」
laugh,ami_hc,tawa,,2026學習詞表 32-16「笑」
laugh,ata_sq,msyaq,,2026學習詞表 32-16「笑」
laugh,ata_su,msya,,2026學習詞表 32-16「笑」：masiya
laugh,ata_ml,masiyaq,,2026學習詞表 32-16「笑」
laugh,ata_pl,maseʼ,,2026學習詞表 32-16「笑」
laugh,ata_sk,msyaq,,2026學習詞表 32-16「笑」
laugh,ata_kl,msya,,2026學習詞表 32-16「笑」
laugh,say,sawaʼ,,2026學習詞表 32-16「笑」
laugh,tha,mathathawa,,2026學習詞表 32-16「笑」
laugh,sed_to,mhulis,,2026學習詞表 32-16「笑」
laugh,sed_tg,hulis,,2026學習詞表 32-16「笑」
laugh,sed_tr,mhulis,,2026學習詞表 32-16「笑」
laugh,bun_td,maqainan,,2026學習詞表 32-16「笑」
laugh,bun_bh,maqenan,,2026學習詞表 32-16「笑」
laugh,bun_vt,maqainan,,2026學習詞表 32-16「笑」
laugh,bun_bn,maqainan,,2026學習詞表 32-16「笑」：maqenan
laugh,bun_ib,mahainan,,2026學習詞表 32-16「笑」
laugh,pai_es,djemeli,,2026學習詞表 32-16「笑」
laugh,pai_nt,djemeli/pedjeli,,2026學習詞表 32-16「笑」
laugh,pai_ct,djemeli,,2026學習詞表 32-16「笑」
laugh,pai_st,djemeli,,2026學習詞表 32-16「笑」
laugh,ruk_es,macicava,,2026學習詞表 32-16「笑」
laugh,ruk_bd,mualrakay,,2026學習詞表 32-16「笑」
laugh,ruk_tw,macicava,,2026學習詞表 32-16「笑」
laugh,ruk_tn,ʼangii,,2026學習詞表 32-16「笑」
laugh,ruk_mg,angiringiri,,2026學習詞表 32-16「笑」
laugh,ruk_mn,kaʼomao,,2026學習詞表 32-16「笑」：ma'omao
laugh,puy_py,saeru,,2026學習詞表 32-16「笑」
laugh,puy_tp,liked,,2026學習詞表 32-16「笑」
laugh,puy_ws,liked,,2026學習詞表 32-16「笑」
laugh,puy_ks,liked,,2026學習詞表 32-16「笑」
laugh,trv,mhulis,,2026學習詞表 32-16「笑」
laugh,kav,metawa,,2026學習詞表 32-16「笑」
laugh,tso,cocvo,,2026學習詞表 32-16「笑」
laugh,knv,macaca,,2026學習詞表 32-16「笑」
laugh,hla,macaca,,2026學習詞表 32-16「笑」
laugh,yam,maming,,2026學習詞表 32-16「笑」
laugh,sak,matawa,,2026學習詞表 32-16「笑」
laugh,pan,*Cawa,,ACD PAN 19072-76e5ca44222a53da67e0d5f44000d7f6-1「to laugh」
laugh,pmp,*tawa₁,,ACD PMP 19081-76e5ca44222a53da67e0d5f44000d7f6-1「to laugh」
see,ami_nt,melaw,,2026學習詞表 28-03「看」
see,ami_hk,nengneng,,2026學習詞表 28-03「看」
see,ami_ha,nengneng,,2026學習詞表 28-03「看」
see,ami_ml,nengneng,,2026學習詞表 28-03「看」
see,ami_hc,nengneng,,2026學習詞表 28-03「看」
see,ata_sq,mita,,2026學習詞表 28-03「看」：mita’
see,ata_su,mita / tayux / mtayux,,2026學習詞表 28-03「看」：matayux/mita
see,ata_ml,mitaal,,2026學習詞表 28-03「看」
see,ata_pl,matox,,2026學習詞表 28-03「看」
see,ata_sk,ktayux,,2026學習詞表 28-03「看」
see,ata_kl,mita,,2026學習詞表 28-03「看」
see,say,kitaʼ,,2026學習詞表 28-03「看」
see,tha,mriqaz,,2026學習詞表 28-03「看」
see,sed_to,qmita,,2026學習詞表 28-03「看」
see,sed_tg,qmita,,2026學習詞表 28-03「看」
see,sed_tr,qmita,,2026學習詞表 28-03「看」
see,bun_td,saduu,,2026學習詞表 28-03「看」
see,bun_bh,sadu,,2026學習詞表 28-03「看」
see,bun_vt,saduu,,2026學習詞表 28-03「看」
see,bun_bn,saduu,,2026學習詞表 28-03「看」：saduu
see,bun_ib,sadu,,2026學習詞表 28-03「看」
see,pai_es,pacun,,2026學習詞表 28-03「看」
see,pai_nt,pacun,,2026學習詞表 28-03「看」
see,pai_ct,pacun/’iqenetj,,2026學習詞表 28-03「看」
see,pai_st,pacun/’iqenetj,,2026學習詞表 28-03「看」
see,ruk_es,ceele,,2026學習詞表 28-03「看」
see,ruk_bd,dreele,,2026學習詞表 28-03「看」
see,ruk_tw,ceele,,2026學習詞表 28-03「看」
see,ruk_tn,wacengele,,2026學習詞表 28-03「看」
see,ruk_mg,cɨnglɨ,,2026學習詞表 28-03「看」
see,ruk_mn,cengele,,2026學習詞表 28-03「看」
see,puy_py,menau,,2026學習詞表 28-03「看」
see,puy_tp,menaʼu,,2026學習詞表 28-03「看」
see,puy_ws,naʼu,,2026學習詞表 28-03「看」
see,puy_ks,na’u,,2026學習詞表 28-03「看」
see,trv,qmita,,2026學習詞表 28-03「看」
see,kav,temayta,,2026學習詞表 28-03「看」
see,tso,aiti,,2026學習詞表 28-03「看」
see,knv,cumacʉʼʉra,,2026學習詞表 28-03「看」
see,hla,kumita,,2026學習詞表 28-03「看」
see,yam,cita,,2026學習詞表 28-03「看」
see,sak,azih/ adih/melaw,,2026學習詞表 28-03「看」
see,pan,*kita₂,,ACD PAN 19072-ecf550f6453b3a70ba7d1dccebd6174e-1「to see」
see,pmp,*kita₂,,ACD PMP 19081-ecf550f6453b3a70ba7d1dccebd6174e-1「to see」
hear,ami_nt,tengil,,2026學習詞表 28-19「聽」
hear,ami_hk,tengil,,2026學習詞表 28-19「聽」
hear,ami_ha,tengil,,2026學習詞表 28-19「聽」
hear,ami_ml,tengil,,2026學習詞表 28-19「聽」
hear,ami_hc,tengil,,2026學習詞表 28-19「聽」
hear,ata_sq,mung,,2026學習詞表 28-19「聽」：pongi/mung
hear,ata_su,mung / pung,,2026學習詞表 28-19「聽」：mung
hear,ata_ml,kumnapung/ muung,,2026學習詞表 28-19「聽」
hear,ata_pl,mung,,2026學習詞表 28-19「聽」
hear,ata_sk,mung,,2026學習詞表 28-19「聽」
hear,ata_kl,mung,,2026學習詞表 28-19「聽」
hear,say,bazaeʼ,,2026學習詞表 28-19「聽」
hear,tha,tunmaza,,2026學習詞表 28-19「聽」
hear,sed_to,mbahang,,2026學習詞表 28-19「聽」：qbahang
hear,sed_tg,mbahang,,2026學習詞表 28-19「聽」
hear,sed_tr,qnbahang,,2026學習詞表 28-19「聽」
hear,bun_td,tanʼa,,2026學習詞表 28-19「聽」
hear,bun_bh,tanʼa,,2026學習詞表 28-19「聽」
hear,bun_vt,tanʼa,,2026學習詞表 28-19「聽」
hear,bun_bn,tanʼa,,2026學習詞表 28-19「聽」：tan-a
hear,bun_ib,taʼaza,,2026學習詞表 28-19「聽」
hear,pai_es,lemangeda,,2026學習詞表 28-19「聽」
hear,pai_nt,lemangeda,,2026學習詞表 28-19「聽」
hear,pai_ct,lemangeda / lemadenga,,2026學習詞表 28-19「聽」
hear,pai_st,lemangeda,,2026學習詞表 28-19「聽」
hear,ruk_es,kilrala,,2026學習詞表 28-19「聽」
hear,ruk_bd,kialalra,,2026學習詞表 28-19「聽」
hear,ruk_tw,kilalra,,2026學習詞表 28-19「聽」
hear,ruk_tn,wabiciingi,,2026學習詞表 28-19「聽」
hear,ruk_mg,ubiciringi,,2026學習詞表 28-19「聽」
hear,ruk_mn,siyalalra,,2026學習詞表 28-19「聽」
hear,puy_py,killengaw,,2026學習詞表 28-19「聽」
hear,puy_tp,kinger,,2026學習詞表 28-19「聽」
hear,puy_ws,kinger,,2026學習詞表 28-19「聽」
hear,puy_ks,kinger,,2026學習詞表 28-19「聽」
hear,trv,embahang,,2026學習詞表 28-19「聽」
hear,kav,mipil,,2026學習詞表 28-19「聽」
hear,tso,tmalʉ,,2026學習詞表 28-19「聽」
hear,knv,tumatimana,,2026學習詞表 28-19「聽」
hear,hla,tumimahla,,2026學習詞表 28-19「聽」
hear,yam,amizingen,,2026學習詞表 28-19「聽」
hear,sak,tengil,,2026學習詞表 28-19「聽」
hear,pan,*deŋeR,,ACD PAN 19072-bd0cfa28403729f3880d4b1338bfd354-1「to hear; sound」
hear,pmp,*deŋeR,,"ACD PMP 19081-345f992c31998da67a0ab28c038dd614-1「to hear, listen; obey; hear about; news; fame, famous; to feel, perceive through any sense other than sight」"
know,ami_nt,mavanaʼ,,2026學習詞表 28-02「知道」
know,ami_hk,mafanaʼ,,2026學習詞表 28-02「知道」
know,ami_ha,mafanaʼ,,2026學習詞表 28-02「知道」
know,ami_ml,mafana’,,2026學習詞表 28-02「知道」
know,ami_hc,mafanaʼ,,2026學習詞表 28-02「知道」
know,ata_sq,baq,,2026學習詞表 28-02「知道」
know,ata_su,ba’un,,2026學習詞表 28-02「知道」
know,ata_ml,baqun,,2026學習詞表 28-02「知道」
know,ata_pl,baʼun,,2026學習詞表 28-02「知道」
know,ata_sk,baqun,,2026學習詞表 28-02「知道」
know,ata_kl,baʼun,,2026學習詞表 28-02「知道」
know,say,ra:am,,2026學習詞表 28-02「知道」
know,tha,mafazaq,,2026學習詞表 28-02「知道」
know,sed_to,mkla,,2026學習詞表 28-02「知道」：klaun
know,sed_tg,mkela,,2026學習詞表 28-02「知道」
know,sed_tr,mkla,,2026學習詞表 28-02「知道」：klaun
know,bun_td,maqanciap,,2026學習詞表 28-02「知道」
know,bun_bh,maqanciap,,2026學習詞表 28-02「知道」
know,bun_vt,maqansiap/niap,,2026學習詞表 28-02「知道」
know,bun_bn,qansiap / itqaal / niap,,2026學習詞表 28-02「知道」：maqansiap/ itqaal / niap
know,bun_ib,haiap,,2026學習詞表 28-02「知道」
know,pai_es,kemeljang,,2026學習詞表 28-02「知道」
know,pai_nt,kemeljang,,2026學習詞表 28-02「知道」
know,pai_ct,kemeljang/’emeljang,,2026學習詞表 28-02「知道」
know,pai_st,kemeljang/’emeljang,,2026學習詞表 28-02「知道」
know,ruk_es,thingale,,2026學習詞表 28-02「知道」
know,ruk_bd,thingale,,2026學習詞表 28-02「知道」
know,ruk_tw,wathingale,,2026學習詞表 28-02「知道」：亦可翻為 會
know,ruk_tn,waigoʼo,,2026學習詞表 28-02「知道」
know,ruk_mg,urugu,,2026學習詞表 28-02「知道」
know,ruk_mn,lrihoʼo,,2026學習詞表 28-02「知道」
know,puy_py,malladram,,2026學習詞表 28-02「知道」：認識
know,puy_tp,mazalram,,2026學習詞表 28-02「知道」
know,puy_ws,malrazam,,2026學習詞表 28-02「知道」
know,puy_ks,madalram,,2026學習詞表 28-02「知道」
know,trv,mkla,,2026學習詞表 28-02「知道」
know,kav,suppaRan,,2026學習詞表 28-02「知道」
know,tso,cohivi,,2026學習詞表 28-02「知道」
know,knv,tavarʉʼʉ,,2026學習詞表 28-02「知道」
know,hla,macahlia,,2026學習詞表 28-02「知道」
know,yam,katenngan,,2026學習詞表 28-02「知道」
know,sak,matineng,,2026學習詞表 28-02「知道」
know,pan,*bajaq₁,,"ACD PAN 19072-e47a313a9cc5db6c519c555b9d8eb8b9-1「know, understand; ask, inquire」"
know,pmp,*taqu-an,,ACD PMP 19081-7284bc1fbb39d9ac6383f2aefb17974d-1「to know」
think,ami_nt,simsim,,2026學習詞表 28-25「想(思考)」
think,ami_hk,harateng / safalocoʼ,,2026學習詞表 28-25「想(思考)」
think,ami_ha,harateng,,2026學習詞表 28-25「想(思考)」
think,ami_ml,haratengen,,2026學習詞表 28-25「想(思考)」
think,ami_hc,kaʼilolan,,2026學習詞表 28-25「想(思考)」：sapi...想
think,ata_sq,mnglung,,2026學習詞表 28-25「想(思考)」：sin’inu 想念
think,ata_su,lmnglung,,2026學習詞表 28-25「想(思考)」
think,ata_ml,lumanglung,,2026學習詞表 28-25「想(思考)」
think,ata_pl,lunglung,,2026學習詞表 28-25「想(思考)」
think,ata_sk,lmnglung,,2026學習詞表 28-25「想(思考)」
think,ata_kl,lmnglung,,2026學習詞表 28-25「想(思考)」
think,say,maʼazʼazem,,2026學習詞表 28-25「想(思考)」
think,tha,mangqtu,,2026學習詞表 28-25「想(思考)」
think,sed_to,lmngelung,,2026學習詞表 28-25「想(思考)」：lnglungi; lmlung想(思考)
think,sed_tg,lmngelung,,2026學習詞表 28-25「想(思考)」
think,sed_tr,lmnglung,,2026學習詞表 28-25「想(思考)」
think,bun_td,pismantuk,,2026學習詞表 28-25「想(思考)」
think,bun_bh,milickin,,2026學習詞表 28-25「想(思考)」
think,bun_vt,minliskin,,2026學習詞表 28-25「想(思考)」
think,bun_bn,miliskin,,2026學習詞表 28-25「想(思考)」：miliskin/matinliskin
think,bun_ib,miliskin,,2026學習詞表 28-25「想(思考)」
think,ruk_es,mwalringalringaw,,2026學習詞表 28-25「想(思考)」
think,ruk_bd,kiadremedreme,,2026學習詞表 28-25「想(思考)」
think,ruk_tw,kyadremedreme,,2026學習詞表 28-25「想(思考)」
think,ruk_tn,pakidredreme,,2026學習詞表 28-25「想(思考)」
think,ruk_mg,pakɨdrɨdrɨmɨ,,2026學習詞表 28-25「想(思考)」
think,ruk_mn,apaʼiidhedhedheme,,2026學習詞表 28-25「想(思考)」
think,trv,lmnglung,,2026學習詞表 28-25「想」
think,kav,kasianem,,2026學習詞表 28-25「想(思考)」
think,tso,ma’to’tohngʉ,,2026學習詞表 28-25「想」
think,knv,pacʉpʉngʉ,,2026學習詞表 28-25「想(思考)」
think,hla,pacʉcʉcʉpʉngʉ,,2026學習詞表 28-25「想(思考)」
think,yam,nakenakemen,,2026學習詞表 28-25「想(思考)」
think,sak,zateng/ dateng/simsim,,2026學習詞表 28-25「想(思考)」
think,pan,*nemnem,,ACD PAN 19072-54c84b40e9ff5a31472904a0cd2f0a17-1「think」
think,pmp,*nemnem,,ACD PMP 19081-54c84b40e9ff5a31472904a0cd2f0a17-1「think」
smell,ami_nt,sanek,,2026學習詞表 28-07「聞(如聞味道)」
smell,ami_hk,sanek,,2026學習詞表 28-07「聞(如聞味道)」
smell,ami_ha,sanek/hanek,,2026學習詞表 28-07「聞(如聞味道)」：另作hanek。
smell,ami_ml,sanek/hanek,,2026學習詞表 28-07「聞(如聞味道)」
smell,ami_hc,hanek,,2026學習詞表 28-07「聞(如聞味道)」
smell,ata_sq,smok,,2026學習詞表 28-07「聞(如聞味道)」
smell,ata_su,smok / smawk,,2026學習詞表 28-07「聞(如聞味道)」：sokan
smell,ata_ml,sumawk,,2026學習詞表 28-07「聞(如聞味道)」
smell,ata_pl,sunkanux,,2026學習詞表 28-07「聞(如聞味道)」
smell,ata_sk,smok,,2026學習詞表 28-07「聞(如聞味道)」
smell,ata_kl,smok,,2026學習詞表 28-07「聞(如聞味道)」
smell,say,sazek,,2026學習詞表 28-07「聞(如聞味道)」
smell,tha,shmazik,,2026學習詞表 28-07「聞(如聞味道)」
smell,sed_to,snknux,,2026學習詞表 28-07「聞(如聞味道)」：smknux
smell,sed_tg,smkenux,,2026學習詞表 28-07「聞(如聞味道)」
smell,sed_tr,smknux,,2026學習詞表 28-07「聞(如聞味道)」：sknxan
smell,bun_td,saak,,2026學習詞表 28-07「聞(如聞味道)」：saak/tahun 聞；味道
smell,bun_bh,sak,,2026學習詞表 28-07「聞(如聞味道)」
smell,bun_vt,saak,,2026學習詞表 28-07「聞(如聞味道)」
smell,bun_bn,saak / sakunun,,2026學習詞表 28-07「聞(如聞味道)」：saak
smell,bun_ib,saak,,2026學習詞表 28-07「聞(如聞味道)」：Sakun南投/高雄慣用 ansum 是 香味
smell,pai_es,semequ,,2026學習詞表 28-07「聞(如聞味道)」
smell,pai_nt,seme’u,,2026學習詞表 28-07「聞(如聞味道)」：semequ
smell,pai_ct,semequ,,2026學習詞表 28-07「聞(如聞味道)」
smell,pai_st,semequ,,2026學習詞表 28-07「聞(如聞味道)」
smell,ruk_es,sabalri,,2026學習詞表 28-07「聞(如聞味道)」
smell,ruk_bd,sabalri,,2026學習詞表 28-07「聞(如聞味道)」
smell,ruk_tw,sabalri,,2026學習詞表 28-07「聞(如聞味道)」
smell,ruk_tn,wasabai,,2026學習詞表 28-07「聞(如聞味道)」
smell,ruk_mg,sobɨré,,2026學習詞表 28-07「聞(如聞味道)」
smell,ruk_mn,ʼovalri,,2026學習詞表 28-07「聞(如聞味道)」
smell,puy_py,tremaull,,2026學習詞表 28-07「聞味」
smell,puy_tp,tremaulr,,2026學習詞表 28-07「聞味」
smell,puy_ws,traulr,,2026學習詞表 28-07「聞味」
smell,puy_ks,caulr,,2026學習詞表 28-07「聞味」
smell,trv,smknux,,2026學習詞表 28-07「聞(如聞味道)」
smell,kav,semingut,,2026學習詞表 28-07「聞(如聞味道)」
smell,tso,elʉi,,2026學習詞表 28-07「聞(如聞味道)」
smell,knv,marisauvu,,2026學習詞表 28-07「聞(如聞味道)」
smell,hla,umavali,,2026學習詞表 28-07「聞(如聞味道)」
smell,yam,angnoen,,2026學習詞表 28-07「聞(如聞味道)」
smell,sak,sanek,,2026學習詞表 28-07「聞(如聞味道)」
smell,pan,*Sajek-en,,ACD PAN 19072-405ad2eff02cfffc45ed40ce18f4e538-1「to smell」
smell,pmp,*Sajek-en,,ACD PMP 19081-405ad2eff02cfffc45ed40ce18f4e538-1「to smell」
fear,ami_nt,matalaw,,2026學習詞表 29-02「害怕」
fear,ami_hk,matalaw,,2026學習詞表 29-02「害怕」
fear,ami_ha,matalaw,,2026學習詞表 29-02「害怕」
fear,ami_ml,matalaw,,2026學習詞表 29-02「害怕」
fear,ami_hc,talaw,,2026學習詞表 29-02「害怕」
fear,ata_sq,mngungu,,2026學習詞表 29-02「害怕」：mngungu’
fear,ata_su,mngungu / ngungu,,2026學習詞表 29-02「害怕」
fear,ata_ml,maicug,,2026學習詞表 29-02「害怕」
fear,ata_pl,mangunguʼ,,2026學習詞表 29-02「害怕」
fear,ata_sk,mngungu,,2026學習詞表 29-02「害怕」
fear,ata_kl,mngungu,,2026學習詞表 29-02「害怕」
fear,say,tikot,,2026學習詞表 29-02「害怕」
fear,tha,shungkash,,2026學習詞表 29-02「害怕」
fear,sed_to,micu,,2026學習詞表 29-02「害怕」
fear,sed_tg,miicu,,2026學習詞表 29-02「害怕」：mngungu
fear,sed_tr,misug,,2026學習詞表 29-02「害怕」：mngungu
fear,bun_td,mapising,,2026學習詞表 29-02「害怕」
fear,bun_bh,pising,,2026學習詞表 29-02「害怕」
fear,bun_vt,mapising,,2026學習詞表 29-02「害怕」
fear,bun_bn,mapising,,2026學習詞表 29-02「害怕」：mapising
fear,bun_ib,mapising,,2026學習詞表 29-02「害怕」
fear,pai_es,marekutj,,2026學習詞表 29-02「害怕」
fear,pai_nt,marekutj,,2026學習詞表 29-02「害怕」
fear,pai_ct,marekutj/mare’utj//matiqudj,,2026學習詞表 29-02「害怕」
fear,pai_st,marekutj/matiqudj,,2026學習詞表 29-02「害怕」
fear,ruk_es,mwakolodro,,2026學習詞表 29-02「害怕」
fear,ruk_bd,makiwcu,,2026學習詞表 29-02「害怕」
fear,ruk_tw,mwakuludru,,2026學習詞表 29-02「害怕」
fear,ruk_tn,ʼakolodro,,2026學習詞表 29-02「害怕」
fear,ruk_mg,akuludru,,2026學習詞表 29-02「害怕」
fear,ruk_mn,ʼokolodho,,2026學習詞表 29-02「害怕」
fear,puy_py,inedang/minedang,,2026學習詞表 29-02「害怕」
fear,puy_tp,makaud,,2026學習詞表 29-02「害怕」
fear,puy_ws,kaud,,2026學習詞表 29-02「害怕」
fear,puy_ks,kaud,,2026學習詞表 29-02「害怕」
fear,trv,miisug,,2026學習詞表 29-02「害怕」
fear,kav,maytis,,2026學習詞表 29-02「害怕」
fear,tso,smoyo,,2026學習詞表 29-02「害怕」
fear,knv,maʼicʉpʉ,,2026學習詞表 29-02「害怕」：naricakʉ 膽小
fear,hla,muruahlʉ,,2026學習詞表 29-02「害怕」
fear,yam,maniahey,,2026學習詞表 29-02「害怕」
fear,sak,talaw,,2026學習詞表 29-02「害怕」
fear,pan,*takut,,ACD PAN 19072-eb88d7636980738cd0522ea69e212905-1「fear」
fear,pmp,*takut,,ACD PMP 19081-eb88d7636980738cd0522ea69e212905-1「fear」
sleep,ami_nt,mavutiʼ,,2026學習詞表 30-09「睡覺」
sleep,ami_hk,mafotiʼ,,2026學習詞表 30-09「睡覺」
sleep,ami_ha,mafotiʼ,,2026學習詞表 30-09「睡覺」
sleep,ami_ml,mafoti’,,2026學習詞表 30-09「睡覺」
sleep,ami_hc,mafotiʼ,,2026學習詞表 30-09「睡覺」
sleep,ata_sq,m’abi,,2026學習詞表 30-09「睡覺」：m’abi
sleep,ata_su,m’abi / abi,,2026學習詞表 30-09「睡覺」：ma’abi
sleep,ata_ml,maqilaap/maqilup,,2026學習詞表 30-09「睡覺」：maqilaap(男)/maqilup(女)
sleep,ata_pl,mabel,,2026學習詞表 30-09「睡覺」
sleep,ata_sk,mʼabi,,2026學習詞表 30-09「睡覺」
sleep,ata_kl,mʼabi,,2026學習詞表 30-09「睡覺」
sleep,say,paeʼrem,,2026學習詞表 30-09「睡覺」
sleep,tha,malhus,,2026學習詞表 30-09「睡覺」
sleep,sed_to,mtaqi,,2026學習詞表 30-09「睡覺」
sleep,sed_tg,mtaqi,,2026學習詞表 30-09「睡覺」
sleep,sed_tr,mtaqi,,2026學習詞表 30-09「睡覺」
sleep,bun_td,masabaq,,2026學習詞表 30-09「睡覺」
sleep,bun_bh,masabaq,,2026學習詞表 30-09「睡覺」
sleep,bun_vt,masabaq,,2026學習詞表 30-09「睡覺」
sleep,bun_bn,masabaq,,2026學習詞表 30-09「睡覺」：masabaq
sleep,bun_ib,masabah,,2026學習詞表 30-09「睡覺」
sleep,pai_es,taqed,,2026學習詞表 30-09「睡覺」
sleep,pai_nt,nata’ed,,2026學習詞表 30-09「睡覺」：taqed
sleep,pai_ct,nataqed,,2026學習詞表 30-09「睡覺」
sleep,pai_st,taqed,,2026學習詞表 30-09「睡覺」
sleep,ruk_es,waʼece,,2026學習詞表 30-09「睡覺」：a’ece哄睡
sleep,ruk_bd,apece,,2026學習詞表 30-09「睡覺」：masipelrenge睡著
sleep,ruk_tw,apece,,2026學習詞表 30-09「睡覺」
sleep,ruk_tn,syaeeke,,2026學習詞表 30-09「睡覺」
sleep,ruk_mg,sierɨkɨ,,2026學習詞表 30-09「睡覺」
sleep,ruk_mn,ʼapece,,2026學習詞表 30-09「睡覺」
sleep,puy_py,allupe,,2026學習詞表 30-09「睡覺」
sleep,puy_tp,alrupeʼ,,2026學習詞表 30-09「睡覺」
sleep,puy_ws,alrupeʼ,,2026學習詞表 30-09「睡覺」
sleep,puy_ks,alrupeʼ,,2026學習詞表 30-09「睡覺」
sleep,trv,mtaqi,,2026學習詞表 30-09「睡覺」
sleep,kav,maynep,,2026學習詞表 30-09「睡覺」
sleep,tso,oengʉtʉ,,2026學習詞表 30-09「睡覺」
sleep,knv,siʼicʉpʉ,,2026學習詞表 30-09「睡覺」
sleep,hla,malusapʉ,,2026學習詞表 30-09「睡覺」
sleep,yam,mitkeh,,2026學習詞表 30-09「睡覺」
sleep,sak,mabiʼ,,2026學習詞表 30-09「睡覺」
sleep,pan,*tuduR,,ACD PAN 19072-6e909e412ef637213a4a85f4ae4d2cf8-1「to sleep」
sleep,pmp,*tiduR,,ACD PMP 19081-6e909e412ef637213a4a85f4ae4d2cf8-1「to sleep」
live,ami_nt,mauripay,,2026學習詞表 31-08「活的」
live,ami_hk,maʼoripay,,2026學習詞表 31-08「活的」
live,ami_ha,maʼoripay,,2026學習詞表 31-08「活的」
live,ami_ml,maʼoripay,,2026學習詞表 31-08「活的」
live,ami_hc,maʼoripay,,2026學習詞表 31-08「活的」
live,ata_sq,mqyanux,,2026學習詞表 31-08「活的」
live,ata_su,myanux,,2026學習詞表 31-08「活的」：mayanux
live,ata_ml,maqiyanux naʼ,,2026學習詞表 31-08「活的」
live,ata_pl,mayanux,,2026學習詞表 31-08「活的」
live,ata_sk,mqyanux,,2026學習詞表 31-08「活的」
live,ata_kl,mkyanux/ myanux/ m’yanux,,2026學習詞表 31-08「活的」：m’yanux(眉原)
live,say,ʼiʼiyaeh,,2026學習詞表 31-08「活的」
live,tha,maqalhtash,,2026學習詞表 31-08「活的」
live,sed_to,mudus,,2026學習詞表 31-08「活的」
live,sed_tg,muudus,,2026學習詞表 31-08「活的」
live,sed_tr,mudus,,2026學習詞表 31-08「活的」
live,bun_td,miqumic,,2026學習詞表 31-08「活的」
live,bun_bh,miqumic/qumic,,2026學習詞表 31-08「活的」
live,bun_vt,miqumis,,2026學習詞表 31-08「活的」
live,bun_bn,malqumis,,2026學習詞表 31-08「活的」：miqumis
live,bun_ib,mihumis/malhumis,,2026學習詞表 31-08「活的」：mihumis
live,pai_es,valjualjut,,2026學習詞表 31-08「活的」
live,pai_nt,valjualjut,,2026學習詞表 31-08「活的」
live,pai_ct,valjualjut,,2026學習詞表 31-08「活的」
live,pai_st,valjualjut,,2026學習詞表 31-08「活的」
live,ruk_es,waodriodriʼi,,2026學習詞表 31-08「活的」
live,ruk_bd,panianianiake,,2026學習詞表 31-08「活的」
live,ruk_tw,waudryudryudripi,,2026學習詞表 31-08「活的」
live,ruk_tn,maodripi,,2026學習詞表 31-08「活的」
live,ruk_mg,modripi,,2026學習詞表 31-08「活的」
live,ruk_mn,modhipi,,2026學習詞表 31-08「活的」
live,puy_py,baaw,,2026學習詞表 31-08「活的、未熟的」
live,puy_tp,vaavaaw ; ma’ama’at,,2026學習詞表 31-08「活的、未熟的」：活的 ; mangde未成熟的果實
live,puy_ws,vaaw,,2026學習詞表 31-08「活的、未熟的」
live,puy_ks,vaavaaw,,2026學習詞表 31-08「活的、未熟的」
live,trv,meudus,,2026學習詞表 31-08「活的」
live,kav,binnus ay,,2026學習詞表 31-08「活的」
live,tso,yansoua,,2026學習詞表 31-08「活的」
live,knv,murungisaa,,2026學習詞表 31-08「活的」：另作：「呼吸」之意
live,hla,mangusipi,,2026學習詞表 31-08「活的」
live,yam,maviay,,2026學習詞表 31-08「活的」
live,sak,mauzipay / maudipay,,2026學習詞表 31-08「活的」
live,pan,*qudip₁,,"ACD PAN 19072-4f261ee384e1c66cb23a9de2c77c1827-1「life, alive」"
live,pmp,*qudip₁,,"ACD PMP 19081-4f261ee384e1c66cb23a9de2c77c1827-1「life, alive」"
die,ami_nt,patay,,2026學習詞表 31-01「死亡」
die,ami_hk,patay,,2026學習詞表 31-01「死亡」
die,ami_ha,patay,,2026學習詞表 31-01「死亡」
die,ami_ml,mapatay,,2026學習詞表 31-01「死亡」
die,ami_hc,mapatay,,2026學習詞表 31-01「死亡」
die,ata_sq,mhuqil,,2026學習詞表 31-01「死亡」
die,ata_su,mhuʼin,,2026學習詞表 31-01「死亡」：mahawin(新生部落)
die,ata_ml,manahuqil,,2026學習詞表 31-01「死亡」
die,ata_pl,mahuʼil,,2026學習詞表 31-01「死亡」
die,ata_sk,mnuqil,,2026學習詞表 31-01「死亡」
die,ata_kl,mho’in/ mhu’in,,2026學習詞表 31-01「死亡」：mhu’in(眉原)
die,say,masay,,2026學習詞表 31-01「死亡」
die,tha,mathay,,2026學習詞表 31-01「死亡」
die,sed_to,mhuqil,,2026學習詞表 31-01「死亡」：huqil指所有生物的死亡; mrdang單指人類的死亡
die,sed_tg,huqil,,2026學習詞表 31-01「死亡」
die,sed_tr,mhuqil,,2026學習詞表 31-01「死亡」
die,bun_td,mataz,,"2026學習詞表 31-01「死亡」：uka’in沒有了,已歿,已往"
die,bun_bh,mataz,,2026學習詞表 31-01「死亡」
die,bun_vt,mataz,,2026學習詞表 31-01「死亡」
die,bun_bn,mataz,,2026學習詞表 31-01「死亡」：mataz
die,bun_ib,mataz,,2026學習詞表 31-01「死亡」
die,pai_es,macay,,2026學習詞表 31-01「死亡」
die,pai_nt,macay,,2026學習詞表 31-01「死亡」
die,pai_ct,macay,,2026學習詞表 31-01「死亡」：maqulip
die,pai_st,macay,,2026學習詞表 31-01「死亡」
die,ruk_es,ʼacay,,2026學習詞表 31-01「死亡」
die,ruk_bd,pacay,,2026學習詞表 31-01「死亡」
die,ruk_tw,wapacai,,2026學習詞表 31-01「死亡」
die,ruk_tn,mamodo,,2026學習詞表 31-01「死亡」
die,ruk_mg,mamudu,,2026學習詞表 31-01「死亡」
die,ruk_mn,maʼete,,2026學習詞表 31-01「死亡」
die,puy_py,minatray,,2026學習詞表 31-01「死亡」
die,puy_tp,minatray,,2026學習詞表 31-01「死亡」
die,puy_ws,minatray,,2026學習詞表 31-01「死亡」
die,puy_ks,minacay,,2026學習詞表 31-01「死亡」
die,trv,mhuqil,,2026學習詞表 31-01「死亡」
die,kav,mepatay,,2026學習詞表 31-01「死亡」
die,tso,mcoi,,2026學習詞表 31-01「死亡」
die,knv,mamacai,,2026學習詞表 31-01「死亡」
die,hla,maciʼi,,2026學習詞表 31-01「死亡」
die,yam,mawakwak/mazakat,,2026學習詞表 31-01「死亡」：與世長辭
die,sak,mapatay,,2026學習詞表 31-01「死亡」
die,pan,*ma-aCay,,ACD PAN 19072-7d0358f0ad67f3609e11dedb0bb499f4-1「die; dead; eclipse of sun or moon」
die,pmp,*m-atay,,"ACD PMP 19081-d8b6c2efa62b0b712d6f35eceec5a808-1「die; dead; sick; tired (of); faint, lose consciousness; eclipse; new moon; extinguished; blocked (path); paralyzed; numb, asleep (limbs); die down (wind); waterless (springs, rivers); dry up (plants); beaten (in a game); fixed (price); terminate a matter, reach an agreement; disaster; intensive, superlative; desire intensely, be deeply in love」"
kill,ami_nt,mipacuk,,2026學習詞表 30-10「殺牲畜」
kill,ami_hk,mipacok / mitefok,,2026學習詞表 30-10「殺牲畜」
kill,ami_ha,mipacok,,2026學習詞表 30-10「殺牲畜」
kill,ami_ml,mipacok,,2026學習詞表 30-10「殺牲畜」
kill,ami_hc,mitokad/mipacok,,2026學習詞表 30-10「殺牲畜」
kill,ata_sq,kmut,,2026學習詞表 30-10「殺(牲畜)」
kill,ata_su,kmut,,2026學習詞表 30-10「殺(牲畜)」：muwak baywak
kill,ata_ml,tumuting cu ...,,2026學習詞表 30-10「殺(牲畜)」
kill,ata_pl,pakaruw,,2026學習詞表 30-10「殺(牲畜)」
kill,ata_sk,kmut,,2026學習詞表 30-10「殺(牲畜)」
kill,ata_kl,kmut/ mwak,,2026學習詞表 30-10「殺(牲畜)」：mwak(眉原)
kill,say,pal-,,2026學習詞表 30-10「殺牲畜」：pal-(接動物名)
kill,tha,kmaipathay,,2026學習詞表 30-10「殺牲畜」：廣義-殺
kill,sed_to,smipaq,,2026學習詞表 30-10「殺牲畜」：umuyak殺豬; phuqil殺死
kill,sed_tg,smeeliq tnbugan,,2026學習詞表 30-10「殺牲畜」
kill,sed_tr,smipaq,,2026學習詞表 30-10「殺牲畜」：亦用phuqil；gmdara
kill,bun_td,matunu,,2026學習詞表 30-10「殺牲畜」：mapataz sinaipuk殺牲畜;matunu火燒物之意
kill,bun_bh,mapataz,,2026學習詞表 30-10「殺牲畜」
kill,bun_vt,mapataz,,2026學習詞表 30-10「殺牲畜」
kill,bun_bn,mapataz sinaipuk,,2026學習詞表 30-10「殺牲畜」：mapataz sinsinepuk
kill,bun_ib,mapataz sinaipuk,,2026學習詞表 30-10「殺牲畜」
kill,pai_es,cemulju,,2026學習詞表 30-10「殺牲畜」
kill,pai_nt,cemulju,,2026學習詞表 30-10「殺牲畜」
kill,pai_ct,cemulju,,2026學習詞表 30-10「殺牲畜」
kill,pai_st,cemulju,,2026學習詞表 30-10「殺牲畜」
kill,ruk_es,colo,,2026學習詞表 30-10「殺牲畜」
kill,ruk_bd,culu,,2026學習詞表 30-10「殺牲畜」
kill,ruk_tw,waculu,,2026學習詞表 30-10「殺牲畜」
kill,ruk_tn,wacocolo,,2026學習詞表 30-10「殺牲畜」
kill,ruk_mg,uculu,,2026學習詞表 30-10「殺牲畜」
kill,ruk_mn,colo,,2026學習詞表 30-10「殺牲畜」
kill,puy_py,tremuwak,,2026學習詞表 30-10「剖、宰殺」
kill,puy_tp,pisa’aw ; tremuwak,,2026學習詞表 30-10「剖、宰殺」
kill,puy_ws,truwak,,2026學習詞表 30-10「剖、宰殺」
kill,puy_ks,cuwak,,2026學習詞表 30-10「剖、宰殺」
kill,kav,mettung,,2026學習詞表 30-10「殺牲畜」
kill,tso,cmuhu,,2026學習詞表 30-10「殺(牲畜)」
kill,knv,miapacai,,2026學習詞表 30-10「殺牲畜」
kill,hla,papaci kuliʼi,,2026學習詞表 30-10「殺牲畜」
kill,yam,mangigo,,2026學習詞表 30-10「殺牲畜」
kill,sak,mipacuk,,2026學習詞表 30-10「殺牲畜」
kill,pan,*pa-aCay,,ACD PAN 19072-534735884d341071762ede7af01c53e8-2「kill」
kill,pmp,*p-atay,,ACD PMP 19081-534735884d341071762ede7af01c53e8-1「kill」
fight,ami_nt,maletaes,,2026學習詞表 26-96「打架」
fight,ami_hk,mapapalo^,,2026學習詞表 26-96「打架」
fight,ami_ha,malapalo/malahodot,,2026學習詞表 26-96「打架」：可作malaodot
fight,ami_ml,ʼodot,,2026學習詞表 26-96「打架」
fight,ami_hc,ʼodot,,2026學習詞表 26-96「打架」
fight,ata_sq,mtciriq,,2026學習詞表 26-96「打架」
fight,ata_su,mtiri/mciri,,2026學習詞表 26-96「打架」：matatiri/mciri/mtciri/mbahiy
fight,ata_ml,matuting/ mabaciyak,,2026學習詞表 26-96「打架」
fight,ata_pl,mababahiy,,2026學習詞表 26-96「打架」
fight,ata_sk,ptucing,,2026學習詞表 26-96「打架」
fight,ata_kl,mciri/ pbahiy / mtciri,,2026學習詞表 26-96「打架」：mtciri(眉原)
fight,say,kakoring,,2026學習詞表 26-96「打架」：babilis
fight,tha,mapathay,,2026學習詞表 26-96「打架」
fight,sed_to,tdiyal,,2026學習詞表 26-96「打架」：tlayan
fight,sed_tg,tgdiyal,,2026學習詞表 26-96「打架」
fight,sed_tr,tjiyal,,2026學習詞表 26-96「打架」
fight,bun_td,paʼanak,,2026學習詞表 26-96「打架」
fight,bun_bh,paʼanak,,2026學習詞表 26-96「打架」
fight,bun_vt,paʼaʼanak,,"2026學習詞表 26-96「打架」：另二說法paluludaq互相打,pakahau互相罵"
fight,bun_bn,mapaʼanak,,2026學習詞表 26-96「打架」：mapaka-anak
fight,bun_ib,mapaludah,,2026學習詞表 26-96「打架」
fight,pai_es,marivu,,2026學習詞表 26-96「打架」
fight,pai_nt,marivu,,2026學習詞表 26-96「打架」
fight,pai_ct,marivu,,2026學習詞表 26-96「打架」
fight,pai_st,mapapangul,,2026學習詞表 26-96「打架」
fight,ruk_es,madadameke,,2026學習詞表 26-96「打架」
fight,ruk_bd,maulucu,,2026學習詞表 26-96「打架」
fight,ruk_tw,madadameke,,2026學習詞表 26-96「打架」
fight,ruk_tn,masasititi,,2026學習詞表 26-96「打架」：ma’akavila吵架
fight,ruk_mg,makivila,,2026學習詞表 26-96「打架」
fight,ruk_mn,maʼoloco,,2026學習詞表 26-96「打架」
fight,puy_py,madradrikul,,2026學習詞表 26-96「打架;吵架」
fight,puy_tp,matatengez ; makaselru,,2026學習詞表 26-96「打架;吵架」
fight,puy_ws,liʼus,,2026學習詞表 26-96「打架;吵架」
fight,puy_ks,li’us,,2026學習詞表 26-96「打架;吵架」：marekaselru 吵架/maliʼus打架
fight,trv,mkeekan,,2026學習詞表 26-96「打架」
fight,kav,mabud,,2026學習詞表 26-96「打架」
fight,tso,muutu,,2026學習詞表 26-96「打架」
fight,knv,maʼanungu,,2026學習詞表 26-96「打架」
fight,hla,marisangihli,,2026學習詞表 26-96「打架」
fight,yam,mililiman,,2026學習詞表 26-96「打架」
fight,sak,matatiik/malalebu,,2026學習詞表 26-96「打架」
hunt,ami_nt,pateker,,2026學習詞表 30-25「陷獵」
hunt,ami_hk,miteker / mitarakar,,2026學習詞表 30-25「陷獵」
hunt,ami_ha,patalakal,,2026學習詞表 30-25「陷獵」
hunt,ami_ml,patalakal,,2026學習詞表 30-25「陷獵」
hunt,ami_hc,talakal,,2026學習詞表 30-25「陷獵」
hunt,ata_sq,mrusa/rusa,,2026學習詞表 30-25「陷獵」：rusa’/mrusa’
hunt,ata_su,tlnga / wahiy cyaw,,2026學習詞表 30-25「陷獵」：tmlanga(動詞)/mrusa捕較大型獸類
hunt,ata_ml,sasiyahing cu qaqasinug,,2026學習詞表 30-25「陷獵」
hunt,ata_pl,malung/ inluṟang,,2026學習詞表 30-25「陷獵」
hunt,ata_sk,malung rusa,,2026學習詞表 30-25「陷獵」
hunt,ata_kl,tm’oya/ t’uya,,2026學習詞表 30-25「陷獵」：t’uya(眉原)
hunt,say,baseng,,2026學習詞表 30-25「陷獵」
hunt,tha,daqa,,2026學習詞表 30-25「陷獵」：大型壓陷
hunt,sed_to,durang,,2026學習詞表 30-25「陷獵」：dmangar
hunt,sed_tg,dmurang,,2026學習詞表 30-25「陷獵」
hunt,sed_tr,pusa gasil,,2026學習詞表 30-25「陷獵」
hunt,bun_td,mahaqu,,2026學習詞表 30-25「陷獵」：tishaqu 被陷獵
hunt,bun_bh,malhaqu/mahaqu,,2026學習詞表 30-25「陷獵」
hunt,bun_vt,malhaqu,,2026學習詞表 30-25「陷獵」
hunt,bun_bn,haqu / sinpalasung,,2026學習詞表 30-25「陷獵」：malhaqu
hunt,bun_ib,mapalasung,,2026學習詞表 30-25「陷獵」
hunt,pai_es,pudringay,,2026學習詞表 30-25「陷獵」
hunt,pai_nt,pudringay,,2026學習詞表 30-25「陷獵」
hunt,pai_ct,pudringay,,2026學習詞表 30-25「陷獵」
hunt,pai_st,pudringay,,2026學習詞表 30-25「陷獵」
hunt,ruk_es,morotokolro,,2026學習詞表 30-25「陷獵(地洞)」
hunt,ruk_bd,lrubange,,2026學習詞表 30-25「陷獵(地洞)」
hunt,ruk_tw,lrubange,,2026學習詞表 30-25「陷獵(地洞)」
hunt,ruk_tn,wathi,,2026學習詞表 30-25「陷獵(地洞)」：walopo打獵、wobang地洞
hunt,ruk_mg,utɨrɨbɨ,,2026學習詞表 30-25「陷獵(地洞)」：ulithi、tukuru
hunt,ruk_mn,alolro,,2026學習詞表 30-25「陷獵(地洞)」：tokoho用繩套
hunt,puy_py,penetrir,,2026學習詞表 30-25「設陷阱」
hunt,puy_tp,penapetrir,,2026學習詞表 30-25「設陷阱」
hunt,puy_ws,papetrir,,2026學習詞表 30-25「設陷阱」
hunt,puy_ks,papecir,,2026學習詞表 30-25「設陷阱」
hunt,trv,qmlubung,,2026學習詞表 30-25「陷獵」
hunt,kav,temikas,,2026學習詞表 30-25「陷獵」
hunt,tso,boepono,,2026學習詞表 30-25「陷獵」
hunt,knv,muringai,,2026學習詞表 30-25「陷獵」
hunt,hla,ringai,,2026學習詞表 30-25「陷獵」
hunt,yam,soziban,,2026學習詞表 30-25「陷獵」
hunt,sak,mibihkac,,2026學習詞表 30-25「陷獵」
hunt,pan,*qanup,,ACD PAN 19072-df988dd449ab788d0bdfa92dc5e8f666-1「to hunt (wild game)」
hunt,pmp,*qanup,,ACD PMP 19081-df988dd449ab788d0bdfa92dc5e8f666-1「to hunt (wild game)」
hit,ami_nt,taes,,2026學習詞表 26-08「打(人)」
hit,ami_hk,palo^,,2026學習詞表 26-08「打(人)」
hit,ami_ha,patepih/seti’,,2026學習詞表 26-08「打(人)」：指打臉部。 同patepi’。
hit,ami_ml,miseti’,,2026學習詞表 26-08「打(人)」
hit,ami_hc,setiʼ,,2026學習詞表 26-08「打(人)」：tepi’打臉
hit,ata_sq,mihiy,,2026學習詞表 26-08「打(人)」：mihi
hit,ata_su,mahiy / tmpak / pakun,,2026學習詞表 26-08「打(人)」：tapakun/mahi/tmucing
hit,ata_ml,mahi/ tumuting,,2026學習詞表 26-08「打(人)」
hit,ata_pl,mahiy,,2026學習詞表 26-08「打(人)」
hit,ata_sk,tmucing,,2026學習詞表 26-08「打(人)」
hit,ata_kl,mahi,,2026學習詞表 26-08「打(人)」
hit,say,Sembet,,2026學習詞表 26-08「打(人)」：Sombet
hit,tha,kmaitunu,,2026學習詞表 26-08「打(人)」
hit,sed_to,smbuc,,2026學習詞表 26-08「打(人)」：cmbu打;射; ptuluk揍
hit,sed_tg,beebu,,2026學習詞表 26-08「打(人)」
hit,sed_tr,smbu,,2026學習詞表 26-08「打(人)」
hit,bun_td,maludaq,,2026學習詞表 26-08「打(人)」：maludaq拍打 ; ma’anak 打；揍
hit,bun_bh,maludaq,,2026學習詞表 26-08「打(人)」
hit,bun_vt,maludaq,,2026學習詞表 26-08「打(人)」
hit,bun_bn,maludaq,,2026學習詞表 26-08「打(人)」：maludaq
hit,bun_ib,maludah,,2026學習詞表 26-08「打(人)」
hit,pai_es,kemelem/djemukul,,2026學習詞表 26-08「打(人)」
hit,pai_nt,djemukul,,2026學習詞表 26-08「打(人)」
hit,pai_ct,kemelem/’emelem/djemu’ul,,2026學習詞表 26-08「打(人)」：lemudru
hit,pai_st,penangul,,2026學習詞表 26-08「打(人)」
hit,ruk_es,dameke,,2026學習詞表 26-08「打(人)」
hit,ruk_bd,lrumay,,2026學習詞表 26-08「打(人)」
hit,ruk_tw,dameke,,2026學習詞表 26-08「打(人)」
hit,ruk_tn,wasititi,,2026學習詞表 26-08「打(人)」
hit,ruk_mg,sutiti,,2026學習詞表 26-08「打(人)」
hit,ruk_mn,kelrakelrange,,2026學習詞表 26-08「打(人)」
hit,puy_py,semallepit(dra trau),,2026學習詞表 26-08「打(人)」：penukepuk用棍棒打
hit,puy_tp,temenged (za trau),,2026學習詞表 26-08「打(人)」
hit,puy_ws,pukpuk,,2026學習詞表 26-08「打(人)」
hit,puy_ks,tenged,,2026學習詞表 26-08「打(人)」
hit,trv,smipaq,,2026學習詞表 26-08「打(人)」
hit,kav,babbal,,2026學習詞表 26-08「打(人)」
hit,tso,eobako,,2026學習詞表 26-08「打(人)」
hit,knv,marivuraʼʉ,,2026學習詞表 26-08「打(人)」
hit,hla,marivakʉsʉ,,2026學習詞表 26-08「打(人)」
hit,yam,manbakbak,,2026學習詞表 26-08「打(人)」
hit,sak,tiik,,2026學習詞表 26-08「打(人)」
hit,pan,*pekpek₁,,"ACD PAN 19072-a3c98250d3037e5ae758e5a88a01f2d7-2「beat, hit」"
hit,pmp,*pekpek₁,,"ACD PMP 19081-a3c98250d3037e5ae758e5a88a01f2d7-1「beat, hit」"
cut,ami_nt,cikcik,,2026學習詞表 26-30「切」
cut,ami_hk,cikcik,,2026學習詞表 26-30「切」
cut,ami_ha,cikcik,,2026學習詞表 26-30「切」
cut,ami_ml,micikcik,,2026學習詞表 26-30「切」
cut,ami_hc,cikcik,,2026學習詞表 26-30「切」
cut,ata_sq,hmobing,,2026學習詞表 26-30「切」：hmawbing
cut,ata_su,hmobing / hmawbing,,2026學習詞表 26-30「切」：hamawbing
cut,ata_ml,humawbing/ humibag,,2026學習詞表 26-30「切」：humawbing(男)/ humibag(女)
cut,ata_pl,umak,,2026學習詞表 26-30「切」
cut,ata_sk,hmobing,,2026學習詞表 26-30「切」
cut,ata_kl,hmobing/ cmka/ hobing,,2026學習詞表 26-30「切」：hobing(眉原)
cut,say,hiwaʼ,,2026學習詞表 26-30「切」
cut,tha,kunlhit,,2026學習詞表 26-30「切」
cut,sed_to,mbuh,,2026學習詞表 26-30「切」：mbing; kmuruc
cut,sed_tg,kmeruc,,2026學習詞表 26-30「切」
cut,sed_tr,kmuruc,,2026學習詞表 26-30「切」：gmbing
cut,bun_td,makulut,,"2026學習詞表 26-30「切」：makulut切割,鋸"
cut,bun_bh,makulut,,2026學習詞表 26-30「切」
cut,bun_vt,makulut,,2026學習詞表 26-30「切」：makulut另二種說法為鉅與割
cut,bun_bn,sala,,2026學習詞表 26-30「切」：masala
cut,bun_ib,makulut,,2026學習詞表 26-30「切」
cut,pai_es,kemitj,,2026學習詞表 26-30「切」
cut,pai_nt,venuci’,,2026學習詞表 26-30「切」：venuciq
cut,pai_ct,venuciq,,2026學習詞表 26-30「切」：切肉remetjeretj
cut,pai_st,kemitj,,2026學習詞表 26-30「切」
cut,ruk_es,ketekete,,2026學習詞表 26-30「切」
cut,ruk_bd,gelregelre,,2026學習詞表 26-30「切」
cut,ruk_tw,gelregelre,,2026學習詞表 26-30「切」
cut,ruk_tn,wakeʼete,,2026學習詞表 26-30「切」
cut,ruk_mg,kɨtɨ,,2026學習詞表 26-30「切」
cut,ruk_mn,vecake,,2026學習詞表 26-30「切」
cut,puy_py,kemeteket,,2026學習詞表 26-30「切」
cut,puy_tp,ketket,,2026學習詞表 26-30「切」
cut,puy_ws,ketket,,2026學習詞表 26-30「切」
cut,puy_ks,keteket,,2026學習詞表 26-30「切」
cut,trv,kmrut,,2026學習詞表 26-30「切」
cut,kav,kemilas,,2026學習詞表 26-30「切」
cut,tso,maapaso,,2026學習詞表 26-30「切」
cut,knv,ʼumaʼuru,,2026學習詞表 26-30「切」
cut,hla,marapici,,2026學習詞表 26-30「切」
cut,yam,ilapen,,2026學習詞表 26-30「切」
cut,sak,cikcik,,2026學習詞表 26-30「切」
cut,pan,*tebteb,,ACD PAN 19072-2dfa9a1edabb9f014c8b1190ce064d87-1「to cut」
cut,pmp,*tebteb,,ACD PMP 19081-2dfa9a1edabb9f014c8b1190ce064d87-1「to cut」
split,ami_nt,pelaʼ,,2026學習詞表 26-40「劈(木材)」
split,ami_hk,pelaʼ,,2026學習詞表 26-40「劈(木材)」
split,ami_ha,pelaʼ,,2026學習詞表 26-40「劈(木材)」
split,ami_ml,pelaʼ,,2026學習詞表 26-40「劈(木材)」
split,ami_hc,pelaʼ,,2026學習詞表 26-40「劈(木材)」
split,ata_sq,mqwaw,,2026學習詞表 26-40「劈(木材)」：mka/smqaw
split,ata_su,sma’aw,,2026學習詞表 26-40「劈(木材)」：ta’apan/mka qhuni(新生部落)
split,ata_ml,tiqapun/ tumiqap,,2026學習詞表 26-40「劈(木材)」
split,ata_pl,sunaw,,2026學習詞表 26-40「劈(木材)」
split,ata_sk,cmqax,,2026學習詞表 26-40「劈(木材)」
split,ata_kl,sm’aw/ ’mak / mka,,2026學習詞表 26-40「劈(木材)」：’mak(眉原) / mka(眉原)
split,say,laehae:,,2026學習詞表 26-40「劈(木材)」
split,tha,tmalhtalh,,2026學習詞表 26-40「劈(木材)」
split,sed_to,cmax,,2026學習詞表 26-40「劈(木材)」
split,sed_tg,ceexi,,2026學習詞表 26-40「劈(木材)」
split,sed_tr,smaax,,2026學習詞表 26-40「劈(木材)」：smaux
split,bun_td,matua,,2026學習詞表 26-40「劈(木材)」：matua開（門，窗，瓶蓋）
split,bun_bh,mapiceq/matua,,2026學習詞表 26-40「劈(木材)」
split,bun_vt,matua/mataplaq,,2026學習詞表 26-40「劈(木材)」
split,bun_bn,matua,,2026學習詞表 26-40「劈(木材)」：matua
split,bun_ib,matua,,2026學習詞表 26-40「劈(木材)」
split,pai_es,vinelaq,,2026學習詞表 26-40「劈開」
split,pai_nt,venaljes,,2026學習詞表 26-40「劈開」：venelaq
split,pai_ct,venelaq,,2026學習詞表 26-40「劈開」
split,pai_st,venelaq/mavelaq,,2026學習詞表 26-40「劈開」
split,ruk_es,trekabe,,2026學習詞表 26-40「劈(木材)」
split,ruk_bd,bucuku,,2026學習詞表 26-40「劈(木材)」
split,ruk_tw,hakete,,2026學習詞表 26-40「劈(木材)」
split,ruk_tn,wabocoko,,2026學習詞表 26-40「劈(木材)」
split,ruk_mg,colɨpe,,2026學習詞表 26-40「劈(木材)」
split,ruk_mn,lridhiidhoko,,2026學習詞表 26-40「劈(木材)」：olridhiidhoko
split,puy_py,tremekab / trekab,,2026學習詞表 26-37「剖半;劈柴」；2026學習詞表 26-40「劈(木材)」
split,puy_tp,pisa’aw / trekav,,2026學習詞表 26-37「剖半;劈柴」；2026學習詞表 26-40「劈(木材)」
split,puy_ws,pisaʼ / trekav,,2026學習詞表 26-37「剖半;劈柴」；2026學習詞表 26-40「劈(木材)」
split,puy_ks,pisa’ / cekav,,2026學習詞表 26-37「剖半;劈柴」；2026學習詞表 26-40「劈(木材)」
split,trv,dmka / smaax,,2026學習詞表 26-37「剖半」；2026學習詞表 26-40「劈(木材)」
split,kav,semaksak,,2026學習詞表 26-40「劈(木材)」
split,tso,tʉpeʉcngʉ,,2026學習詞表 26-40「劈(木材)」
split,knv,cumacapiʼi,,2026學習詞表 26-40「劈(木材)」
split,hla,maripici,,2026學習詞表 26-40「劈(木材)」
split,yam,pisisiin / aboaken,,2026學習詞表 26-37「剖開」；2026學習詞表 26-40「劈(木材)」
split,sak,mipelaʼ,,2026學習詞表 26-40「劈(木材)」
split,pan,*belaq,,ACD PAN 19072-6e549c6b4b71fafe04d180ec2e270f4c-1「part of something split」
split,pmp,*bekaq,,"ACD PMP 19081-b7ad72ea5af3de6ebd1b3d3d13b7a4d9-3「split, crack open」"
stab,ami_nt,cucuk,,2026學習詞表 26-09「刺」
stab,ami_hk,cocok/ceka^,,2026學習詞表 26-09「刺」
stab,ami_ha,cocok,,2026學習詞表 26-09「刺」
stab,ami_ml,cocok,,2026學習詞表 26-09「刺」
stab,ami_hc,pacok,,2026學習詞表 26-09「刺」
stab,ata_sq,metaq,,2026學習詞表 26-09「刺」：maytaq
stab,ata_su,meta / mayta,,2026學習詞表 26-09「刺」：meta
stab,ata_ml,humab,,2026學習詞表 26-09「刺」
stab,ata_pl,metaʼ,,2026學習詞表 26-09「刺」
stab,ata_sk,hmap,,2026學習詞表 26-09「刺」
stab,ata_kl,meta,,2026學習詞表 26-09「刺」
stab,say,hazab,,2026學習詞表 26-09「刺」
stab,tha,kmutafalh,,2026學習詞表 26-09「刺」
stab,sed_to,meytaq,,2026學習詞表 26-09「刺」：cmuqi刺
stab,sed_tg,betaq,,2026學習詞表 26-09「刺」
stab,sed_tr,meytaq,,2026學習詞表 26-09「刺」：mqi
stab,bun_td,malaupa,,2026學習詞表 26-09「刺」
stab,bun_bh,malopa',,2026學習詞表 26-09「刺」
stab,bun_vt,malaupa,,2026學習詞表 26-09「刺」
stab,bun_bn,kislupa /  matusuk,,2026學習詞表 26-09「刺」：kislopa/matusuk
stab,bun_ib,kislaupa,,2026學習詞表 26-09「刺」
stab,pai_es,vinukevuk,,2026學習詞表 26-09「刺」
stab,pai_nt,vinukevuk,,2026學習詞表 26-09「刺」
stab,pai_ct,venukevuk/venu’evu’/ceme’ece’,,2026學習詞表 26-09「刺」
stab,pai_st,vinukevuk,,2026學習詞表 26-09「刺」
stab,ruk_es,colrolo,,2026學習詞表 26-09「刺」
stab,ruk_bd,culrulu,,2026學習詞表 26-09「刺」
stab,ruk_tw,culrulu,,2026學習詞表 26-09「刺」
stab,ruk_tn,wasabake,,2026學習詞表 26-09「刺」
stab,ruk_mg,sobɨke,,2026學習詞表 26-09「刺」
stab,ruk_mn,hoahoake,,2026學習詞表 26-09「刺」
stab,puy_py,temabusuk,,2026學習詞表 26-09「刺」
stab,puy_tp,ʼemilrus,,2026學習詞表 26-09「刺」
stab,puy_ws,ilrus,,2026學習詞表 26-09「刺」
stab,puy_ks,tusuk,,2026學習詞表 26-09「刺」：’ilrus 矛
stab,trv,meytaq,,2026學習詞表 26-09「刺」
stab,kav,temuqiq,,2026學習詞表 26-09「刺」：刀或矛刺殺：tumbeq
stab,tso,smuyuʼcu,,2026學習詞表 26-09「刺」
stab,knv,cumacakʉpʉ,,2026學習詞表 26-09「刺」
stab,hla,hlumivuru,,2026學習詞表 26-09「刺」
stab,yam,sobsoben,,2026學習詞表 26-09「刺」
stab,sak,cucuk,,2026學習詞表 26-09「刺」
stab,pan,*tebek,,"ACD PAN 19072-5b88c2c822bfbb26e6b7deed376a547a-1「pierce, stab」"
stab,pmp,*tebek,,"ACD PMP 19081-5b88c2c822bfbb26e6b7deed376a547a-3「pierce, stab」"
scratch,ami_nt,kuskus / kirikiri’,,2026學習詞表 26-18「抓癢」；2026學習詞表 26-56「搔癢」
scratch,ami_hk,koskos / koskos / kirikiriʼ,,2026學習詞表 26-18「抓癢」；2026學習詞表 26-56「搔癢」
scratch,ami_ha,koskos / kirikiriʼ,,2026學習詞表 26-18「抓癢」；2026學習詞表 26-56「搔癢」
scratch,ami_ml,mikoskos,,2026學習詞表 26-18「抓癢」；2026學習詞表 26-56「搔癢」
scratch,ami_hc,koskos,,2026學習詞表 26-18「抓癢」；2026學習詞表 26-56「搔癢」
scratch,ata_sq,kmamil,,2026學習詞表 26-18「抓癢」；2026學習詞表 26-56「搔癢」
scratch,ata_su,kmamil / kmamin,,2026學習詞表 26-18「抓癢」；2026學習詞表 26-56「搔癢」
scratch,ata_ml,kumamil / kamilan/ kikuwikan,,2026學習詞表 26-18「抓癢」；2026學習詞表 26-56「搔癢」
scratch,ata_pl,kunkuy / kungkuy,,2026學習詞表 26-18「抓癢」；2026學習詞表 26-56「搔癢」
scratch,ata_sk,kmamil / pskkuy,,2026學習詞表 26-18「抓癢」；2026學習詞表 26-56「搔癢」
scratch,ata_kl,kmamin,,2026學習詞表 26-18「抓癢」；2026學習詞表 26-56「搔癢」
scratch,say,kaka:aw / zikzik,,2026學習詞表 26-18「抓癢」；2026學習詞表 26-56「搔癢」：kaka:aw抓癢
scratch,tha,kmulhaw,,2026學習詞表 26-18「抓癢」；2026學習詞表 26-56「搔癢」：另作搔扒
scratch,sed_to,kmawah / kmkaw,,2026學習詞表 26-18「抓癢」；2026學習詞表 26-56「搔癢」
scratch,sed_tg,kmaguh / qnquduq,,2026學習詞表 26-18「抓癢」；2026學習詞表 26-56「搔癢」
scratch,sed_tr,kmaguh / kmkaw,,2026學習詞表 26-18「抓癢」；2026學習詞表 26-56「搔癢」
scratch,bun_td,makalav / picunghaʼ,,2026學習詞表 26-18「抓癢」；2026學習詞表 26-56「搔癢」：makalav用手抓癢
scratch,bun_bh,makalav,,2026學習詞表 26-18「抓癢」；2026學習詞表 26-56「搔癢」
scratch,bun_vt,makalav / makusu,,2026學習詞表 26-18「抓癢」；2026學習詞表 26-56「搔癢」
scratch,bun_bn,makalav / kalav,,2026學習詞表 26-18「抓癢」：makalav；2026學習詞表 26-56「搔癢」：makalav
scratch,bun_ib,makalav / makusukusu,,2026學習詞表 26-18「抓癢」；2026學習詞表 26-56「搔癢」：makusukusu高雄慣用
scratch,pai_es,gemuceguc / ljemaqeljaq,,2026學習詞表 26-18「抓癢」；2026學習詞表 26-56「搔癢」
scratch,pai_nt,gemucguc / ljema’elja’,,2026學習詞表 26-18「抓癢」；2026學習詞表 26-56「搔癢」
scratch,pai_ct,gemuceguc / ljemaqeljaq,,2026學習詞表 26-18「抓癢」；2026學習詞表 26-56「搔癢」：semapediq
scratch,pai_st,gemuceguc / ljemaqeljaq,,2026學習詞表 26-18「抓癢」；2026學習詞表 26-56「搔癢」
scratch,ruk_es,gacegace,,2026學習詞表 26-18「抓癢」；2026學習詞表 26-56「搔癢」
scratch,ruk_bd,gacegace,,2026學習詞表 26-18「抓癢」；2026學習詞表 26-56「搔癢」
scratch,ruk_tw,wagacegace / wagahulaylai,,2026學習詞表 26-18「抓癢」；2026學習詞表 26-56「搔癢」
scratch,ruk_tn,wagathegathe,,2026學習詞表 26-18「抓癢」；2026學習詞表 26-56「搔癢」
scratch,ruk_mg,gocɨgacɨ / ugulugulapɨ,,2026學習詞表 26-18「抓癢」；2026學習詞表 26-56「搔癢」
scratch,ruk_mn,kokaʼao / koikai,,2026學習詞表 26-18「抓癢」；2026學習詞表 26-56「搔癢」
scratch,puy_py,gemutregutr,,2026學習詞表 26-18「抓癢」；2026學習詞表 26-56「搔癢」
scratch,puy_tp,pahatrel,,2026學習詞表 26-18「抓癢」；2026學習詞表 26-56「搔癢」
scratch,puy_ws,pahatrel,,2026學習詞表 26-18「抓癢」；2026學習詞表 26-56「搔癢」
scratch,puy_ks,pahacer / pahacel,,2026學習詞表 26-18「抓癢」；2026學習詞表 26-56「搔癢」
scratch,trv,kmaguh rkrak / kmgkaw,,2026學習詞表 26-18「抓癢」；2026學習詞表 26-56「搔癢」
scratch,kav,qemaRaw / semikiw,,2026學習詞表 26-18「抓癢」；2026學習詞表 26-56「搔癢」
scratch,tso,tuokeo,,2026學習詞表 26-18「抓癢」；2026學習詞表 26-56「搔癢」
scratch,knv,kumakirikiri,,2026學習詞表 26-18「抓癢」；2026學習詞表 26-56「搔癢」
scratch,hla,kararu / kumakikihli,,2026學習詞表 26-18「抓癢」；2026學習詞表 26-56「搔癢」
scratch,yam,mikakadkad / kelekelehen,,2026學習詞表 26-18「抓癢」；2026學習詞表 26-56「搔癢」
scratch,sak,mikuskus / kuskus,,2026學習詞表 26-18「抓癢」；2026學習詞表 26-56「搔癢」
scratch,pan,*kiskis,,"ACD PAN 19072-5d3556624713c6e2115bdcfeaea030d7-1「to shave, scrape off」"
scratch,pmp,*garus,,ACD PMP 19081-989dd0740007f144b21dd5d7d8ddabac-1「scratch」
dig,ami_nt,kali,,2026學習詞表 26-29「挖掘」；2026學習詞表 26-100「(用手)挖掘」
dig,ami_hk,karkar / korkor,,2026學習詞表 26-29「挖掘」；2026學習詞表 26-100「(用手)挖掘」
dig,ami_ha,karkar / korkor,,2026學習詞表 26-29「挖掘」；2026學習詞表 26-100「(用手)挖掘」：同karkar。
dig,ami_ml,mikorkor / korkor,,2026學習詞表 26-29「挖掘」；2026學習詞表 26-100「(用手)挖掘」
dig,ami_hc,korkor,,2026學習詞表 26-29「挖掘」；2026學習詞表 26-100「(用手)挖掘」
dig,ata_sq,tmaruq / kmyuh,,2026學習詞表 26-29「挖掘」：tmaruq用鋤具鬆土/kmihuy用鋤具挖土/tngahi挖地瓜/kmyuhtngahi用手挖土；2026學習詞表 26-100「(用手)挖掘」：tmaruq(用鋤具鬆土)/kmihuy(用鋤具挖土)tngahi（挖地瓜）/kmyuhtngahi（用手挖土）
dig,ata_su,kmwih / kwihan / kmwih,,2026學習詞表 26-29「挖掘」：kmwih (用鋤具鬆土) / kwihan (用手挖土）；2026學習詞表 26-100「(用手)挖掘」：khuyan na ’ba
dig,ata_ml,kumayhu/ kumayi’ / kumayhu / kumayi’,,"2026學習詞表 26-29「挖掘」：kumayk, kumayhu(男)/ kumayi’(女)；2026學習詞表 26-100「(用手)挖掘」：kumayhu na qaba’(男)/ kumayi’ na qaba’(女)"
dig,ata_pl,kumexul / kumehul,,2026學習詞表 26-29「挖掘」；2026學習詞表 26-100「(用手)挖掘」
dig,ata_sk,qbunga / kmihuy,,2026學習詞表 26-29「挖掘」；2026學習詞表 26-100「(用手)挖掘」
dig,ata_kl,kmenah / kmehuy / kmoyah/ kmyoh,,2026學習詞表 26-29「挖掘」：kmoyah/ kmyoh(眉原)；2026學習詞表 26-100「(用手)挖掘」：kmyoh(眉原)
dig,say,kowih,,2026學習詞表 26-29「挖掘」；2026學習詞表 26-100「(用手)挖掘」
dig,tha,kmari,,2026學習詞表 26-29「挖掘」；2026學習詞表 26-100「(用手)挖掘」：統稱
dig,sed_to,kmari,,2026學習詞表 26-29「挖掘」；2026學習詞表 26-100「(用手)挖掘」
dig,sed_tg,kmari,,2026學習詞表 26-29「挖掘」；2026學習詞表 26-100「(用手)挖掘」
dig,sed_tr,kmarig,,2026學習詞表 26-29「挖掘」；2026學習詞表 26-100「(用手)挖掘」
dig,bun_td,makai,,2026學習詞表 26-29「挖掘」；2026學習詞表 26-100「(用手)挖掘」
dig,bun_bh,makai/matangtang / makai,,2026學習詞表 26-29「挖掘」；2026學習詞表 26-100「(用手)挖掘」
dig,bun_vt,makai/makazkaz / makai,,2026學習詞表 26-29「挖掘」；2026學習詞表 26-100「(用手)挖掘」
dig,bun_bn,makai / makai / makazkaz,,2026學習詞表 26-29「挖掘」：makai；2026學習詞表 26-100「(用手)挖掘」：makazkaz
dig,bun_ib,makazkaz,,2026學習詞表 26-29「挖掘」；2026學習詞表 26-100「(用手)挖掘」
dig,pai_es,nakemali / kemali,,2026學習詞表 26-29「挖掘」；2026學習詞表 26-100「(用手)挖掘」
dig,pai_nt,kemali,,2026學習詞表 26-29「挖掘」：kivurati；2026學習詞表 26-100「(用手)挖掘」
dig,pai_ct,kemali/ ’emali / kemali/’emali/semapesap,,2026學習詞表 26-29「挖掘」；2026學習詞表 26-100「(用手)挖掘」
dig,pai_st,nakemali / kemali/semuwad,,2026學習詞表 26-29「挖掘」；2026學習詞表 26-100「(用手)挖掘」
dig,ruk_es,waroko / korokoro,,2026學習詞表 26-29「挖掘」；2026學習詞表 26-100「(用手)挖掘」
dig,ruk_bd,lruku / kulrukulru,,2026學習詞表 26-29「挖掘」：keale；2026學習詞表 26-100「(用手)挖掘」
dig,ruk_tw,lruku / (aha lrima)lruku,,2026學習詞表 26-29「挖掘」；2026學習詞表 26-100「(用手)挖掘」
dig,ruk_tn,wakiʼale,,2026學習詞表 26-29「挖掘」；2026學習詞表 26-100「(用手)挖掘」
dig,ruk_mg,kukuru / ukurukuru,,2026學習詞表 26-29「挖掘」；2026學習詞表 26-100「(用手)挖掘」
dig,ruk_mn,kohokoho / kodhokodho,,2026學習詞表 26-29「挖掘」：korokoro；2026學習詞表 26-100「(用手)挖掘」
dig,puy_py,kemurekur,,2026學習詞表 26-29「挖;掘」；2026學習詞表 26-100「挖掘」
dig,puy_tp,kerutr / kemulrkulr,,2026學習詞表 26-29「挖;掘」；2026學習詞表 26-100「挖掘」
dig,puy_ws,kerutr / kulrkulr/kerutr,,2026學習詞表 26-29「挖;掘」；2026學習詞表 26-100「挖掘」
dig,puy_ks,keruc,,2026學習詞表 26-29「挖;掘」；2026學習詞表 26-100「挖掘」
dig,trv,kmari,,2026學習詞表 26-29「挖」；2026學習詞表 26-100「挖(用手)」；2026學習詞表 30-62「挖」
dig,kav,kemutkut,,2026學習詞表 26-29「挖掘」；2026學習詞表 26-100「(用手)挖掘」
dig,tso,maʼe / yu’e,,2026學習詞表 26-29「挖掘」；2026學習詞表 26-100「(用手)挖掘」
dig,knv,kumakoru,,2026學習詞表 26-29「挖掘」；2026學習詞表 26-100「挖掘」；2026學習詞表 30-62「挖掘」
dig,hla,kumali / kumakali,,2026學習詞表 26-29「挖掘」；2026學習詞表 26-100「(用手)挖掘」
dig,yam,kalian / kowkawan,,2026學習詞表 26-29「挖掘」：另作：kalihen(椰油)；2026學習詞表 26-100「(用手)挖掘」：kowkawan/朗島部落稱
dig,sak,kutkut,,2026學習詞表 26-29「挖掘」；2026學習詞表 26-100「(用手)挖掘」
dig,pan,*k<um>ali,,"ACD PAN 19072-7f185fde04418edb2a1a5648952fb9c3-1「to dig up, excavate, as tubers」"
dig,pmp,*k<um>ali,,"ACD PMP 19081-7f185fde04418edb2a1a5648952fb9c3-1「to dig up, excavate, as tubers」"
swim,ami_nt,danguy,,2026學習詞表 26-31「游泳」
swim,ami_hk,dangoy,,2026學習詞表 26-31「游泳」
swim,ami_ha,dangoy,,2026學習詞表 26-31「游泳」
swim,ami_ml,midangoy,,2026學習詞表 26-31「游泳」
swim,ami_hc,dangoy,,2026學習詞表 26-31「游泳」
swim,ata_sq,lmngyaq,,2026學習詞表 26-31「游泳」：mlngyaq
swim,ata_su,mlngya,,2026學習詞表 26-31「游泳」：lmngya
swim,ata_ml,lumanguy,,2026學習詞表 26-31「游泳」
swim,ata_pl,lumanguy,,2026學習詞表 26-31「游泳」
swim,ata_sk,lmngyaq,,2026學習詞表 26-31「游泳」
swim,ata_kl,mlngya,,2026學習詞表 26-31「游泳」
swim,say,lalangoy,,2026學習詞表 26-31「游泳」
swim,tha,mrauz,,2026學習詞表 26-31「游泳」
swim,sed_to,tmapaq qsiya,,2026學習詞表 26-31「游泳」
swim,sed_tg,lmanguy,,2026學習詞表 26-31「游泳」
swim,sed_tr,tmapaq qsiya,,2026學習詞表 26-31「游泳」
swim,bun_td,tunhapav,,2026學習詞表 26-31「游泳」
swim,bun_bh,taldanav/lingqaul/micuʼaviʼ,,2026學習詞表 26-31「游泳」
swim,bun_vt,tunʼapap,,2026學習詞表 26-31「游泳」：另作lingqaul
swim,bun_bn,apap / sungqaqaul,,2026學習詞表 26-31「游泳」：ap-ap
swim,bun_ib,sunhahaul,,2026學習詞表 26-31「游泳」
swim,pai_es,kemavakav,,2026學習詞表 26-31「游泳」
swim,pai_nt,ljemanguy,,2026學習詞表 26-31「游泳」
swim,pai_ct,ljemanguy,,2026學習詞表 26-31「游泳」：lemedep
swim,pai_st,ljemanguy,,2026學習詞表 26-31「游泳」
swim,ruk_es,langoy,,2026學習詞表 26-31「游泳」
swim,ruk_bd,languy,,2026學習詞表 26-31「游泳」：lredepe
swim,ruk_tw,langui,,2026學習詞表 26-31「游泳」
swim,ruk_tn,lwangolangoy,,2026學習詞表 26-31「游泳」：walangolangoy在游泳
swim,ruk_mg,lungulungé,,2026學習詞表 26-31「游泳」
swim,ruk_mn,longolangoi,,2026學習詞表 26-31「游泳」
swim,puy_py,mellanguy,,2026學習詞表 26-31「游泳」
swim,puy_tp,pakulima,,2026學習詞表 26-31「游泳」
swim,puy_ws,lranguy,,2026學習詞表 26-31「游泳」：melranguy
swim,puy_ks,pakulima,,2026學習詞表 26-31「游泳」
swim,trv,tmapaq,,2026學習詞表 26-31「游泳」
swim,kav,menanguy,,2026學習詞表 26-31「游泳」
swim,tso,yuuhnguzu,,2026學習詞表 26-31「游泳」
swim,knv,makananguru,,2026學習詞表 26-31「游泳」
swim,hla,makahlangulu,,2026學習詞表 26-31「游泳」
swim,yam,miawawat,,2026學習詞表 26-31「游泳」
swim,sak,danguy/ngaduy,,2026學習詞表 26-31「游泳」
swim,pan,*Naŋuy,,ACD PAN 19072-24cb9ef496c704f67e3646836cfd4494-1「to swim」
swim,pmp,*naŋuy,,ACD PMP 19081-24cb9ef496c704f67e3646836cfd4494-1「to swim」
fly,ami_nt,vaher,,2026學習詞表 25-12「飛」
fly,ami_hk,efer,,2026學習詞表 25-12「飛」
fly,ami_ha,efer,,2026學習詞表 25-12「飛」
fly,ami_ml,maefer,,2026學習詞表 25-12「飛」
fly,ami_hc,efer,,2026學習詞表 25-12「飛」
fly,ata_sq,mlaka,,2026學習詞表 25-12「飛」：mlaka’
fly,ata_su,mlaka,,2026學習詞表 25-12「飛」：palaka/mlaka
fly,ata_ml,manbahaag,,2026學習詞表 25-12「飛」
fly,ata_pl,mulakaʼ,,2026學習詞表 25-12「飛」
fly,ata_sk,mlaka,,2026學習詞表 25-12「飛」
fly,ata_kl,mlaka,,2026學習詞表 25-12「飛」
fly,say,homayap,,2026學習詞表 25-12「飛」
fly,tha,marfaz,,2026學習詞表 25-12「飛」
fly,sed_to,skaya,,2026學習詞表 25-12「飛」
fly,sed_tg,skiya,,2026學習詞表 25-12「飛」
fly,sed_tr,skaya,,2026學習詞表 25-12「飛」
fly,bun_td,kusbai,,2026學習詞表 25-12「飛」
fly,bun_bh,kusbai,,2026學習詞表 25-12「飛」
fly,bun_vt,kusbai,,2026學習詞表 25-12「飛」
fly,bun_bn,kusbai,,2026學習詞表 25-12「飛」：kusbai
fly,bun_ib,kusbai,,2026學習詞表 25-12「飛」
fly,pai_es,minglayapanga,,2026學習詞表 25-12「飛」
fly,pai_nt,mipereperanga,,2026學習詞表 25-12「飛」
fly,pai_ct,minelayap,,2026學習詞表 25-12「飛」：minperav
fly,pai_st,minlayapanga,,2026學習詞表 25-12「飛」
fly,ruk_es,aniʼalay,,2026學習詞表 25-12「飛」
fly,ruk_bd,ngiapalay,,2026學習詞表 25-12「飛」
fly,ruk_tw,ngyapalai,,2026學習詞表 25-12「飛」
fly,ruk_tn,ʼangopalay,,2026學習詞表 25-12「飛」
fly,ruk_mg,thilibi,,2026學習詞表 25-12「飛」
fly,ruk_mn,ʼinipalai,,2026學習詞表 25-12「飛」
fly,puy_py,mubii,,2026學習詞表 25-12「飛」
fly,puy_tp,muvii,,2026學習詞表 25-12「飛」
fly,puy_ws,vii,,2026學習詞表 25-12「飛」：muvii
fly,puy_ks,muvii,,2026學習詞表 25-12「飛」
fly,trv,skaya,,2026學習詞表 25-12「飛」
fly,kav,temanbaseR,,2026學習詞表 25-12「飛」
fly,tso,toesoso,,2026學習詞表 25-12「飛」
fly,knv,mingane,,2026學習詞表 25-12「飛」
fly,hla,mipihlihli,,2026學習詞表 25-12「飛」
fly,yam,somalap,,2026學習詞表 25-12「飛」
fly,sak,bahel,,2026學習詞表 25-12「飛」
fly,pan,*layap,,ACD PAN 19072-82002e1438211474653564d10df0d339-1「to fly」
fly,pmp,*layap,,ACD PMP 19081-82002e1438211474653564d10df0d339-1「to fly」
walk,ami_nt,remakat,,2026學習詞表 25-10「走路」
walk,ami_hk,romakat,,2026學習詞表 25-10「走路」
walk,ami_ha,romakat,,2026學習詞表 25-10「走路」
walk,ami_ml,romakat,,2026學習詞表 25-10「走路」
walk,ami_hc,romakat,,2026學習詞表 25-10「走路」
walk,ata_sq,mhkangi,,2026學習詞表 25-10「走路」：mhkangi’
walk,ata_su,hmakay,,2026學習詞表 25-10「走路」：hmkangi/mhkani tu’iy
walk,ata_ml,humakay,,2026學習詞表 25-10「走路」
walk,ata_pl,maskakiy,,2026學習詞表 25-10「走路」
walk,ata_sk,mhkangi,,2026學習詞表 25-10「走路」
walk,ata_kl,mkhani/ mhkangi,,2026學習詞表 25-10「走路」：mhkangi(眉原)
walk,say,panra:an,,2026學習詞表 25-10「走路」
walk,tha,mundadaan,,2026學習詞表 25-10「走路」
walk,sed_to,mksa,,2026學習詞表 25-10「走路」
walk,sed_tg,kkesa,,2026學習詞表 25-10「走路」
walk,sed_tr,mksa,,2026學習詞表 25-10「走路」
walk,bun_td,tanʼanak,,2026學習詞表 25-10「走路」：tan’anak指徒步走路 ; mudadaan是逛一逛
walk,bun_bh,mudadan/tanʼanak,,2026學習詞表 25-10「走路」
walk,bun_vt,tanʼanak,,2026學習詞表 25-10「走路」
walk,bun_bn,mudadaan / tanʼanak,,2026學習詞表 25-10「走路」：tan-anak
walk,bun_ib,mudadaan,,2026學習詞表 25-10「走路」
walk,pai_es,djemavac,,2026學習詞表 25-10「走路」
walk,pai_nt,djemavac,,2026學習詞表 25-10「走路」
walk,pai_ct,djemavac,,2026學習詞表 25-10「走路」
walk,pai_st,djemavac,,2026學習詞表 25-10「走路」
walk,ruk_es,dadavace,,2026學習詞表 25-10「走路」
walk,ruk_bd,wadadavace,,2026學習詞表 25-10「走路」
walk,ruk_tw,dadavace,,2026學習詞表 25-10「走路」
walk,ruk_tn,wadavadavace,,2026學習詞表 25-10「走路」
walk,ruk_mg,dodavɨce,,2026學習詞表 25-10「走路」
walk,ruk_mn,dhoadhaace,,2026學習詞表 25-10「走路」
walk,puy_py,kemakawang,,2026學習詞表 25-10「走路」
walk,puy_tp,kemakawang,,2026學習詞表 25-10「走路」
walk,puy_ws,kawang,,2026學習詞表 25-10「走路」：kemakawang
walk,puy_ks,kawang,,2026學習詞表 25-10「走路」
walk,trv,mksa,,2026學習詞表 25-10「走路」
walk,kav,semaqay,,2026學習詞表 25-10「走路」
walk,tso,coeconʉ,,2026學習詞表 25-10「走路」
walk,knv,mucacanʉ,,2026學習詞表 25-10「走路」
walk,hla,musasala,,2026學習詞表 25-10「走路」
walk,yam,omalam,,2026學習詞表 25-10「走路」
walk,sak,culil,,2026學習詞表 25-10「走路」
walk,pan,*rakat,,ACD PAN 19072-46f9631576015f35f527af2bc67351a6-1「walk」
walk,pmp,*rakat,,ACD PMP 19081-46f9631576015f35f527af2bc67351a6-1「walk」
come,ami_nt,tayni,,2026學習詞表 25-08「來」
come,ami_hk,katayni,,2026學習詞表 25-08「來」
come,ami_ha,ati,,2026學習詞表 25-08「來」
come,ami_ml,tayni,,2026學習詞表 25-08「來」
come,ami_hc,tayni,,2026學習詞表 25-08「來」
come,ata_sq,mwah,,2026學習詞表 25-08「來」
come,ata_su,uwah,,2026學習詞表 25-08「來」
come,ata_ml,ibuwi/ uwah,,2026學習詞表 25-08「來」
come,ata_pl,moh,,2026學習詞表 25-08「來」
come,ata_sk,mwah,,2026學習詞表 25-08「來」
come,ata_kl,mwah,,2026學習詞表 25-08「來」
come,say,wa:iʼ,,2026學習詞表 25-08「來」
come,tha,munai,,2026學習詞表 25-08「來」
come,sed_to,miyah,,2026學習詞表 25-08「來」
come,sed_tg,meyah,,2026學習詞表 25-08「來」：eyah
come,sed_tr,miyah,,2026學習詞表 25-08「來」
come,bun_td,nuqan,,2026學習詞表 25-08「來」：muncaan dii移到這裡，muncana dii移動到這裡（命令句），nuqan過來。
come,bun_bh,hanuin/ kula,,2026學習詞表 25-08「來」
come,bun_vt,minsuma,,2026學習詞表 25-08「來」
come,bun_bn,kula,,2026學習詞表 25-08「來」：minsuma
come,bun_ib,minsuma,,2026學習詞表 25-08「來」
come,pai_es,namangetjez,,2026學習詞表 25-08「來」
come,pai_nt,namangetjez,,2026學習詞表 25-08「來」
come,pai_ct,namangetjez,,2026學習詞表 25-08「來」
come,pai_st,namangtjez,,2026學習詞表 25-08「來」
come,ruk_es,kela,,2026學習詞表 25-08「來」
come,ruk_bd,kela,,2026學習詞表 25-08「來」
come,ruk_tw,kela,,2026學習詞表 25-08「來」
come,ruk_tn,ʼawkay,,2026學習詞表 25-08「來」
come,ruk_mg,nanga / mukunia,,2026學習詞表 25-08「來」
come,ruk_mn,maavaʼi,,2026學習詞表 25-08「來」
come,puy_py,alamu,,2026學習詞表 25-08「來」
come,puy_tp,zuwa,,2026學習詞表 25-08「來」
come,puy_ws,zuwa,,2026學習詞表 25-08「來」
come,puy_ks,duwa,,2026學習詞表 25-08「來」
come,trv,miyah,,2026學習詞表 25-08「來」
come,kav,mawtu,,2026學習詞表 25-08「來」
come,tso,mino,,2026學習詞表 25-05「過來」；2026學習詞表 25-08「來」
come,knv,ivata,,2026學習詞表 25-08「(請)來」
come,hla,mʉcʉkʉhlʉ,,2026學習詞表 25-08「來」
come,yam,mai,,2026學習詞表 25-08「來」
come,sak,awza/ awda,,2026學習詞表 25-08「來」
come,pan,*um-aRi,,ACD PAN 19072-3148c48e743c57b1daf0bca234d4e575-2「to come」
come,pmp,*um-aRi,,ACD PMP 19081-3148c48e743c57b1daf0bca234d4e575-2「to come」
lie,ami_nt,taelingang / kirir / taelingan,,2026學習詞表 26-20「仰躺」：taengan躺；2026學習詞表 26-88「側臥」；2026學習詞表 30-16「躺臥」
lie,ami_hk,tiʼenang / tokinil / taʼenang,,2026學習詞表 26-20「仰躺」；2026學習詞表 26-88「側臥」；2026學習詞表 30-16「躺臥」
lie,ami_ha,wakang/mati’enang / tokinir / mawakang,,2026學習詞表 26-20「仰躺」：同ti’ enang。 tokinil 側躺、小歇一下。；2026學習詞表 26-88「側臥」；2026學習詞表 30-16「躺臥」
lie,ami_ml,mati’enang/mawakang / tokinil / mati’enang,,2026學習詞表 26-20「仰躺」；2026學習詞表 26-88「側臥」；2026學習詞表 30-16「躺臥」
lie,ami_hc,tiʼenang/wakang / tokinil / tiʼenang/mitokinir,,2026學習詞表 26-20「仰躺」；2026學習詞表 26-88「側臥」；2026學習詞表 30-16「躺臥」
lie,ata_sq,mtgayaw,,2026學習詞表 26-20「仰躺」；2026學習詞表 26-88「側臥」；2026學習詞表 30-16「躺臥」
lie,ata_su,msrapa / masarapa / trhiya / tcyahaw / msrapa / mtgayaw,,2026學習詞表 26-20「仰躺」；2026學習詞表 26-88「側臥」：matakiy/mtkki m’abi；2026學習詞表 30-16「躺臥」：srapa m’abi
lie,ata_ml,masrarapaʼ / matakakil / masrarapa’/ matgrarapa’,,2026學習詞表 26-20「仰躺」；2026學習詞表 26-88「側臥」；2026學習詞表 30-16「躺臥」
lie,ata_pl,tarahyaʼ / mahkuṟ,,2026學習詞表 26-20「仰躺」；2026學習詞表 26-88「側臥」；2026學習詞表 30-16「躺臥」
lie,ata_sk,msrapa / stakis/ stkis / trahax,,2026學習詞表 26-20「仰躺」；2026學習詞表 26-88「側臥」；2026學習詞表 30-16「躺臥」
lie,ata_kl,msrapa / tmbang m’abi/ tkki m’abi / msyahaw/ trahaw/ msrapa m’abi,,2026學習詞表 26-20「仰躺」；2026學習詞表 26-88「側臥」：mtkki m’abi(眉原)；2026學習詞表 30-16「躺臥」：msrapa m’abi(眉原)
lie,say,paywawa:ak / maSkirkiri: / maywawa:ak,,2026學習詞表 26-20「躺」；2026學習詞表 26-88「側臥」；2026學習詞表 30-16「躺臥」
lie,tha,miataknaknar / makiwar pantatnar / pantaknar,,2026學習詞表 26-20「躺」；2026學習詞表 26-88「側臥」；2026學習詞表 30-16「躺臥」
lie,sed_to,tqraq / sbang,,2026學習詞表 26-20「躺」：ksaraw躺；2026學習詞表 26-88「側臥」；2026學習詞表 30-16「躺臥」：sbang躺臥
lie,sed_tg,trqeraq / sbbaang mtaqi / tqeraq,,2026學習詞表 26-20「躺」；2026學習詞表 26-88「側臥」；2026學習詞表 30-16「躺臥」
lie,sed_tr,sdahaw / sbaang,,2026學習詞表 26-20「躺」；2026學習詞表 26-88「側臥」：亦稱tkbaang；2026學習詞表 30-16「躺臥」
lie,bun_td,malkauʼnaz / malcimukuz / malkakauʼnaz,,2026學習詞表 26-20「躺」；2026學習詞表 26-88「側臥」：側臥;彎曲；2026學習詞表 30-16「躺臥」：mul’uu休息; malkakau’naz躺臥
lie,bun_bh,koʼnaz/takzang/lukmu / macedaz/masicala' / takzang/malkakoʼnaz,,2026學習詞表 26-20「躺」；2026學習詞表 26-88「側臥」；2026學習詞表 30-16「躺臥」
lie,bun_vt,takzang / makansala / maltakzang,,2026學習詞表 26-20「躺」；2026學習詞表 26-88「側臥」；2026學習詞表 30-16「躺臥」
lie,bun_bn,takzang / makansala,,2026學習詞表 26-20「躺」：makantakzang；2026學習詞表 26-88「側臥」：makansala；2026學習詞表 30-16「躺臥」：makantakzang
lie,bun_ib,matakzang / malsisala / maltakzang,,2026學習詞表 26-20「躺」：另作：maltakzang；2026學習詞表 26-88「側臥」：masisala南投/高雄慣用；2026學習詞表 30-16「躺臥」
lie,pai_es,naqemereng / kisigidi / kitjelangalj,,2026學習詞表 26-20「躺」；2026學習詞表 26-88「側臥」；2026學習詞表 30-16「仰臥」
lie,pai_nt,na’emereng / kigidi / kitelangalj,,2026學習詞表 26-20「躺」：qemereng；2026學習詞表 26-88「側臥」：kigidi a taqed；2026學習詞表 30-16「仰臥」：kitjelangalj
lie,pai_ct,naqemereng / kigidi/’igidi / qemereng,,2026學習詞表 26-20「躺」；2026學習詞表 26-88「側臥」；2026學習詞表 30-16「仰臥」
lie,pai_st,naqemereng / kisigidi /’isegidi / kitjelangalj/’tjelangalj,,2026學習詞表 26-20「躺」；2026學習詞表 26-88「側臥」；2026學習詞表 30-16「仰臥」
lie,ruk_es,tharatakanga / cicigiya / thalrakwala,,2026學習詞表 26-20「躺」；2026學習詞表 26-88「側臥」；2026學習詞表 30-16「躺臥」
lie,ruk_bd,tharuatakange / cicigiane apece / tharuatakange apece,,2026學習詞表 26-20「躺」；2026學習詞表 26-88「側臥」；2026學習詞表 30-16「躺臥」
lie,ruk_tw,wathahutakanga / wacigia,,2026學習詞表 26-20「躺」；2026學習詞表 26-88「側臥」；2026學習詞表 30-16「躺臥」
lie,ruk_tn,ʼiyabaae / talocicigiʼi,,2026學習詞表 26-20「躺」；2026學習詞表 26-88「側臥」；2026學習詞表 30-16「躺臥」
lie,ruk_mg,ébɨrarɨ / talicicigi / ébare,,2026學習詞表 26-20「躺」；2026學習詞表 26-88「側臥」；2026學習詞表 30-16「躺臥」
lie,ruk_mn,ivahahe / ʼahoʼiiʼidhiʼi / ʼapeʼapece,,2026學習詞表 26-20「躺」；2026學習詞表 26-88「側臥」；2026學習詞表 30-16「躺臥」
lie,puy_py,miedreng / miyagilid,,2026學習詞表 26-20「躺」；2026學習詞表 26-88「側臥」；2026學習詞表 30-16「躺臥」
lie,puy_tp,miʼezeng / mikakidir / miyahayang,,2026學習詞表 26-20「躺」；2026學習詞表 26-88「側臥」；2026學習詞表 30-16「躺臥」：仰躺
lie,puy_ws,iʼezeng / kidir,,2026學習詞表 26-20「躺」；2026學習詞表 26-88「側臥」；2026學習詞表 30-16「躺臥」
lie,puy_ks,i’edeng / kidir / lalavay,,2026學習詞表 26-20「躺」；2026學習詞表 26-88「側臥」；2026學習詞表 30-16「躺臥」
lie,trv,msbaang / tkbaang,,2026學習詞表 26-20「躺」：躺臥；2026學習詞表 26-88「側臥」；2026學習詞表 30-16「躺臥」
lie,kav,siqulin / sukinil maynep,,2026學習詞表 26-20「躺」；2026學習詞表 26-88「側臥」；2026學習詞表 30-16「躺臥」
lie,tso,tohbako / tohʼiei / oevoi,,2026學習詞表 26-20「躺」；2026學習詞表 26-88「側臥」；2026學習詞表 30-16「躺臥」
lie,knv,matasaʼai / makaningiri,,2026學習詞表 26-20「躺」；2026學習詞表 26-88「側臥」；2026學習詞表 30-16「躺臥」
lie,hla,musaʼai / makahlukutukututu / matasaʼai,,2026學習詞表 26-20「躺」；2026學習詞表 26-88「側臥」；2026學習詞表 30-16「躺臥」
lie,yam,mirey / misiri,,2026學習詞表 26-20「躺」；2026學習詞表 26-88「側臥」：meysiri/朗島部落稱；2026學習詞表 30-16「躺臥」
lie,sak,ta’nang/maliyad / matukinil/matikinih / malikalik,,2026學習詞表 26-20「躺」；2026學習詞表 26-88「側臥」；2026學習詞表 30-16「躺臥」
lie,pan,*qinep,,ACD PAN 19072-ac604ee4039e6c895c25f38fd77af7e6-1「lie down (to sleep)」
lie,pmp,*qinep,,ACD PMP 19081-ac604ee4039e6c895c25f38fd77af7e6-1「lie down (to sleep)」
sit,ami_nt,maruʼ,,2026學習詞表 25-43「坐著」；2026學習詞表 26-03「坐下」
sit,ami_hk,aroʼ / maroʼ,,2026學習詞表 25-43「坐著」；2026學習詞表 26-03「坐下」
sit,ami_ha,maroʼ,,2026學習詞表 25-43「坐著」；2026學習詞表 26-03「坐下」
sit,ami_ml,aroʼ / maroʼ,,2026學習詞表 25-43「坐著」；2026學習詞表 26-03「坐下」
sit,ami_hc,aroʼ / maroʼ,,2026學習詞表 25-43「坐著」；2026學習詞表 26-03「坐下」
sit,ata_sq,mtama,,2026學習詞表 25-43「坐著」：mtama’/thzyuk；2026學習詞表 26-03「坐下」：mtama’/thzyuk
sit,ata_su,mtl’ung / tlʼung,,2026學習詞表 25-43「坐著」：matalaung/mthiyuk；2026學習詞表 26-03「坐下」：matala’ung/thiyuk(新生部落)
sit,ata_ml,mantahuuk/ mantahunak / matahuuk/ matahunak,,2026學習詞表 25-43「坐著」：mantahuuk(男)/ mantahunak(女)/tahunak(祈使式)；2026學習詞表 26-03「坐下」：matahuuk(男)/ matahunak(女)
sit,ata_pl,matamaʼ / matatamaʼ,,2026學習詞表 25-43「坐著」；2026學習詞表 26-03「坐下」
sit,ata_sk,mtama,,2026學習詞表 25-43「坐著」；2026學習詞表 26-03「坐下」
sit,ata_kl,mtama/ mthoyuk / tama/ thyuk,,2026學習詞表 25-43「坐著」：mthoyuk(眉原)；2026學習詞表 26-03「坐下」：thyuk(眉原)
sit,say,minaSa:eng / Sa:eng,,2026學習詞表 25-43「坐著」；2026學習詞表 26-03「坐下」
sit,tha,milhungqu,,2026學習詞表 25-43「坐著」；2026學習詞表 26-03「坐下」
sit,sed_to,tlung,,2026學習詞表 25-43「坐著」；2026學習詞表 26-03「坐下」
sit,sed_tg,tloung,,2026學習詞表 25-43「坐著」；2026學習詞表 26-03「坐下」
sit,sed_tr,tluung,,2026學習詞表 25-43「坐著」；2026學習詞表 26-03「坐下」
sit,bun_td,malʼanungquʼ / mulungqu,,2026學習詞表 25-43「坐著」：mal’anungqu坐著（正保持狀態）；2026學習詞表 26-03「坐下」
sit,bun_bh,longqu/malʼanoqu / mulongqu,,2026學習詞表 25-43「坐著」；2026學習詞表 26-03「坐下」
sit,bun_vt,malungqu,,2026學習詞表 25-43「坐著」；2026學習詞表 26-03「坐下」
sit,bun_bn,malungqu / malʼanuqu / lungqu,,2026學習詞表 25-43「坐著」：malunqu；2026學習詞表 26-03「坐下」：malungqu/malunqu
sit,bun_ib,malʼanuhu,,2026學習詞表 25-43「坐著」；2026學習詞表 26-03「坐下」
sit,pai_es,naqemiladj,,2026學習詞表 25-43「坐」；2026學習詞表 26-03「坐下」
sit,pai_nt,na ’emiladj / ’emiladj,,2026學習詞表 25-43「坐」：na qemiladj；2026學習詞表 26-03「坐下」：qemiladj
sit,pai_ct,naqemiladj / qiladju/qiladji,,2026學習詞表 25-43「坐」：(完成貌-坐著)；2026學習詞表 26-03「坐下」
sit,pai_st,naqemiladj,,2026學習詞表 25-43「坐」；2026學習詞表 26-03「坐下」
sit,ruk_es,takainene / twakainene,,2026學習詞表 25-43「坐著」；2026學習詞表 26-03「坐下」
sit,ruk_bd,wanene / nene,,2026學習詞表 25-43「坐著」；2026學習詞表 26-03「坐下」
sit,ruk_tw,watakaenene / takainene,,2026學習詞表 25-43「坐著」；2026學習詞表 26-03「坐下」
sit,ruk_tn,ʼiyanono / ʼinonoa,,2026學習詞表 25-43「坐著」；2026學習詞表 26-03「坐下」
sit,ruk_mg,inu / inunua,,2026學習詞表 25-43「坐著」；2026學習詞表 26-03「坐下」
sit,ruk_mn,toloholrae / toloholrana,,2026學習詞表 25-43「坐著」；2026學習詞表 26-03「坐下」
sit,puy_py,matengadraw,,2026學習詞表 25-43「坐著」；2026學習詞表 26-03「坐下」
sit,puy_tp,kemayan / kayan,,2026學習詞表 25-43「坐著」；2026學習詞表 26-03「坐下」
sit,puy_ws,kemayan / kayan,,2026學習詞表 25-43「坐著」；2026學習詞表 26-03「坐下」
sit,puy_ks,kemayan / kayan,,2026學習詞表 25-43「坐著」；2026學習詞表 26-03「坐下」
sit,trv,tluung,,2026學習詞表 25-43「坐著」；2026學習詞表 26-03「坐下」
sit,kav,madded,,2026學習詞表 25-43「坐著」；2026學習詞表 26-03「坐下」
sit,tso,yusuhngu,,2026學習詞表 25-43「坐著」；2026學習詞表 26-03「坐下」
sit,knv,tupuru / tupurua,,2026學習詞表 25-43「坐著」；2026學習詞表 26-03「坐下」
sit,hla,hlitupuru / tupurua,,2026學習詞表 25-43「坐著」；2026學習詞表 26-03「坐下」
sit,yam,omlisna / amlisna,,2026學習詞表 25-43「坐著」；2026學習詞表 26-03「坐下」
sit,sak,eneng,,2026學習詞表 25-43「坐著」；2026學習詞表 26-03「坐下」
sit,pan,*ikud,,ACD PAN 19072-68baf6e25cef70d4646c9822838c9cc3-1「to sit」
sit,pmp,*iŋkud,,ACD PMP 19081-68baf6e25cef70d4646c9822838c9cc3-1「to sit」
stand,ami_nt,temireng,,2026學習詞表 25-44「站著」；2026學習詞表 26-105「起立」
stand,ami_hk,tomireng,,2026學習詞表 25-44「站著」；2026學習詞表 26-105「起立」
stand,ami_ha,tomireng,,2026學習詞表 25-44「站著」；2026學習詞表 26-105「起立」
stand,ami_ml,tomireng,,2026學習詞表 25-44「站著」；2026學習詞表 26-105「起立」
stand,ami_hc,tomireng,,2026學習詞表 25-44「站著」；2026學習詞表 26-105「起立」
stand,ata_sq,msʼurux / mtuliq,,2026學習詞表 25-44「站著」；2026學習詞表 26-105「起立；站著」
stand,ata_su,ms’rux / tuli,,2026學習詞表 25-44「站著」：masa’arux/mcru’ux；2026學習詞表 26-105「起立；站著」
stand,ata_ml,manca’rux/ mancaqru / manca’rux/ mancaqrux,,2026學習詞表 25-44「站著」：manca’rux(男)/ mancaqru(女)；2026學習詞表 26-105「起立；站著」：manca’rux(男)/ mancaqrux(女)
stand,ata_pl,macaruw / matuliʼ /matatuli’,,2026學習詞表 25-44「站著」；2026學習詞表 26-105「起立；站著」
stand,ata_sk,mcqrux / tuliq,,2026學習詞表 25-44「站著」；2026學習詞表 26-105「起立；站著」
stand,ata_kl,mc’rux / tuli,,2026學習詞表 25-44「站著」；2026學習詞表 26-105「起立；站著」
stand,say,miniriri:iʼ / ʼinʼitol,,2026學習詞表 25-44「站著」；2026學習詞表 26-105「起立」
stand,tha,milhalhilhi / milhilhi,,2026學習詞表 25-44「站著」；2026學習詞表 26-105「起立」
stand,sed_to,mhiyu / tutuy,,2026學習詞表 25-44「站著」；2026學習詞表 26-105「起立」：hiyu
stand,sed_tg,heyu / tutuy,,2026學習詞表 25-44「站著」；2026學習詞表 26-105「起立」
stand,sed_tr,hiyug,,2026學習詞表 25-44「站著」；2026學習詞表 26-105「起立」
stand,bun_td,maladuldul / mindangkaz,,2026學習詞表 25-44「站著」；2026學習詞表 26-105「起立」：mindangkaz起身，起床 ; minkailaz醒來
stand,bun_bh,tiduldul/dangkaz / mindangkaz/minduldul,,2026學習詞表 25-44「站著」；2026學習詞表 26-105「起立」
stand,bun_vt,makandangkaz/makanduldul / mindangkaz,,2026學習詞表 25-44「站著」；2026學習詞表 26-105「起立」
stand,bun_bn,tuduldul / mindangkaz,,2026學習詞表 25-44「站著」：matuduldul；2026學習詞表 26-105「起立」：mindangkaz
stand,bun_ib,matuduldul / minduldul,,2026學習詞表 25-44「站著」；2026學習詞表 26-105「起立」
stand,pai_es,namigacalj / gacalju,,2026學習詞表 25-44「站立」；2026學習詞表 26-105「起立」
stand,pai_nt,namigacalj / gacalju,,2026學習詞表 25-44「站立」；2026學習詞表 26-105「起立」
stand,pai_ct,namigacalj/natjiljegel / gacalju,,2026學習詞表 25-44「站立」；2026學習詞表 26-105「起立」
stand,pai_st,namalingedjelj / namizi / gacalju/iziyu,,2026學習詞表 25-44「站立」；2026學習詞表 26-105「起立」
stand,ruk_es,yaidi / idiya,,2026學習詞表 25-44「站著」；2026學習詞表 26-105「起立」
stand,ruk_bd,acegecege / acegecega/idia,,2026學習詞表 25-44「站著」；2026學習詞表 26-105「起立」
stand,ruk_tw,waidii / idiiya,,2026學習詞表 25-44「站著」；2026學習詞表 26-105「起立」
stand,ruk_tn,ʼiyadiʼi / ʼidiʼiya,,2026學習詞表 25-44「站著」；2026學習詞表 26-105「起立」：’iyadi’i （已經）站立
stand,ruk_mg,ingɨdɨlɨ / icɨkalɨ,,2026學習詞表 25-44「站著」；2026學習詞表 26-105「起立」
stand,ruk_mn,idhiʼi / ʼinicekala,,2026學習詞表 25-44「站著」；2026學習詞表 26-105「起立」
stand,puy_py,maretigir / karetigir,,2026學習詞表 25-44「站著」；2026學習詞表 26-105「起立」
stand,puy_tp,matikeriz / katikeriz,,2026學習詞表 25-44「站著」；2026學習詞表 26-105「起立」
stand,puy_ws,matikezir/maketizir / katikezir/kaketizir,,2026學習詞表 25-44「站著」；2026學習詞表 26-105「起立」
stand,puy_ks,matikedir / katikedir,,2026學習詞表 25-44「站著」；2026學習詞表 26-105「起立」
stand,trv,hiyug,,2026學習詞表 25-44「站著」；2026學習詞表 26-105「站著」
stand,kav,miRi / qiRi,,2026學習詞表 25-44「站著」；2026學習詞表 26-105「起立」
stand,tso,yacʼʉ / yʉcʼʉ,,2026學習詞表 25-44「站著」；2026學習詞表 26-105「起立」
stand,knv,muciri / aratakarʉ,,2026學習詞表 25-44「站著」；2026學習詞表 26-105「起立」
stand,hla,hlimusiri / umacʉka,,2026學習詞表 25-44「站著」；2026學習詞表 26-105「起立」
stand,yam,tomanek / tanek,,2026學習詞表 25-44「站著」；2026學習詞表 26-105「起立」：tomanek
stand,sak,tizeng/ tideng / tizenga/ tidenga,,2026學習詞表 25-44「站著」；2026學習詞表 26-105「起立」
stand,pan,*diRi,,ACD PAN 19072-e059f5995f35378fe02beb5bad5b152b-1「to stand」
stand,pmp,*diRi,,ACD PMP 19081-e059f5995f35378fe02beb5bad5b152b-1「to stand」
turn,pan,*taliuk,,"ACD PAN 19072-ae76380a9ddbe1e5f0faa1c2d42aa100-1「turn, go around」"
turn,pmp,*taliuk,,"ACD PMP 19081-ae76380a9ddbe1e5f0faa1c2d42aa100-1「turn, go around」"
fall,ami_nt,terak,,2026學習詞表 25-26「(植物的果實)掉落」
fall,ami_hk,fonor,,2026學習詞表 25-26「(植物的果實)掉落」
fall,ami_ha,mafonor/rasras,,2026學習詞表 25-26「(植物的果實)掉落」
fall,ami_ml,marasras,,2026學習詞表 25-26「(植物的果實)掉落」
fall,ami_hc,laslas,,2026學習詞表 25-26「(植物的果實)掉落」
fall,ata_sq,mhuq,,2026學習詞表 25-26「(植物的果實)掉落」
fall,ata_su,mshutaw / mshuw,,2026學習詞表 25-26「(植物的果實)掉落」：mhu mhutaw
fall,ata_ml,masihwaw/ masiqru’,,2026學習詞表 25-26「(植物的果實)掉落」
fall,ata_pl,marus,,2026學習詞表 25-26「(植物的果實)掉落」
fall,ata_sk,mhoq,,2026學習詞表 25-26「(植物的果實)掉落」
fall,ata_kl,shotaw / mshotaw/ mhutaw/ shutaw,,2026學習詞表 25-26「(植物的果實)掉落」：mhutaw(眉原)/ shutaw(眉原)
fall,say,mehes,,2026學習詞表 25-26「(植物的果實)掉落」
fall,tha,mathathak,,2026學習詞表 25-26「(植物的果實)掉落」
fall,sed_to,mhhur,,2026學習詞表 25-26「(植物的果實)掉落」
fall,sed_tg,mhrehun,,2026學習詞表 25-26「(植物的果實)掉落」
fall,sed_tr,mhrhur,,2026學習詞表 25-26「(植物的果實)掉落」：mtucing
fall,bun_td,muqalqal,,2026學習詞表 25-26「(植物的果實)掉落」：muqasqas多量的掉落
fall,bun_bh,muqasqas,,2026學習詞表 25-26「(植物的果實)掉落」
fall,bun_vt,muqalqal,,2026學習詞表 25-26「(植物的果實)掉落」
fall,bun_bn,muqasqas,,2026學習詞表 25-26「(植物的果實)掉落」：muqasqas
fall,bun_ib,muhalhal,,2026學習詞表 25-26「(植物的果實)掉落」
fall,pai_es,namakelu,,2026學習詞表 25-26「(植物的果實)掉落」
fall,pai_nt,namasuav,,2026學習詞表 25-26「(植物的果實)掉落」
fall,pai_ct,ma’elu,,2026學習詞表 25-26「(植物的果實)掉落」：小米 sasuav
fall,pai_st,namasuwaw,,2026學習詞表 25-26「(植物的果實)掉落」
fall,ruk_es,mwatrerage,,2026學習詞表 25-26「(植物的果實)掉落」
fall,ruk_bd,muaruuru,,2026學習詞表 25-26「(植物的果實)掉落」
fall,ruk_tw,mwahuhu,,2026學習詞表 25-26「(植物的果實)掉落」
fall,ruk_tn,maoo/mapisisi,,2026學習詞表 25-26「(植物的果實)掉落」：wapisisi 摘
fall,ruk_mg,mapisisi,,2026學習詞表 25-26「(植物的果實)掉落」
fall,ruk_mn,malrolro,,2026學習詞表 25-26「(植物的果實)掉落」
fall,puy_py,mutrerag,,2026學習詞表 25-26「掉落」
fall,puy_tp,mutrerah,,2026學習詞表 25-26「掉落」
fall,puy_ws,mutrerah,,2026學習詞表 25-26「掉落」
fall,puy_ks,mucerah,,2026學習詞表 25-26「掉落」
fall,trv,mhrhur,,2026學習詞表 25-26「掉落」：指植物的果實掉落
fall,kav,bibiq,,2026學習詞表 25-26「(植物的果實)掉落」
fall,tso,supeohʉ,,2026學習詞表 25-26「掉落」
fall,knv,matapariʼi,,2026學習詞表 25-26「掉落」
fall,hla,mucapi,,2026學習詞表 25-26「(植物的果實)掉落」
fall,yam,mavozas,,2026學習詞表 25-26「(植物的果實)掉落」
fall,sak,mapeluʼ,,2026學習詞表 25-26「(植物的果實)掉落」
fall,pan,*taktak₁,,"ACD PAN 19072-97697e34e3174abb00f70d8733f8ad58-1「to fall, of many things at once; to dislodge the contents of a container by knocking it against something」"
fall,pmp,*nabuq,,ACD PMP 19081-541a976b3b374da92b8cb5600b5cc140-1「to fall」
give,ami_nt,paveli,,2026學習詞表 25-07「給」
give,ami_hk,pafeli^,,2026學習詞表 25-07「給」
give,ami_ha,pafeli,,2026學習詞表 25-07「給」
give,ami_ml,pafeli,,2026學習詞表 25-07「給」
give,ami_hc,pafeli,,2026學習詞表 25-07「給」
give,ata_sq,miq,,2026學習詞表 25-07「給」：biq
give,ata_su,may,,2026學習詞表 25-07「給」：mayi/ita/bi’y
give,ata_ml,muway/ mayq,,2026學習詞表 25-07「給」
give,ata_pl,mi’,,2026學習詞表 25-07「給」
give,ata_sk,miq,,2026學習詞表 25-07「給」
give,ata_kl,me/ be / mi / bi’iy / bi’an,,2026學習詞表 25-07「給」：mi(眉原)
give,say,be:ay,,2026學習詞表 25-07「給」：bo:ay
give,tha,lhai,,2026學習詞表 25-07「給」
give,sed_to,bqani,,2026學習詞表 25-07「給」：biqi; muway給
give,sed_tg,ege/biqi,,2026學習詞表 25-07「給」
give,sed_tr,bqani,,2026學習詞表 25-07「給」：biqi
give,bun_td,macaiv,,2026學習詞表 25-07「給」：ma’aiv給
give,bun_bh,maʼaiv/macaiv,,2026學習詞表 25-07「給」
give,bun_vt,masaiv,,2026學習詞表 25-07「給」
give,bun_bn,masaiv,,2026學習詞表 25-07「給」：masaiv
give,bun_ib,masaiv,,2026學習詞表 25-07「給」
give,pai_es,pavai,,2026學習詞表 25-07「給」
give,pai_nt,pavayi,,2026學習詞表 25-07「給」
give,pai_ct,pavayi,,2026學習詞表 25-07「給」
give,pai_st,pavai,,2026學習詞表 25-07「給」
give,ruk_es,bay,,2026學習詞表 25-07「給」
give,ruk_bd,wabaai,,2026學習詞表 25-07「給」
give,ruk_tw,baai,,2026學習詞表 25-07「給」
give,ruk_tn,wabaʼay,,2026學習詞表 25-07「給」
give,ruk_mg,bwi,,2026學習詞表 25-07「給」
give,ruk_mn,voaʼi,,2026學習詞表 25-07「給」
give,puy_py,beray,,2026學習詞表 25-07「給;贈」
give,puy_tp,veray,,2026學習詞表 25-07「給;贈」
give,puy_ws,veray,,2026學習詞表 25-07「給;贈」
give,puy_ks,veray,,2026學習詞表 25-07「給;贈」
give,trv,mgay,,2026學習詞表 25-07「給」
give,kav,bula,,2026學習詞表 25-07「給」
give,tso,mofi,,2026學習詞表 25-07「給」
give,knv,movua,,2026學習詞表 25-07「給」
give,hla,uvura,,2026學習詞表 25-07「給」
give,yam,ipanta / itoro,,2026學習詞表 25-07「給」；2026學習詞表 25-15「送、給」
give,sak,pabeli,,2026學習詞表 25-07「給」
give,pan,*beRay,,ACD PAN 19072-a1ec23e9b9ab43a88222d9949ee26499-1「give」
give,pmp,*pa-beRay,,ACD PMP 19081-e78a5c8cf0acbcaa1d81523e6248d43f-1「to give」
hold,ami_nt,awit / rapet,,2026學習詞表 26-42「提著」；2026學習詞表 26-43「握著」
hold,ami_hk,kakoyen /tatoyen / metmeten,,2026學習詞表 26-42「提著」；2026學習詞表 26-43「握著」
hold,ami_ha,tatoy / mamet,,2026學習詞表 26-42「提著」；2026學習詞表 26-43「握著」：另作metmet
hold,ami_ml,tatoyen / metmeten,,2026學習詞表 26-42「提著」；2026學習詞表 26-43「握著」
hold,ami_hc,tatiw/tatoy / metmet,,2026學習詞表 26-42「提著」；2026學習詞表 26-43「握著」：ala 拿 ，amet / metmet 同意詞「握」
hold,ata_sq,lmeliq / meng,,2026學習詞表 26-42「提著」：lmayliq；2026學習詞表 26-43「握著」：ming
hold,ata_su,lmeli / le’un / lamayli / bingun,,2026學習詞表 26-42「提著」：lamili/lmeli/lle’un；2026學習詞表 26-43「握著」：tabingan/bingun
hold,ata_ml,rumileq/ liliqun / biingun/ qatuun,,2026學習詞表 26-42「提著」；2026學習詞表 26-43「握著」
hold,ata_pl,rumiliʼ / bingun,,2026學習詞表 26-42「提著」；2026學習詞表 26-43「握著」
hold,ata_sk,lmeliq / cuwakan,,2026學習詞表 26-42「提著」；2026學習詞表 26-43「握著」
hold,ata_kl,meli/ lmeli / ming,,2026學習詞表 26-42「提著」：lmeli(眉原)；2026學習詞表 26-43「握著」
hold,say,sisil / pakme:,,2026學習詞表 26-42「提著」：tilhaya:；2026學習詞表 26-43「握著」
hold,tha,kmathu / hmadu,,2026學習詞表 26-42「提著」；2026學習詞表 26-43「握著」
hold,sed_to,dmidil / dmuwi,,2026學習詞表 26-42「提著」；2026學習詞表 26-43「握著」
hold,sed_tg,dmidil / dmoi,,2026學習詞表 26-42「提著」；2026學習詞表 26-43「握著」
hold,sed_tr,dmijil / dmuuy,,2026學習詞表 26-42「提著」；2026學習詞表 26-43「握著」
hold,bun_td,angkuc / malidikuc,,2026學習詞表 26-42「提著」：angkuc 提著 ; ancaqan 以肩抬著；2026學習詞表 26-43「握著」
hold,bun_bh,ancaqan / angkuc,,2026學習詞表 26-42「提著」；2026學習詞表 26-43「握著」
hold,bun_vt,angkus / maldikus,,2026學習詞表 26-42「提著」：ansaqan扛著；2026學習詞表 26-43「握著」
hold,bun_bn,angkus / maldikus,,2026學習詞表 26-42「提著」：ankus/ansaqan；2026學習詞表 26-43「握著」：maldikus
hold,bun_ib,andikus / maldikus,,2026學習詞表 26-42「提著」；2026學習詞表 26-43「握著」
hold,pai_es,nakemaladray / ginemegem,,2026學習詞表 26-42「提著」；2026學習詞表 26-43「握著」
hold,pai_nt,nakemaljaidr / ginemegem,,2026學習詞表 26-42「提著」；2026學習詞表 26-43「握著」
hold,pai_ct,kemulidru / gememegem,,2026學習詞表 26-42「提著」；2026學習詞表 26-43「握著」
hold,pai_st,nakemaladray / natjemikidr / ginemegem,,2026學習詞表 26-42「提著」；2026學習詞表 26-43「握著」
hold,ruk_es,takilili / gemegeme,,2026學習詞表 26-42「提著」：takilili 提，watakilili 有提著(實現)，watakililiyana仍提著；2026學習詞表 26-43「握著」：gemegeme 握，gemegemema握著!
hold,ruk_bd,takilili / gemegeme,,2026學習詞表 26-42「提著」；2026學習詞表 26-43「握著」
hold,ruk_tw,watakilili / wagemegeme,,2026學習詞表 26-42「提著」；2026學習詞表 26-43「握著」
hold,ruk_tn,watakikili / wagemegeme,,2026學習詞表 26-42「提著」：wasangeale扛；2026學習詞表 26-43「握著」
hold,ruk_mg,tikikili / rɨcɨngɨ,,2026學習詞表 26-42「提著」；2026學習詞表 26-43「握著」
hold,ruk_mn,toihiihi / hemeheme,,2026學習詞表 26-42「提著」：toiriiri；2026學習詞表 26-43「握著」
hold,puy_py,tremilletrill / demikes,,2026學習詞表 26-42「提著」；2026學習詞表 26-43「拿著;摸著」
hold,puy_tp,kemilrakilr / demikes,,2026學習詞表 26-42「提著」；2026學習詞表 26-43「拿著;摸著」
hold,puy_ws,tringatring/trilrtrilr / dikes,,2026學習詞表 26-42「提著」；2026學習詞表 26-43「拿著;摸著」
hold,puy_ks,kilrakilr / dikes,,2026學習詞表 26-42「提著」；2026學習詞表 26-43「拿著;摸著」
hold,trv,dmijil / dmuuy,,2026學習詞表 26-42「提著」；2026學習詞表 26-43「握著」：dmuuy中文為'握/用'，mangal為'取'之意
hold,kav,misis / mimet,,2026學習詞表 26-42「提著」；2026學習詞表 26-43「握著」
hold,tso,tiatatvia / pʉta,,2026學習詞表 26-42「提著」；2026學習詞表 26-43「握著」
hold,knv,mukʉrʉ,,2026學習詞表 26-42「提著」；2026學習詞表 26-43「握著」
hold,hla,hlimatihlaihlai / hlimaipʉkʉlʉ,,2026學習詞表 26-42「提著」；2026學習詞表 26-43「握著」
hold,yam,aviten / kemkeman,,2026學習詞表 26-42「提著」；2026學習詞表 26-43「握著」
hold,sak,huwad/alaen/kapeten / zikec/ dikec/kamelen,,2026學習詞表 26-42「提著」；2026學習詞表 26-43「握著」
hold,pan,*biNiC,,ACD PAN 19072-94b55966d750d9ecb93c66eefdcbb862-1「hold in the hand」
hold,pmp,*metmet,,ACD PMP 19081-eb73f0b15fa7e98728c857c58eab95de-1「to hold tightly」
squeeze,ami_nt,celcel,,2026學習詞表 26-97「擠」
squeeze,ami_hk,macaco^co^,,2026學習詞表 26-97「擠」
squeeze,ami_ha,coeco,,2026學習詞表 26-97「擠」
squeeze,ami_ml,coeco,,2026學習詞表 26-97「擠」
squeeze,ami_hc,coʼeco,,2026學習詞表 26-97「擠」
squeeze,ata_sq,psbuq,,2026學習詞表 26-97「擠」：psbuq (擠奶水、擠果汁)
squeeze,ata_su,psbuw,,2026學習詞表 26-97「擠」：m’hut/’mhuc(新生部落)
squeeze,ata_ml,maheeq,,2026學習詞表 26-97「擠」
squeeze,ata_pl,kunpit,,2026學習詞表 26-97「擠」
squeeze,ata_sk,psboq,,2026學習詞表 26-97「擠」：psboq(擠奶)
squeeze,ata_kl,psbu/ pbu’an/ hmbok,,2026學習詞表 26-97「擠」：hmbok(眉原)
squeeze,say,kakonʼesʼes / kepe:,,2026學習詞表 26-97「擠」
squeeze,tha,pitpit,,2026學習詞表 26-97「擠」
squeeze,sed_to,muruc,,2026學習詞表 26-97「擠」
squeeze,sed_tg,mepux,,2026學習詞表 26-97「擠」
squeeze,sed_tr,qpiyun,,2026學習詞表 26-97「擠」
squeeze,bun_td,pasiʼaicqaz,,2026學習詞表 26-97「擠」
squeeze,bun_bh,maqtic,,2026學習詞表 26-97「擠」
squeeze,bun_vt,maqtis,,2026學習詞表 26-97「擠」
squeeze,bun_bn,maqtis,,2026學習詞表 26-97「擠」：pakiqtis/maqtis
squeeze,bun_ib,mahciz,,2026學習詞表 26-97「擠」
squeeze,pai_es,qemizing,,2026學習詞表 26-97「擠」
squeeze,pai_nt,’emizing,,2026學習詞表 26-97「擠」：maqaqizing
squeeze,pai_ct,qemizing,,2026學習詞表 26-97「擠」
squeeze,pai_st,qemizing,,2026學習詞表 26-97「擠」
squeeze,ruk_es,madrikidrikisi,,2026學習詞表 26-97「擠」
squeeze,ruk_bd,drikisi/riithi/ramethe,,2026學習詞表 26-97「擠」
squeeze,ruk_tw,drikisi,,2026學習詞表 26-97「擠」
squeeze,ruk_tn,madrikidrikisi,,2026學習詞表 26-97「擠」
squeeze,ruk_mg,drikisi,,2026學習詞表 26-97「擠」
squeeze,ruk_mn,hisisi,,2026學習詞表 26-97「擠」
squeeze,puy_py,emetreetr,,2026學習詞表 26-97「擠」
squeeze,puy_tp,papere’,,2026學習詞表 26-97「擠」：擠(奶)
squeeze,puy_ws,ʼetrʼetr,,2026學習詞表 26-97「擠」
squeeze,puy_ks,’ec’ec,,2026學習詞表 26-97「擠」
squeeze,trv,kmiyux,,2026學習詞表 26-97「擠」
squeeze,kav,pedeq,,2026學習詞表 26-97「擠」
squeeze,knv,pasi’ʉpʉcʉn,,2026學習詞表 26-97「擠壓」
squeeze,hla,maiiaʉpʉcʉ,,2026學習詞表 26-97「擠」
squeeze,yam,aslinen,,2026學習詞表 26-97「擠」
squeeze,sak,celcel,,2026學習詞表 26-97「擠」
squeeze,pan,*Rames,,"ACD PAN 19072-42a5fdb4286c35f1d9f26e7ab3404fb2-1「squeeze, knead」"
squeeze,pmp,*Rames,,"ACD PMP 19081-42a5fdb4286c35f1d9f26e7ab3404fb2-1「squeeze, knead」"
rub,ami_nt,lutlut,,2026學習詞表 26-85「揉搓(衣物)」
rub,ami_hk,lonic / lotalot,,2026學習詞表 26-85「揉搓(衣物)」
rub,ami_ha,lotlot/powapo’,,2026學習詞表 26-85「揉搓(衣物)」：另作rotarot。
rub,ami_ml,ricaric,,2026學習詞表 26-85「揉搓(衣物)」
rub,ami_hc,rotarot,,2026學習詞表 26-85「揉搓(衣物)」
rub,ata_sq,grgul,,2026學習詞表 26-85「揉搓(衣物)」
rub,ata_su,grgan / grgun,,2026學習詞表 26-85「揉搓(衣物)」：khaga’an/muk’bih’an
rub,ata_ml,gumargur/ sumpapiyux,,2026學習詞表 26-85「揉搓(衣物)」
rub,ata_pl,gun_gaṟgaṟ,,2026學習詞表 26-85「揉搓(衣物)」
rub,ata_sk,gmit,,2026學習詞表 26-85「揉搓(衣物)」
rub,ata_kl,kmgu / grgan / kg’an,,2026學習詞表 26-85「揉搓(衣物)」：kg’an(用腳)
rub,say,poepoe:oeh,,2026學習詞表 26-85「揉搓(衣物)」
rub,tha,mrunsuz,,2026學習詞表 26-85「揉搓(衣物)」
rub,sed_to,rndruc,,2026學習詞表 26-85「揉搓(衣物)」：dmruc
rub,sed_tg,rmteruc,,2026學習詞表 26-85「揉搓(衣物)」
rub,sed_tr,dmruc,,2026學習詞表 26-85「揉搓(衣物)」
rub,bun_td,malucluc,,2026學習詞表 26-85「揉搓(衣物)」：mamucmuc
rub,bun_bh,malucluc,,2026學習詞表 26-85「揉搓(衣物)」：mapacʼaq洗衣服
rub,bun_vt,maluslus,,2026學習詞表 26-85「揉搓(衣物)」
rub,bun_bn,mamusmus,,2026學習詞表 26-85「揉搓(衣物)」：maluslus/mapas-aq
rub,bun_ib,mamusmus,,2026學習詞表 26-85「揉搓(衣物)」
rub,pai_es,ljemuceljuc,,2026學習詞表 26-85「揉搓(衣物)」
rub,pai_nt,ljemuceljuc,,2026學習詞表 26-85「揉搓(衣物)」
rub,pai_ct,ljemuceljuc,,2026學習詞表 26-85「揉搓(衣物)」
rub,pai_st,ljemeteljet,,2026學習詞表 26-85「揉搓(衣物)」
rub,ruk_es,gomagomo,,2026學習詞表 26-85「揉搓(衣物)」
rub,ruk_bd,gumagumu,,2026學習詞表 26-85「揉搓(衣物)」
rub,ruk_tw,gumagumu,,2026學習詞表 26-85「揉搓(衣物)」
rub,ruk_tn,wagomagomo,,2026學習詞表 26-85「揉搓(衣物)」：wadraese 揉搓(麵粉)
rub,ruk_mg,ukutakutu,,2026學習詞表 26-85「揉搓(衣物)」
rub,ruk_mn,hopahopo,,2026學習詞表 26-85「揉搓(衣物)」
rub,puy_py,llutrellutr,,2026學習詞表 26-85「揉搓(衣物)」：或是揉搓紙、葉子等
rub,puy_tp,mesmes za kavang,,2026學習詞表 26-85「揉搓(衣物)」
rub,puy_ws,lrutrelrutr,,2026學習詞表 26-85「揉搓(衣物)」
rub,puy_ks,lrucelruc,,2026學習詞表 26-85「揉搓(衣物)」
rub,trv,rmdrut,,2026學習詞表 26-85「揉搓(衣物)」
rub,kav,pusipus,,2026學習詞表 26-85「揉搓(衣物)」
rub,tso,ta’mucmuca,,2026學習詞表 26-85「揉搓」
rub,knv,mariruru,,2026學習詞表 26-85「揉搓(衣物)」
rub,hla,rumarurumu,,2026學習詞表 26-85「揉搓(衣物)」
rub,yam,apisan,,2026學習詞表 26-85「揉搓(衣物)」
rub,sak,lutlut,,2026學習詞表 26-85「揉搓(衣物)」
rub,pan,*gisgis₁,,"ACD PAN 19072-f9f814cf6992df7d673e0d28832f8028-1「rub, scrape against」"
rub,pmp,*gisgis₁,,"ACD PMP 19081-f9f814cf6992df7d673e0d28832f8028-1「rub, scrape against」"
wash,ami_nt,mivaca’,,2026學習詞表 30-02「洗(衣物)」
wash,ami_hk,mifacaʼ,,2026學習詞表 30-02「洗(衣物)」
wash,ami_ha,mifaca’,,2026學習詞表 30-02「洗(衣物)」
wash,ami_ml,mifaca’,,2026學習詞表 30-02「洗(衣物)」
wash,ami_hc,mifaca’,,2026學習詞表 30-02「洗(衣物)」
wash,ata_sq,mahuq,,2026學習詞表 30-02「洗(衣物)」
wash,ata_su,mbahu / mahu / bahu,,2026學習詞表 30-02「洗(衣物)」：mahu
wash,ata_ml,mabahoq,,2026學習詞表 30-02「洗(衣物)」
wash,ata_pl,mabahu’,,2026學習詞表 30-02「洗(衣物)」
wash,ata_sk,mahoq/ mahuq,,2026學習詞表 30-02「洗(衣物)」
wash,ata_kl,mahu,,2026學習詞表 30-02「洗(衣物)」
wash,say,baehiʼ,,2026學習詞表 30-02「洗(衣物)」
wash,tha,flhuq,,2026學習詞表 30-02「洗(衣物)」
wash,sed_to,mahu,,2026學習詞表 30-02「洗(衣物)」
wash,sed_tg,mahu,,2026學習詞表 30-02「洗(衣物)」
wash,sed_tr,mahu,,2026學習詞表 30-02「洗(衣物)」
wash,bun_td,mapacʼaq,,2026學習詞表 30-02「洗(衣物)」
wash,bun_bh,mapacʼaq,,2026學習詞表 30-02「洗(衣物)」
wash,bun_vt,mapasʼaq,,2026學習詞表 30-02「洗(衣物)」
wash,bun_bn,mapasʼaq,,2026學習詞表 30-02「洗(衣物)」：mapas-aq
wash,bun_ib,mapasʼah,,2026學習詞表 30-02「洗(衣物)」
wash,pai_es,venateq,,2026學習詞表 30-02「洗(衣物)」
wash,pai_nt,venate’/venata’,,2026學習詞表 30-02「洗(衣物)」：venateq
wash,pai_ct,venateq,,2026學習詞表 30-02「洗(衣物)」
wash,pai_st,venateq,,2026學習詞表 30-02「洗(衣物)」
wash,ruk_es,sinaw,,2026學習詞表 30-02「洗(衣物)」
wash,ruk_bd,sinaw,,2026學習詞表 30-02「洗(衣物)」
wash,ruk_tw,sinau,,2026學習詞表 30-02「洗(衣物)」
wash,ruk_tn,wasinasinaw,,2026學習詞表 30-02「洗(衣物)」
wash,ruk_mg,singsino,,2026學習詞表 30-02「洗(衣物)」
wash,ruk_mn,ʼenaʼenao,,2026學習詞表 30-02「洗(衣物)」
wash,puy_py,benase,,2026學習詞表 30-02「洗(衣物)」
wash,puy_tp,remames,,2026學習詞表 30-02「洗(衣物)」
wash,puy_ws,vaseʼ,,2026學習詞表 30-02「洗(衣物)」
wash,puy_ks,rames,,2026學習詞表 30-02「洗(衣物)」
wash,trv,mahu,,2026學習詞表 30-02「洗(衣物)」
wash,kav,qaybasi,,2026學習詞表 30-02「洗(衣物)」
wash,tso,tufku,,2026學習詞表 30-02「洗(衣服)」
wash,knv,masipʉcʉ,,2026學習詞表 30-02「洗(衣物)」
wash,hla,hlumahlavu,,2026學習詞表 30-02「洗(衣物)」
wash,yam,mipipis,,2026學習詞表 30-02「洗衣物」
wash,sak,bacaʼ,,2026學習詞表 30-02「洗(衣物)」
wash,pan,*basuq,,ACD PAN 19072-ea6b88c9793ead77656a80bac8e5fd08-1「to wash」
wash,pmp,*basuq,,ACD PMP 19081-ea6b88c9793ead77656a80bac8e5fd08-1「to wash」
wipe,ami_nt,sipu,,2026學習詞表 33-06「擦拭」
wipe,ami_hk,sisit,,2026學習詞表 33-06「擦拭」
wipe,ami_ha,sisit,,2026學習詞表 33-06「擦拭」
wipe,ami_ml,sisit/sipasip,,2026學習詞表 33-06「擦拭」
wipe,ami_hc,sisit,,2026學習詞表 33-06「擦拭」
wipe,ata_sq,smom,,2026學習詞表 33-06「擦拭」
wipe,ata_su,miʼing,,2026學習詞表 33-06「擦拭」：ami’ing/smong(新生部落)
wipe,ata_ml,cumawm,,2026學習詞表 33-06「擦拭」
wipe,ata_pl,umu’,,2026學習詞表 33-06「擦拭」
wipe,ata_sk,cmon,,2026學習詞表 33-06「擦拭」
wipe,ata_kl,cmong/ coman / smong,,2026學習詞表 33-06「擦拭」：smong(眉原)
wipe,say,ti:iS,,2026學習詞表 33-06「擦拭」
wipe,tha,tmitish,,2026學習詞表 33-06「擦拭」
wipe,sed_to,smurus,,2026學習詞表 33-06「擦拭」
wipe,sed_tg,smerus,,2026學習詞表 33-06「擦拭」
wipe,sed_tr,smrus,,2026學習詞表 33-06「擦拭」
wipe,bun_td,maqaisqais,,2026學習詞表 33-06「擦拭」：isqaqaisqais 擦拭、橡皮擦
wipe,bun_bh,maqesqes,,2026學習詞表 33-06「擦拭」
wipe,bun_vt,mahimah,,2026學習詞表 33-06「擦拭」：另作maqaisqais
wipe,bun_bn,maqaisqais,,2026學習詞表 33-06「擦拭」：maqesqes
wipe,bun_ib,mahaishais,,2026學習詞表 33-06「擦拭」
wipe,pai_es,djemuas,,2026學習詞表 26-83「擦拭」；2026學習詞表 33-06「擦拭」
wipe,pai_nt,djemuas/zemuking / djemuas,,2026學習詞表 26-83「擦拭」；2026學習詞表 33-06「擦拭」
wipe,pai_ct,djemuas/zemuking / kidjuas,,2026學習詞表 26-83「擦拭」：擦嘴kisungipas；2026學習詞表 33-06「擦拭」
wipe,pai_st,djemuas,,2026學習詞表 26-83「擦拭」；2026學習詞表 33-06「擦拭」
wipe,ruk_es,mosakidri,,2026學習詞表 33-06「擦拭」
wipe,ruk_bd,selredre,,2026學習詞表 33-06「擦拭」
wipe,ruk_tw,wadrisiisi,,2026學習詞表 33-06「擦拭」
wipe,ruk_tn,wadrisidrisi/sadrisidrisi,,2026學習詞表 33-06「擦拭」
wipe,ruk_mg,drisidrisi,,2026學習詞表 33-06「擦拭」
wipe,ruk_mn,ʼodhoʼodho,,2026學習詞表 33-06「擦拭」：’odho’odho拖地板 o’odhe’ele擦桌面 odhisidhisi塗抹
wipe,puy_py,emitrul,,2026學習詞表 33-06「擦拭」
wipe,puy_tp,mitrul,,2026學習詞表 33-06「擦拭」
wipe,puy_ws,itrul,,2026學習詞表 33-06「擦拭」
wipe,puy_ks,icul,,2026學習詞表 33-06「擦拭」
wipe,trv,smrus,,2026學習詞表 33-06「擦拭」
wipe,kav,semupas,,2026學習詞表 33-06「擦拭」
wipe,tso,pahisi,,2026學習詞表 26-83「擦」；2026學習詞表 33-06「擦拭」
wipe,knv,mururuʼu,,2026學習詞表 33-06「擦拭」
wipe,hla,sumasamusu,,2026學習詞表 33-06「擦拭」
wipe,yam,linasan,,2026學習詞表 33-06「擦拭」
wipe,sak,misipu,,2026學習詞表 33-06「擦拭」
wipe,pmp,*punas,,"ACD PMP 19081-d92f1938b600c95ab46f00ad1c15c86b-1「wipe off, wipe out」"
pull,ami_nt,tengteng,,2026學習詞表 26-39「拉」
pull,ami_hk,tengteng,,2026學習詞表 26-39「拉」
pull,ami_ha,tengteng,,2026學習詞表 26-39「拉」
pull,ami_ml,tengteng,,2026學習詞表 26-39「拉」
pull,ami_hc,tengteng,,2026學習詞表 26-39「拉」
pull,ata_sq,hmuluy,,2026學習詞表 26-39「拉」
pull,ata_su,hmuluy / hluyun hamuluy / haluyun,,2026學習詞表 26-39「拉」：haluyan
pull,ata_ml,humuluy/ huluyun,,2026學習詞表 26-39「拉」
pull,ata_pl,humuluy,,2026學習詞表 26-39「拉」
pull,ata_sk,hmuluy,,2026學習詞表 26-39「拉」
pull,ata_kl,hmoluy/ holuy / hloyun / hmuluy,,2026學習詞表 26-39「拉」：hmuluy(眉原) / msklet(拉緊) (眉原)
pull,say,hoehoeh,,2026學習詞表 26-39「拉」
pull,tha,shmuruz,,2026學習詞表 26-39「拉」
pull,sed_to,blbil,,2026學習詞表 26-39「拉」：dmulus拖著
pull,sed_tg,bbili,,2026學習詞表 26-39「拉」
pull,sed_tr,blbil,,2026學習詞表 26-39「拉」：brbil/ bnbil
pull,bun_td,sibutbut,,2026學習詞表 26-39「拉」：mahalak牽
pull,bun_bh,sibutbut/silulu,,2026學習詞表 26-39「拉」
pull,bun_vt,siluluh,,2026學習詞表 26-39「拉」：另一說法sibutbut
pull,bun_bn,silulu / sibutbut,,2026學習詞表 26-39「拉」：sibutbut / silulu
pull,bun_ib,sibutbut,,2026學習詞表 26-39「拉」：silulu南投慣用
pull,pai_es,veniljevilj/remakac,,2026學習詞表 26-39「拉」
pull,pai_nt,veniljevilj,,2026學習詞表 26-39「拉」
pull,pai_ct,veniljevilj,,2026學習詞表 26-39「拉」
pull,pai_st,veniljevilj,,2026學習詞表 26-39「拉」
pull,ruk_es,bilibili,,2026學習詞表 26-39「拉」
pull,ruk_bd,bilibili,,2026學習詞表 26-39「拉」
pull,ruk_tw,bilibili,,2026學習詞表 26-39「拉」
pull,ruk_tn,wabilibili,,2026學習詞表 26-39「拉」
pull,ruk_mg,bilibili,,2026學習詞表 26-39「拉」
pull,ruk_mn,vilivili,,2026學習詞表 26-39「拉」
pull,puy_py,kemedreng,,2026學習詞表 26-39「拉」；2026學習詞表 26-99「拉;牽」
pull,puy_tp,kezeng / kemezeng,,2026學習詞表 26-39「拉」；2026學習詞表 26-99「拉;牽」
pull,puy_ws,kezeng,,2026學習詞表 26-39「拉」；2026學習詞表 26-99「拉;牽」
pull,puy_ks,kedeng,,2026學習詞表 26-39「拉」；2026學習詞表 26-99「拉;牽」：kedeng拉/kulu牽
pull,trv,blbil,,2026學習詞表 26-39「拉」
pull,kav,tumbes,,2026學習詞表 26-39「拉」：改圖片為拉衣服
pull,tso,e’tʉ,,2026學習詞表 26-39「拉」
pull,knv,marisʉʼʉrʉ,,2026學習詞表 26-39「拉」
pull,hla,rʉkʉcʉ,,2026學習詞表 26-39「拉」
pull,yam,pamingit,,2026學習詞表 26-39「拉」
pull,sak,tengteng,,2026學習詞表 26-39「拉」
pull,pan,*SuRut,,"ACD PAN 19072-433cab3aea5596c6db2da2f923f8a20c-1「pull, draw」"
pull,pmp,*SuRut,,"ACD PMP 19081-433cab3aea5596c6db2da2f923f8a20c-1「pull, draw」"
push,ami_nt,cekeruh,,2026學習詞表 26-13「推」
push,ami_hk,cokeroh,,2026學習詞表 26-13「推」
push,ami_ha,cikeroh/cekeroh,,2026學習詞表 26-13「推」
push,ami_ml,micoloh,,2026學習詞表 26-13「推」
push,ami_hc,cikeroh,,2026學習詞表 26-13「推」
push,ata_sq,muruw,,2026學習詞表 26-13「推」：rmuruw
push,ata_su,ruru / rmuru / sruru,,2026學習詞表 26-13「推」：mamuru/sruru/rmuru
push,ata_ml,rumuruwag/ rumuru,,2026學習詞表 26-13「推」：rumuruwag(男)/ rumuru(女)
push,ata_pl,gunraṟas,,2026學習詞表 26-13「推」
push,ata_sk,mnos/ rmurux,,2026學習詞表 26-13「推」
push,ata_kl,gmuruw/ rmuru,,2026學習詞表 26-13「推」：rmuru(眉原)
push,say,kontotol,,2026學習詞表 26-13「推」
push,tha,shmukuth,,2026學習詞表 26-13「推」
push,sed_to,cmikul,,2026學習詞表 26-13「推」
push,sed_tg,cmikul,,2026學習詞表 26-13「推」
push,sed_tr,smikul,,2026學習詞表 26-13「推」：spaux翻倒
push,bun_td,malintuaz,,2026學習詞表 26-13「推」
push,bun_bh,malintuaz/maʼencun/malecun,,2026學習詞表 26-13「推」：maʼincun
push,bun_vt,maʼinsun/malintuuaz,,2026學習詞表 26-13「推」
push,bun_bn,malinsun / matungqaz,,2026學習詞表 26-13「推」：malinsun/matunqaz
push,bun_ib,labiskav,,2026學習詞表 26-13「推」
push,pai_es,sizurung,,2026學習詞表 26-13「推」
push,pai_nt,sizurung,,2026學習詞表 26-13「推」
push,pai_ct,zemurung,,2026學習詞表 26-13「推」
push,pai_st,sizurung,,2026學習詞表 26-13「推」
push,ruk_es,dromolo,,2026學習詞表 26-13「推」
push,ruk_bd,drumulru,,2026學習詞表 26-13「推」：drumulru推人；drurudruru推東西
push,ruk_tw,drumulru,,2026學習詞表 26-13「推」：drumulru推人；druhudruhu推東西
push,ruk_tn,wadroodroo,,2026學習詞表 26-13「推」
push,ruk_mg,drudruru,,2026學習詞表 26-13「推」：udrudruru推人、推東西
push,ruk_mn,dhodhoho,,2026學習詞表 26-13「推」：dhodhoro
push,puy_py,semullud,,2026學習詞表 26-13「推」
push,puy_tp,semekesek,,2026學習詞表 26-13「推」
push,puy_ws,sukun,,2026學習詞表 26-13「推」
push,puy_ks,semukun,,2026學習詞表 26-13「推」
push,trv,smikul,,2026學習詞表 26-13「推」
push,kav,semuzuq,,2026學習詞表 26-13「推」
push,tso,poeʼohʉ,,2026學習詞表 26-13「推」
push,knv,mapurai,,2026學習詞表 26-13「推」
push,hla,miapualʉ,,2026學習詞表 26-13「推」
push,yam,padondonen,,2026學習詞表 26-13「推」
push,sak,cuzuh/ cuduh,,2026學習詞表 26-13「推」
push,pan,*sulud₂,,ACD PAN 19072-21a361d96e3e13f5f109748c2a9d2434-1「push」
push,pmp,*sulud₂,,ACD PMP 19081-21a361d96e3e13f5f109748c2a9d2434-1「push」
throw,ami_nt,valah,,2026學習詞表 34-19「丟棄」
throw,ami_hk,falah/fahkol,,2026學習詞表 34-19「丟棄」
throw,ami_ha,falah,,2026學習詞表 34-19「丟棄」
throw,ami_ml,falah,,2026學習詞表 34-19「丟棄」
throw,ami_hc,falah,,2026學習詞表 34-19「丟棄」：放棄hawad
throw,ata_sq,muling,,2026學習詞表 34-19「丟棄」
throw,ata_su,muling,,2026學習詞表 34-19「丟棄」：sbuling/blnganun
throw,ata_ml,sipakati’,,2026學習詞表 34-19「丟棄」
throw,ata_pl,pabuling,,2026學習詞表 34-19「丟棄」
throw,ata_sk,mtaq,,2026學習詞表 34-19「丟棄」
throw,ata_kl,muling,,2026學習詞表 34-19「丟棄」：buling
throw,say,boeloe’,,2026學習詞表 34-19「丟棄」
throw,tha,qauriwa,,2026學習詞表 34-19「丟棄」
throw,sed_to,qmada,,2026學習詞表 34-19「丟棄」：qdani丟棄(祈使句)
throw,sed_tg,qdani,,2026學習詞表 34-19「丟棄」
throw,sed_tr,qmada,,2026學習詞表 34-19「丟棄」
throw,bun_td,matakunav,,2026學習詞表 34-19「丟棄」：mavail移物丟棄
throw,bun_bh,matakunav,,2026學習詞表 34-19「丟棄」
throw,bun_vt,matakunav,,2026學習詞表 34-19「丟棄」
throw,bun_bn,matakunav / askiʼaun,,2026學習詞表 34-19「丟棄」：matakunav
throw,bun_ib,matakunav,,2026學習詞表 34-19「丟棄」
throw,pai_es,veneric,,2026學習詞表 34-19「丟棄」
throw,pai_nt,veneric,,2026學習詞表 34-19「丟棄」
throw,pai_ct,veneric,,2026學習詞表 34-19「丟棄」
throw,pai_st,veneric,,2026學習詞表 34-19「丟棄」
throw,ruk_es,cilri,,2026學習詞表 34-19「丟棄」
throw,ruk_bd,cilri,,2026學習詞表 34-19「丟棄」
throw,ruk_tw,wacilri,,2026學習詞表 34-19「丟棄」
throw,ruk_tn,wabawngo,,2026學習詞表 34-19「丟棄」
throw,ruk_mg,bongu,,2026學習詞表 34-19「丟棄」
throw,ruk_mn,longopai,,2026學習詞表 34-19「丟棄」：longotai
throw,puy_py,atellan,,2026學習詞表 34-19「丟棄」
throw,puy_tp,’atelran,,2026學習詞表 34-19「丟棄」
throw,puy_ws,ʼatelr,,2026學習詞表 34-19「丟棄」
throw,puy_ks,’atelr,,2026學習詞表 34-19「丟棄」
throw,trv,qmada,,2026學習詞表 34-19「丟棄」
throw,kav,muwalin,,2026學習詞表 34-19「丟棄」
throw,tso,ciha,,2026學習詞表 34-19「丟棄」
throw,knv,tumataini,,2026學習詞表 34-19「丟棄」
throw,hla,matavilau,,2026學習詞表 34-19「丟棄」
throw,yam,ipipowa,,2026學習詞表 34-19「丟棄」：ipepowa/朗島部落稱
throw,sak,mibakah,,2026學習詞表 34-19「丟棄」
throw,pan,*batu₃,,ACD PAN 19072-1439ad289d0daca85120ffcafdaa5f47-1「to throw」
throw,pmp,*batu₃,,ACD PMP 19081-1439ad289d0daca85120ffcafdaa5f47-1「to throw」
tie,ami_nt,suut / valud,,2026學習詞表 26-38「綁住」；2026學習詞表 26-44「捆綁」
tie,ami_hk,falod,,2026學習詞表 26-38「綁住」；2026學習詞表 26-44「捆綁」
tie,ami_ha,sefet/so’ot / falod,,2026學習詞表 26-38「綁住」；2026學習詞表 26-44「捆綁」
tie,ami_ml,soʼot / falod,,2026學習詞表 26-38「綁住」；2026學習詞表 26-44「捆綁」
tie,ami_hc,soʼot / rorongen/faloden,,2026學習詞表 26-38「綁住」；2026學習詞表 26-44「捆綁」：rorong 捆的單位詞。
tie,ata_sq,mhul,,2026學習詞表 26-38「綁住(已綁)」；2026學習詞表 26-44「捆綁(正在)」
tie,ata_su,mhun / bhlan mahun / bahalan / mhun / mahun,,2026學習詞表 26-38「綁住(已綁)」；2026學習詞表 26-44「捆綁(正在)」：bahalan
tie,ata_ml,binhul/binahlan / mhul,,2026學習詞表 26-38「綁住(已綁)」；2026學習詞表 26-44「捆綁(正在)」
tie,ata_pl,bahlan/ binhul / mahul,,2026學習詞表 26-38「綁住(已綁)」；2026學習詞表 26-44「捆綁(正在)」
tie,ata_sk,bhlan / mhul,,2026學習詞表 26-38「綁住(已綁)」；2026學習詞表 26-44「捆綁(正在)」
tie,ata_kl,bnhlan/ bnhun/ mhun / mhon/ mhun,,2026學習詞表 26-38「綁住(已綁)」：mhun(眉原)；2026學習詞表 26-44「捆綁(正在)」：mhon/ mhun(眉原)
tie,say,botoeʼ,,2026學習詞表 26-38「綁住」；2026學習詞表 26-44「捆綁」
tie,tha,qmuthquth,,2026學習詞表 26-38「綁住」；2026學習詞表 26-44「捆綁」
tie,sed_to,bkuy / mkuy,,2026學習詞表 26-38「綁住」；2026學習詞表 26-44「捆綁」：bkiyan綑綁
tie,sed_tg,mekuy / bnkeyan,,2026學習詞表 26-38「綁住」；2026學習詞表 26-44「捆綁」
tie,sed_tr,mgul / bnkiyan,,2026學習詞表 26-38「綁住」：mkuy；2026學習詞表 26-44「捆綁」
tie,bun_td,maluquc,,2026學習詞表 26-38「綁住」：mapaskuc拴綁；2026學習詞表 26-44「捆綁」
tie,bun_bh,maloqoc,,2026學習詞表 26-38「綁住」；2026學習詞表 26-44「捆綁」
tie,bun_vt,mapaskus / maluqus,,2026學習詞表 26-38「綁住」：另一說法maluqus；2026學習詞表 26-44「捆綁」
tie,bun_bn,luqus,,2026學習詞表 26-38「綁住」：luqusun；2026學習詞表 26-44「捆綁」：maluqus
tie,bun_ib,maluhus,,2026學習詞表 26-38「綁住」；2026學習詞表 26-44「捆綁」
tie,pai_es,djaljengen / qemuyuquyulj,,2026學習詞表 26-38「綁」；2026學習詞表 26-44「捆綁」
tie,pai_nt,venengetj / ’emuyulj,,2026學習詞表 26-38「綁」；2026學習詞表 26-44「捆綁」：qemuyulj
tie,pai_ct,djemaljeng / qemuyulj,,2026學習詞表 26-38「綁」：綁一邊sipaqadjay；2026學習詞表 26-44「捆綁」：綁豬drimiya
tie,pai_st,djaljengen / qemuyuquyulj,,2026學習詞表 26-38「綁」；2026學習詞表 26-44「捆綁」
tie,ruk_es,evege,,2026學習詞表 26-38「綁住」；2026學習詞表 26-44「捆綁」
tie,ruk_bd,kerenge / lripalripi,,2026學習詞表 26-38「綁住」：therece；2026學習詞表 26-44「捆綁」：erece
tie,ruk_tw,waehece / evege,,2026學習詞表 26-38「綁住」：waehece、waevege (兩者通用)；2026學習詞表 26-44「捆綁」
tie,ruk_tn,waʼebeke,,2026學習詞表 26-38「綁住」；2026學習詞表 26-44「捆綁」
tie,ruk_mg,kɨrɨngɨ / ɨbɨkɨ,,2026學習詞表 26-38「綁住」；2026學習詞表 26-44「捆綁」
tie,ruk_mn,kehenge / ’evehe,,2026學習詞表 26-38「綁住」：’evehe / ’evere；2026學習詞表 26-44「捆綁」：’evere
tie,puy_py,benetebet / temenges,,2026學習詞表 26-38「綁住」；2026學習詞表 26-44「綁;束」
tie,puy_tp,vinetevet / vetru’,,2026學習詞表 26-38「綁住」；2026學習詞表 26-44「綁;束」
tie,puy_ws,vetvet / vetuʼ,,2026學習詞表 26-38「綁住」；2026學習詞表 26-44「綁;束」
tie,puy_ks,vetevet / vetu’,,2026學習詞表 26-38「綁住」；2026學習詞表 26-44「綁;束」
tie,trv,mkuy,,2026學習詞表 26-38「綁住」；2026學習詞表 26-44「捆綁」
tie,kav,pemaRit / betbet,,2026學習詞表 26-38「綁住」；2026學習詞表 26-44「捆綁」
tie,tso,seo’eisi / seo’eisi/seo’isi,,2026學習詞表 26-38「綁住」；2026學習詞表 26-44「捆綁」
tie,knv,mumʉnʉ,,2026學習詞表 26-38「綁住」：kumakiri拴住；2026學習詞表 26-44「捆綁」
tie,hla,kumilii / palʉmʉhlʉ,,2026學習詞表 26-38「綁住」；2026學習詞表 26-44「捆綁」
tie,yam,pikedengen / vaovaoden,,2026學習詞表 26-38「綁住」；2026學習詞表 26-44「捆綁」：vowvowden/紅頭、朗島部落稱
tie,sak,siket / balud,,2026學習詞表 26-38「綁住」；2026學習詞表 26-44「捆綁」
tie,pan,*C<um>aliS,,"ACD PAN 19072-09cf286f90e4c21c9ee5087752c753e8-1「to tie with rope, fasten with rope」"
tie,pmp,*kebet₁,,ACD PMP 19081-535509442abf326e329d49d49a742d09-1「tie by binding around」
sew,pan,*CaqiS,,"ACD PAN 19072-a0d4fb628434dd3b931c48d98f302fab-1「to sew (, )」"
sew,pmp,*tahiq,,"ACD PMP 19081-a0d4fb628434dd3b931c48d98f302fab-1「to sew (, )」"
count,ami_nt,sausi,,2026學習詞表 34-29「數(計算)」
count,ami_hk,saʼosi^,,2026學習詞表 34-29「數(計算)」
count,ami_ha,saʼosi,,2026學習詞表 34-29「數(計算)」
count,ami_ml,saʼosi,,2026學習詞表 34-29「數(計算)」
count,ami_hc,misaʼosi,,2026學習詞表 34-29「數(計算)」
count,ata_sq,lmpuw,,2026學習詞表 34-29「數(計算)」
count,ata_su,lpgun/lmpuw,,2026學習詞表 34-29「數(計算)」：lpangi(新生部落)
count,ata_ml,lumpug,,2026學習詞表 34-29「數(計算)」
count,ata_pl,lapuw,,2026學習詞表 34-29「數(計算)」
count,ata_sk,lmpux,,2026學習詞表 34-29「數(計算)」
count,ata_kl,lmpuw/ lmpu,,2026學習詞表 34-29「數(計算)」：lmpu (眉原)
count,say,Sepe:,,2026學習詞表 34-29「數(計算)」
count,tha,lhmupish,,2026學習詞表 34-29「數(計算)」
count,sed_to,smpu,,2026學習詞表 34-29「數(計算)」：snpuwan數過的
count,sed_tg,sepu,,2026學習詞表 34-29「數(計算)」
count,sed_tr,smpug,,2026學習詞表 34-29「數(計算)」
count,bun_td,masipul,,2026學習詞表 34-29「數(計算)」
count,bun_bh,kisang/masipul,,2026學習詞表 34-29「數(計算)」
count,bun_vt,masipul,,2026學習詞表 34-29「數(計算)」
count,bun_bn,masipul,,2026學習詞表 34-29「數(計算)」：masipul
count,bun_ib,masipul,,2026學習詞表 34-29「數(計算)」
count,pai_es,semupu,,2026學習詞表 34-29「數」
count,pai_nt,semupu,,2026學習詞表 34-29「數」
count,pai_ct,semupu,,2026學習詞表 34-29「數」
count,pai_st,semupu,,2026學習詞表 34-29「數」
count,ruk_es,asi ʼi,,2026學習詞表 34-29「數(計算)」：亦可:wasi’i， 念(課文)wasi’a
count,ruk_bd,asipi,,2026學習詞表 34-29「數(計算)」
count,ruk_tw,waasipi,,2026學習詞表 34-29「數(計算)」
count,ruk_tn,wasyasipi,,2026學習詞表 34-29「數(計算)」
count,ruk_mg,isisipi,,2026學習詞表 34-29「數(計算)」
count,ruk_mn,oaʼipi,,2026學習詞表 34-29「數(計算)」
count,puy_py,emaip,,2026學習詞表 34-29「數;念」
count,puy_tp,miyup,,2026學習詞表 34-29「數;念」
count,puy_ws,aip/iyup,,2026學習詞表 34-29「數;念」
count,puy_ks,aiyup,,2026學習詞表 34-29「數;念」
count,trv,smpug,,2026學習詞表 34-29「數算」
count,kav,sabidang,,2026學習詞表 34-29「數(計算)」
count,tso,tasvʉta,,2026學習詞表 34-29「數(計算)」
count,knv,sumasupʉrʉ,,2026學習詞表 34-29「數(計算)」：另作:唸出來
count,hla,umaricacani,,2026學習詞表 34-29「數(計算)」
count,yam,vilangan,,2026學習詞表 34-29「數(計算)」
count,sak,asip/ sausi,,2026學習詞表 34-29「數(計算)」
count,pan,*SipuR,,ACD PAN 19072-d85508f87f9072aa0d149b17db0ededf-1「to count」
count,pmp,*bilaŋ₁,,"ACD PMP 19081-4ca9302c9b893f018d8d91860b7586c7-1「to count, calculate; hold valuable」"
say,say,payaka:iʼ,,2026學習詞表 28-04「說」：panabih
say,tha,malhinuna,,2026學習詞表 28-04「說」
say,sed_to,rmngaw,,2026學習詞表 28-04「說」：rngaw
say,sed_tg,rengo,,2026學習詞表 28-04「說」
say,sed_tr,rmngaw,,2026學習詞表 28-04「說」
say,bun_td,tupa,,"2026學習詞表 28-04「說」：taqu告訴, 教 tupa 說，講"
say,bun_bh,bazbaz/tupa,,2026學習詞表 28-04「說」
say,bun_vt,tupa,,2026學習詞表 28-04「說」
say,bun_bn,tupa / bazbaz,,2026學習詞表 28-04「說」：tupa/bazbaz
say,bun_ib,tuʼupa,,2026學習詞表 28-04「說」
say,pai_es,rukain/kiljavaran,,2026學習詞表 28-04「說」
say,pai_nt,’ivu,,2026學習詞表 28-04「說」：qivu
say,pai_ct,qivu/’iljavaran/quriyav,,2026學習詞表 28-04「說」
say,pai_st,’ikai/kiljavaran/quriyaw,,2026學習詞表 28-04「說」
say,ruk_es,kawriva,,2026學習詞表 28-04「說」
say,ruk_bd,kawariva,,2026學習詞表 28-04「說」
say,ruk_tw,kauhiva,,2026學習詞表 28-04「說」
say,ruk_tn,ʼapobaka,,2026學習詞表 28-04「說」
say,ruk_mg,mɨsobaka,,2026學習詞表 28-04「說」
say,ruk_mn,ʼaovaovaha,,2026學習詞表 28-04「說」
say,puy_py,rengay / marengay,,2026學習詞表 28-04「說;講」；2026學習詞表 28-11「告訴;說話」
say,puy_tp,marengay / mumalr,,2026學習詞表 28-04「說;講」；2026學習詞表 28-11「告訴;說話」
say,puy_ws,rengay,,2026學習詞表 28-04「說;講」；2026學習詞表 28-11「告訴;說話」：pakalrazam
say,puy_ks,rengay / umalr,,2026學習詞表 28-04「說;講」；2026學習詞表 28-11「告訴;說話」
say,trv,rmngaw,,2026學習詞表 28-04「說」
say,kav,semanu,,2026學習詞表 28-04「說」
say,tso,mainca,,2026學習詞表 28-04「說」
say,knv,pokarikari,,2026學習詞表 28-04「說」：makari跟(某)說話
say,hla,ami,,2026學習詞表 28-04「說」
say,yam,panci,,2026學習詞表 28-04「說」
say,sak,kamu,,2026學習詞表 28-04「說」
say,pmp,*baqbaq,,"ACD PMP 19081-f172b08c6117a31988d59944b4f4ab2f-1「mouth, opening; speak, say」"
sing,ami_nt,remadiw,,2026學習詞表 30-64「唱歌」
sing,ami_hk,romadiw,,2026學習詞表 30-64「唱歌」
sing,ami_ha,romadiw,,2026學習詞表 30-64「唱歌」
sing,ami_ml,romadiw,,2026學習詞表 30-64「唱歌」
sing,ami_hc,romadiw,,2026學習詞表 30-64「唱歌」
sing,ata_sq,mqwas,,2026學習詞表 30-64「唱歌」
sing,ata_su,m’uwas/m’was,,2026學習詞表 30-64「唱歌」：uwas
sing,ata_ml,maquwas,,2026學習詞表 30-64「唱歌」
sing,ata_pl,mawas,,2026學習詞表 30-64「唱歌」
sing,ata_sk,mqwas qwas,,2026學習詞表 30-64「唱歌」
sing,ata_kl,mʼwas,,2026學習詞表 30-64「唱歌」
sing,say,ma:tol,,2026學習詞表 30-64「唱歌」
sing,tha,maqaquyash,,2026學習詞表 30-64「唱歌」
sing,sed_to,muyas uyas,,2026學習詞表 30-64「唱歌」：muyas sapah pyasan在學校上課
sing,sed_tg,muuyas uyas,,2026學習詞表 30-64「唱歌」
sing,sed_tr,meuyas uyas,,2026學習詞表 30-64「唱歌」
sing,bun_td,tusasauc,,2026學習詞表 30-64「唱歌」
sing,bun_bh,tusauc,,2026學習詞表 30-64「唱歌」
sing,bun_vt,tusasaus,,2026學習詞表 30-64「唱歌」
sing,bun_bn,tusaus,,2026學習詞表 30-64「唱歌」：tusaus/tusasaus
sing,bun_ib,kahuzas,,2026學習詞表 30-64「唱歌」
sing,pai_es,semenay,,2026學習詞表 30-64「唱歌」
sing,pai_nt,semenay,,2026學習詞表 30-64「唱歌」
sing,pai_ct,semenay,,2026學習詞表 30-64「唱歌」
sing,pai_st,semenay,,2026學習詞表 30-64「唱歌」
sing,ruk_es,senay,,2026學習詞表 30-64「唱歌」
sing,ruk_bd,senay,,2026學習詞表 30-64「唱歌」
sing,ruk_tw,wasenai,,2026學習詞表 30-64「唱歌」
sing,ruk_tn,wathenay,,2026學習詞表 30-64「唱歌」
sing,ruk_mg,uthɨné,,2026學習詞表 30-64「唱歌」
sing,ruk_mn,omale,,2026學習詞表 30-64「唱歌」
sing,puy_py,semenay,,2026學習詞表 30-64「唱歌」
sing,puy_tp,semenay,,2026學習詞表 30-64「唱歌」
sing,puy_ws,semenay/senay,,2026學習詞表 30-64「唱歌」
sing,puy_ks,semenay,,2026學習詞表 30-64「唱歌」：senay歌
sing,trv,meuyas,,2026學習詞表 30-64「唱歌」
sing,kav,satezay,,2026學習詞表 30-64「唱歌」
sing,tso,pasunaeno,,2026學習詞表 30-64「唱歌」
sing,knv,paracani,,2026學習詞表 30-64「唱歌」
sing,hla,pahlusahli,,2026學習詞表 30-64「唱歌」
sing,yam,mianoanood,,2026學習詞表 30-64「唱歌」
sing,sak,mudadiw,,2026學習詞表 30-64「唱歌」
sing,pan,*quyaS,,"ACD PAN 19072-203b22cabdd5e6871081b4223fad873b-1「to sing; song, tune, melody」"
sing,pmp,*quyaS,,"PMP 缺項，複製 PAn；ACD PAN 19072-203b22cabdd5e6871081b4223fad873b-1「to sing; song, tune, melody」"
play,ami_nt,mihulul,,2026學習詞表 30-65「玩耍」
play,ami_hk,misalama,,2026學習詞表 30-65「玩耍」
play,ami_ha,salama,,2026學習詞表 30-65「玩耍」
play,ami_ml,misalama,,2026學習詞表 30-65「玩耍」
play,ami_hc,salama,,2026學習詞表 30-65「玩耍」
play,ata_sq,hm_yapas,,2026學習詞表 30-65「玩耍」
play,ata_su,mgnaw,,2026學習詞表 30-65「玩耍」：mcisan
play,ata_ml,magunawu’/ mugunawu’,,2026學習詞表 30-65「玩耍」：magunawu’(男) / mugunawu’(女)
play,ata_pl,masalahaw,,2026學習詞表 30-65「玩耍」
play,ata_sk,qlinga mcisal,,2026學習詞表 30-65「玩耍」
play,ata_kl,mtisan/ gmno/ mcisan,,2026學習詞表 30-65「玩耍」：mcisan(眉原)
play,say,makakSiyaeʼ,,2026學習詞表 30-65「玩耍」
play,tha,malhalhiqash,,2026學習詞表 30-65「玩耍」
play,sed_to,mpulah,,2026學習詞表 30-65「玩耍」
play,sed_tg,mtheyaq,,2026學習詞表 30-65「玩耍」
play,sed_tr,hmrapas,,2026學習詞表 30-65「玩耍」
play,bun_td,kavivilaʼ,,2026學習詞表 30-65「玩耍」
play,bun_bh,kavilaʼ/paqenan,,2026學習詞表 30-65「玩耍」
play,bun_vt,pisqaitmal,,2026學習詞表 30-65「玩耍」
play,bun_bn,pisqasibang/ pistanaqtaq,,2026學習詞表 30-65「玩耍」：pisqasibang
play,bun_ib,pishasibang,,2026學習詞表 30-65「玩耍」
play,pai_es,kivangavang,,2026學習詞表 30-65「玩耍」
play,pai_nt,kivangavang,,2026學習詞表 30-65「玩耍」
play,pai_ct,kivangavang/’ivangavang,,2026學習詞表 30-65「玩耍」
play,pai_st,kivangavang/’ivangavang,,2026學習詞表 30-65「玩耍」
play,ruk_es,kivaevang,,2026學習詞表 30-65「玩耍」
play,ruk_bd,kiavaavange,,2026學習詞表 30-65「玩耍」
play,ruk_tw,kyavaevaevange,,2026學習詞表 30-65「玩耍」
play,ruk_tn,ʼaangii,,2026學習詞表 30-65「玩耍」
play,ruk_mg,mililivi,,2026學習詞表 30-65「玩耍」
play,ruk_mn,ʼosahiyo,,2026學習詞表 30-65「玩耍」：亦稱作：’olilio
play,puy_py,temarumaruma,,2026學習詞表 30-65「扮家家」
play,puy_tp,ciyauci,,2026學習詞表 30-65「扮家家」：(日語)
play,puy_ws,kivangavang,,2026學習詞表 30-65「扮家家」
play,puy_ks,kivangavang,,2026學習詞表 30-65「扮家家」
play,trv,hmrapas,,2026學習詞表 30-65「玩耍」
play,kav,mawRawRat,,2026學習詞表 30-65「玩耍」
play,tso,yoyaso,,2026學習詞表 26-06「玩」；2026學習詞表 30-65「玩耍」
play,knv,sumasimaʼʉ,,2026學習詞表 26-06「玩」；2026學習詞表 30-65「玩耍」
play,hla,pasaulaulaʼʉ,,2026學習詞表 30-65「玩耍」
play,yam,miyalalam,,2026學習詞表 30-65「玩耍」
play,sak,mababalakas / misalama,,2026學習詞表 30-65「玩耍」
float,pmp,*apuŋ,,ACD PMP 19081-546ade640b6edfbc8a086ef31347e768-1「float」
flow,pmp,*qaliR,,ACD PMP 19081-c514793fed9e2fbd48defcf9cf935dc9-1「to flow」
swell,ami_nt,levawa,,2026學習詞表 32-38「腫」
swell,ami_hk,lifawa^,,2026學習詞表 32-38「腫」
swell,ami_ha,lifawa,,2026學習詞表 32-38「腫」
swell,ami_ml,lifawa,,2026學習詞表 32-38「腫」
swell,ami_hc,lifawa,,2026學習詞表 32-38「腫」
swell,ata_sq,m’ba,,2026學習詞表 32-38「腫」：m’ba
swell,ata_su,mʼba,,2026學習詞表 32-38「腫」：ma’aba
swell,ata_ml,mabaʼbaʼ,,2026學習詞表 32-38「腫」
swell,ata_pl,tubabaʼ,,2026學習詞表 32-38「腫」
swell,ata_sk,mbba,,2026學習詞表 32-38「腫」
swell,ata_kl,b’ba/ m’ba,,2026學習詞表 32-38「腫」：m’ba(眉原)
swell,say,ma:riyaeʼ,,2026學習詞表 32-38「腫」
swell,tha,lhumfawa,,2026學習詞表 32-38「腫」
swell,sed_to,mlabu,,2026學習詞表 32-38「腫」
swell,sed_tg,mbeeba,,2026學習詞表 32-38「腫」
swell,sed_tr,mlabu,,2026學習詞表 32-38「腫」
swell,bun_td,tismuq,,2026學習詞表 32-38「腫」
swell,bun_bh,minbalva/tismoq,,2026學習詞表 32-38「腫」
swell,bun_vt,mabalva,,2026學習詞表 32-38「腫」：另一biqei甲狀腺腫
swell,bun_bn,minbalva,,2026學習詞表 32-38「腫」：manbalva
swell,bun_ib,macistak/macisbang,,2026學習詞表 32-38「腫」
swell,pai_es,minevalak,,2026學習詞表 32-38「腫」
swell,pai_nt,minvalak,,2026學習詞表 32-38「腫」
swell,pai_ct,minvalak/minvala’,,2026學習詞表 32-38「腫」
swell,pai_st,minevalak,,2026學習詞表 32-38「腫」
swell,ruk_es,mwabalrake,,2026學習詞表 32-38「腫」
swell,ruk_bd,muabalrake,,2026學習詞表 32-38「腫」
swell,ruk_tw,mwabalrake,,2026學習詞表 32-38「腫」
swell,ruk_tn,ʼabaake,,2026學習詞表 32-38「腫」
swell,ruk_mg,abɨrakɨ,,2026學習詞表 32-38「腫」
swell,ruk_mn,ʼovalrake,,2026學習詞表 32-38「腫」
swell,puy_py,benare,,2026學習詞表 32-38「腫」
swell,puy_tp,venareʼ,,2026學習詞表 32-38「腫」
swell,puy_ws,venareʼ,,2026學習詞表 32-38「腫」
swell,puy_ks,venareʼ,,2026學習詞表 32-38「腫」
swell,trv,mllabu,,2026學習詞表 32-38「腫」
swell,kav,bunul,,2026學習詞表 32-38「腫」
swell,tso,yuofeoʼʉ,,2026學習詞表 32-38「腫」
swell,knv,muruvakʉ,,2026學習詞表 32-38「腫」
swell,hla,muluvalakʉ,,2026學習詞表 32-38「腫」
swell,yam,omlipad,,2026學習詞表 32-38「腫」
swell,sak,malebawa,,2026學習詞表 32-38「腫」
swell,pan,*bunuR₁,,ACD PAN 19072-2e21cf43598ab31b65317c355a8745b2-1「to swell; swollen」
swell,pmp,*beŋkak,,"ACD PMP 19081-6dbb5638e5e4bdeddb02ea200cba0d17-1「swell, increase in size」"
sun,ami_nt,cidal,,2026學習詞表 11-02「太陽」
sun,ami_hk,cidal,,2026學習詞表 11-02「太陽」
sun,ami_ha,cidal,,2026學習詞表 11-02「太陽」
sun,ami_ml,cidal,,2026學習詞表 11-02「太陽」
sun,ami_hc,cidal,,2026學習詞表 11-02「太陽」
sun,ata_sq,wagi,,2026學習詞表 11-02「太陽」：wagi’/gwagi
sun,ata_su,witux,,2026學習詞表 11-02「太陽」：wagi(新生部落)
sun,ata_ml,wagiʼ,,2026學習詞表 11-02「太陽」
sun,ata_pl,wagiʼ,,2026學習詞表 11-02「太陽」
sun,ata_sk,wagi,,2026學習詞表 11-02「太陽」
sun,ata_kl,wagi,,2026學習詞表 11-02「太陽」
sun,say,hahila:,,2026學習詞表 11-02「太陽」
sun,tha,tilhaz,,2026學習詞表 11-02「太陽」
sun,sed_to,hidaw,,2026學習詞表 11-02「太陽」
sun,sed_tg,hido,,2026學習詞表 11-02「太陽」
sun,sed_tr,hidaw,,2026學習詞表 11-02「太陽」
sun,bun_td,vali,,2026學習詞表 11-02「太陽」
sun,bun_bh,valiʼ,,2026學習詞表 11-02「太陽」
sun,bun_vt,vali,,2026學習詞表 11-02「太陽」
sun,bun_bn,vali,,2026學習詞表 11-02「太陽」：vali
sun,bun_ib,vali,,2026學習詞表 11-02「太陽」
sun,pai_es,qadaw,,2026學習詞表 11-02「太陽」
sun,pai_nt,’adav,,2026學習詞表 11-02「太陽」：qadav
sun,pai_ct,qadav,,2026學習詞表 11-02「太陽」：qadaw
sun,pai_st,qadaw,,2026學習詞表 11-02「太陽」
sun,ruk_es,vay,,2026學習詞表 11-02「太陽」
sun,ruk_bd,vai,,2026學習詞表 11-02「太陽」
sun,ruk_tw,vai,,2026學習詞表 11-02「太陽」
sun,ruk_tn,koliʼi,,2026學習詞表 11-02「太陽」
sun,ruk_mg,avé,,2026學習詞表 11-02「太陽」
sun,ruk_mn,koliʼi,,2026學習詞表 11-02「太陽」
sun,puy_py,kadaw / serang,,2026學習詞表 11-02「太陽」
sun,puy_tp,kadaw,,2026學習詞表 11-02「太陽」
sun,puy_ws,kadaw/ʼunin,,2026學習詞表 11-02「太陽」
sun,puy_ks,kadaw,,2026學習詞表 11-02「太陽」
sun,trv,hidaw,,2026學習詞表 11-02「太陽」
sun,kav,sezang,,2026學習詞表 11-02「太陽」
sun,tso,hie,,2026學習詞表 11-02「太陽」
sun,knv,taniarʉ,,2026學習詞表 11-02「太陽」
sun,hla,tahliaria,,2026學習詞表 11-02「太陽」
sun,yam,araw,,2026學習詞表 11-02「太陽」
sun,sak,cilal,,2026學習詞表 11-02「太陽」
sun,pan,*siNaR,,ACD PAN 19072-ebd556e6dfc99dbed29675ce1c6c68e5-1「sun」
sun,pmp,*mata nu qalejaw,,ACD PMP 19081-0835c367dc9fcb05b246860bec934bd5-1「sun (‘eye of the day’)」
moon,ami_nt,vulad,,2026學習詞表 11-03「月亮」
moon,ami_hk,folad,,2026學習詞表 11-03「月亮」
moon,ami_ha,folad,,2026學習詞表 11-03「月亮」
moon,ami_ml,folad,,2026學習詞表 11-03「月亮」
moon,ami_hc,folad,,2026學習詞表 11-03「月亮」
moon,ata_sq,byacing,,2026學習詞表 11-03「月亮」
moon,ata_su,byating/byacing,,2026學習詞表 11-03「月亮」：byacing
moon,ata_ml,buwating,,2026學習詞表 11-03「月亮」
moon,ata_pl,buṟating,,2026學習詞表 11-03「月亮」
moon,ata_sk,byaling,,2026學習詞表 11-03「月亮」
moon,ata_kl,byacing/byating,,2026學習詞表 11-03「月亮」
moon,say,ʼilaS,,2026學習詞表 11-03「月亮」
moon,tha,furaz,,2026學習詞表 11-03「月亮」
moon,sed_to,idas,,2026學習詞表 11-03「月亮」
moon,sed_tg,idas,,2026學習詞表 11-03「月亮」
moon,sed_tr,idas,,2026學習詞表 11-03「月亮」
moon,bun_td,buan,,2026學習詞表 11-03「月亮」
moon,bun_bh,buan,,2026學習詞表 11-03「月亮」
moon,bun_vt,buan,,2026學習詞表 11-03「月亮」
moon,bun_bn,buan,,2026學習詞表 11-03「月亮」：buan
moon,bun_ib,buan,,2026學習詞表 11-03「月亮」
moon,pai_es,qiljas,,2026學習詞表 11-03「月亮」
moon,pai_nt,’iljas,,2026學習詞表 11-03「月亮」：qiljas
moon,pai_ct,qiljas,,2026學習詞表 11-03「月亮」
moon,pai_st,qiljas,,2026學習詞表 11-03「月亮」
moon,ruk_es,dramare,,2026學習詞表 11-03「月亮」
moon,ruk_bd,dramare,,2026學習詞表 11-03「月亮」
moon,ruk_tw,dramahe,,2026學習詞表 11-03「月亮」
moon,ruk_tn,dramae,,2026學習詞表 11-03「月亮」
moon,ruk_mg,drɨmarɨ,,2026學習詞表 11-03「月亮」
moon,ruk_mn,dhamahe,,2026學習詞表 11-03「月亮」：亦稱作：dhamare
moon,puy_py,bulan,,2026學習詞表 11-03「月亮」
moon,puy_tp,ʼilras,,2026學習詞表 11-03「月亮」
moon,puy_ws,vulan,,2026學習詞表 11-03「月亮」
moon,puy_ks,vulan,,2026學習詞表 11-03「月亮」
moon,trv,idas,,2026學習詞表 11-03「月亮」
moon,kav,bulan,,2026學習詞表 11-03「月亮」
moon,tso,feohʉ,,2026學習詞表 11-03「月亮」
moon,knv,vuanʉ,,2026學習詞表 11-03「月亮」
moon,hla,vulahlʉ,,2026學習詞表 11-03「月亮」
moon,yam,vehan,,2026學習詞表 11-03「月亮」
moon,sak,bulad,,2026學習詞表 11-03「月亮」
moon,pan,*bulaN,,"ACD PAN 19072-c97da2aa22c095349a02c3569e2fbef2-1「moon, month; menstruation」"
moon,pmp,*bulan₃,,"ACD PMP 19081-88124c6e5f9e2669b68a4763e3e39f8f-1「moon, month; menstruation; shell disk collar piece」"
star,ami_nt,vuis,,2026學習詞表 11-05「星星」
star,ami_hk,foʼis,,2026學習詞表 11-05「星星」
star,ami_ha,foʼis,,2026學習詞表 11-05「星星」
star,ami_ml,foʼis,,2026學習詞表 11-05「星星」
star,ami_hc,foʼis,,2026學習詞表 11-05「星星」
star,ata_sq,bingah,,2026學習詞表 11-05「星星」：bzngah
star,ata_su,yangah,,2026學習詞表 11-05「星星」：bengah
star,ata_ml,buliqu,,2026學習詞表 11-05「星星」
star,ata_pl,hangitux,,2026學習詞表 11-05「星星」
star,ata_sk,knituh,,2026學習詞表 11-05「星星」
star,ata_kl,bengah,,2026學習詞表 11-05「星星」
star,say,bintoeʼan,,2026學習詞表 11-05「星星」
star,tha,kilhpuz,,2026學習詞表 11-05「星星」
star,sed_to,pngerah,,2026學習詞表 11-05「星星」：碗
star,sed_tg,pngerah,,2026學習詞表 11-05「星星」：碗
star,sed_tr,ppngrah,,2026學習詞表 11-05「星星」
star,bun_td,bintuqan,,2026學習詞表 11-05「星星」
star,bun_bh,bintuqan,,2026學習詞表 11-05「星星」
star,bun_vt,bintuqan,,2026學習詞表 11-05「星星」
star,bun_bn,bintuqan,,2026學習詞表 11-05「星星」：bintuqan
star,bun_ib,bintuhan,,2026學習詞表 11-05「星星」
star,pai_es,vitjuqan,,2026學習詞表 11-05「星星」
star,pai_nt,vitju’an,,2026學習詞表 11-05「星星」：vitjuqan
star,pai_ct,vitjuqan,,2026學習詞表 11-05「星星」
star,pai_st,vitjuqan,,2026學習詞表 11-05「星星」
star,ruk_es,tariyaw,,2026學習詞表 11-05「星星」
star,ruk_bd,tariaw,,2026學習詞表 11-05「星星」
star,ruk_tw,tahiyau,,2026學習詞表 11-05「星星」
star,ruk_tn,taiyaw,,2026學習詞表 11-05「星星」
star,ruk_mg,cacɨngalɨ,,2026學習詞表 11-05「星星」
star,ruk_mn,tahiyo,,2026學習詞表 11-05「星星」：亦稱作：tario
star,puy_py,triur,,2026學習詞表 11-05「星星」
star,puy_tp,vituʼen,,2026學習詞表 11-05「星星」
star,puy_ws,vituʼen/triʼur,,2026學習詞表 11-05「星星」
star,puy_ks,vituʼen,,2026學習詞表 11-05「星星」
star,trv,pngrah,,2026學習詞表 11-05「星星」
star,kav,buletedan,,2026學習詞表 11-05「星星」
star,tso,congeoha,,2026學習詞表 11-05「星星」
star,knv,tamtasai,,2026學習詞表 11-05「星星」
star,hla,ʼacangʉrahlʉ,,2026學習詞表 11-05「星星」
star,yam,mata no angit,,2026學習詞表 11-05「星星」
star,sak,bunac,,2026學習詞表 11-05「星星」
star,pan,*bituqen,,ACD PAN 19072-8ff953dd97c4405234a04291dee39e0b-1「star」
star,pmp,*bituqen,,ACD PMP 19081-8ff953dd97c4405234a04291dee39e0b-1「star」
water,ami_nt,nanum,,2026學習詞表 21-02「水」
water,ami_hk,nanom,,2026學習詞表 21-02「水」
water,ami_ha,nanom,,2026學習詞表 21-02「水」
water,ami_ml,nanom,,2026學習詞表 21-02「水」
water,ami_hc,nanom,,2026學習詞表 21-02「水」
water,ata_sq,qsya,,2026學習詞表 21-02「水」：qsya’
water,ata_su,sya,,2026學習詞表 21-02「水」：siyax(新生部落) /’sya
water,ata_ml,qusiyaʼ,,2026學習詞表 21-02「水」
water,ata_pl,useʼ,,2026學習詞表 21-02「水」
water,ata_sk,qsya,,2026學習詞表 21-02「水」
water,ata_kl,ʼsya,,2026學習詞表 21-02「水」
water,say,ralom,,2026學習詞表 21-02「水」
water,tha,sazum,,2026學習詞表 21-02「水」
water,sed_to,qsiya,,2026學習詞表 21-02「水」
water,sed_tg,qsiya,,2026學習詞表 21-02「水」
water,sed_tr,qsiya,,2026學習詞表 21-02「水」
water,bun_td,danum,,2026學習詞表 21-02「水」
water,bun_bh,danum,,2026學習詞表 21-02「水」
water,bun_vt,danum,,2026學習詞表 21-02「水」
water,bun_bn,danum,,2026學習詞表 21-02「水」：danum
water,bun_ib,danum,,2026學習詞表 21-02「水」
water,pai_es,zaljum,,2026學習詞表 21-02「水」
water,pai_nt,zaljum,,2026學習詞表 21-02「水」
water,pai_ct,zaljum,,2026學習詞表 21-02「水」
water,pai_st,zaljum,,2026學習詞表 21-02「水」
water,ruk_es,acilay,,2026學習詞表 21-02「水」
water,ruk_bd,acilay,,2026學習詞表 21-02「水」
water,ruk_tw,acilai,,2026學習詞表 21-02「水」
water,ruk_tn,acilay,,2026學習詞表 21-02「水」
water,ruk_mg,acɨlé,,2026學習詞表 21-02「水」
water,ruk_mn,acilai,,2026學習詞表 21-02「水」
water,puy_py,enay,,2026學習詞表 21-02「水」
water,puy_tp,zanum,,2026學習詞表 21-02「水」
water,puy_ws,zanum/ʼenay,,2026學習詞表 21-02「水」
water,puy_ks,danum,,2026學習詞表 21-02「水」
water,trv,qsiya,,2026學習詞表 21-02「水」
water,kav,zanum,,2026學習詞表 21-02「水」
water,tso,chumu,,2026學習詞表 21-02「水」
water,knv,canumu,,2026學習詞表 21-02「水」
water,hla,sahlumu,,2026學習詞表 21-02「水」
water,yam,ranom,,2026學習詞表 21-02「水」
water,sak,nanum,,2026學習詞表 21-02「水」
water,pan,*daNum,,ACD PAN 19072-e65bf091174a715dbc462dd4facddec3-1「fresh water」
water,pmp,*wahiR,,"ACD PMP 19081-5367526b28ce1694a631cf5c0d047e3b-1「fresh water; stream, river」"
rain,ami_nt,urad,,2026學習詞表 11-06「雨」
rain,ami_hk,ʼorad,,2026學習詞表 11-06「雨」
rain,ami_ha,ʼorad,,2026學習詞表 11-06「雨」
rain,ami_ml,ʼorad,,2026學習詞表 11-06「雨」
rain,ami_hc,ʼorad,,2026學習詞表 11-06「雨」
rain,ata_sq,qwalax,,2026學習詞表 11-06「雨」：qwalax（名詞）
rain,ata_su,walax,,2026學習詞表 11-06「雨」
rain,ata_ml,quwalax,,2026學習詞表 11-06「雨」
rain,ata_pl,awalax,,2026學習詞表 11-06「雨」
rain,ata_sk,qwalax,,2026學習詞表 11-06「雨」
rain,ata_kl,walax/ ’walax,,2026學習詞表 11-06「雨」：’walax(眉原)
rain,say,ʼaʼoral,,2026學習詞表 11-06「雨」
rain,tha,qusaz,,2026學習詞表 11-06「雨」
rain,sed_to,quyux,,2026學習詞表 11-06「雨」
rain,sed_tg,quyux,,2026學習詞表 11-06「雨」
rain,sed_tr,quyux,,2026學習詞表 11-06「雨」
rain,bun_td,qudan,,2026學習詞表 11-06「雨」
rain,bun_bh,qudan,,2026學習詞表 11-06「雨」
rain,bun_vt,qudan,,2026學習詞表 11-06「雨」
rain,bun_bn,qudan,,2026學習詞表 11-06「雨」：qudan
rain,bun_ib,hudan,,2026學習詞表 11-06「雨」
rain,pai_es,qudjalj,,2026學習詞表 11-06「雨」
rain,pai_nt,’udjalj,,2026學習詞表 11-06「雨」：qudjalj
rain,pai_ct,qudjalj,,2026學習詞表 11-06「雨」
rain,pai_st,qudjalj,,2026學習詞表 11-06「雨」
rain,ruk_es,odale,,2026學習詞表 11-06「雨」
rain,ruk_bd,udale,,2026學習詞表 11-06「雨」
rain,ruk_tw,udale,,2026學習詞表 11-06「雨」
rain,ruk_tn,daʼolo,,2026學習詞表 11-06「雨」
rain,ruk_mg,udalɨ,,2026學習詞表 11-06「雨」
rain,ruk_mn,dhaʼolo,,2026學習詞表 11-06「雨」
rain,puy_py,udall,,2026學習詞表 11-06「雨」
rain,puy_tp,ʼudalr,,2026學習詞表 11-06「雨」
rain,puy_ws,ʼudalr,,2026學習詞表 11-06「雨」
rain,puy_ks,ʼudalr,,2026學習詞表 11-06「雨」
rain,trv,quyux,,2026學習詞表 11-06「雨」
rain,kav,uzan,,2026學習詞表 11-06「雨」
rain,tso,tnʉyʉ,,2026學習詞表 11-06「雨」
rain,knv,ʼʉcanʉ,,2026學習詞表 11-06「雨」
rain,hla,usahlʉ,,2026學習詞表 11-06「雨」
rain,yam,cimoy,,2026學習詞表 11-06「雨」
rain,sak,udad,,2026學習詞表 11-06「雨」
rain,pan,*quzaN,,ACD PAN 19072-23678db5efde9ab46bce8c23a6d91b50-1「rain」
rain,pmp,*quzan,,ACD PMP 19081-23678db5efde9ab46bce8c23a6d91b50-1「rain」
river,ami_nt,tarawadaw,,2026學習詞表 10-07「河流」
river,ami_hk,ʼalo^,,2026學習詞表 10-07「河流」
river,ami_ha,ʼalo,,2026學習詞表 10-07「河流」
river,ami_ml,ʼalo,,2026學習詞表 10-07「河流」
river,ami_hc,ʼalo,,2026學習詞表 10-07「河流」
river,ata_sq,llyung,,2026學習詞表 10-07「河流」：lyung
river,ata_su,llyung,,2026學習詞表 10-07「河流」：liyung/gawung/llyung
river,ata_ml,luliyung,,2026學習詞表 10-07「河流」
river,ata_pl,luling,,2026學習詞表 10-07「河流」
river,ata_sk,llyung,,2026學習詞表 10-07「河流」
river,ata_kl,llyung,,2026學習詞表 10-07「河流」
river,say,ba:laʼ,,2026學習詞表 10-07「河流」
river,tha,waqrath,,2026學習詞表 10-07「河流」：waqrath比falhaza大
river,sed_to,yayung,,2026學習詞表 10-07「河流」
river,sed_tg,yayung,,2026學習詞表 10-07「河流」
river,sed_tr,yayung,,2026學習詞表 10-07「河流」
river,bun_td,haul,,2026學習詞表 10-07「河流」：vaqlac是指河床、小溪地帶。
river,bun_bh,vanglaz,,2026學習詞表 10-07「河流」
river,bun_vt,vanglaz,,2026學習詞表 10-07「河流」
river,bun_bn,vanglaz,,2026學習詞表 10-07「河流」：vanglaz
river,bun_ib,vahlas,,2026學習詞表 10-07「河流」：vanglaz東部慣用/vahlas南投/高雄慣用
river,pai_es,pana,,2026學習詞表 10-07「河流」
river,pai_nt,pana,,2026學習詞表 10-07「河流」
river,pai_ct,pana,,2026學習詞表 10-07「河流」
river,pai_st,pana,,2026學習詞表 10-07「河流」
river,ruk_es,drakerale,,2026學習詞表 10-07「河流」
river,ruk_bd,kaadravane,,2026學習詞表 10-07「河流」
river,ruk_tw,drakehale,,2026學習詞表 10-07「河流」
river,ruk_tn,drakeale,,2026學習詞表 10-07「河流」：karavane大河
river,ruk_mg,drɨkerele,,2026學習詞表 10-07「河流」
river,ruk_mn,dhakehale,,2026學習詞表 10-07「河流」：亦稱作：dhakerale
river,puy_py,kabalawasan,,2026學習詞表 10-07「河流」
river,puy_tp,zinanuman,,2026學習詞表 10-07「河流」
river,puy_ws,zinanuman,,2026學習詞表 10-07「河流」
river,puy_ks,dinanuman,,2026學習詞表 10-07「河流」
river,trv,yayung,,2026學習詞表 10-07「河流」
river,kav,iRuR,,2026學習詞表 10-07「河流」
river,tso,cʼoeha,,2026學習詞表 10-07「河流(大)」
river,knv,cakʉran,,2026學習詞表 10-07「河流」
river,hla,sakʉrahlʉ,,2026學習詞表 10-07「河流」
river,yam,ayo,,2026學習詞表 10-07「河流」
river,sak,sauwac/talawadaw,,2026學習詞表 10-07「河流」
river,pan,*sapaq₁,,"ACD PAN 19072-3a0e293465760b81cd74d6695d3231e0-1「stream, river」"
river,pmp,*wahiR,,"ACD PMP 19081-5367526b28ce1694a631cf5c0d047e3b-1「fresh water; stream, river」"
lake,ami_nt,vanaw,,2026學習詞表 10-08「湖泊」
lake,ami_hk,fanaw,,2026學習詞表 10-08「湖泊」
lake,ami_ha,fanaw,,2026學習詞表 10-08「湖泊」
lake,ami_ml,fanaw,,2026學習詞表 10-08「湖泊」
lake,ami_hc,fanaw,,2026學習詞表 10-08「湖泊」
lake,ata_sq,bsilung,,2026學習詞表 10-08「湖泊」：langu水塘；積水處/bsilung湖泊/pitung池塘/lubung水塘
lake,ata_su,bsilung / mslubung,,2026學習詞表 10-08「湖泊」：bsilung (較大湖泊) mslubung (較小湖泊)
lake,ata_ml,wacilung,,2026學習詞表 10-08「湖泊」
lake,ata_pl,hagiruʼ,,2026學習詞表 10-08「湖泊」
lake,ata_sk,bcilung,,2026學習詞表 10-08「湖泊」
lake,ata_kl,cilung/ bcilung/ bsilung,,2026學習詞表 10-08「湖泊」：bcilung(眉原)/ bsilung(眉原)
lake,say,waswasal,,2026學習詞表 10-08「湖泊」
lake,tha,wazaqan,,2026學習詞表 10-08「湖泊」
lake,sed_to,langu,,2026學習詞表 10-08「湖泊」
lake,sed_tg,rcilung,,2026學習詞表 10-08「湖泊」
lake,sed_tr,langu,,2026學習詞表 10-08「湖泊」
lake,bun_td,taingul,,"2026學習詞表 10-08「湖泊」：積水之小水潭taingul,樹洞的積水tuqaiv"
lake,bun_bh,ningʼav,,2026學習詞表 10-08「湖泊」
lake,bun_vt,bunulningav,,2026學習詞表 10-08「湖泊」
lake,bun_bn,bunul / ningʼav,,2026學習詞表 10-08「湖泊」：bunul
lake,bun_ib,ningʼav,,2026學習詞表 10-08「湖泊」：bunul沼澤
lake,pai_es,djanau,,2026學習詞表 10-08「湖泊」：vacalj 深潭
lake,pai_nt,djanav,,2026學習詞表 10-08「湖泊」
lake,pai_ct,djanav / vaung,,2026學習詞表 10-08「湖泊」
lake,pai_st,layu/djanaw,,2026學習詞表 10-08「湖泊」
lake,ruk_es,bazo,,2026學習詞表 10-08「湖泊」
lake,ruk_bd,baiyu,,2026學習詞表 10-08「湖泊」
lake,ruk_tw,baiyu,,2026學習詞表 10-08「湖泊」
lake,ruk_tn,bao,,2026學習詞表 10-08「湖泊」
lake,ruk_mg,tébulangɨ,,2026學習詞表 10-08「湖泊」：bulangɨ
lake,ruk_mn,valange,,2026學習詞表 10-08「湖泊」：valro指海洋、深潭
lake,puy_py,danaw,,2026學習詞表 10-08「湖泊」
lake,puy_tp,danaw,,2026學習詞表 10-08「湖泊」
lake,puy_ws,danaw,,2026學習詞表 10-08「湖泊」
lake,puy_ks,danaw,,2026學習詞表 10-08「湖泊」：evuv湖泊
lake,trv,gsilung,,2026學習詞表 10-08「湖泊」
lake,kav,betuq,,2026學習詞表 10-08「湖泊」
lake,tso,topngu,,2026學習詞表 10-08「湖泊」
lake,knv,nivuru,,2026學習詞表 10-08「湖泊」
lake,hla,taihlicua,,2026學習詞表 10-08「湖泊」
lake,yam,mibebneng a ranom,,2026學習詞表 10-08「湖泊」
lake,sak,banaw,,2026學習詞表 10-08「湖泊」
lake,pan,*danaw,,ACD PAN 19072-97d986e2afa2c72986972e6433fbeaf9-3「lake」
lake,pmp,*danaw,,ACD PMP 19081-97d986e2afa2c72986972e6433fbeaf9-2「lake」
sea,pan,*tenem,,"ACD PAN 19072-e2a29fdfc2e9c0879edaf05cb019ce4d-1「sea, ocean」"
sea,pmp,*tasik,,"ACD PMP 19081-3a291c7f833caa8d97121791e094c8f3-1「sea, saltwater」"
salt,ami_nt,cilah,,2026學習詞表 21-07「鹽」
salt,ami_hk,cilah,,2026學習詞表 21-07「鹽」
salt,ami_ha,cilah/cinah,,2026學習詞表 21-07「鹽」：同cinah。
salt,ami_ml,cinah,,2026學習詞表 21-07「鹽」
salt,ami_hc,cinah,,2026學習詞表 21-07「鹽」
salt,ata_sq,cimu,,2026學習詞表 21-07「鹽」：cimu’
salt,ata_su,cimu,,2026學習詞表 21-07「鹽」：samuyux/tmuyux
salt,ata_ml,timuʼ,,2026學習詞表 21-07「鹽」
salt,ata_pl,timuʼ,,2026學習詞表 21-07「鹽」
salt,ata_sk,cimu’,,2026學習詞表 21-07「鹽」
salt,ata_kl,cimu/timu,,2026學習詞表 21-07「鹽」
salt,say,timoʼ,,2026學習詞表 21-07「鹽」
salt,tha,qtilha,,2026學習詞表 21-07「鹽」
salt,sed_to,timu,,2026學習詞表 21-07「鹽」
salt,sed_tg,timu,,2026學習詞表 21-07「鹽」
salt,sed_tr,cimu,,2026學習詞表 21-07「鹽」
salt,bun_td,qacila,,2026學習詞表 21-07「鹽」
salt,bun_bh,qacilaʼ,,2026學習詞表 21-07「鹽」
salt,bun_vt,qasila,,2026學習詞表 21-07「鹽」
salt,bun_bn,qasila,,2026學習詞表 21-07「鹽」：qasila
salt,bun_ib,hasila,,2026學習詞表 21-07「鹽」
salt,pai_es,qatiya,,2026學習詞表 21-07「鹽」
salt,pai_nt,’atia,,2026學習詞表 21-07「鹽」：qatia
salt,pai_ct,qatia,,2026學習詞表 21-07「鹽」
salt,pai_st,qatia,,2026學習詞表 21-07「鹽」
salt,ruk_es,timo,,2026學習詞表 21-07「鹽」
salt,ruk_bd,timu,,2026學習詞表 21-07「鹽」
salt,ruk_tw,timu,,2026學習詞表 21-07「鹽」
salt,ruk_tn,timoso,,2026學習詞表 21-07「鹽」
salt,ruk_mg,tumusu,,2026學習詞表 21-07「鹽」
salt,ruk_mn,timo,,2026學習詞表 21-07「鹽」
salt,puy_py,ateri / iyam,,2026學習詞表 21-07「鹽」：iyam借自台語
salt,puy_tp,ʼateri,,2026學習詞表 21-07「鹽」
salt,puy_ws,iyam,,2026學習詞表 21-07「鹽」
salt,puy_ks,ʼateri,,2026學習詞表 21-07「鹽」
salt,trv,cimu,,2026學習詞表 21-07「鹽」
salt,kav,zemiyan/miyan,,2026學習詞表 21-07「鹽」
salt,tso,siu,,2026學習詞表 21-07「鹽」
salt,knv,maʼain,,2026學習詞表 21-07「鹽」
salt,hla,maihli,,2026學習詞表 21-07「鹽」
salt,yam,asin,,2026學習詞表 21-07「鹽」
salt,sak,cikah,,2026學習詞表 21-07「鹽」
salt,pan,*qasiRa,,ACD PAN 19072-ceb20772e0c9d240c75eb26b0e37abee-1「salt」
salt,pmp,*qasiRa,,ACD PMP 19081-ceb20772e0c9d240c75eb26b0e37abee-1「salt」
stone,ami_nt,vekeluh,,2026學習詞表 12-05「石頭」
stone,ami_hk,fokeloh / fakeloh,,2026學習詞表 12-05「石頭」
stone,ami_ha,fikeloh/fakeloh,,2026學習詞表 12-05「石頭」：同fokeloh、fakeloh。
stone,ami_ml,fakeloh,,2026學習詞表 12-05「石頭」
stone,ami_hc,fakeloh,,2026學習詞表 12-05「石頭」
stone,ata_sq,btunux,,2026學習詞表 12-05「石頭」
stone,ata_su,yamay,,2026學習詞表 12-05「石頭」：btunux(新生部落)
stone,ata_ml,batunux,,2026學習詞表 12-05「石頭」
stone,ata_pl,uṟatiʼ,,2026學習詞表 12-05「石頭」
stone,ata_sk,btunux,,2026學習詞表 12-05「石頭」
stone,ata_kl,btunux,,2026學習詞表 12-05「石頭」
stone,say,batoʼ,,2026學習詞表 12-05「石頭」
stone,tha,fatu,,2026學習詞表 12-05「石頭」
stone,sed_to,btunux,,2026學習詞表 12-05「石頭」：單手可拿起的
stone,sed_tg,btunux,,2026學習詞表 12-05「石頭」
stone,sed_tr,btunux,,2026學習詞表 12-05「石頭」
stone,bun_td,lakdaʼ,,2026學習詞表 12-05「石頭」
stone,bun_bh,lakdaʼ,,2026學習詞表 12-05「石頭」
stone,bun_vt,batu,,2026學習詞表 12-05「石頭」
stone,bun_bn,batu,,2026學習詞表 12-05「石頭」：batu
stone,bun_ib,batu,,2026學習詞表 12-05「石頭」
stone,pai_es,qaciljay,,2026學習詞表 12-05「石頭」
stone,pai_nt,’aciljay,,2026學習詞表 12-05「石頭」：qaciljay
stone,pai_ct,qaciljay,,2026學習詞表 12-05「石頭」
stone,pai_st,qaciljay,,2026學習詞表 12-05「石頭」
stone,ruk_es,lrenege,,2026學習詞表 12-05「石頭」
stone,ruk_bd,lrenege,,2026學習詞表 12-05「石頭」
stone,ruk_tw,lrenege,,2026學習詞表 12-05「石頭」
stone,ruk_tn,ʼalapi,,2026學習詞表 12-05「石頭」
stone,ruk_mg,alapi,,2026學習詞表 12-05「石頭」
stone,ruk_mn,apoto,,2026學習詞表 12-05「石頭」
stone,puy_py,barasa,,2026學習詞表 12-05「石頭」
stone,puy_tp,varasaʼ,,2026學習詞表 12-05「石頭」
stone,puy_ws,varasaʼ,,2026學習詞表 12-05「石頭」
stone,puy_ks,varasaʼ,,2026學習詞表 12-05「石頭」
stone,trv,btunux,,2026學習詞表 12-05「石頭」
stone,kav,bettu,,2026學習詞表 12-05「石頭」
stone,tso,fatu,,2026學習詞表 12-05「石頭」
stone,knv,vatu,,2026學習詞表 12-05「石頭」
stone,hla,vatuʼu,,2026學習詞表 12-05「石頭」
stone,yam,vato / veysen,,2026學習詞表 12-05「石頭」
stone,sak,baʼtu,,2026學習詞表 12-05「石頭」
stone,pan,*batux,,ACD PAN 19072-446a225b8e836e7460bab1b6ace221e8-1「stone; testicle」
stone,pmp,*batu,,ACD PMP 19081-f9e6ab6997872ff24c07522c9f2c0622-1「stone; testicle; kind of banana; numeral classifier for teeth (?)」
sand,ami_nt,vunak,,2026學習詞表 10-05「沙子」
sand,ami_hk,fonak/tafok,,2026學習詞表 10-05「沙子」
sand,ami_ha,tafok,,2026學習詞表 10-05「沙子」
sand,ami_ml,tafok,,2026學習詞表 10-05「沙子」
sand,ami_hc,siʼelac,,2026學習詞表 10-05「沙子」：tafok沙土
sand,ata_sq,naqiy/bnaqiy,,2026學習詞表 10-05「沙子」：bnaqi
sand,ata_su,naʼiy,,2026學習詞表 10-05「沙子」：bna’iy
sand,ata_ml,bunaqi,,2026學習詞表 10-05「沙子」
sand,ata_pl,bunaʼiy,,2026學習詞表 10-05「沙子」
sand,ata_sk,bnaqi,,2026學習詞表 10-05「沙子」
sand,ata_kl,suna/ bna’i,,2026學習詞表 10-05「沙子」：suna/ bna’i(眉原)
sand,say,bonaz,,2026學習詞表 10-05「沙子」
sand,tha,bunaz,,2026學習詞表 10-05「沙子」
sand,sed_to,bnaqi,,2026學習詞表 10-05「沙子」
sand,sed_tg,bnaquy,,2026學習詞表 10-05「沙子」
sand,sed_tr,bnaqig,,2026學習詞表 10-05「沙子」：hagay借日語
sand,bun_td,bunuk,,2026學習詞表 10-05「沙子」
sand,bun_bh,bunuk,,2026學習詞表 10-05「沙子」：bunuk(沙子) loqsaz(砂石)
sand,bun_vt,bunuk,,2026學習詞表 10-05「沙子」
sand,bun_bn,bunuk / zaas,,2026學習詞表 10-05「沙子」：bunuk
sand,bun_ib,zaas,,2026學習詞表 10-05「沙子」
sand,pai_es,vudas,,2026學習詞表 10-05「沙子」
sand,pai_nt,vudas,,2026學習詞表 10-05「沙子」
sand,pai_ct,vudas,,2026學習詞表 10-05「沙子」
sand,pai_st,vudas,,2026學習詞表 10-05「沙子」
sand,ruk_es,enay,,2026學習詞表 10-05「沙子」
sand,ruk_bd,enay,,2026學習詞表 10-05「沙子」
sand,ruk_tw,enai,,2026學習詞表 10-05「沙子」
sand,ruk_tn,enai,,2026學習詞表 10-05「沙子」
sand,ruk_mg,ɨné,,2026學習詞表 10-05「沙子」：adado（所有土）之意
sand,ruk_mn,enai,,2026學習詞表 10-05「沙子」
sand,puy_py,budek,,2026學習詞表 10-05「沙子」
sand,puy_tp,vutrek,,2026學習詞表 10-05「沙子」
sand,puy_ws,vutrek,,2026學習詞表 10-05「沙子」
sand,puy_ks,vucek,,2026學習詞表 10-05「沙子」
sand,trv,bnaqig,,2026學習詞表 10-05「沙子」
sand,kav,buqan,,2026學習詞表 10-05「沙子」
sand,tso,fuefu’u,,2026學習詞表 10-05「沙子」
sand,knv,ravuku,,2026學習詞表 10-05「沙子」
sand,hla,lavuku,,2026學習詞表 10-05「沙子」
sand,sak,bunak/liken,,2026學習詞表 10-05「沙子」
sand,pan,*qenay,,ACD PAN 19072-88336b5bb2a1cc21bac7cf33fd451270-2「sand」
sand,pmp,*qenay,,ACD PMP 19081-88336b5bb2a1cc21bac7cf33fd451270-1「sand」
dust,pan,*bulbul,,"ACD PAN 19072-81ce2a8b273ad422d5190e8229c9dc24-1「dust, pulverized stone」"
dust,pmp,*qabuk,,"ACD PMP 19081-b2c74ded3e1cf5db741a6133a469cd68-2「dust, sawdust」"
earth,ami_nt,sera,,2026學習詞表 10-06「泥土」
earth,ami_hk,sera^,,2026學習詞表 10-06「泥土」
earth,ami_ha,sotaʼ,,2026學習詞表 10-06「泥土」
earth,ami_ml,sera,,2026學習詞表 10-06「泥土」
earth,ami_hc,sera,,2026學習詞表 10-06「泥土」
earth,ata_sq,uraw,,2026學習詞表 10-06「泥土」
earth,ata_su,uraw,,2026學習詞表 10-06「泥土」：rhyan(地上)
earth,ata_ml,rawq,,2026學習詞表 10-06「泥土」
earth,ata_pl,raxal,,2026學習詞表 10-06「泥土」
earth,ata_sk,roq,,2026學習詞表 10-06「泥土」
earth,ata_kl,uraw/urow,,2026學習詞表 10-06「泥土」
earth,say,ra:iʼ,,2026學習詞表 10-06「泥土」
earth,tha,pruq,,2026學習詞表 10-06「泥土」
earth,sed_to,dxral,,2026學習詞表 10-06「泥土」
earth,sed_tg,dheran,,2026學習詞表 10-06「泥土」
earth,sed_tr,dxgal,,2026學習詞表 10-06「泥土」
earth,bun_td,dalaq,,2026學習詞表 10-06「泥土」：pusqu’塵土
earth,bun_bh,dalaq,,2026學習詞表 10-06「泥土」
earth,bun_vt,dalaq,,2026學習詞表 10-06「泥土」
earth,bun_bn,dalaq,,2026學習詞表 10-06「泥土」：dalaq
earth,bun_ib,dalah,,2026學習詞表 10-06「泥土」
earth,pai_es,qipu,,2026學習詞表 10-06「泥土」
earth,pai_nt,’ipu,,2026學習詞表 10-06「泥土」：qipu
earth,pai_ct,qipu,,2026學習詞表 10-06「泥土」
earth,pai_st,qipu,,2026學習詞表 10-06「泥土」
earth,ruk_es,dae,,2026學習詞表 10-06「泥土」
earth,ruk_bd,dae,,2026學習詞表 10-06「泥土」
earth,ruk_tw,dae,,2026學習詞表 10-06「泥土」
earth,ruk_tn,daʼe,,2026學習詞表 10-06「泥土」：da’e 泥土/dida’ane 地上
earth,ruk_mg,ado,,2026學習詞表 10-06「泥土」
earth,ruk_mn,dhaʼe,,2026學習詞表 10-06「泥土」
earth,puy_py,dare,,2026學習詞表 10-06「泥土」
earth,puy_tp,dareʼ,,2026學習詞表 10-06「泥土」
earth,puy_ws,dareʼ,,2026學習詞表 10-06「泥土」
earth,puy_ks,dareʼ,,2026學習詞表 10-06「泥土」
earth,trv,dxgal,,2026學習詞表 10-06「泥土」
earth,kav,melanay/manay,,2026學習詞表 10-06「泥土」：另作manay
earth,tso,ceoa,,2026學習詞表 10-06「泥土」
earth,knv,ʼʉnai,,2026學習詞表 10-06「泥土」
earth,hla,hlicaʼa,,2026學習詞表 10-06「泥土(泥巴)」
earth,yam,tana,,2026學習詞表 10-05「泥土」
earth,sak,lalaʼ,,2026學習詞表 10-06「泥土」
earth,pmp,*taneq,,"ACD PMP 19081-5a1fcaf43a81cc2ae73af9c5a019dc9d-1「earth, soil, land」"
cloud,say,homom,,2026學習詞表 11-12「雲」
cloud,tha,urum,,2026學習詞表 11-12「雲」
cloud,sed_to,rulung,,2026學習詞表 11-12「雲」
cloud,sed_tg,plabu,,2026學習詞表 11-12「雲」
cloud,sed_tr,rulung,,2026學習詞表 11-12「雲」
cloud,bun_td,luhum,,2026學習詞表 11-12「雲」：kuhum霧
cloud,bun_bh,luhum,,2026學習詞表 11-12「雲」
cloud,bun_vt,luhum,,2026學習詞表 11-12「雲」
cloud,bun_bn,luhum,,2026學習詞表 11-12「雲」：luhum
cloud,bun_ib,luum,,2026學習詞表 11-12「雲」
cloud,pai_es,qerepus,,2026學習詞表 11-12「雲」
cloud,pai_nt,’erepus,,2026學習詞表 11-12「雲」：qurepus
cloud,pai_ct,qerepus,,2026學習詞表 11-12「雲」：kerebav
cloud,pai_st,qerepus,,2026學習詞表 11-12「雲」
cloud,ruk_es,emeeme,,2026學習詞表 11-12「雲」
cloud,ruk_bd,emeeme,,2026學習詞表 11-12「雲」
cloud,ruk_tw,emeeme,,2026學習詞表 11-12「雲」
cloud,ruk_tn,koongo,,2026學習詞表 11-12「雲」
cloud,ruk_mg,kurungu,,2026學習詞表 11-12「雲」
cloud,ruk_mn,kemeʼe,,2026學習詞表 11-12「雲」
cloud,puy_py,kutrem,,2026學習詞表 11-12「雲」
cloud,puy_tp,runev,,2026學習詞表 11-12「雲」
cloud,puy_ws,kutrem,,2026學習詞表 11-12「雲」
cloud,puy_ks,runev,,2026學習詞表 11-12「雲」
cloud,trv,rulung,,2026學習詞表 11-12「雲」
cloud,kav,lanem,,2026學習詞表 11-12「雲」
cloud,knv,ʉcʉ,,2026學習詞表 11-12「雲」
cloud,hla,lulunga,,2026學習詞表 11-12「雲」
cloud,yam,cinalab,,2026學習詞表 11-12「雲」：tahahaso霧
cloud,sak,ladem,,2026學習詞表 11-12「雲」
cloud,pan,*luNuŋ,,ACD PAN 19072-a1234b3161b4fbfdfb96dd576b65bbea-1「cloud」
cloud,pmp,*luNuŋ,,PMP 缺項，複製 PAn；ACD PAN 19072-a1234b3161b4fbfdfb96dd576b65bbea-1「cloud」
fog,tso,mvʉecʉ,,2026學習詞表 11-12「霧」
fog,pmp,*kabut,,"ACD PMP 19081-12658fb3ce4d1e92721157111e81c537-1「fog, haze, mist; indistinct, blurry」"
sky,ami_nt,kakarayan,,2026學習詞表 11-04「天空」
sky,ami_hk,kakarayan,,2026學習詞表 11-04「天空」
sky,ami_ha,kakarayan,,2026學習詞表 11-04「天空」
sky,ami_ml,kakarayan,,2026學習詞表 11-04「天空」
sky,ami_hc,kakarayan,,2026學習詞表 11-04「天空」
sky,ata_sq,kayal,,2026學習詞表 11-04「天空」
sky,ata_su,babaw kayan,,2026學習詞表 11-04「天空」：kayan
sky,ata_ml,kaal,,2026學習詞表 11-04「天空」
sky,ata_pl,kaṟal,,2026學習詞表 11-04「天空」
sky,ata_sk,kayal,,2026學習詞表 11-04「天空」
sky,ata_kl,kayan,,2026學習詞表 11-04「天空」
sky,say,kawaS,,2026學習詞表 11-04「天空」
sky,tha,qali,,2026學習詞表 11-04「天空」
sky,sed_to,karac,,2026學習詞表 11-04「天空」
sky,sed_tg,karac,,2026學習詞表 11-04「天空」
sky,sed_tr,karac,,2026學習詞表 11-04「天空」
sky,bun_td,diqanin,,2026學習詞表 11-04「天空」
sky,bun_bh,diqanin,,2026學習詞表 11-04「天空」
sky,bun_vt,diqanin,,2026學習詞表 11-04「天空」
sky,bun_bn,diqanin,,2026學習詞表 11-04「天空」：diqanin
sky,bun_ib,dihanin,,2026學習詞表 11-04「天空」
sky,pai_es,kalevelevan,,2026學習詞表 11-04「天空」
sky,pai_nt,kalevelevan,,2026學習詞表 11-04「天空」
sky,pai_ct,kalevelevan / ’alevelevan,,2026學習詞表 11-04「天空」
sky,pai_st,kalevelevan,,2026學習詞表 11-04「天空」
sky,ruk_es,sobelebeleng,,2026學習詞表 11-04「天空」
sky,ruk_bd,subelebelenge,,2026學習詞表 11-04「天空」
sky,ruk_tw,subelebelenge,,2026學習詞表 11-04「天空」
sky,ruk_tn,tabelengane,,2026學習詞表 11-04「天空」
sky,ruk_mg,tɨbɨlɨnga,,2026學習詞表 11-04「天空」
sky,ruk_mn,tevelengae,,2026學習詞表 11-04「天空」
sky,puy_py,langitr,,2026學習詞表 11-04「天空」
sky,puy_tp,rukup,,2026學習詞表 11-04「天空」
sky,puy_ws,lingatr,,2026學習詞表 11-04「天空」
sky,puy_ks,rukup,,2026學習詞表 11-04「天空」
sky,trv,karat,,2026學習詞表 11-04「天空」
sky,kav,deddan,,2026學習詞表 11-04「天空」
sky,tso,engʉca,,2026學習詞表 11-04「天空」
sky,knv,kakangca,,2026學習詞表 11-04「天空」
sky,hla,langica,,2026學習詞表 11-04「天空」
sky,yam,angit,,2026學習詞表 11-04「天空」：anit/朗島部落稱
sky,sak,tapuku,,2026學習詞表 11-04「天空」
sky,pan,*laŋiC,,ACD PAN 19072-900bc885d7553375aec470198a9514f3-1「sky」
sky,pmp,*laŋit,,ACD PMP 19081-900bc885d7553375aec470198a9514f3-1「sky」
wind,ami_nt,vali,,2026學習詞表 10-04「風」
wind,ami_hk,fali^,,2026學習詞表 10-04「風」
wind,ami_ha,fali,,2026學習詞表 10-04「風」
wind,ami_ml,fali,,2026學習詞表 10-04「風」
wind,ami_hc,fali,,2026學習詞表 10-04「風」：katiposan 冬天
wind,ata_sq,behuy,,2026學習詞表 10-04「風」：bayhuy
wind,ata_su,behuy,,2026學習詞表 10-04「風」：bayhuy
wind,ata_ml,bayhu,,2026學習詞表 10-04「風」
wind,ata_pl,behuṟ,,2026學習詞表 10-04「風」
wind,ata_sk,behuy,,2026學習詞表 10-04「風」
wind,ata_kl,behuy,,2026學習詞表 10-04「風」
wind,say,ba:iʼ,,2026學習詞表 10-04「風」
wind,tha,fari,,2026學習詞表 10-04「風」
wind,sed_to,bwihur,,2026學習詞表 10-04「風」
wind,sed_tg,bgihur,,2026學習詞表 10-04「風」
wind,sed_tr,bgihur,,2026學習詞表 10-04「風」
wind,bun_td,hivhiv,,2026學習詞表 10-04「風」
wind,bun_bh,luvluv,,2026學習詞表 10-04「風」
wind,bun_vt,luvluv,,2026學習詞表 10-04「風」
wind,bun_bn,luvluv,,2026學習詞表 10-04「風」：luvluv
wind,bun_ib,ivʼiv,,2026學習詞表 10-04「風」：ivʼiv微風/luvluv強風
wind,pai_es,vali,,2026學習詞表 10-04「風」
wind,pai_nt,vali,,2026學習詞表 10-04「風」
wind,pai_ct,vali,,2026學習詞表 10-04「風」
wind,pai_st,vali,,2026學習詞表 10-04「風」
wind,ruk_es,sasevera,,2026學習詞表 10-04「風」
wind,ruk_bd,saseverane,,2026學習詞表 10-04「風」
wind,ruk_tw,saseveha,,2026學習詞表 10-04「風」
wind,ruk_tn,besebese,,2026學習詞表 10-04「風」
wind,ruk_mg,bɨsɨbɨsɨ,,2026學習詞表 10-04「風」
wind,ruk_mn,veʼeveʼe,,2026學習詞表 10-04「風」
wind,puy_py,bali,,2026學習詞表 10-04「風」
wind,puy_tp,vali,,2026學習詞表 10-04「風」
wind,puy_ws,vali,,2026學習詞表 10-04「風」
wind,puy_ks,vali,,2026學習詞表 10-04「風」
wind,trv,bgihur,,2026學習詞表 10-04「風」
wind,kav,bali,,2026學習詞表 10-04「風」
wind,tso,poepe,,2026學習詞表 10-04「風」
wind,knv,pariapara,,2026學習詞表 10-04「風」
wind,hla,varatʉ,,2026學習詞表 10-04「風」
wind,yam,sazowsaw,,2026學習詞表 10-04「風」
wind,sak,bali,,2026學習詞表 10-04「風」
wind,pan,*bali₃,,ACD PAN 19072-7e25b972e192b01004b62346ee9975a5-1「wind」
wind,pmp,*haŋin,,ACD PMP 19081-7e25b972e192b01004b62346ee9975a5-1「wind」
snow,ami_nt,suleda,,2026學習詞表 11-07「雪」
snow,ami_hk,soleda,,2026學習詞表 11-07「雪」
snow,ami_ha,so’eda,,2026學習詞表 11-07「雪」
snow,ami_ml,soʼeda,,2026學習詞表 11-07「雪」
snow,ami_hc,soʼeda,,2026學習詞表 11-07「雪」
snow,ata_sq,hlaqiy,,2026學習詞表 11-07「雪」：hlaqi
snow,ata_su,hlaʼiy,,2026學習詞表 11-07「雪」
snow,ata_ml,hulaqi,,2026學習詞表 11-07「雪」
snow,ata_pl,hulaʼiy,,2026學習詞表 11-07「雪」
snow,ata_sk,hlaqi,,2026學習詞表 11-07「雪」
snow,ata_kl,hlaʼi,,2026學習詞表 11-07「雪」
snow,say,haholaʼ,,2026學習詞表 11-07「雪」
snow,tha,ulhza,,2026學習詞表 11-07「雪」
snow,sed_to,huda,,2026學習詞表 11-07「雪」
snow,sed_tg,huda,,2026學習詞表 11-07「雪」
snow,sed_tr,huda,,2026學習詞表 11-07「雪」
snow,bun_td,paav,,2026學習詞表 11-07「雪」
snow,bun_bh,pav,,2026學習詞表 11-07「雪」
snow,bun_vt,paav,,2026學習詞表 11-07「雪」
snow,bun_bn,paav,,2026學習詞表 11-07「雪」：paav
snow,bun_ib,paʼav,,2026學習詞表 11-07「雪」
snow,pai_es,sulja,,2026學習詞表 11-07「雪」
snow,pai_nt,sulja,,2026學習詞表 11-07「雪」
snow,pai_ct,sulja,,2026學習詞表 11-07「雪」
snow,pai_st,sulja,,2026學習詞表 11-07「雪」
snow,ruk_es,ʼasabo,,2026學習詞表 11-07「雪」
snow,ruk_bd,pasaabu,,2026學習詞表 11-07「雪」
snow,ruk_tw,pasabu/ela,,2026學習詞表 11-07「雪」：pasabu、ela(兩者通用)
snow,ruk_tn,ʼiela,,2026學習詞表 11-07「雪」
snow,ruk_mg,yela,,2026學習詞表 11-07「雪」
snow,ruk_mn,ʼola,,2026學習詞表 11-07「雪」
snow,puy_py,urella,,2026學習詞表 11-07「雪」
snow,puy_tp,urelra,,2026學習詞表 11-07「雪」
snow,puy_ws,urelra,,2026學習詞表 11-07「雪」
snow,puy_ks,urelra,,2026學習詞表 11-07「雪」
snow,trv,huda,,2026學習詞表 11-07「雪」
snow,kav,suRena,,2026學習詞表 11-07「雪」
snow,tso,yuho,,2026學習詞表 11-07「雪」
snow,knv,ʉrʉna,,2026學習詞表 11-07「雪」
snow,hla,uruhla,,2026學習詞表 11-07「雪」
snow,sak,sulda/suleda,,2026學習詞表 11-07「雪」
snow,pan,*SuReNa,,ACD PAN 19072-2b93fbdf27d43547bec8794054c28e00-1「snow」
snow,pmp,*SuReNa,,PMP 缺項，複製 PAn；ACD PAN 19072-2b93fbdf27d43547bec8794054c28e00-1「snow」
ice,ami_nt,kuli,,2026學習詞表 11-18「冰」
ice,ami_hk,koli^,,2026學習詞表 11-18「冰」
ice,ami_ha,koli/so’eda,,2026學習詞表 11-18「冰」
ice,ami_ml,koli,,2026學習詞表 11-18「冰」
ice,ami_hc,soʼeda/koli,,2026學習詞表 11-18「冰」
ice,ata_sq,kori/ tlaka,,2026學習詞表 11-18「冰」：tlaka’
ice,ata_su,kyanley,,2026學習詞表 11-18「冰」：kyanley/mtrunun na hla’iy
ice,ata_ml,hulaqi,,2026學習詞表 11-18「冰」
ice,ata_pl,kori,,2026學習詞表 11-18「冰」
ice,ata_sk,kori,,2026學習詞表 11-18「冰」
ice,ata_kl,kori/ kyapeng,,2026學習詞表 11-18「冰」：kyapeng(眉原)
ice,say,haholaʼ,,2026學習詞表 11-18「冰」
ice,tha,ulhza,,2026學習詞表 11-18「冰」：另作霜
ice,sed_to,huda,,2026學習詞表 11-18「冰」
ice,sed_tg,huda,,2026學習詞表 11-18「冰」
ice,sed_tr,huda,,2026學習詞表 11-18「冰」：kyapeyng借台語
ice,bun_td,paav,,2026學習詞表 11-18「冰」
ice,bun_bh,kaping,,2026學習詞表 11-18「冰」
ice,bun_vt,kuliʼ,,2026學習詞表 11-18「冰」
ice,bun_bn,paav,,2026學習詞表 11-18「冰」：paav
ice,bun_ib,paav/paʼav,,2026學習詞表 11-18「冰」：paav高雄慣用
ice,pai_es,kuli,,2026學習詞表 11-18「冰」
ice,pai_nt,kuli,,2026學習詞表 11-18「冰」
ice,pai_ct,kuli / kiaping,,2026學習詞表 11-18「冰」
ice,pai_st,kuli,,2026學習詞表 11-18「冰」
ice,ruk_es,ʼasabo,,2026學習詞表 11-18「冰」
ice,ruk_bd,kuulri,,2026學習詞表 11-18「冰」
ice,ruk_tw,kulri,,2026學習詞表 11-18「冰」
ice,ruk_tn,koolri,,2026學習詞表 11-18「冰」
ice,ruk_mg,yela / koori,,2026學習詞表 11-18「冰」
ice,ruk_mn,koolri,,2026學習詞表 11-18「冰」：’ola
ice,puy_py,kuli,,2026學習詞表 11-18「冰」
ice,puy_tp,kuli,,2026學習詞表 11-18「冰」
ice,puy_ws,kuli,,2026學習詞表 11-18「冰」
ice,puy_ks,kuli,,2026學習詞表 11-18「冰」
ice,trv,huda,,2026學習詞表 11-18「冰」
ice,kav,suRena,,2026學習詞表 11-18「冰」
ice,tso,kooli,,2026學習詞表 11-18「冰」：借自日語
ice,knv,ʉrʉna,,2026學習詞表 11-18「冰」
ice,hla,uruhla,,2026學習詞表 11-18「冰」
ice,yam,kozi,,2026學習詞表 11-18「冰」
ice,sak,kuli,,2026學習詞表 11-18「冰」
smoke,ami_nt,acuvel,,2026學習詞表 11-13「煙」
smoke,ami_hk,ʼacefel,,2026學習詞表 11-13「煙」
smoke,ami_ha,’acofel /’acefel,,2026學習詞表 11-13「煙」
smoke,ami_ml,acefel,,2026學習詞表 11-13「煙」
smoke,ami_hc,acefel,,2026學習詞表 11-13「煙」
smoke,ata_sq,heloq,,2026學習詞表 11-13「煙」：haluq/hiluq
smoke,ata_su,xilu,,2026學習詞表 11-13「煙」：ghilu(新生部落)
smoke,ata_ml,guhiloq,,2026學習詞表 11-13「煙」
smoke,ata_pl,hagiluʼ,,2026學習詞表 11-13「煙」
smoke,ata_sk,heloq,,2026學習詞表 11-13「煙」
smoke,ata_kl,ghelu/ ghilu,,2026學習詞表 11-13「煙」：ghilu(眉原)
smoke,say,kasbol,,2026學習詞表 11-13「煙」
smoke,tha,qumbu,,2026學習詞表 11-13「煙」
smoke,sed_to,qrngul,,2026學習詞表 11-13「煙」
smoke,sed_tg,qrengun,,2026學習詞表 11-13「煙」
smoke,sed_tr,qrngul,,2026學習詞表 11-13「煙」
smoke,bun_td,qumbu,,2026學習詞表 11-13「煙」
smoke,bun_bh,qucʼul/qumbu,,2026學習詞表 11-13「煙」
smoke,bun_vt,tibu/qusʼul,,2026學習詞表 11-13「煙」
smoke,bun_bn,qusʼul,,2026學習詞表 11-13「煙」：qusdul
smoke,bun_ib,husul/husʼul,,2026學習詞表 11-13「煙」
smoke,pai_es,cevulj,,2026學習詞表 11-13「煙」
smoke,pai_nt,cevulj,,2026學習詞表 11-13「煙」
smoke,pai_ct,cevulj,,2026學習詞表 11-13「煙」
smoke,pai_st,cevulj,,2026學習詞表 11-13「煙」
smoke,ruk_es,ebelre,,2026學習詞表 11-13「煙」
smoke,ruk_bd,ebelre,,2026學習詞表 11-13「煙」
smoke,ruk_tw,ebelre,,2026學習詞表 11-13「煙」
smoke,ruk_tn,ebee,,2026學習詞表 11-13「煙」
smoke,ruk_mg,ubɨrɨ,,2026學習詞表 11-13「煙」
smoke,ruk_mn,loto,,2026學習詞表 11-13「煙」
smoke,puy_py,aseban,,2026學習詞表 11-13「煙」：masibulebul冒煙
smoke,puy_tp,ʼasevan,,2026學習詞表 11-13「煙」
smoke,puy_ws,ʼasevan,,2026學習詞表 11-13「煙」
smoke,puy_ks,ʼasevan,,2026學習詞表 11-13「煙」
smoke,trv,qrngul,,2026學習詞表 11-13「煙」
smoke,kav,qiReb/qayReb,,2026學習詞表 11-13「煙」
smoke,tso,feufeu,,2026學習詞表 11-13「煙」
smoke,knv,ʼʉʉvʉ,,2026學習詞表 11-13「煙」
smoke,hla,vuvula,,2026學習詞表 11-13「煙」
smoke,yam,aob,,2026學習詞表 11-13「煙」
smoke,sak,wacah,,2026學習詞表 11-13「煙」
smoke,pan,*qaseb,,ACD PAN 19072-fdfa02ecf86feac3801254da57c1c9ba-2「smoke」
smoke,pmp,*qaseb,,ACD PMP 19081-fdfa02ecf86feac3801254da57c1c9ba-1「smoke」
fire,ami_nt,lamal,,2026學習詞表 11-17「火」
fire,ami_hk,lamal,,2026學習詞表 11-17「火」
fire,ami_ha,namal,,2026學習詞表 11-17「火」：同lamal。
fire,ami_ml,namal,,2026學習詞表 11-17「火」
fire,ami_hc,namal,,2026學習詞表 11-17「火」
fire,ata_sq,puniq,,2026學習詞表 11-17「火」
fire,ata_su,puni,,2026學習詞表 11-17「火」：hpuni
fire,ata_ml,hapuneq/ hapuy,,2026學習詞表 11-17「火」：hapuneq(男)/ hapuy(女)
fire,ata_pl,ṟanaʼ,,2026學習詞表 11-17「火」
fire,ata_sk,puniq,,2026學習詞表 11-17「火」
fire,ata_kl,puni,,2026學習詞表 11-17「火」
fire,say,hapoy,,2026學習詞表 11-17「火」
fire,tha,apuy,,2026學習詞表 11-17「火」
fire,sed_to,puniq,,2026學習詞表 11-17「火」
fire,sed_tg,puniq,,2026學習詞表 11-17「火」
fire,sed_tr,puniq,,2026學習詞表 11-17「火」
fire,bun_td,sapuz,,2026學習詞表 11-17「火」
fire,bun_bh,sapuz,,2026學習詞表 11-17「火」
fire,bun_vt,sapuz,,2026學習詞表 11-17「火」
fire,bun_bn,sapuz,,2026學習詞表 11-17「火」：sapuz
fire,bun_ib,sapuz,,2026學習詞表 11-17「火」
fire,pai_es,sapuy,,2026學習詞表 11-17「火」
fire,pai_nt,sapuy,,2026學習詞表 11-17「火」
fire,pai_ct,sapuy,,2026學習詞表 11-17「火」
fire,pai_st,sapuy,,2026學習詞表 11-17「火」
fire,ruk_es,aʼoy,,2026學習詞表 11-17「火」
fire,ruk_bd,apuy,,2026學習詞表 11-17「火」
fire,ruk_tw,apui,,2026學習詞表 11-17「火」
fire,ruk_tn,apoi,,2026學習詞表 11-17「火」
fire,ruk_mg,apuru,,2026學習詞表 11-17「火」
fire,ruk_mn,apoi,,2026學習詞表 11-17「火」
fire,puy_py,apuy,,2026學習詞表 11-17「火」
fire,puy_tp,apuy,,2026學習詞表 11-17「火」
fire,puy_ws,apuy,,2026學習詞表 11-17「火」
fire,puy_ks,apuy,,2026學習詞表 11-17「火」
fire,trv,tahut,,2026學習詞表 11-17「火」
fire,kav,Ramaz,,2026學習詞表 11-17「火」
fire,tso,puzu,,2026學習詞表 11-17「火」
fire,knv,ʼapuru,,2026學習詞表 11-17「火」
fire,hla,apuhlu,,2026學習詞表 11-17「火」
fire,yam,apoy,,2026學習詞表 11-17「火」
fire,sak,lamal,,2026學習詞表 11-17「火」
fire,pan,*Sapuy,,ACD PAN 19072-015f28b9df1bdd36427dd976fb73b29d-1「fire」
fire,pmp,*hapuy,,ACD PMP 19081-015f28b9df1bdd36427dd976fb73b29d-1「fire」
ash,ami_nt,avu,,2026學習詞表 09-49「炭灰」
ash,ami_hk,ʼafo^,,2026學習詞表 09-49「炭灰」
ash,ami_ha,ʼafadeng,,2026學習詞表 09-49「炭灰」
ash,ami_ml,afo,,2026學習詞表 09-49「炭灰」
ash,ami_hc,ʼafadeng/ʼafo,,2026學習詞表 09-49「炭灰」
ash,ata_sq,qbuli,,2026學習詞表 09-49「炭灰」：qbuli’
ash,ata_su,bulit,,2026學習詞表 09-49「炭灰」：bulic(新生部落)
ash,ata_ml,qabuliʼ,,2026學習詞表 09-49「炭灰」
ash,ata_pl,abulit,,2026學習詞表 09-49「炭灰」
ash,ata_sk,qbuli,,2026學習詞表 09-49「炭灰」
ash,ata_kl,bulit/ ’bulit,,2026學習詞表 09-49「炭灰」：’bulit(眉原)
ash,say,ʼaboʼ,,2026學習詞表 09-49「炭灰」
ash,tha,qihaw,,2026學習詞表 09-49「炭灰」
ash,sed_to,qbulic,,2026學習詞表 09-49「炭灰」
ash,sed_tg,qbulic,,2026學習詞表 09-49「炭灰」
ash,sed_tr,qbulic,,2026學習詞表 09-49「炭灰」
ash,bun_td,qabu,,2026學習詞表 09-49「炭灰」
ash,bun_bh,qabuʼ,,2026學習詞表 09-49「炭灰」
ash,bun_vt,qabu,,2026學習詞表 09-49「炭灰」
ash,bun_bn,qabu,,2026學習詞表 09-49「炭灰」：bihu/qabu
ash,bun_ib,habu,,2026學習詞表 09-49「炭灰」
ash,pai_es,qavu,,2026學習詞表 09-49「炭灰」
ash,pai_nt,’avu,,2026學習詞表 09-49「炭灰」：qavu
ash,pai_ct,qavu,,2026學習詞表 09-49「炭灰」
ash,pai_st,qavu,,2026學習詞表 09-49「炭灰」
ash,ruk_es,abo,,2026學習詞表 09-49「木炭灰」
ash,ruk_bd,abu,,2026學習詞表 09-49「木炭灰」
ash,ruk_tw,abu,,2026學習詞表 09-49「木炭灰」
ash,ruk_tn,abo,,2026學習詞表 09-49「木炭灰」
ash,ruk_mg,abu,,2026學習詞表 09-49「木炭灰」
ash,ruk_mn,hangele avo,,2026學習詞表 09-49「木炭灰」
ash,puy_py,abu,,2026學習詞表 09-49「炭灰」
ash,puy_tp,nasuk,,2026學習詞表 09-49「炭灰」
ash,puy_ws,ʼavu,,2026學習詞表 09-49「炭灰」
ash,puy_ks,ʼavu,,2026學習詞表 09-49「炭灰」
ash,trv,qbulit,,2026學習詞表 09-49「炭灰」
ash,kav,ibu,,2026學習詞表 09-49「炭灰」
ash,tso,fuu,,2026學習詞表 09-49「炭灰」
ash,knv,ʼavu,,2026學習詞表 09-49「炭灰」
ash,hla,ʼavuʼu,,2026學習詞表 09-49「炭灰」
ash,yam,avo,,2026學習詞表 09-49「炭灰」
ash,sak,abu,,2026學習詞表 09-49「炭灰」
ash,pan,*qabu,,"ACD PAN 19072-202996ebf570f75d9f6e3d84c261f3f1-1「ash, cinder, powder」"
ash,pmp,*qabu,,"ACD PMP 19081-73d0f9c4bdf7770d98f3de425264b799-1「ash, hearth, cinder, powder, dust; gray」"
burn,ami_nt,iluh,,2026學習詞表 30-20「燒(如燒稻草)」：另作：curah 放火燒；2026學習詞表 30-54「燃燒」
burn,ami_hk,todoh / miʼenaf / mailoh/todoh,,2026學習詞表 30-20「燒(如燒稻草)」；2026學習詞表 30-54「燃燒」
burn,ami_ha,corah / corah/iloh/todoh,,2026學習詞表 30-20「燒(如燒稻草)」；2026學習詞表 30-54「燃燒」
burn,ami_ml,mitodoh / todoh,,2026學習詞表 30-20「燒(如燒稻草)」；2026學習詞表 30-54「燃燒」
burn,ami_hc,todoh / iloh/todoh,,2026學習詞表 30-20「燒(如燒稻草)」；2026學習詞表 30-54「燃燒」
burn,ata_sq,lmom / mtlom/msuling,,2026學習詞表 30-20「燒(如燒稻草)」；2026學習詞表 30-54「燃燒」
burn,ata_su,lmom / lmawn / tlawm / mtlom / mtlawm / msuling,,2026學習詞表 30-20「燒(如燒稻草)」：samuling/lmong(新生部落)；2026學習詞表 30-54「燃燒」：mtlom/mtyana(新生部落)
burn,ata_ml,cumuling / maculing,,2026學習詞表 30-20「燒(如燒稻草)」；2026學習詞表 30-54「燃燒」
burn,ata_pl,humit / maculing,,2026學習詞表 30-20「燒(如燒稻草)」；2026學習詞表 30-54「燃燒」
burn,ata_sk,lmom / mtlom,,2026學習詞表 30-20「燒(如燒稻草)」；2026學習詞表 30-54「燃燒」
burn,ata_kl,lmong / mtlong,,2026學習詞表 30-20「燒(如燒稻草)」；2026學習詞表 30-54「燃燒」
burn,say,basoʼ / Sahoeʼ,,2026學習詞表 30-20「燒(如燒稻草)」：Sahoe’；2026學習詞表 30-54「燃燒」
burn,tha,pashnara / shunara,,2026學習詞表 30-20「燒(如燒稻草)」；2026學習詞表 30-54「燃燒」
burn,sed_to,psqama / sqama,,2026學習詞表 30-20「燒(如燒稻草)」：mtahu生火; psramaq起火燃燒; hmudur/hmudung燒；2026學習詞表 30-54「燃燒」
burn,sed_tg,psqama / sqama,,2026學習詞表 30-20「燒(如燒稻草)」：hmudur；2026學習詞表 30-54「燃燒」
burn,sed_tr,psqama / sqama,,2026學習詞表 30-20「燒(如燒稻草)」：hmudung；2026學習詞表 30-54「燃燒」
burn,bun_td,pistaba / mistaba,,2026學習詞表 30-20「燒(如燒稻草)」：Malusapuz生火 ; pisdua燒；2026學習詞表 30-54「燃燒」
burn,bun_bh,pistaba / mistaba,,2026學習詞表 30-20「燒(如燒稻草)」；2026學習詞表 30-54「燃燒」
burn,bun_vt,Pistabah / mistaba,,2026學習詞表 30-20「燒(如燒稻草)」；2026學習詞表 30-54「燃燒」
burn,bun_bn,pistabah / mistabah,,2026學習詞表 30-20「燒(如燒稻草)」：mapistaba/mapistibu；2026學習詞表 30-54「燃燒」：mistaba
burn,bun_ib,mapistaba / mistaba,,2026學習詞表 30-20「燒(如燒稻草)」；2026學習詞表 30-54「燃燒」
burn,pai_es,ljemama / medjek,,2026學習詞表 30-20「燒(如燒稻草)」；2026學習詞表 30-54「燃燒」
burn,pai_nt,ljemama / medjek,,2026學習詞表 30-20「燒(如燒稻草)」；2026學習詞表 30-54「燃燒」
burn,pai_ct,ljemama / medjek/medje’,,2026學習詞表 30-20「燒(如燒稻草)」；2026學習詞表 30-54「燃燒」：temedev
burn,pai_st,ljemama / medjek/medje’,,2026學習詞表 30-20「燒(如燒稻草)」；2026學習詞表 30-54「燃燒」
burn,ruk_es,laobo / gelrabe,,2026學習詞表 30-20「燒(如燒稻草)」；2026學習詞表 30-54「燃燒」
burn,ruk_bd,lama / kuadaladalay,,2026學習詞表 30-20「燒(如燒稻草)」；2026學習詞表 30-54「燃燒」
burn,ruk_tw,walaubu / kwadaladalai,,2026學習詞表 30-20「燒(如燒稻草)」；2026學習詞表 30-54「燃燒」
burn,ruk_tn,walawbo,,2026學習詞表 30-20「燒(如燒稻草)」；2026學習詞表 30-54「燃燒」
burn,ruk_mg,ululobu / sélobu,,2026學習詞表 30-20「燒(如燒稻草)」；2026學習詞表 30-54「燃燒」
burn,ruk_mn,topoi / lridhaidhape,,2026學習詞表 30-20「燒(如燒稻草)」；2026學習詞表 30-54「燃燒」
burn,puy_py,benaitr / mabengbeng,,2026學習詞表 30-20「焚燒」；2026學習詞表 30-54「燃燒;火旺」
burn,puy_tp,semulretr / rimenang,,2026學習詞表 30-20「焚燒」；2026學習詞表 30-54「燃燒;火旺」
burn,puy_ws,vatriʼ / venatriʼ,,2026學習詞表 30-20「焚燒」；2026學習詞表 30-54「燃燒;火旺」
burn,puy_ks,vaci’ / muvaciʼ,,2026學習詞表 30-20「焚燒」；2026學習詞表 30-54「燃燒;火旺」
burn,trv,sqama,,2026學習詞表 30-20「燒」：燒稻草psqama gnsal；2026學習詞表 30-54「燃燒」
burn,kav,temaq / muRas,,2026學習詞表 30-20「燒(如燒稻草)」；2026學習詞表 30-54「燃燒」
burn,tso,hmoi / yuniou/yunzou,,2026學習詞表 30-20「燒(如燒稻草)」；2026學習詞表 30-54「燃燒」
burn,knv,cumacunu / mucunu,,2026學習詞表 30-20「燒(如燒稻草)」；2026學習詞表 30-54「燃燒」
burn,hla,cumacuhlu / muacucuhlu,,2026學習詞表 30-20「燒(如燒稻草)」；2026學習詞表 30-54「燃燒」
burn,yam,asleben / masleb,,2026學習詞表 30-20「燒(如燒稻草)」：meseleseleb；2026學習詞表 30-54「燃燒」
burn,sak,tuduh / matuduh,,2026學習詞表 30-20「燒(如燒稻草)」；2026學習詞表 30-54「燃燒」
burn,pmp,*zeket,,"ACD PMP 19081-3441add54a8569ebe448e10c9858d8af-1「to burn (fields, etc.)」"
road,ami_nt,lalan,,2026學習詞表 10-01「道路」
road,ami_hk,lalan,,2026學習詞表 10-01「道路」
road,ami_ha,lalan,,2026學習詞表 10-01「道路」
road,ami_ml,lalan,,2026學習詞表 10-01「道路」
road,ami_hc,lalan,,2026學習詞表 10-01「道路」
road,ata_sq,tuqi/tuqiy,,2026學習詞表 10-01「道路」
road,ata_su,tuʼiy,,2026學習詞表 10-01「道路」
road,ata_ml,raneq/ raan,,2026學習詞表 10-01「道路」：raneq(男)/ raan(女)
road,ata_pl,tuʼuy,,2026學習詞表 10-01「道路」
road,ata_sk,ryaniq,,2026學習詞表 10-01「道路」
road,ata_kl,tuʼi,,2026學習詞表 10-01「道路」
road,say,ra:an / kapanra:anan,,2026學習詞表 10-01「道路」：tinaewae’an
road,tha,saran,,2026學習詞表 10-01「道路」
road,sed_to,elu,,2026學習詞表 10-01「道路」
road,sed_tg,eluw,,2026學習詞表 10-01「道路」
road,sed_tr,elug,,2026學習詞表 10-01「道路」
road,bun_td,daan,,2026學習詞表 10-01「道路」
road,bun_bh,dan,,2026學習詞表 10-01「道路」
road,bun_vt,daan,,2026學習詞表 10-01「道路」
road,bun_bn,daan,,2026學習詞表 10-01「道路」：daan
road,bun_ib,daan,,2026學習詞表 10-01「道路」
road,pai_es,djalan,,2026學習詞表 10-01「道路」
road,pai_nt,djalan,,2026學習詞表 10-01「道路」
road,pai_ct,djalan,,2026學習詞表 10-01「道路」
road,pai_st,djalan,,2026學習詞表 10-01「道路」
road,ruk_es,kaelrea,,2026學習詞表 10-01「道路」
road,ruk_bd,kadalranane,,2026學習詞表 10-01「道路」
road,ruk_tw,kaelrea,,2026學習詞表 10-01「道路」
road,ruk_tn,dadaane,,2026學習詞表 10-01「道路」
road,ruk_mg,dadɨranɨ,,2026學習詞表 10-01「道路」
road,ruk_mn,valrevalreʼae,,2026學習詞表 10-01「道路」
road,puy_py,dalan,,2026學習詞表 10-01「道路」
road,puy_tp,dalan/ dadalan,,2026學習詞表 10-01「道路」
road,puy_ws,dalan,,2026學習詞表 10-01「道路」
road,puy_ks,dalan,,2026學習詞表 10-01「道路」
road,trv,elug,,2026學習詞表 10-01「道路」
road,kav,lazan,,2026學習詞表 10-01「道路」
road,tso,ceonʉ,,2026學習詞表 10-01「道路」
road,knv,cacanʉ,,2026學習詞表 10-01「道路」
road,hla,salaʼa,,2026學習詞表 10-01「道路」
road,yam,rarahan,,2026學習詞表 10-01「道路」
road,sak,zazan/ dadan,,2026學習詞表 10-01「道路」
road,pan,*zalan,,"ACD PAN 19072-bfcb009d849eba1df9d42387346449d5-1「path, made by a human as opposed to an animal; way or means to do something」"
road,pmp,*zalan,,"ACD PMP 19081-120db47504ea269c76c2e533786dbbdc-1「path, made by a human as opposed to an animal; way or means to do something; wake of a boat; the Milky Way」"
mountain,pan,*buled₁,,ACD PAN 19072-ec6d9c8953ab272295ec0469bbed59ab-1「mountain」
mountain,pmp,*bulud₃,,ACD PMP 19081-ec6d9c8953ab272295ec0469bbed59ab-1「mountain」
red,ami_nt,lahengangay,,2026學習詞表 22-03「紅色的」
red,ami_hk,kahengangay,,2026學習詞表 22-03「紅色的」
red,ami_ha,kahengangay,,2026學習詞表 22-03「紅色的」：kahengangay
red,ami_ml,kahengangay,,2026學習詞表 22-03「紅色的」
red,ami_hc,kahengangay,,2026學習詞表 22-03「紅色的」
red,ata_sq,mtalah,,2026學習詞表 22-03「紅色的」
red,ata_su,tanah/mtanah,,2026學習詞表 22-03「紅色的」：mtanah/mtalah(新生部落)
red,ata_ml,matanah,,2026學習詞表 22-03「紅色的」
red,ata_pl,matanah,,2026學習詞表 22-03「紅色的」
red,ata_sk,mtalah,,2026學習詞表 22-03「紅色的」
red,ata_kl,mtalah,,2026學習詞表 22-03「紅色的」
red,say,ngangilaehan,,2026學習詞表 22-03「紅色」
red,tha,maqulhaqulha,,2026學習詞表 22-03「紅色」
red,sed_to,mbanah,,2026學習詞表 22-03「紅色」
red,sed_tg,tanah,,2026學習詞表 22-03「紅色」
red,sed_tr,banah,,2026學習詞表 22-03「紅色」
red,bun_td,madangqac,,2026學習詞表 22-03「紅色」
red,bun_bh,madangqac,,2026學習詞表 22-03「紅色」
red,bun_vt,madangqas,,2026學習詞表 22-03「紅色」
red,bun_bn,dangqas,,2026學習詞表 22-03「紅色」：madanqas
red,bun_ib,madanghas,,2026學習詞表 22-03「紅色」：madiul南投慣用
red,pai_es,qudjidjilj,,2026學習詞表 22-03「紅色」
red,pai_nt,’udjidjilj,,2026學習詞表 22-03「紅色」：qudjidjilj
red,pai_ct,qudjidjilj,,2026學習詞表 22-03「紅色」
red,pai_st,qudjidjilj,,2026學習詞表 22-03「紅色」
red,ruk_es,direrele,,2026學習詞表 22-03「紅色」
red,ruk_bd,duduli,,2026學習詞表 22-03「紅色」
red,ruk_tw,diheheele,,2026學習詞表 22-03「紅色」
red,ruk_tn,madileange,,2026學習詞表 22-03「紅色」：tadileleange紅色的
red,ruk_mg,diliengɨ,,2026學習詞表 22-03「紅色」
red,ruk_mn,tadhiliyange,,2026學習詞表 22-03「紅色」
red,puy_py,midrarang,,2026學習詞表 22-03「紅色」
red,puy_tp,zangzarang,,2026學習詞表 22-03「紅色」
red,puy_ws,zemiyar,,2026學習詞表 22-03「紅色」
red,puy_ks,dangdarang,,2026學習詞表 22-03「紅色」
red,trv,embanah,,2026學習詞表 22-03「紅色的」
red,kav,tebaRi,,2026學習詞表 22-03「紅色」
red,tso,fʉhngoya,,2026學習詞表 22-03「紅色」
red,knv,masinang,,2026學習詞表 22-03「紅色」
red,hla,matavuhliu,,2026學習詞表 22-03「紅色」
red,yam,mabazangbang,,2026學習詞表 22-03「紅色」
red,sak,sumanahay,,2026學習詞表 22-03「紅色的」
red,pan,*taNah,,ACD PAN 19072-bda9643ac6601722a28f238714274da4-1「red」
red,pmp,*pulaq,,ACD PMP 19081-bda9643ac6601722a28f238714274da4-4「red」
green,ami_nt,langdaway,,2026學習詞表 22-08「綠色的」
green,ami_hk,kangdaway,,2026學習詞表 22-08「綠色的」
green,ami_ha,kandaway,,2026學習詞表 22-08「綠色的」
green,ami_ml,kangdaway,,2026學習詞表 22-08「綠色的」
green,ami_hc,kangdaway,,2026學習詞表 22-08「綠色的」
green,ata_sq,mtasiq,,2026學習詞表 22-08「綠色的」：mewasiq
green,ata_su,matasi / mtasi,,2026學習詞表 22-08「綠色的」：mbebiru(彩色)
green,ata_ml,mataseq / mawaseq,,2026學習詞表 22-08「綠色的」：mataseq(男)/ mawaseq(女)
green,ata_pl,magaṟaguʼ,,2026學習詞表 22-08「綠色的」
green,ata_sk,mtasiq,,2026學習詞表 22-08「綠色的」
green,ata_kl,msgheru / mwasi k’man / mwasi /mwasik,,2026學習詞表 22-08「綠色的」：mwasi (眉原)/mwasik(眉原)
green,say,hesʼezan,,2026學習詞表 22-08「綠色」
green,tha,madishlum,,2026學習詞表 22-08「綠色」
green,sed_to,msama,,2026學習詞表 22-08「綠色」
green,sed_tg,mgsama,,2026學習詞表 22-08「綠色」
green,sed_tr,mgsama,,2026學習詞表 22-08「綠色」：亦稱empajiq
green,bun_td,masanglav,,2026學習詞表 22-08「綠色」：Maqaihav暗藍色、黑紫色; Masanlav綠色、藍色、青色
green,bun_bh,masanglav,,2026學習詞表 22-08「綠色」：藍色
green,bun_vt,masanglav,,2026學習詞表 22-08「綠色」
green,bun_bn,sanglav,,2026學習詞表 22-08「綠色」：masanglav
green,bun_ib,masanglav,,2026學習詞表 22-08「綠色」
green,pai_es,liljualjuas/quljangaljangas,,2026學習詞表 22-08「綠色」
green,pai_nt,liljualjuas/matak,,2026學習詞表 22-08「綠色」
green,pai_ct,djeljeseljesem / liljualjuas / qeljengeljenger/quljangaljangas,,2026學習詞表 22-08「綠色」
green,pai_st,quljangaljangas,,2026學習詞表 22-08「綠色」
green,ruk_es,salesese,,2026學習詞表 22-08「綠色」
green,ruk_bd,saleseese,,2026學習詞表 22-08「綠色」
green,ruk_tw,salesese,,2026學習詞表 22-08「綠色」：matake
green,ruk_tn,masalekeseke,,2026學習詞表 22-08「綠色」
green,ruk_mg,tɨmalɨsɨlɨsɨkɨ,,2026學習詞表 22-08「綠色」
green,ruk_mn,taʼalekeʼeke,,2026學習詞表 22-08「綠色」
green,puy_py,miraat,,2026學習詞表 22-08「綠色」
green,puy_tp,remaʼat,,2026學習詞表 22-08「綠色」
green,puy_ws,meraʼat,,2026學習詞表 22-08「綠色」
green,puy_ks,remaʼat,,2026學習詞表 22-08「綠色」
green,trv,mgpajiq,,2026學習詞表 22-08「綠色的」
green,kav,puli,,2026學習詞表 22-08「綠色」：亦即為藍色
green,tso,enghova,,2026學習詞表 22-08「綠色/藍色」
green,knv,tavacuku,,2026學習詞表 22-08「綠色」
green,hla,malangihlu,,2026學習詞表 22-08「綠色」
green,yam,mowgarow,,2026學習詞表 22-08「綠色」
green,sak,langdaway,,2026學習詞表 22-08「綠色的」
yellow,ami_nt,kulawlaway,,2026學習詞表 22-05「黃色的」
yellow,ami_hk,kaliyalaway,,2026學習詞表 22-05「黃色的」
yellow,ami_ha,kaliyalaway,,2026學習詞表 22-05「黃色的」
yellow,ami_ml,kaliyalaway,,2026學習詞表 22-05「黃色的」：kohelaay
yellow,ami_hc,kaliyalaway,,2026學習詞表 22-05「黃色的」
yellow,ata_sq,mhibung,,2026學習詞表 22-05「黃色的」
yellow,ata_su,mtrakis,,2026學習詞表 22-05「黃色的」：makarakis/mhibung/me’raw
yellow,ata_ml,magturakis,,2026學習詞表 22-05「黃色的」
yellow,ata_pl,magasuluʼ,,2026學習詞表 22-05「黃色的」
yellow,ata_sk,mhebung,,2026學習詞表 22-05「黃色的」
yellow,ata_kl,m’ryaw/ mhibung,,2026學習詞表 22-05「黃色的」：mhibung(眉原)
yellow,say,habiyalan,,2026學習詞表 22-05「黃色的」
yellow,tha,shadunan,,2026學習詞表 22-05「黃色的」
yellow,sed_to,mcayis,,2026學習詞表 22-05「黃色」
yellow,sed_tg,mgceyas,,2026學習詞表 22-05「黃色」
yellow,sed_tr,msagas,,2026學習詞表 22-05「黃色」：msaas
yellow,bun_td,mabulav,,2026學習詞表 22-05「黃色的」
yellow,bun_bh,macinhav / mabulav,,2026學習詞表 22-05「黃色的」
yellow,bun_vt,masinhav,,2026學習詞表 22-05「黃色的」
yellow,bun_bn,sinhav,,2026學習詞表 22-05「黃色的」：masinhav
yellow,bun_ib,madiav,,2026學習詞表 22-05「黃色的」
yellow,pai_es,qulivalivay,,2026學習詞表 22-05「黃色」
yellow,pai_nt,vuravurav,,2026學習詞表 22-05「黃色」：pulapula
yellow,pai_ct,vuravurav/ qulivalivay/ quljangaljangas/ quljizaljizar,,2026學習詞表 22-05「黃色」：vuravurav(黃銅色) / qulivalivay (橘黃)/ quljangaljangas/quljizaljizar(枯黃)
yellow,pai_st,qulivalivay,,2026學習詞表 22-05「黃色」
yellow,ruk_es,borarase,,2026學習詞表 22-05「黃色」
yellow,ruk_bd,buaburavane,,2026學習詞表 22-05「黃色」
yellow,ruk_tw,bwabuhava,,2026學習詞表 22-05「黃色」
yellow,ruk_tn,mabokaʼa,,2026學習詞表 22-05「黃色」
yellow,ruk_mg,tiburo,,2026學習詞表 22-05「黃色」
yellow,ruk_mn,tavalaʼavaʼa,,2026學習詞表 22-05「黃色」
yellow,puy_py,milanang,,2026學習詞表 22-05「黃色的」
yellow,puy_tp,maluluʼ,,2026學習詞表 22-05「黃色的」
yellow,puy_ws,maluluʼ,,2026學習詞表 22-05「黃色的」
yellow,puy_ks,malulu’,,2026學習詞表 22-05「黃色的」
yellow,trv,mgrhibung,,2026學習詞表 22-05「黃色的」：embalung-黃色的(口語化)  empurah-深黃色
yellow,kav,Rapedadaw,,2026學習詞表 22-05「黃色的」
yellow,tso,hofʼoya,,2026學習詞表 22-05「黃色的」
yellow,knv,tanavikarʉ,,2026學習詞表 22-05「黃色的」
yellow,hla,mahlisarʉ,,2026學習詞表 22-05「黃色」
yellow,yam,akmey kowarey no manok,,2026學習詞表 22-05「黃色的」
yellow,sak,takuliyaway/kalawlaway,,2026學習詞表 22-05「黃色的」
white,ami_nt,vuhecalay,,2026學習詞表 22-01「白色的」
white,ami_hk,fohecalay,,2026學習詞表 22-01「白色的」
white,ami_ha,kohecalay,,2026學習詞表 22-01「白色的」：kohecalay
white,ami_ml,kohecalay,,2026學習詞表 22-01「白色的」
white,ami_hc,kohecalay,,2026學習詞表 22-01「白色的」
white,ata_sq,plqwi,,2026學習詞表 22-01「白色的」：plqwi(plquy)
white,ata_su,plʼux,,2026學習詞表 22-01「白色的」：pla’u/mlabu(新生部落)
white,ata_ml,maubaʼ,,2026學習詞表 22-01「白色的」
white,ata_pl,malabuʼ,,2026學習詞表 22-01「白色的」
white,ata_sk,mlabu,,2026學習詞表 22-01「白色的」
white,ata_kl,mlabu,,2026學習詞表 22-01「白色的」：mlabu(眉原)
white,say,bolalasan,,2026學習詞表 22-01「白色」
white,tha,mapuzipuzi,,2026學習詞表 22-01「白色」
white,sed_to,bhuway,,2026學習詞表 22-01「白色」：mbhuway
white,sed_tg,bhege,,2026學習詞表 22-01「白色」
white,sed_tr,bhgay,,2026學習詞表 22-01「白色」：embhgay
white,bun_td,maduqlac,,2026學習詞表 22-01「白色」
white,bun_bh,madoqlac,,2026學習詞表 22-01「白色」
white,bun_vt,maduqlas,,2026學習詞表 22-01「白色」
white,bun_bn,dauqlas,,2026學習詞表 22-01「白色」：maduqlas
white,bun_ib,maduhlas,,2026學習詞表 22-01「白色」
white,pai_es,vuteqiteqilj,,2026學習詞表 22-01「白色」
white,pai_nt,vucelacelay,,2026學習詞表 22-01「白色」
white,pai_ct,vuqavuqalj,,2026學習詞表 22-01「白色」
white,pai_st,vuteqiteqilj / vucelacelay,,2026學習詞表 22-01「白色」
white,ruk_es,ʼoliʼoli,,2026學習詞表 22-01「白色」
white,ruk_bd,lraulrapungu/pupuli,,2026學習詞表 22-01「白色」
white,ruk_tw,pupuli,,2026學習詞表 22-01「白色」
white,ruk_tn,mapoli,,2026學習詞表 22-01「白色」：tapopolyane白色的
white,ruk_mg,tupupuliya,,2026學習詞表 22-01「白色」
white,ruk_mn,tapoli,,2026學習詞表 22-01「白色」
white,puy_py,bulenan,,2026學習詞表 22-01「白色」
white,puy_tp,velretriʼ,,2026學習詞表 22-01「白色」
white,puy_ws,vulretriʼ,,2026學習詞表 22-01「白色」
white,puy_ks,vulreciʼ,,2026學習詞表 22-01「白色」
white,trv,bhgay,,2026學習詞表 22-01「白色」
white,kav,busaR,,2026學習詞表 22-01「白色」
white,tso,fʉecʉ’ia/fʉecʉ’za,,2026學習詞表 22-01「白色」：fʉecʉ’ia達邦說法/fuecʉ’za特富野社說法
white,knv,tapunia,,2026學習詞表 22-01「白色」
white,hla,mapuhli,,2026學習詞表 22-01「白色」
white,yam,malavang,,2026學習詞表 22-01「白色」
white,sak,sanglacay/salengacay,,2026學習詞表 22-01「白色的」
white,pan,*ma-puNi,,ACD PAN 19072-d508fe45cecaf653904a0e774084bb5c-1「white」
white,pmp,*ma-putiq,,ACD PMP 19081-d508fe45cecaf653904a0e774084bb5c-2「white」
black,ami_nt,muhetingay,,2026學習詞表 22-02「黑色的」
black,ami_hk,kohetingay,,2026學習詞表 22-02「黑色的」
black,ami_ha,kohetingay,,2026學習詞表 22-02「黑色的」：kohetingay
black,ami_ml,kohetingay,,2026學習詞表 22-02「黑色的」
black,ami_hc,kohetingay,,2026學習詞表 22-02「黑色的」
black,ata_sq,mqalux,,2026學習詞表 22-02「黑色的」
black,ata_su,kalux/mkalux,,2026學習詞表 22-02「黑色的」：mkalux
black,ata_ml,magalawa’ / magauu’,,2026學習詞表 22-02「黑色的」：magalawa’(男)/ magauu’(女)
black,ata_pl,makalux,,2026學習詞表 22-02「黑色的」
black,ata_sk,mqatung,,2026學習詞表 22-02「黑色的」
black,ata_kl,mkalux,,2026學習詞表 22-02「黑色的」
black,say,ʼelngihan,,2026學習詞表 22-02「黑色」
black,tha,maqusuqusum,,2026學習詞表 22-02「黑色」
black,sed_to,mqalux,,2026學習詞表 22-02「黑色」
black,sed_tg,qalux,,2026學習詞表 22-02「黑色」
black,sed_tr,qalux,,2026學習詞表 22-02「黑色」
black,bun_td,mataqdung,,2026學習詞表 22-02「黑色」
black,bun_bh,mataqdung,,2026學習詞表 22-02「黑色」
black,bun_vt,mataqdung,,2026學習詞表 22-02「黑色」
black,bun_bn,taqdung,,2026學習詞表 22-02「黑色」：mataqdung
black,bun_ib,matahdung,,2026學習詞表 22-02「黑色」
black,pai_es,qecengecengel,,2026學習詞表 22-02「黑色」
black,pai_nt,’ucengecengel,,2026學習詞表 22-02「黑色」：qucengecengel
black,pai_ct,qacengecengel / qucengecengel,,2026學習詞表 22-02「黑色」
black,pai_st,qucengecengel,,2026學習詞表 22-02「黑色」
black,ruk_es,’icecelreng,,2026學習詞表 22-02「黑色」
black,ruk_bd,icecelrenge,,2026學習詞表 22-02「黑色」
black,ruk_tw,icecelrenge,,2026學習詞表 22-02「黑色」
black,ruk_tn,tayceceenge/maycenge,,2026學習詞表 22-02「黑色」：tayceceenge 黑色的
black,ruk_mg,tɨmacɨcɨrɨngɨ,,2026學習詞表 22-02「黑色」
black,ruk_mn,taecelrange,,2026學習詞表 22-02「黑色」
black,puy_py,udreudrem,,2026學習詞表 22-02「黑色」
black,puy_tp,ʼuzeʼuzem,,2026學習詞表 22-02「黑色」
black,puy_ws,ʼuzeʼuzem,,2026學習詞表 22-02「黑色」
black,puy_ks,ʼudeʼudem,,2026學習詞表 22-02「黑色」
black,trv,mqalux,,2026學習詞表 22-02「黑色的」
black,kav,tengen,,2026學習詞表 22-02「黑色」
black,tso,kuaʼonga,,2026學習詞表 22-02「黑色」
black,knv,taʼʉrʉm,,2026學習詞表 22-02「黑色」
black,hla,malicʉcʉ,,2026學習詞表 22-02「黑色」
black,yam,mavaheng / masirem,,2026學習詞表 22-02「黑色」
black,sak,lumeniʼay,,2026學習詞表 22-02「黑色的」
black,pan,*qeCeŋeN,,ACD PAN 19072-1ffd9e753c8054cc61456ac7fac1ac89-1「black」
black,pmp,*qitem,,ACD PMP 19081-1ffd9e753c8054cc61456ac7fac1ac89-2「black」
night,ami_nt,lavii / laviʼi,,2026學習詞表 13-02「晚上」；2026學習詞表 13-22「夜」
night,ami_hk,dadaya^ / lafii^,,2026學習詞表 13-02「晚上」；2026學習詞表 13-22「夜」
night,ami_ha,dadaya,,2026學習詞表 13-02「晚上」；2026學習詞表 13-22「夜」
night,ami_ml,dadaya,,2026學習詞表 13-02「晚上」；2026學習詞表 13-22「夜」
night,ami_hc,dadaya,,2026學習詞表 13-02「晚上」；2026學習詞表 13-22「夜」
night,ata_sq,lhngan / bengi,,2026學習詞表 13-02「晚上」：lhngan；2026學習詞表 13-22「夜」：bengi’/bzngi’
night,ata_su,gbyan / gabiyan mlhngan / mlhngan,,2026學習詞表 13-02「晚上」：lhngan / gabiyan mlhngan(深夜)；2026學習詞表 13-22「夜」
night,ata_ml,gabiyan / mahantan,,2026學習詞表 13-02「晚上」；2026學習詞表 13-22「夜」
night,ata_pl,malahngan / bangiʼ,,2026學習詞表 13-02「晚上」；2026學習詞表 13-22「夜」
night,ata_sk,gbyan / mhngan,,2026學習詞表 13-02「晚上」；2026學習詞表 13-22「夜」
night,ata_kl,gbyan/ lhngan,,2026學習詞表 13-02「晚上」：lhngan(眉原)；2026學習詞表 13-22「夜」：lhngan(眉原)
night,say,hae:wan,,2026學習詞表 13-02「晚上」；2026學習詞表 13-22「夜」
night,tha,tanlhuan,,2026學習詞表 13-02「晚上」；2026學習詞表 13-22「夜」
night,sed_to,kman,,2026學習詞表 13-02「晚上」；2026學習詞表 13-22「夜」：cka rabi午夜；半夜
night,sed_tg,keeman,,2026學習詞表 13-02「晚上」；2026學習詞表 13-22「夜」
night,sed_tr,keman / rabi,,2026學習詞表 13-02「晚上」；2026學習詞表 13-22「夜」
night,bun_td,sanavan / maqmut,,2026學習詞表 13-02「晚上」：maqmut夜晚；2026學習詞表 13-22「夜」
night,bun_bh,sanavan / maqmut,,2026學習詞表 13-02「晚上」；2026學習詞表 13-22「夜」
night,bun_vt,sanavan,,2026學習詞表 13-02「晚上」；2026學習詞表 13-22「夜」
night,bun_bn,sanavan / maqmut,,2026學習詞表 13-02「晚上」：sanavan；2026學習詞表 13-22「夜」：sanavan
night,bun_ib,sanavan / labian,,2026學習詞表 13-02「晚上」；2026學習詞表 13-22「夜」
night,pai_es,qezemetj / vengin,,2026學習詞表 13-02「晚上」；2026學習詞表 13-22「夜」
night,pai_nt,’ezemezemetj / vengin,,2026學習詞表 13-02「晚上」：qezemezemtj；2026學習詞表 13-22「夜」
night,pai_ct,qezemezemetj / vengin,,2026學習詞表 13-02「晚上」；2026學習詞表 13-22「夜」
night,pai_st,qezemezemetj,,2026學習詞表 13-02「晚上」；2026學習詞表 13-22「夜」
night,ruk_es,maong,,2026學習詞表 13-02「晚上」；2026學習詞表 13-22「夜」
night,ruk_bd,maungu / maungane,,2026學習詞表 13-02「晚上」；2026學習詞表 13-22「夜」
night,ruk_tw,maungu,,2026學習詞表 13-02「晚上」；2026學習詞表 13-22「夜」
night,ruk_tn,maʼawbo / asongane,,2026學習詞表 13-02「晚上」；2026學習詞表 13-22「夜」
night,ruk_mg,ngiyubu / masungu,,2026學習詞表 13-02「晚上」；2026學習詞表 13-22「夜」
night,ruk_mn,maongo / maongonae,,2026學習詞表 13-02「晚上」；2026學習詞表 13-22「夜」
night,puy_py,karaub / sungan,,2026學習詞表 13-02「晚上」；2026學習詞表 13-22「夜」
night,puy_tp,karauv / ʼesunganan,,2026學習詞表 13-02「晚上」；2026學習詞表 13-22「夜」
night,puy_ws,karauv / ʼesungan,,2026學習詞表 13-02「晚上」；2026學習詞表 13-22「夜」
night,puy_ks,karauv / ʼesungan,,2026學習詞表 13-02「晚上」；2026學習詞表 13-22「夜」
night,trv,keeman / rabi,,2026學習詞表 13-02「晚上」；2026學習詞表 13-22「夜」
night,kav,qaRabi/tuRabi / qaRabi,,2026學習詞表 13-02「晚上」；2026學習詞表 13-22「夜」
night,tso,yofna / feʉngna,,2026學習詞表 13-02「晚上」；2026學習詞表 13-10「黑夜」；2026學習詞表 13-22「夜」
night,knv,rovana,,2026學習詞表 13-02「晚上」；2026學習詞表 13-22「夜」
night,hla,ruvana / vʉrʉnganʉ,,2026學習詞表 13-02「晚上」；2026學習詞表 13-22「夜」
night,yam,maep / ahep,,2026學習詞表 13-02「晚上」；2026學習詞表 13-22「夜」
night,sak,sandeb/labi / labi,,2026學習詞表 13-02「晚上」；2026學習詞表 13-22「夜」
night,pan,*beRŋi-n,,ACD PAN 19072-93a04b066fd81a1017825f2dcda313b2-1「night」
night,pmp,*beRŋi,,ACD PMP 19081-93a04b066fd81a1017825f2dcda313b2-1「night」
day,ami_nt,remiad,,2026學習詞表 13-07「白天」
day,ami_hk,romiʼad,,2026學習詞表 13-07「白天」
day,ami_ha,romiʼad,,2026學習詞表 13-07「白天」：i romi’ad 白天
day,ami_ml,romiʼad,,2026學習詞表 13-07「白天」
day,ami_hc,romiʼad,,2026學習詞表 13-07「白天」
day,ata_sq,qlyan,,2026學習詞表 13-07「白天」
day,ata_su,slwan,,2026學習詞表 13-07「白天」：lyan
day,ata_ml,qaliyan,,2026學習詞表 13-07「白天」
day,ata_pl,alen,,2026學習詞表 13-07「白天」
day,ata_sk,qlyan,,2026學習詞表 13-07「白天」
day,ata_kl,’lyan/ ryax,,2026學習詞表 13-07「白天」：ryax(眉原)
day,say,hila:an,,2026學習詞表 13-07「白天」
day,tha,qali,,2026學習詞表 13-07「白天」：另作天
day,sed_to,diyan,,2026學習詞表 13-07「白天」
day,sed_tg,diyan,,2026學習詞表 13-07「白天」
day,sed_tr,jiyan,,2026學習詞表 13-07「白天」
day,bun_td,qaniʼan,,2026學習詞表 13-07「白天」
day,bun_bh,qaniʼan,,2026學習詞表 13-07「白天」
day,bun_vt,qaniʼan,,2026學習詞表 13-07「白天」
day,bun_bn,qaniʼan / tusqang,,2026學習詞表 13-07「白天」：qani-an
day,bun_ib,hanian,,2026學習詞表 13-07「白天」
day,pai_es,mawqadaw,,2026學習詞表 13-07「白天」
day,pai_nt,ma’adadav,,2026學習詞表 13-07「白天」：maqadadav
day,pai_ct,mauqadaqadav,,2026學習詞表 13-07「白天」
day,pai_st,mauqadaw,,2026學習詞表 13-07「白天」
day,ruk_es,vaiya,,2026學習詞表 13-07「白天」
day,ruk_bd,vaiane,,2026學習詞表 13-07「白天」
day,ruk_tw,vaiya,,2026學習詞表 13-07「白天」
day,ruk_tn,vivivaʼane,,2026學習詞表 13-07「白天」
day,ruk_mg,uliliepɨ vienɨ,,2026學習詞表 13-07「白天」
day,ruk_mn,alidhaaʼe,,2026學習詞表 13-07「白天」
day,puy_py,uninan,,2026學習詞表 13-07「白天；白晝」
day,puy_tp,ʼuninan,,2026學習詞表 13-07「白天；白晝」
day,puy_ws,ʼuninan,,2026學習詞表 13-07「白天；白晝」
day,puy_ks,ʼuninan,,2026學習詞表 13-07「白天；白晝」
day,trv,jiyan,,2026學習詞表 13-07「白天」
day,kav,teRi,,2026學習詞表 13-07「白天」
day,tso,hie,,2026學習詞表 13-07「白天」
day,knv,caʼania,,2026學習詞表 13-07「白天」
day,hla,sihlianʉ,,2026學習詞表 13-07「白天」
day,yam,maraw,,2026學習詞表 13-07「白天」
day,sak,demiad,,2026學習詞表 13-07「白天」
day,pan,*qajaw,,ACD PAN 19072-628b7db04235f228d40adc671413a8c8-2「day」
day,pmp,*qalejaw,,ACD PMP 19081-628b7db04235f228d40adc671413a8c8-3「day」
year,ami_nt,mihca,,2026學習詞表 13-28「年」
year,ami_hk,mihecan,,2026學習詞表 13-28「年」
year,ami_ha,miheca,,2026學習詞表 13-28「年」
year,ami_ml,miheca,,2026學習詞表 13-28「年」
year,ami_hc,miheca,,2026學習詞表 13-28「年」
year,ata_sq,kawas,,2026學習詞表 13-28「年」
year,ata_su,kayan,,2026學習詞表 13-28「年」：kawas(新生部落)
year,ata_ml,kaal,,2026學習詞表 13-28「年」
year,ata_pl,ingkaṟalan,,2026學習詞表 13-28「年」
year,ata_sk,kawas,,2026學習詞表 13-28「年」
year,ata_kl,kawas,,2026學習詞表 13-28「年」
year,say,tinalʼoemaeh,,2026學習詞表 13-28「年」
year,tha,kawash,,2026學習詞表 13-28「年」
year,sed_to,kngkawas,,2026學習詞表 13-28「年」：kngkwasan
year,sed_tg,knkawas,,2026學習詞表 13-28「年」
year,sed_tr,hngkawas,,2026學習詞表 13-28「年」
year,bun_td,qamisan,,2026學習詞表 13-28「年」：qamisan年歲
year,bun_bh,qamisan/ puncanan,,2026學習詞表 13-28「年」
year,bun_vt,painsanan/qamisan,,2026學習詞表 13-28「年」
year,bun_bn,painsanan / qamisan,,2026學習詞表 13-28「年」：qamisan /pensanan
year,bun_ib,painsanan,,2026學習詞表 13-28「年」：hamisan東部慣用
year,pai_es,cavilj,,2026學習詞表 13-28「年」
year,pai_nt,cavilj,,2026學習詞表 13-28「年」
year,pai_ct,cavilj,,2026學習詞表 13-28「年」
year,pai_st,cavilj,,2026學習詞表 13-28「年」
year,ruk_es,cayli,,2026學習詞表 13-28「年」
year,ruk_bd,caili,,2026學習詞表 13-28「年」
year,ruk_tw,caili,,2026學習詞表 13-28「年」
year,ruk_tn,cavili,,2026學習詞表 13-28「年」
year,ruk_mg,cɨvélé,,2026學習詞表 13-28「年」
year,ruk_mn,caili,,2026學習詞表 13-28「年」
year,puy_py,ami,,2026學習詞表 13-28「年;歲」
year,puy_tp,ʼami,,2026學習詞表 13-28「年;歲」
year,puy_ws,ʼami,,2026學習詞表 13-28「年;歲」
year,puy_ks,ʼami,,2026學習詞表 13-28「年;歲」
year,trv,hngkawas,,2026學習詞表 13-28「年」
year,kav,tasaw,,2026學習詞表 13-28「年」
year,tso,tonsoha,,2026學習詞表 13-28「(一)年」
year,knv,cenana,,2026學習詞表 13-28「年」：另作：「年歲」之意
year,hla,caihli,,2026學習詞表 13-28「年」
year,yam,awan,,2026學習詞表 13-28「年」
year,sak,mihcaan,,2026學習詞表 13-28「年」
year,pan,*CawiN,,ACD PAN 19072-84cdc76cabf41bd7c961f6ab12f117d8-1「year」
year,pmp,*taqun,,"ACD PMP 19081-4a4c45d4fa4f8cf67446d7180e86ff30-1「year, season」"
warm,ami_nt,diheku / rengahaway,,2026學習詞表 32-56「暖和」；2026學習詞表 32-72「溫的(水)」
warm,ami_hk,diheko^ / halafhafay,,2026學習詞表 32-56「暖和」；2026學習詞表 32-72「溫的(水)」
warm,ami_ha,diheko / falaefaay,,2026學習詞表 32-56「暖和」；2026學習詞表 32-72「溫的(水)」
warm,ami_ml,diheko / fala^efaay,,2026學習詞表 32-56「暖和」；2026學習詞表 32-72「溫的(水)」
warm,ami_hc,diheko / falaʼefaay,,2026學習詞表 32-56「暖和」；2026學習詞表 32-72「溫的(水)」
warm,ata_sq,hrhul,,2026學習詞表 32-56「暖和」：hlhul；2026學習詞表 32-72「溫的(水)」：hlhul
warm,ata_su,mmli/yemli,,2026學習詞表 32-56「暖和」：mli/hlhun；2026學習詞表 32-72「溫的(水)」：zmli/mbhak(新生部落)
warm,ata_ml,halhul / habhab,,2026學習詞表 32-56「暖和」；2026學習詞表 32-72「溫的(水)」
warm,ata_pl,hulhul,,2026學習詞表 32-56「暖和」；2026學習詞表 32-72「溫的(水)」
warm,ata_sk,hlhul / hlhol,,2026學習詞表 32-56「暖和」；2026學習詞表 32-72「溫的(水)」
warm,ata_kl,hlhun / bahak / mbhak / l’tu hayi / kilux hayi,,2026學習詞表 32-56「暖和」；2026學習詞表 32-72「溫的(水)」：mbhak(眉原)
warm,say,ha:olhoel / nabnaban,,2026學習詞表 32-56「暖和」；2026學習詞表 32-72「溫的(水)」
warm,tha,maqalhuuz,,2026學習詞表 32-56「暖和」；2026學習詞表 32-72「溫的(水)」
warm,sed_to,muxul,,2026學習詞表 32-56「暖和」；2026學習詞表 32-72「溫的(水)」：mtltu冷的
warm,sed_tg,muuxun / muuxul,,2026學習詞表 32-56「暖和」；2026學習詞表 32-72「溫的(水)」
warm,sed_tr,muxul,,2026學習詞表 32-56「暖和」；2026學習詞表 32-72「溫的(水)」
warm,bun_td,manangqat / manamiʼ,,2026學習詞表 32-56「暖和」；2026學習詞表 32-72「溫的(水)」
warm,bun_bh,manangqat / manamiʼ,,2026學習詞表 32-56「暖和」；2026學習詞表 32-72「溫的(水)」：manami’ (溫水)/ malasmabaqaic(有點熱)
warm,bun_vt,manangqat / manami,,2026學習詞表 32-56「暖和」；2026學習詞表 32-72「溫的(水)」
warm,bun_bn,manami / manangqat / manami,,2026學習詞表 32-56「暖和」：manangqat；2026學習詞表 32-72「溫的(水)」：manami
warm,bun_ib,mananghat / manami,,2026學習詞表 32-56「暖和」；2026學習詞表 32-72「溫的(水)」
warm,pai_es,semeljec / maculjuculju,,2026學習詞表 32-56「暖和」；2026學習詞表 32-72「溫的」
warm,pai_nt,semeljec / maculjuculju,,2026學習詞表 32-56「暖和」：navaleljevelj/saljavljavljav；2026學習詞表 32-72「溫的」
warm,pai_ct,semeljec / maculjuculju,,2026學習詞表 32-56「暖和」；2026學習詞表 32-72「溫的」
warm,pai_st,semeljec / maculjuculju,,2026學習詞表 32-56「暖和」；2026學習詞表 32-72「溫的」
warm,ruk_es,madralredre / malralri,,2026學習詞表 32-56「暖和」；2026學習詞表 32-72「溫的(水)」
warm,ruk_bd,cucuulu / thathithiiliti,,2026學習詞表 32-56「暖和」；2026學習詞表 32-72「溫的(水)」
warm,ruk_tw,maculu / mabalaba,,2026學習詞表 32-56「暖和」；2026學習詞表 32-72「溫的(水)」
warm,ruk_tn,malabeabe,,2026學習詞表 32-56「暖和」；2026學習詞表 32-72「溫的(水)」
warm,ruk_mg,mabɨlɨsɨbɨsɨ / madɨlada,,2026學習詞表 32-56「暖和」；2026學習詞表 32-72「溫的(水)」
warm,ruk_mn,kalraveve / takalraveve,,2026學習詞表 32-56「暖和」；2026學習詞表 32-72「溫的(水)」：takalraveve
warm,puy_py,sadeku,,2026學習詞表 32-56「暖和」
warm,puy_tp,sadeku,,2026學習詞表 32-56「暖和」
warm,puy_ws,sadeku,,2026學習詞表 32-56「暖和」
warm,puy_ks,sadeku,,2026學習詞表 32-56「暖和」
warm,trv,meuxul,,2026學習詞表 32-56「暖和」；2026學習詞表 32-72「暖和」
warm,kav,selizu / sanangan qenamammaq na,,2026學習詞表 32-56「暖和」；2026學習詞表 32-72「溫的(水)」
warm,tso,noyano,,2026學習詞表 32-56「暖和」；2026學習詞表 32-72「溫的(水)」
warm,knv,maʼavu,,2026學習詞表 32-56「暖和」；2026學習詞表 32-72「溫的(水)」
warm,hla,masunguli / maʼavʉra,,2026學習詞表 32-56「暖和」；2026學習詞表 32-72「溫的(水)」
warm,yam,mehteng,,2026學習詞表 32-56「暖和」
warm,sak,dihku / alababay/mabasaw,,2026學習詞表 32-56「暖和」；2026學習詞表 32-72「溫的(水)」
warm,pmp,*ma-panas,,"ACD PMP 19081-86853f198cc1b307a87e4f19212348f7-2「warm, hot」"
cold,ami_nt,sienaw / lietec,,2026學習詞表 32-08「冷」；2026學習詞表 32-12「冰冷」
cold,ami_hk,sienaw / lietec,,2026學習詞表 32-08「冷」；2026學習詞表 32-12「冰冷」
cold,ami_ha,sienaw / kiʼetec,,2026學習詞表 32-08「冷」；2026學習詞表 32-12「冰冷」
cold,ami_ml,sienaw / kietec,,2026學習詞表 32-08「冷」；2026學習詞表 32-12「冰冷」
cold,ami_hc,kiʼetec/sienaw / kiʼedaw,,2026學習詞表 32-08「冷」；2026學習詞表 32-12「冰冷」
cold,ata_sq,hzyaq/tltu / hzyaq/mtltu,,2026學習詞表 32-08「冷」；2026學習詞表 32-12「冰冷」：mtltu’
cold,ata_su,skinut / tl’tu,,2026學習詞表 32-08「冷」：tra’atu/tl’tu；2026學習詞表 32-12「冰冷」：tla’atu/tl’tu skinuc
cold,ata_ml,talaʼtuʼ,,2026學習詞表 32-08「冷」；2026學習詞表 32-12「冰冷」
cold,ata_pl,gahṟaʼ,,2026學習詞表 32-08「冷」；2026學習詞表 32-12「冰冷」
cold,ata_sk,ltu/ hiyaq / tltu,,2026學習詞表 32-08「冷」；2026學習詞表 32-12「冰冷」
cold,ata_kl,skinut / l’tu / tl’tu,,2026學習詞表 32-08「冷」：tl’tu(眉原)；2026學習詞表 32-12「冰冷」
cold,say,maskes,,2026學習詞表 32-08「冷」：’iya’zaw涼；2026學習詞表 32-12「冰冷」
cold,tha,mashimzaw / matithi,,2026學習詞表 32-08「冷」；2026學習詞表 32-12「冰冷」
cold,sed_to,mskuy / tltu,,2026學習詞表 32-08「冷」；2026學習詞表 32-12「冰冷」
cold,sed_tg,msekuy / tleetu,,2026學習詞表 32-08「冷」；2026學習詞表 32-12「冰冷」
cold,sed_tr,mskuy / tltu,,2026學習詞表 32-08「冷」；2026學習詞表 32-12「冰冷」
cold,bun_td,makazhav / macisʼit,,2026學習詞表 32-08「冷」：makazhav涼；2026學習詞表 32-12「冰冷」
cold,bun_bh,makazhav,,2026學習詞表 32-08「冷」；2026學習詞表 32-12「冰冷」
cold,bun_vt,makazhav / kazhavdaingaz,,2026學習詞表 32-08「冷」；2026學習詞表 32-12「冰冷」
cold,bun_bn,makazhav,,2026學習詞表 32-08「冷」：makazhav；2026學習詞表 32-12「冰冷」：makazhavdengaz
cold,bun_ib,makazav,,2026學習詞表 32-08「冷」；2026學習詞表 32-12「冰冷」
cold,pai_es,ljaljeqel / vucelelj/sarutjuq,,2026學習詞表 32-08「冷(氣候)」；2026學習詞表 32-12「冰冷(物體)」
cold,pai_nt,ljalje’el / vucelelj,,2026學習詞表 32-08「冷(氣候)」；2026學習詞表 32-12「冰冷(物體)」：nakuljatjer(冰凍)
cold,pai_ct,ljaljeqel / vucelecelelj/ljaljeqeljeqel,,2026學習詞表 32-08「冷(氣候)」；2026學習詞表 32-12「冰冷(物體)」
cold,pai_st,ljaljeqel / vucelecelelj,,2026學習詞表 32-08「冷(氣候)」；2026學習詞表 32-12「冰冷(物體)」
cold,ruk_es,mangerece / mangangerece,,2026學習詞表 32-08「冷」；2026學習詞表 32-12「冰冷」
cold,ruk_bd,makecelre / mangangerece,,2026學習詞表 32-08「冷」；2026學習詞表 32-12「冰冷」
cold,ruk_tw,makecelre / mangangehece,,2026學習詞表 32-08「冷」；2026學習詞表 32-12「冰冷」
cold,ruk_tn,makecee / matateleke,,2026學習詞表 32-08「冷」：matateleke涼；2026學習詞表 32-12「冰冷」
cold,ruk_mg,matɨlɨkɨ,,2026學習詞表 32-08「冷」；2026學習詞表 32-12「冰冷」
cold,ruk_mn,kecelre / maateteleke,,2026學習詞表 32-08「冷」：kakecelre / kecelre；2026學習詞表 32-12「冰冷」
cold,puy_py,llitek / trallinetrin,,2026學習詞表 32-08「冷」；2026學習詞表 32-12「冰冷」
cold,puy_tp,lritek / tralringtring,,2026學習詞表 32-08「冷」；2026學習詞表 32-12「冰冷」
cold,puy_ws,lritek / tralrintrin,,2026學習詞表 32-08「冷」；2026學習詞表 32-12「冰冷」
cold,puy_ks,lritek / calringlicin,,2026學習詞表 32-08「冷」；2026學習詞表 32-12「冰冷」
cold,trv,mskuy,,2026學習詞表 32-08「冷」；2026學習詞表 32-12「冰冷」
cold,kav,sessen / tuRpus,,2026學習詞表 32-08「冷」；2026學習詞表 32-12「冰冷」
cold,tso,soyʉmʉ / coheʉceʉ,,2026學習詞表 32-08「冷」；2026學習詞表 32-12「冰冷」
cold,knv,makungu / matatʉricang,,2026學習詞表 32-08「冷」；2026學習詞表 32-12「冰冷」
cold,hla,masarʉmʉ / matahlʉkʉtʉkʉ,,2026學習詞表 32-08「冷(感受)」；2026學習詞表 32-12「冰冷」
cold,yam,marekmeh,,2026學習詞表 32-08「冷」；2026學習詞表 32-12「冰冷」
cold,sak,cuʼdet,,2026學習詞表 32-08「冷」；2026學習詞表 32-12「冰冷」
cold,pan,*ramig,,ACD PAN 19072-8e4c7c71b32f99913e457d6b0cf2a645-1「cold (of weather)」
cold,pmp,*ramig,,ACD PMP 19081-8e4c7c71b32f99913e457d6b0cf2a645-1「cold (of weather)」
full,ami_nt,matumes tu / tumes,,2026學習詞表 32-66「滿了」；2026學習詞表 32-79「滿滿」
full,ami_hk,matomes / tomes,,2026學習詞表 32-66「滿了」；2026學習詞表 32-79「滿滿」
full,ami_ha,matomes,,2026學習詞表 32-66「滿了」；2026學習詞表 32-79「滿滿」
full,ami_ml,matomesay to / matomes,,2026學習詞表 32-66「滿了」；2026學習詞表 32-79「滿滿」
full,ami_hc,matomes,,2026學習詞表 32-66「滿了」；2026學習詞表 32-79「滿滿」
full,ata_sq,su’un / msuʼun,,2026學習詞表 32-66「滿了」；2026學習詞表 32-79「滿滿」
full,ata_su,spun / spunan / spunan,,2026學習詞表 32-66「滿了」：mspun；2026學習詞表 32-79「滿滿」：ms’un
full,ata_ml,makasiun la / makasiun,,2026學習詞表 32-66「滿了」；2026學習詞表 32-79「滿滿」
full,ata_pl,paspun,,2026學習詞表 32-66「滿了」；2026學習詞表 32-79「滿滿」
full,ata_sk,soʼun / so’un,,2026學習詞表 32-66「滿了」；2026學習詞表 32-79「滿滿」
full,ata_kl,spun/ spunan/ ms’un / mspun/ spunan/ ms’un,,2026學習詞表 32-66「滿了」：ms’un(眉原)；2026學習詞表 32-79「滿滿」：ms’un(眉原)
full,say,mayhaʼhaʼ ila / mayhaʼhaʼ,,2026學習詞表 32-66「滿了」；2026學習詞表 32-79「滿滿」
full,tha,mapunish,,2026學習詞表 32-66「滿了」；2026學習詞表 32-79「滿滿」
full,sed_to,thngay da / htngay,,2026學習詞表 32-66「滿了」；2026學習詞表 32-79「滿滿」
full,sed_tg,stenge / stenge riyung,,2026學習詞表 32-66「滿了」；2026學習詞表 32-79「滿滿」
full,sed_tr,thngay da / htngay,,2026學習詞表 32-66「滿了」；2026學習詞表 32-79「滿滿」
full,bun_td,matmuz,,2026學習詞表 32-66「滿了」；2026學習詞表 32-79「滿滿」：macinqauzu’是指已滿且高過了器皿。
full,bun_bh,matmuzin / matmuz,,2026學習詞表 32-66「滿了」；2026學習詞表 32-79「滿滿」
full,bun_vt,makmuz,,2026學習詞表 32-66「滿了」；2026學習詞表 32-79「滿滿」
full,bun_bn,matmuz,,2026學習詞表 32-66「滿了」：matmuz；2026學習詞表 32-79「滿滿」：matmuz
full,bun_ib,matmuz,,2026學習詞表 32-66「滿了」；2026學習詞表 32-79「滿滿」
full,pai_es,namapeljuq / mapeljuq,,2026學習詞表 32-66「滿了」；2026學習詞表 32-79「滿」
full,pai_nt,mapelju’anga / mapelju’,,2026學習詞表 32-66「滿了」；2026學習詞表 32-79「滿」
full,pai_ct,mapeljuqanga / mapeljuq,,2026學習詞表 32-66「滿了」；2026學習詞表 32-79「滿」
full,pai_st,namapeljuq/mapeljuq / mapeljuq,,2026學習詞表 32-66「滿了」；2026學習詞表 32-79「滿」
full,ruk_es,siyaetenga / siyaete,,2026學習詞表 32-66「滿了」；2026學習詞表 32-79「滿滿」
full,ruk_bd,suaetenga / mapuduku,,2026學習詞表 32-66「滿了」；2026學習詞表 32-79「滿滿」
full,ruk_tw,syaetenga / wapuduku,,2026學習詞表 32-66「滿了」；2026學習詞表 32-79「滿滿」
full,ruk_tn,syaʼetenga / syaʼete,,2026學習詞表 32-66「滿了」；2026學習詞表 32-79「滿滿」
full,ruk_mg,sitɨnga / siɨtɨ,,2026學習詞表 32-66「滿了」；2026學習詞表 32-79「滿滿」
full,ruk_mn,soʼetenga / soʼete,,2026學習詞表 32-66「滿了」：so’etenga表示已經滿了 so’ete:滿；2026學習詞表 32-79「滿滿」
full,puy_py,matemuy lla / matemuy,,2026學習詞表 32-66「滿了」；2026學習詞表 32-79「滿滿」
full,puy_tp,matemuy lra / matemuy,,2026學習詞表 32-66「滿了」；2026學習詞表 32-79「滿滿」
full,puy_ws,matemuy,,2026學習詞表 32-66「滿了」；2026學習詞表 32-79「滿滿」
full,puy_ks,matemuy,,2026學習詞表 32-66「滿了」；2026學習詞表 32-79「滿滿」
full,trv,thngay da / htngay,,2026學習詞表 32-66「滿了」；2026學習詞表 32-79「滿滿」
full,kav,puniR ti / puniR,,2026學習詞表 32-66「滿了」；2026學習詞表 32-79「滿滿」
full,tso,ngangcʉngcʉ,,2026學習詞表 32-66「滿了」；2026學習詞表 32-79「滿滿」
full,knv,kuratumuru,,2026學習詞表 32-66「滿了」；2026學習詞表 32-79「滿滿」：miri’i指水滿
full,hla,milii,,2026學習詞表 32-66「滿」；2026學習詞表 32-79「滿滿」
full,yam,mapno,,2026學習詞表 32-66「滿了」；2026學習詞表 32-79「滿滿」
full,sak,matumes tu / matumes,,2026學習詞表 32-66「滿了」；2026學習詞表 32-79「滿滿」
full,pan,*peNuq,,ACD PAN 19072-32268310b328bf74d502f4af2167ea35-1「full (of a container)」
full,pmp,*ma-penuq,,ACD PMP 19081-e9dc924f238fa6cc29465942875fe8f0-1「full」
new,ami_nt,valuhay,,2026學習詞表 32-31「新的」
new,ami_hk,faelohay,,2026學習詞表 32-31「新的」
new,ami_ha,faelohay,,2026學習詞表 32-31「新的」
new,ami_ml,faelohay,,2026學習詞表 32-31「新的」
new,ami_hc,faelohay,,2026學習詞表 32-31「新的」
new,ata_sq,giqas,,2026學習詞表 32-31「新的」
new,ata_su,g’anus / ga’anus,,2026學習詞表 32-31「新的」：ngias(新生部落)
new,ata_ml,giqas,,2026學習詞表 32-31「新的」
new,ata_pl,gaʼaṟus,,2026學習詞表 32-31「新的」
new,ata_sk,gqayus,,2026學習詞表 32-31「新的」
new,ata_kl,g’anus/ gi’as,,2026學習詞表 32-31「新的」：gi’as(眉原)
new,say,SaSoʼ,,2026學習詞表 32-31「新的」
new,tha,faqlhu,,2026學習詞表 32-31「新的」
new,sed_to,burah,,2026學習詞表 32-31「新的」
new,sed_tg,bgurah,,2026學習詞表 32-31「新的」
new,sed_tr,bgurah,,2026學習詞表 32-31「新的」
new,bun_td,baqlu,,2026學習詞表 32-31「新的」
new,bun_bh,baqlu,,2026學習詞表 32-31「新的」
new,bun_vt,baqlu,,2026學習詞表 32-31「新的」
new,bun_bn,baqlu,,2026學習詞表 32-31「新的」：baqlu
new,bun_ib,bahlu,,2026學習詞表 32-31「新的」
new,pai_es,vaquan,,2026學習詞表 32-31「新的」
new,pai_nt,va’uan,,2026學習詞表 32-31「新的」：vaquan
new,pai_ct,vaquan,,2026學習詞表 32-31「新的」
new,pai_st,vaquan,,2026學習詞表 32-31「新的」
new,ruk_es,baowa,,2026學習詞表 32-31「新的」
new,ruk_bd,baavane,,2026學習詞表 32-31「新的」
new,ruk_tw,bauwa,,2026學習詞表 32-31「新的」
new,ruk_tn,baʼowane,,2026學習詞表 32-31「新的」
new,ruk_mg,bova,,2026學習詞表 32-31「新的」
new,ruk_mn,vaoʼae,,2026學習詞表 32-31「新的」
new,puy_py,bekal,,2026學習詞表 32-31「新的」
new,puy_tp,vekal,,2026學習詞表 32-31「新的」
new,puy_ws,vekal,,2026學習詞表 32-31「新的」
new,puy_ks,vekal,,2026學習詞表 32-31「新的」
new,trv,bgurah,,2026學習詞表 32-31「新的」
new,kav,tasu,,2026學習詞表 32-31「新」
new,tso,faeva,,2026學習詞表 32-31「新的」
new,knv,voʼorua,,2026學習詞表 32-31「新的」
new,hla,varuʼu,,2026學習詞表 32-31「新(程度)」
new,yam,avayo,,2026學習詞表 32-31「新的」
new,sak,baluhay,,2026學習詞表 32-31「新的」
new,pan,*baqeRuh,,ACD PAN 19072-ce22be3c2e0d29f96c2566b511702d8b-1「new; bachelor」
new,pmp,*baqeRu,,"ACD PMP 19081-953f4aad609e78ee92d7fabacf41fa0a-1「new, fresh; recent(ly); youth, bachelor; beautiful, in one's prime」"
old,ami_nt,malumanay,,2026學習詞表 32-32「舊的」
old,ami_hk,matelangay,,2026學習詞表 32-32「舊的」
old,ami_ha,matelangay,,2026學習詞表 32-32「舊的」
old,ami_ml,matelangay,,2026學習詞表 32-32「舊的」
old,ami_hc,matelangay,,2026學習詞表 32-32「舊的」
old,ata_sq,smural,,2026學習詞表 32-32「舊的」
old,ata_su,smuran / sswin,,2026學習詞表 32-32「舊的」：samurwan/sswin
old,ata_ml,capang,,2026學習詞表 32-32「舊的」
old,ata_pl,cacil,,2026學習詞表 32-32「舊的」
old,ata_sk,smural,,2026學習詞表 32-32「舊的」
old,ata_kl,smuran,,2026學習詞表 32-32「舊的」
old,say,tatiniʼ,,2026學習詞表 32-32「舊的」
old,tha,sasaz,,2026學習詞表 32-32「舊的」
old,sed_to,smudal,,2026學習詞表 32-32「舊的」
old,sed_tg,cmucac,,2026學習詞表 32-32「舊的」
old,sed_tr,smudal,,2026學習詞表 32-32「舊的」
old,bun_td,kulaliʼ,,"2026學習詞表 32-32「舊的」：takiqabas古時的, 以前的"
old,bun_bh,kulali/taktiqabas/qetmal,,2026學習詞表 32-32「舊的」
old,bun_vt,tatuʼun,,2026學習詞表 32-32「舊的」：另作kulali舊物
old,bun_bn,tatuʼun,,2026學習詞表 32-32「舊的」：tatu-un
old,bun_ib,tatuun,,2026學習詞表 32-32「舊的」：tatu’un南投
old,pai_es,sicuayan,,2026學習詞表 32-32「舊的」
old,pai_nt,supisupil,,2026學習詞表 32-32「舊的」：zumuzumul
old,pai_ct,’inasupilan,,2026學習詞表 32-32「舊的」
old,pai_st,supisupil/ zumuzumul,,2026學習詞表 32-32「舊的」
old,ruk_es,masoʼilri,,2026學習詞表 32-32「舊的」
old,ruk_bd,supilri,,2026學習詞表 32-32「舊的」
old,ruk_tw,supilri,,2026學習詞表 32-32「舊的」
old,ruk_tn,aolaane / masopii,,2026學習詞表 32-32「舊的」
old,ruk_mg,masipiri,,2026學習詞表 32-32「舊的」
old,ruk_mn,olalrae,,2026學習詞表 32-32「舊的」
old,puy_py,maluman,,2026學習詞表 32-32「舊的」
old,puy_tp,maluman,,2026學習詞表 32-32「舊的」
old,puy_ws,maluman,,2026學習詞表 32-32「舊的」
old,puy_ks,maluman,,2026學習詞表 32-32「舊的」
old,trv,smudal,,2026學習詞表 32-32「舊的」
old,kav,ʼzan,,2026學習詞表 32-32「舊」
old,tso,noanaʼo,,2026學習詞表 32-32「舊的」
old,knv,cʉngnan,,2026學習詞表 32-32「舊的」
old,hla,ʉrʉkʉhlʉ,,2026學習詞表 32-32「舊(程度)」
old,yam,adan,,2026學習詞表 32-32「舊的」
old,sak,malumanay,,2026學習詞表 32-32「舊的」
old,pan,*lama₂,,"ACD PAN 19072-599195a645490a92237d7fc8f185373f-1「old, former」"
old,pmp,*lama₂,,"ACD PMP 19081-599195a645490a92237d7fc8f185373f-1「old, former」"
good,ami_nt,kapah,,2026學習詞表 34-34「好」
good,ami_hk,ngaʼay,,2026學習詞表 34-34「好」
good,ami_ha,fangcalay,,2026學習詞表 34-34「好」
good,ami_ml,ngaʼay,,2026學習詞表 34-34「好」
good,ami_hc,ngaʼay,,2026學習詞表 34-34「好」
good,ata_sq,blaq,,2026學習詞表 34-34「好」：lokah (問候、健康、 順利) blaq/lawkah
good,ata_su,blay,,2026學習詞表 34-34「好」：bayayi
good,ata_ml,balayq,,2026學習詞表 34-34「好」
good,ata_pl,ramas,,2026學習詞表 34-34「好」
good,ata_sk,blaq,,2026學習詞表 34-34「好」
good,ata_kl,myasa/ ble/ bla,,2026學習詞表 34-34「好」：bla(眉原)
good,say,kayzaeh,,2026學習詞表 34-34「好的」
good,tha,maqitan,,2026學習詞表 34-34「好」
good,sed_to,malu,,2026學習詞表 34-34「好的」：iyaq
good,sed_tg,malu,,2026學習詞表 34-34「好的」
good,sed_tr,malu,,2026學習詞表 34-34「好的」
good,bun_td,macial,,2026學習詞表 34-34「好的」：macial asuu你好
good,bun_bh,macihal,,2026學習詞表 34-34「好的」
good,bun_vt,masihal,,2026學習詞表 34-34「好的」
good,bun_bn,masihal,,2026學習詞表 34-34「好的」：masihal
good,bun_ib,masial,,2026學習詞表 34-34「好的」
good,pai_es,nanguanguaq / nanguaq,,2026學習詞表 32-67「好的」；2026學習詞表 34-34「好」
good,pai_nt,nanguangua’ / nangua’,,2026學習詞表 32-67「好的」；2026學習詞表 34-34「好」：nanguaq
good,pai_ct,nanguanguaq / nanguaq,,2026學習詞表 32-67「好的」；2026學習詞表 34-34「好」
good,pai_st,nguanguaq / bulabulay / bulay,,2026學習詞表 32-67「好的」；2026學習詞表 34-34「好」
good,ruk_es,mwadringadringai,,2026學習詞表 34-34「好」
good,ruk_bd,mathariri,,2026學習詞表 34-34「好」
good,ruk_tw,sabau,,2026學習詞表 34-34「好」
good,ruk_tn,maagiʼi,,2026學習詞表 34-34「好」：maagyagi’i nyaso?你身體好嗎? ipoingaw nyaso?你好嗎?
good,ruk_mg,margi,,2026學習詞表 34-34「好」
good,ruk_mn,mataadhiʼi,,2026學習詞表 34-34「好」
good,trv,iq wa!,,2026學習詞表 34-34「好的」
good,kav,nengi,,2026學習詞表 34-34「好」
good,tso,tee,,2026學習詞表 34-34「好的」
good,knv,manʉng,,2026學習詞表 34-34「好的」：mamanʉng很好
good,hla,mavacangʉ,,2026學習詞表 34-34「好」
good,yam,apiya,,2026學習詞表 34-34「好」
good,sak,kapahay,,2026學習詞表 34-34「好」
good,pmp,*ma-pia,,ACD PMP 19081-755f85c2723bb39381c7379a604160d8-2「good」
bad,ami_nt,mapeciʼ,,2026學習詞表 32-35「壞掉」
bad,ami_hk,tatiih / caay to kangaʼay,,2026學習詞表 32-35「壞掉」
bad,ami_ha,matastas,,2026學習詞表 32-35「壞掉」：另作mapiciw
bad,ami_ml,matastas,,2026學習詞表 32-35「壞掉」
bad,ami_hc,malepatay/matastasay,,2026學習詞表 32-35「壞掉」
bad,ata_sq,yaqih/mhiriq,,2026學習詞表 32-35「壞掉」
bad,ata_su,ya’ih / mhiri,,2026學習詞表 32-35「壞掉」：mhi’ri
bad,ata_ml,mahuwah/ masiyaqil,,2026學習詞表 32-35「壞掉」
bad,ata_pl,mahiriʼ,,2026學習詞表 32-35「壞掉」
bad,ata_sk,mqutih/ theriq,,2026學習詞表 32-35「壞掉」
bad,ata_kl,theri/ ya’eh/ mthiri,,2026學習詞表 32-35「壞掉」：mthiri(眉原)
bad,say,ʼaewhay,,2026學習詞表 32-35「壞掉」
bad,tha,kurubuzin,,2026學習詞表 32-35「壞掉」：壞掉了
bad,sed_to,naqah,,2026學習詞表 32-35「壞掉」
bad,sed_tg,naqah,,2026學習詞表 32-35「壞掉」
bad,sed_tr,naqih,,2026學習詞表 32-35「壞掉」
bad,bun_td,madiklaʼ,,2026學習詞表 32-35「壞掉」：minuma壞掉了
bad,bun_bh,mindiklaʼ,,2026學習詞表 32-35「壞掉」
bad,bun_vt,mindikla,,2026學習詞表 32-35「壞掉」
bad,bun_bn,mindikla,,2026學習詞表 32-35「壞掉」：mindikla
bad,bun_ib,makuang,,2026學習詞表 32-35「壞掉」：minkuang東部慣用
bad,pai_es,makapalak,,2026學習詞表 32-35「壞掉」
bad,pai_nt,maljekuya/makapalak,,2026學習詞表 32-35「壞掉」
bad,pai_ct,makapalak/ma’apala’,,2026學習詞表 32-35「壞掉」
bad,pai_st,makapalak/ma’apalak,,2026學習詞表 32-35「壞掉」
bad,ruk_es,mwatoʼava,,2026學習詞表 32-35「壞掉」
bad,ruk_bd,malisi,,2026學習詞表 32-35「壞掉」
bad,ruk_tw,malisi,,2026學習詞表 32-35「壞掉」
bad,ruk_tn,mavisae,,2026學習詞表 32-35「壞掉」：makwace不好的
bad,ruk_mg,makurathɨ,,2026學習詞表 32-35「壞掉」
bad,ruk_mn,katakolra,,2026學習詞表 32-35「壞掉」
bad,puy_py,kuwatis,,2026學習詞表 32-35「壞的;不好的」
bad,puy_tp,muranak/kuwatreng,,2026學習詞表 32-35「壞的;不好的」
bad,puy_ws,kuwatreng,,2026學習詞表 32-35「壞的;不好的」
bad,puy_ks,kuwaceng/muranak,,2026學習詞表 32-35「壞的;不好的」
bad,trv,naqih,,2026學習詞表 32-35「壞掉」
bad,kav,meRapsi,,2026學習詞表 32-35「壞掉」
bad,tso,kuzo,,2026學習詞表 32-35「壞掉」
bad,knv,araka,,2026學習詞表 32-35「壞掉」：niaraka壞掉了
bad,hla,marakaka,,2026學習詞表 32-35「壞掉」
bad,yam,makava,,2026學習詞表 32-35「壞掉」
bad,sak,mapeci’/malepi’,,2026學習詞表 32-35「壞掉」
bad,pan,*kuya₁,,"ACD PAN 19072-01c39d8aa637c0021e5aa384be01eceb-1「bad, defective」"
bad,pmp,*ma-zaqat,,"ACD PMP 19081-91f3da3073f44911f0562da3eb3f7a8c-1「bad, evil」"
rotten,kav,mediyuq,,2026學習詞表 32-54「腐爛」
rotten,pan,*buRuk,,ACD PAN 19072-9119b5d7d6c4ebdbcf9e02336734155c-1「rotten meat; addled eggs; bad character」
rotten,pmp,*buRuk,,ACD PMP 19081-9119b5d7d6c4ebdbcf9e02336734155c-1「rotten meat; addled eggs; bad character」
dirty,ami_nt,uning,,2026學習詞表 32-22「髒」
dirty,ami_hk,’oning,,2026學習詞表 32-22「髒」
dirty,ami_ha,kadit,,2026學習詞表 32-22「髒」：同kadit。
dirty,ami_ml,kadit,,2026學習詞表 32-22「髒」
dirty,ami_hc,kadit/ʼaongaw,,2026學習詞表 32-22「髒」
dirty,ata_sq,mʼuraw,,2026學習詞表 32-22「髒」
dirty,ata_su,mʼuraw,,2026學習詞表 32-22「髒」
dirty,ata_ml,maurag,,2026學習詞表 32-22「髒」
dirty,ata_pl,maṟukat,,2026學習詞表 32-22「髒」
dirty,ata_sk,mclaq/ mkalat,,2026學習詞表 32-22「髒」
dirty,ata_kl,cla/ m’uraw/ mcla,,2026學習詞表 32-22「髒」：m’uraw(眉原)/ mcla(眉原)
dirty,say,hara:iʼ,,2026學習詞表 32-22「髒」
dirty,tha,maradaradak,,2026學習詞表 32-22「髒」
dirty,sed_to,rutiq,,2026學習詞表 32-22「髒」
dirty,sed_tg,rutiq,,2026學習詞表 32-22「髒」
dirty,sed_tr,ruciq,,2026學習詞表 32-22「髒」
dirty,bun_td,mataqdung,,2026學習詞表 32-22「髒」：mataqdung黑色
dirty,bun_bh,mataqdung,,2026學習詞表 32-22「髒」
dirty,bun_vt,taqdung,,2026學習詞表 32-22「髒」：isnaq髒到噁心
dirty,bun_bn,mataqdung / isnaq,,2026學習詞表 32-22「髒」：makathing
dirty,bun_ib,ku’isnah/matahdung,,2026學習詞表 32-22「髒」：ku’isnah南投/高雄慣用
dirty,pai_es,sasakuya,,2026學習詞表 32-22「髒」
dirty,pai_nt,’iljang/kungay,,2026學習詞表 32-22「髒」：qiljang
dirty,pai_ct,kungakugnay/’unga’ugnay,,2026學習詞表 32-22「髒」：ngelengelec
dirty,pai_st,kungakugnay,,2026學習詞表 32-22「髒」
dirty,ruk_es,matiyagawgaw,,2026學習詞表 32-22「髒」
dirty,ruk_bd,kudrulru,,2026學習詞表 32-22「髒」
dirty,ruk_tw,makudrulru,,2026學習詞表 32-22「髒」
dirty,ruk_tn,makodroo,,2026學習詞表 32-22「髒」
dirty,ruk_mg,makulungu,,2026學習詞表 32-22「髒」
dirty,ruk_mn,kodholro,,2026學習詞表 32-22「髒」：takakodholro 髒的
dirty,puy_py,miyakitral,,2026學習詞表 32-22「髒(令人作噁)」：rigesis令人作噁
dirty,puy_tp,savava’ar,,2026學習詞表 32-22「髒(令人作噁)」
dirty,puy_ws,lritraʼ,,2026學習詞表 32-22「髒(令人作噁)」
dirty,puy_ks,lricaʼ,,2026學習詞表 32-22「髒(令人作噁)」
dirty,trv,mruciq,,2026學習詞表 32-22「髒」
dirty,kav,dasam,,2026學習詞表 32-22「髒」
dirty,tso,caʼi,,2026學習詞表 32-22「髒」
dirty,knv,cangkan,,2026學習詞表 32-22「髒」
dirty,hla,ʼaʉrʉ,,2026學習詞表 32-22「髒」
dirty,yam,maloit,,2026學習詞表 32-22「髒」
dirty,sak,mauning,,2026學習詞表 32-22「髒(了)」
dirty,pmp,*lumes,,"ACD PMP 19081-678cdb6d3fec8ce8fefc1be610a9dc56-2「smeared, smudged, dirty with」"
straight,ami_nt,mecel,,2026學習詞表 32-65「直」
straight,ami_hk,moecel,,2026學習詞表 32-65「直」
straight,ami_ha,moecel,,2026學習詞表 32-65「直」
straight,ami_ml,moecel,,2026學習詞表 32-65「直」
straight,ami_hc,moʼecel,,2026學習詞表 32-65「直」
straight,ata_sq,shzyu,,2026學習詞表 32-65「直」
straight,ata_su,bnlux,,2026學習詞表 32-65「直」：sshyu/msllux
straight,ata_ml,mancahuuʼ,,2026學習詞表 32-65「直」
straight,ata_pl,magaluʼing,,2026學習詞表 32-65「直」
straight,ata_sk,shiyu/ shoyu,,2026學習詞表 32-65「直」
straight,ata_kl,slux/ mshyu / mslux,,2026學習詞表 32-65「直」：mshyu(眉原) / mslux(眉原)
straight,say,leheh,,2026學習詞表 32-65「直」：lihih
straight,tha,malunduz,,2026學習詞表 32-65「直」
straight,sed_to,sdurux,,2026學習詞表 32-65「直」
straight,sed_tg,msderux,,2026學習詞表 32-65「直」
straight,sed_tr,luqi,,2026學習詞表 32-65「直」
straight,bun_td,masansan,,2026學習詞表 32-65「直」
straight,bun_bh,masansan,,2026學習詞表 32-65「直」
straight,bun_vt,masansan,,2026學習詞表 32-65「直」
straight,bun_bn,masansan / matangsi,,2026學習詞表 32-65「直」：masansan
straight,bun_ib,matangsi,,2026學習詞表 32-65「直」
straight,pai_es,masevec,,2026學習詞表 32-65「直」
straight,pai_nt,masevec,,2026學習詞表 32-65「直」
straight,pai_ct,masevec,,2026學習詞表 32-65「直」
straight,pai_st,masevec,,2026學習詞表 32-65「直」
straight,ruk_es,dringelrese,,2026學習詞表 32-65「直」
straight,ruk_bd,madringelrese,,2026學習詞表 32-65「直」
straight,ruk_tw,madringelrese,,2026學習詞表 32-65「直」
straight,ruk_tn,masokooʼo,,2026學習詞表 32-65「直」
straight,ruk_mg,masukuru,,2026學習詞表 32-65「直」
straight,ruk_mn,masokolroʼo,,2026學習詞表 32-65「直」：takasokolro'o 直的
straight,puy_py,patedrell / penatedrell,,2026學習詞表 32-65「直/正確」：penatedrell直直的;正直的；2026學習詞表 32-69「直的、正確、正直」
straight,puy_tp,patezelr ; pamaw / pamaw,,2026學習詞表 32-65「直/正確」；2026學習詞表 32-69「直的、正確、正直」：patezelr ; penatezelr
straight,puy_ws,patezelr / pamau,,2026學習詞表 32-65「直/正確」；2026學習詞表 32-69「直的、正確、正直」
straight,puy_ks,patedelr / patedelr/pamau,,2026學習詞表 32-65「直/正確」；2026學習詞表 32-69「直的、正確、正直」
straight,trv,slagu,,2026學習詞表 32-65「直」
straight,kav,tingzen,,2026學習詞表 32-65「直」
straight,tso,sʉngcʉ,,2026學習詞表 32-65「直」
straight,knv,maʼinacʉ,,2026學習詞表 32-65「直」
straight,hla,maʉngʉcʉ,,2026學習詞表 32-65「直」
straight,yam,matazineng,,2026學習詞表 32-65「直」
straight,sak,patelek/pabesuc,,2026學習詞表 32-65「直」
straight,pmp,*lurus,,ACD PMP 19081-3a7ec495eedbc3be120e8fd13e007b92-1「straight」
round,pmp,*bunteR,,ACD PMP 19081-9bbd993d9da7df60b3fd4a4ed721b082-1「round」
sharp,pan,*Cazem,,ACD PAN 19072-5e7e2a10545943aaa2a9b3d26d3d4816-1「sharp (of point or blade)」
sharp,pmp,*tazim,,"ACD PMP 19081-35caf41ff6e3b15de7efb5831f882585-1「sharp point; to whet,」"
dull,ami_nt,matalesay,,2026學習詞表 32-57「鈍的」
dull,ami_hk,matalesay/malalesay,,2026學習詞表 32-57「鈍的」
dull,ami_ha,malaresay,,2026學習詞表 32-57「鈍的」
dull,ami_ml,malaresay,,2026學習詞表 32-57「鈍的」
dull,ami_hc,malalesay,,2026學習詞表 32-57「鈍的」
dull,ata_sq,mngalih/mputut,,2026學習詞表 32-57「鈍的」：mhuka/msyul/ini’ ngawsi/putut鈍
dull,ata_su,ini khinga / mngahaw,,2026學習詞表 32-57「鈍的」：ini hinga/mhika(新生部落)
dull,ata_ml,mapngu,,2026學習詞表 32-57「鈍的」
dull,ata_pl,iniʼ pihuṟiʼ,,2026學習詞表 32-57「鈍的」
dull,ata_sk,mngahax,,2026學習詞表 32-57「鈍的」
dull,ata_kl,mngahaw/ mhika,,2026學習詞表 32-57「鈍的」：mhika(眉原)
dull,say,toSpokan,,2026學習詞表 32-57「鈍的」：’okik soma:om
dull,tha,matarithtith,,2026學習詞表 32-57「鈍的」
dull,sed_to,muapung,,2026學習詞表 32-57「鈍的」：ini ekan; ini khungun指刀不鋒利
dull,sed_tg,mngapan,,2026學習詞表 32-57「鈍的」
dull,sed_tr,mngapar,,2026學習詞表 32-57「鈍的」
dull,bun_td,maqutngu,,2026學習詞表 32-57「鈍的」
dull,bun_bh,mangustuʼ,,2026學習詞表 32-57「鈍的」
dull,bun_vt,maqutngu,,2026學習詞表 32-57「鈍的」
dull,bun_bn,maquthung,,2026學習詞表 32-57「鈍的」：maquthung
dull,bun_ib,mahutung,,2026學習詞表 32-57「鈍的」
dull,pai_es,namasusidang,,2026學習詞表 32-57「鈍的(指刀鋒)」
dull,pai_nt,namasusidang,,2026學習詞表 32-57「鈍的(指刀鋒)」
dull,pai_ct,namasusidang,,2026學習詞表 32-57「鈍的(指刀鋒)」：masusidang
dull,pai_st,namasusidang,,2026學習詞表 32-57「鈍的(指刀鋒)」
dull,ruk_es,maedrere,,2026學習詞表 32-57「鈍的(指器物)」
dull,ruk_bd,mailruthu,,2026學習詞表 32-57「鈍的(指器物)」
dull,ruk_tw,mailruthu,,2026學習詞表 32-57「鈍的(指器物)」
dull,ruk_tn,matongodro,,2026學習詞表 32-57「鈍的(指器物)」
dull,ruk_mg,igarɨnge,,2026學習詞表 32-57「鈍的(指器物)」
dull,ruk_mn,takaʼedheʼedhe,,2026學習詞表 32-57「鈍的(指器物)」：或：mangihoto
dull,puy_py,idrelan,,2026學習詞表 32-57「鈍的」
dull,puy_tp,muizel,,2026學習詞表 32-57「鈍的」：’azi izangan
dull,puy_ws,musizel/muizel/ʼizelan,,2026學習詞表 32-57「鈍的」
dull,puy_ks,muidel,,2026學習詞表 32-57「鈍的」
dull,trv,mtkdang,,2026學習詞表 32-57「鈍的」
dull,kav,meRazes,,2026學習詞表 32-57「鈍」
dull,tso,aʼngʉʼngʉ,,2026學習詞表 32-57「鈍的」
dull,knv,manamʉ,,2026學習詞表 32-57「鈍的」
dull,hla,malapalapangʉ,,2026學習詞表 32-57「鈍(如刀)」
dull,yam,mangaleh,,2026學習詞表 32-57「鈍的」：mangareh/朗島部落稱
dull,sak,matales,,2026學習詞表 32-57「鈍的」
dull,pmp,*dumpul,,"ACD PMP 19081-38dddef294386170631a4654df4dabd7-2「dull, blunt」"
smooth,ami_nt,lameneng,,2026學習詞表 32-44「滑」
smooth,ami_hk,kameleng,,2026學習詞表 32-44「滑」
smooth,ami_ha,kameleng,,2026學習詞表 32-44「滑」
smooth,ami_ml,kohenac,,2026學習詞表 32-44「滑」
smooth,ami_hc,kohenac/kameleng,,2026學習詞表 32-44「滑」
smooth,ata_sq,hzyuci,,2026學習詞表 32-44「滑」：hzyuci’
smooth,ata_su,hyuti/hyuci,,2026學習詞表 32-44「滑」：hayuti/thyuci
smooth,ata_ml,hawtiʼ,,2026學習詞表 32-44「滑」
smooth,ata_pl,tahṟutiʼ,,2026學習詞表 32-44「滑」
smooth,ata_sk,hyuci,,2026學習詞表 32-44「滑」
smooth,ata_kl,hyuti/ hyuci,,2026學習詞表 32-44「滑」：hyuci(眉原)
smooth,say,haloehan,,2026學習詞表 32-44「滑」
smooth,tha,madaqri,,2026學習詞表 32-44「滑」
smooth,sed_to,sdhriq,,2026學習詞表 32-44「滑」
smooth,sed_tg,mdheriq,,2026學習詞表 32-44「滑」
smooth,sed_tr,sdhriq,,2026學習詞表 32-44「滑」
smooth,bun_td,maqsian,,2026學習詞表 32-44「滑」
smooth,bun_bh,maqsaim/maqsain,,2026學習詞表 32-44「滑」
smooth,bun_vt,maqsaim,,2026學習詞表 32-44「滑」：另作maqacaim
smooth,bun_bn,maqsiam / maqsial,,2026學習詞表 32-44「滑」：maqsiam/ maqziam
smooth,bun_ib,mahdial/mahsial,,2026學習詞表 32-44「滑」
smooth,pai_es,djalut,,2026學習詞表 32-44「滑」
smooth,pai_nt,djalut,,2026學習詞表 32-44「滑」
smooth,pai_ct,djalut,,2026學習詞表 32-44「滑」
smooth,pai_st,djalut,,2026學習詞表 32-44「滑」
smooth,ruk_es,mathorare,,2026學習詞表 32-44「滑」
smooth,ruk_bd,mathathulridri,,2026學習詞表 32-44「滑」
smooth,ruk_tw,mathathulridri,,2026學習詞表 32-44「滑」
smooth,ruk_tn,mathoai,,2026學習詞表 32-44「滑」
smooth,ruk_mg,mathuré,,2026學習詞表 32-44「滑」
smooth,ruk_mn,kasohahe,,2026學習詞表 32-44「滑」
smooth,puy_py,dalus,,2026學習詞表 32-44「滑」
smooth,puy_tp,dalus,,2026學習詞表 32-44「滑」
smooth,puy_ws,dalus,,2026學習詞表 32-44「滑」
smooth,puy_ks,dalus,,2026學習詞表 32-44「滑」
smooth,trv,sdhriq,,2026學習詞表 32-44「滑」
smooth,kav,senulal,,2026學習詞表 32-44「滑」
smooth,tso,mafeʉesʉ,,2026學習詞表 32-44「滑」
smooth,knv,macaru,,2026學習詞表 32-44「滑」
smooth,hla,masavʉlʉ,,2026學習詞表 32-44「滑」
smooth,yam,maraphes,,2026學習詞表 32-44「滑」
smooth,sak,lameneng,,2026學習詞表 32-44「滑」
smooth,pan,*ma-dalis,,"ACD PAN 19072-7959548ad67d9c79814227eb5893d506-1「smooth, slippery」"
smooth,pmp,*ma-dalis,,"ACD PMP 19081-7959548ad67d9c79814227eb5893d506-1「smooth, slippery」"
wet,ami_nt,raremeday,,2026學習詞表 32-17「濕的」
wet,ami_hk,maʼopicay / macepaʼ,,2026學習詞表 32-17「濕的」
wet,ami_ha,masenger/macepa’,,2026學習詞表 32-17「濕的」：同macepa’
wet,ami_ml,macepa’,,2026學習詞表 32-17「濕的」
wet,ami_hc,macepaʼ,,2026學習詞表 32-17「濕的」
wet,ata_sq,mhuziq,,2026學習詞表 32-17「濕的」
wet,ata_su,mhuzi,,2026學習詞表 32-17「濕的」：mahuzi
wet,ata_ml,mahuweq,,2026學習詞表 32-17「濕的」
wet,ata_pl,mahuṟiʼ,,2026學習詞表 32-17「濕的」
wet,ata_sk,mhoyiq,,2026學習詞表 32-17「濕的」
wet,ata_kl,mhoyi/ mhuzi,,2026學習詞表 32-17「濕的」：mhuzi(眉原)
wet,say,misʼoeh,,2026學習詞表 32-17「濕的」
wet,tha,matubu,,2026學習詞表 32-17「濕的」
wet,sed_to,mhuriq,,2026學習詞表 32-17「濕的」
wet,sed_tg,huriq,,2026學習詞表 32-17「濕的」
wet,sed_tr,mhuriq,,2026學習詞表 32-17「濕的」
wet,bun_td,luvuc,,2026學習詞表 32-17「濕的」
wet,bun_bh,luvuc,,2026學習詞表 32-17「濕的」
wet,bun_vt,luvus,,2026學習詞表 32-17「濕的」
wet,bun_bn,luvus,,2026學習詞表 32-17「濕的」：luvus
wet,bun_ib,luvus,,2026學習詞表 32-17「濕的」
wet,pai_es,tjevetjeveng,,2026學習詞表 32-17「濕的」
wet,pai_nt,tjevetjeveng,,2026學習詞表 32-17「濕的」
wet,pai_ct,tjevetjeveng,,2026學習詞表 32-17「濕的」
wet,pai_st,tjevetjeveng,,2026學習詞表 32-17「濕的」
wet,ruk_es,madiretheng,,2026學習詞表 32-17「濕的」
wet,ruk_bd,dedepe,,2026學習詞表 32-17「濕的」
wet,ruk_tw,madihethenge,,2026學習詞表 32-17「濕的」
wet,ruk_tn,malangeeʼe,,2026學習詞表 32-17「濕的」
wet,ruk_mg,madiripɨ,,2026學習詞表 32-17「濕的」
wet,ruk_mn,takaesenge,,2026學習詞表 32-17「濕的」
wet,puy_py,daleken,,2026學習詞表 32-17「濕的」
wet,puy_tp,sapeneʼ,,2026學習詞表 32-17「濕的」
wet,puy_ws,sapeneʼ,,2026學習詞表 32-17「濕的」
wet,puy_ks,sapene’,,2026學習詞表 32-17「濕的」
wet,trv,mhuriq,,2026學習詞表 32-17「濕的」
wet,kav,mezizi,,2026學習詞表 32-17「濕」
wet,tso,noeʼʉcʉ,,2026學習詞表 32-17「濕的」
wet,knv,mʉrʉpʉ,,2026學習詞表 32-17「濕的」
wet,hla,matarʉngʉrʉ,,2026學習詞表 32-17「濕的」
wet,yam,mavasa,,2026學習詞表 32-17「濕的」
wet,sak,malalemed,,2026學習詞表 32-17「濕的」
wet,pmp,*ma-baseq,,"ACD PMP 19081-75c7503e0456beed34e0a36fa7b1ea25-1「wet, moist, damp」"
dry,ami_nt,malicangay,,2026學習詞表 32-28「乾的」
dry,ami_hk,ma’icangay,,2026學習詞表 32-28「乾的」
dry,ami_ha,ma’icangay,,2026學習詞表 32-28「乾的」
dry,ami_ml,maʼicangay,,2026學習詞表 32-28「乾的」
dry,ami_hc,ma’icangay,,2026學習詞表 32-28「乾的」：意同：水份少的之意
dry,ata_sq,mkzyay,,2026學習詞表 32-28「乾的」
dry,ata_su,mkyay,,2026學習詞表 32-28「乾的」：arangu
dry,ata_ml,marnguʼ,,2026學習詞表 32-28「乾的」
dry,ata_pl,maranguʼ,,2026學習詞表 32-28「乾的」
dry,ata_sk,mkiyay,,2026學習詞表 32-28「乾的」
dry,ata_kl,mkiyay/ mkyay,,2026學習詞表 32-28「乾的」：mkyay(眉原)
dry,say,’ae:’ae:aew,,2026學習詞表 32-28「乾的」
dry,tha,maqalhiw,,2026學習詞表 32-28「乾的」
dry,sed_to,mdngu,,2026學習詞表 32-28「乾的」
dry,sed_tg,mdengu,,2026學習詞表 32-28「乾的」
dry,sed_tr,mdngu,,2026學習詞表 32-28「乾的」
dry,bun_td,mabulcuk,,2026學習詞表 32-28「乾的」
dry,bun_bh,mabulcuk,,2026學習詞表 32-28「乾的」
dry,bun_vt,mabulsuk/makanit,,2026學習詞表 32-28「乾的」
dry,bun_bn,mabulsuk / maqaliv,,2026學習詞表 32-28「乾的」：mabulsuk/maqaliv
dry,bun_ib,mahaliv,,2026學習詞表 32-28「乾的」
dry,pai_es,nametad,,2026學習詞表 32-28「乾的」
dry,pai_nt,nametad,,2026學習詞表 32-28「乾的」
dry,pai_ct,nametad,,2026學習詞表 32-28「乾的」
dry,pai_st,nametad,,2026學習詞表 32-28「乾的」
dry,ruk_es,mamealenga,,2026學習詞表 32-28「乾的」
dry,ruk_bd,meameale,,2026學習詞表 32-28「乾的」
dry,ruk_tw,mameale,,2026學習詞表 32-28「乾的」
dry,ruk_tn,mapacai/malaʼo,,2026學習詞表 32-28「乾的」：mapacai/木材乾 mala’o/水乾
dry,ruk_mg,malo,,2026學習詞表 32-28「乾的」
dry,ruk_mn,taka'angenge,,2026學習詞表 32-28「乾的」：taplacapi、乾燥
dry,puy_py,batrekar,,2026學習詞表 32-28「乾的」
dry,puy_tp,trarangetrang,,2026學習詞表 32-28「乾的」：(衣物)
dry,puy_ws,marum,,2026學習詞表 32-28「乾的」
dry,puy_ks,marum,,2026學習詞表 32-28「乾的」
dry,trv,mdngu,,2026學習詞表 32-28「乾的」
dry,kav,mayseng,,2026學習詞表 32-28「乾」
dry,tso,keolo,,2026學習詞表 32-28「乾的」
dry,knv,maringuna,,2026學習詞表 32-28「乾的」：manakarʉ乾涸
dry,hla,maparapa,,2026學習詞表 32-28「乾的(衣服)」
dry,yam,makjit,,2026學習詞表 32-28「乾的」
dry,sak,maacak,,2026學習詞表 32-28「乾的」
dry,pan,*keRaŋ₃,,ACD PAN 19072-81e047aa9039b5428b6d6f5c440f4670-1「dry」
dry,pmp,*keRaŋ₃,,ACD PMP 19081-81e047aa9039b5428b6d6f5c440f4670-1「dry」
correct,ami_nt,marucek,,2026學習詞表 32-69「正確」
correct,ami_hk,soʼelinay/matama,,2026學習詞表 32-69「正確」
correct,ami_ha,matatodong,,2026學習詞表 32-69「正確」：另作matama。
correct,ami_ml,matatodong / matepi’ / matama,,2026學習詞表 32-69「正確」
correct,ami_hc,matatodong/matama,,2026學習詞表 32-69「正確」
correct,ata_sq,balay,,2026學習詞表 32-69「正確」
correct,ata_su,balay,,2026學習詞表 32-69「正確」：ms’sungus
correct,ata_ml,yani/ cubalay/ capaang,,2026學習詞表 32-69「正確」
correct,ata_pl,caṟung/cubay,,2026學習詞表 32-69「正確」
correct,ata_sk,cbalay,,2026學習詞表 32-69「正確」
correct,ata_kl,calay / aw / balay bay,,2026學習詞表 32-69「正確」：balay bay(眉原)
correct,say,maylalʼoz,,2026學習詞表 32-69「正確」
correct,tha,dadu,,2026學習詞表 32-69「正確」
correct,sed_to,mndungus,,2026學習詞表 32-69「正確」：balay babay真正的; nduwa balay真實的; ini qnuqu沒有錯誤
correct,sed_tg,mndungus,,2026學習詞表 32-69「正確」
correct,sed_tr,dungus,,2026學習詞表 32-69「正確」：亦可用balay bi
correct,bun_td,matukutuku,,"2026學習詞表 32-69「正確」：mamantuk實在,確實"
correct,bun_bh,tutuzaʼ / mamantuk,,2026學習詞表 32-69「正確」
correct,bun_vt,mamantuk/tutuza,,2026學習詞表 32-69「正確」：siia maa
correct,bun_bn,mamantuk,,2026學習詞表 32-69「正確」：mamantuk
correct,bun_ib,mamantuk,,2026學習詞表 32-69「正確」
correct,pai_es,paqulid,,2026學習詞表 32-69「正確」
correct,pai_nt,padria,,2026學習詞表 32-69「正確」
correct,pai_ct,paqulid,,2026學習詞表 32-69「正確」
correct,pai_st,paqulid,,2026學習詞表 32-69「正確」
correct,ruk_es,ahwahwa,,2026學習詞表 32-69「正確」：亦可稱為：atengatenga
correct,ruk_bd,pacengecenge,,2026學習詞表 32-69「正確」
correct,ruk_tw,pacengecenge,,2026學習詞表 32-69「正確」
correct,ruk_tn,tyakadringay,,2026學習詞表 32-69「正確」
correct,ruk_mg,pakɨcɨgɨ,,2026學習詞表 32-69「正確」
correct,ruk_mn,apakacehe,,2026學習詞表 32-69「正確」：apakacere
correct,puy_py,penatedrell,,2026學習詞表 32-69「直的、正確、正直」
correct,puy_tp,pamaw,,2026學習詞表 32-69「直的、正確、正直」：patezelr ; penatezelr
correct,puy_ws,pamau,,2026學習詞表 32-69「直的、正確、正直」
correct,puy_ks,patedelr/pamau,,2026學習詞表 32-69「直的、正確、正直」
correct,trv,kiya / balay,,2026學習詞表 24-06「對的」；2026學習詞表 32-69「正確」
correct,kav,maqezaq,,2026學習詞表 32-69「正確」
correct,tso,emio/emzo,,2026學習詞表 32-69「正確」：emio達邦說法/emzo特富野說法
correct,knv,cucuru,,2026學習詞表 32-69「正確」：另作：「非常」之意
correct,hla,macuisa,,2026學習詞表 32-69「正確」
correct,yam,manoyong,,2026學習詞表 32-69「正確」
correct,sak,malucek,,2026學習詞表 32-69「正確」
correct,pan,*keNa,,"ACD PAN 19072-b299fdf6da5d2cf3149871d659c976b6-1「be ensnared, caught in a trap; suffer, undergo, be struck by something; be entrapped or deceived; hit the mark, be ‘on target’, correct, right, true」"
correct,pmp,*keNa,,"ACD PMP 19081-b299fdf6da5d2cf3149871d659c976b6-1「be ensnared, caught in a trap; suffer, undergo, be struck by something; be entrapped or deceived; hit the mark, be ‘on target’, correct, right, true」"
near,ami_nt,ngata,,2026學習詞表 32-33「近」
near,ami_hk,ngata^,,2026學習詞表 32-33「近」
near,ami_ha,ngata,,2026學習詞表 32-33「近」
near,ami_ml,ngata,,2026學習詞表 32-33「近」
near,ami_hc,ngata,,2026學習詞表 32-33「近」
near,ata_sq,sobih,,2026學習詞表 32-33「近」
near,ata_su,sobih / sawbih,,2026學習詞表 32-33「近」
near,ata_ml,sawbeh,,2026學習詞表 32-33「近」
near,ata_pl,subeh,,2026學習詞表 32-33「近」
near,ata_sk,sobih,,2026學習詞表 32-33「近」
near,ata_kl,sobeh,,2026學習詞表 32-33「近」
near,say,ʼalʼalihan,,2026學習詞表 32-33「近」
near,tha,iqualh,,2026學習詞表 32-33「近」
near,sed_to,dalih,,2026學習詞表 32-33「近」
near,sed_tg,daling,,2026學習詞表 32-33「近」
near,sed_tr,sdalih,,2026學習詞表 32-33「近」
near,bun_td,machuan,,2026學習詞表 32-33「近」：Muchu靠近; Muchuan靠近點
near,bun_bh,michuan,,2026學習詞表 32-33「近」
near,bun_vt,mishuan,,2026學習詞表 32-33「近」
near,bun_bn,mishuan,,2026學習詞表 32-33「近」：meshuan
near,bun_ib,aisku,,2026學習詞表 32-33「近」
near,pai_es,dut,,2026學習詞表 32-33「近」
near,pai_nt,dedet,,2026學習詞表 32-33「近」：dudut
near,pai_ct,djemet/tjungu,,2026學習詞表 32-33「近」：dudut / dungdugn/ tjemetj
near,pai_st,dungdung/dut,,2026學習詞表 32-33「近」
near,ruk_es,deethe,,2026學習詞表 32-33「近」
near,ruk_bd,deethe,,2026學習詞表 32-33「近」
near,ruk_tw,adethe,,2026學習詞表 32-33「近」
near,ruk_tn,maʼadadyali,,2026學習詞表 32-33「近」
near,ruk_mg,midali,,2026學習詞表 32-33「近」
near,ruk_mn,ʼaidhali,,2026學習詞表 32-33「近」
near,puy_py,adallep,,2026學習詞表 32-33「近」
near,puy_tp,adalrep,,2026學習詞表 32-33「近」
near,puy_ws,adalrep,,2026學習詞表 32-33「近」
near,puy_ks,adalrep,,2026學習詞表 32-33「近」
near,trv,dalih,,2026學習詞表 32-33「近」
near,kav,zaki,,2026學習詞表 32-33「近」
near,tso,cumʼu,,2026學習詞表 32-33「近」
near,knv,aracan,,2026學習詞表 32-33「近」
near,hla,masahli,,2026學習詞表 32-33「近」
near,yam,masngen,,2026學習詞表 32-33「近」
near,sak,macapi,,2026學習詞表 32-33「近」
near,pan,*ipit,,"ACD PAN 19072-0df80a2368db10030e0989f61b3275dd-1「near, come near; edge, border」"
near,pmp,*adani,,ACD PMP 19081-85f06cc816f93b8a6dbb1a494f813358-1「near」
far,ami_nt,raay,,2026學習詞表 32-37「遠」
far,ami_hk,raay,,2026學習詞表 32-37「遠」
far,ami_ha,raay,,2026學習詞表 32-37「遠」
far,ami_ml,raay,,2026學習詞表 32-37「遠」
far,ami_hc,raay,,2026學習詞表 32-37「遠」
far,ata_sq,twahiq,,2026學習詞表 32-37「遠」
far,ata_su,twahiy,,2026學習詞表 32-37「遠」：thya(新生部落)
far,ata_ml,tatuhiʼ,,2026學習詞表 32-37「遠」
far,ata_pl,tuhyaʼ,,2026學習詞表 32-37「遠」
far,ata_sk,thiyaq,,2026學習詞表 32-37「遠」
far,ata_kl,theya / thya,,2026學習詞表 32-37「遠」：thya(眉原)/ yatux(眉原)
far,say,ra:waS,,2026學習詞表 32-37「遠」
far,tha,ihazish,,2026學習詞表 32-37「遠」
far,sed_to,thiyaq,,2026學習詞表 32-37「遠」
far,sed_tg,theya,,2026學習詞表 32-37「遠」
far,sed_tr,dhiyaq,,2026學習詞表 32-37「遠」
far,bun_td,daqvisan,,2026學習詞表 32-37「遠」
far,bun_bh,daqvisan,,2026學習詞表 32-37「遠」
far,bun_vt,daqvisan,,2026學習詞表 32-37「遠」
far,bun_bn,daqvisan,,2026學習詞表 32-37「遠」：daqvisan
far,bun_ib,dahvi/dahvian,,2026學習詞表 32-37「遠」
far,pai_es,cadja,,2026學習詞表 32-37「遠」
far,pai_nt,cadja,,2026學習詞表 32-37「遠」
far,pai_ct,cadja,,2026學習詞表 32-37「遠」
far,pai_st,cadja,,2026學習詞表 32-37「遠」
far,ruk_es,dayli,,2026學習詞表 32-37「遠」
far,ruk_bd,adaili,,2026學習詞表 32-37「遠」
far,ruk_tw,adaili,,2026學習詞表 32-37「遠」
far,ruk_tn,maʼadavili,,2026學習詞表 32-37「遠」
far,ruk_mg,médavili,,2026學習詞表 32-37「遠」
far,ruk_mn,kaʼadhaili,,2026學習詞表 32-37「遠」
far,puy_py,adawill,,2026學習詞表 32-37「遠」
far,puy_tp,adawilr,,2026學習詞表 32-37「遠」
far,puy_ws,adawilr,,2026學習詞表 32-37「遠」
far,puy_ks,adawilr,,2026學習詞表 32-37「遠」
far,trv,thiyaq,,2026學習詞表 32-37「遠」
far,kav,daud,,2026學習詞表 32-37「遠」
far,tso,covhi,,2026學習詞表 32-37「遠」
far,knv,araceni,,2026學習詞表 32-37「遠」
far,hla,masaihla,,2026學習詞表 32-37「遠」
far,yam,marai,,2026學習詞表 32-37「遠」
far,sak,mabaat / mabatad,,2026學習詞表 32-37「遠」
far,pan,*dawiN,,ACD PAN 19072-17d965747c701d6ffb406cad0f4265dc-1「far」
far,pmp,*zauq,,ACD PMP 19081-17d965747c701d6ffb406cad0f4265dc-1「far」
right,ami_nt,kawanan,,2026學習詞表 14-10「右邊」
right,ami_hk,kawanan,,2026學習詞表 14-10「右邊」
right,ami_ha,kawanan,,2026學習詞表 14-10「右邊」
right,ami_ml,kawanan,,2026學習詞表 14-10「右邊」
right,ami_hc,kawanan,,2026學習詞表 14-10「右邊」
right,ata_sq,llaw,,2026學習詞表 14-10「右邊」：te llaw
right,ata_su,ʼlelaw / ’laylaw,,2026學習詞表 14-10「右邊」：llaw
right,ata_ml,anan,,2026學習詞表 14-10「右邊」
right,ata_pl,analiʼ,,2026學習詞表 14-10「右邊」
right,ata_sk,glax,,2026學習詞表 14-10「右邊」
right,ata_kl,llaw,,2026學習詞表 14-10「右邊」
right,say,kaʼnal,,2026學習詞表 14-10「右邊」
right,tha,tanaduu,,2026學習詞表 14-10「右邊」
right,sed_to,narac,,2026學習詞表 14-10「右邊」
right,sed_tg,narac,,2026學習詞表 14-10「右邊」
right,sed_tr,narac,,2026學習詞表 14-10「右邊」
right,bun_td,tavanan,,2026學習詞表 14-10「右邊」
right,bun_bh,vanan,,2026學習詞表 14-10「右邊」
right,bun_vt,tanavanan,,2026學習詞表 14-10「右邊」
right,bun_bn,tanavanan,,2026學習詞表 14-10「右邊」：vanan
right,bun_ib,tanaskaun,,2026學習詞表 14-10「右邊」
right,pai_es,kanavalj,,2026學習詞表 14-10「右邊(右手)」
right,pai_nt,kanavalj,,2026學習詞表 14-10「右邊(右手)」
right,pai_ct,kanavalj,,2026學習詞表 14-10「右邊(右手)」
right,pai_st,kanavalj,,2026學習詞表 14-10「右邊(右手)」
right,ruk_es,vanale,,2026學習詞表 14-10「右邊」
right,ruk_bd,vanale,,2026學習詞表 14-10「右邊」
right,ruk_tw,vanale,,2026學習詞表 14-10「右邊」
right,ruk_tn,vananane,,2026學習詞表 14-10「右邊」
right,ruk_mg,vɨnanɨ,,2026學習詞表 14-10「右邊」
right,ruk_mn,analae,,2026學習詞表 14-10「右邊」
right,puy_py,tarawalran,,2026學習詞表 14-10「右邊」
right,puy_tp,tarawalran,,2026學習詞表 14-10「右邊」
right,puy_ws,tarawalran,,2026學習詞表 14-10「右邊」
right,puy_ks,tarawalran,,2026學習詞表 14-10「右邊」
right,trv,narat,,2026學習詞表 14-10「右邊」
right,kav,kawanan,,2026學習詞表 14-10「右邊」
right,tso,vhona,,2026學習詞表 14-10「右邊」
right,knv,anani,,2026學習詞表 14-10「右邊」
right,hla,ahlanʉ,,2026學習詞表 14-10「右邊」
right,yam,wanan,,2026學習詞表 14-10「右邊」
right,sak,kawanan,,2026學習詞表 14-10「右邊」
right,pan,*waNan,,"ACD PAN 19072-46c03eac51ddd689180012b5c4728fdd-3「right (side, hand, direction)」"
right,pmp,*ka-wanaN,,"ACD PMP 19081-46c03eac51ddd689180012b5c4728fdd-2「right (side, hand, direction)」"
left,ami_nt,kawiliyan,,2026學習詞表 14-11「左邊」
left,ami_hk,kawili,,2026學習詞表 14-11「左邊」
left,ami_ha,kawili,,2026學習詞表 14-11「左邊」
left,ami_ml,kawili,,2026學習詞表 14-11「左邊」
left,ami_hc,kawili,,2026學習詞表 14-11「左邊」
left,ata_sq,ʼzil,,2026學習詞表 14-11「左邊」：te ’zil
left,ata_su,min/’min,,2026學習詞表 14-11「左邊」：ti’in /’zin
left,ata_ml,iil,,2026學習詞表 14-11「左邊」
left,ata_pl,il,,2026學習詞表 14-11「左邊」
left,ata_sk,iyil,,2026學習詞表 14-11「左邊」
left,ata_kl,esi/ mesi/ ’zin,,2026學習詞表 14-11「左邊」：’zin(眉原)
left,say,kayiʼ,,2026學習詞表 14-11「左邊」
left,tha,tanaʼailhi,,2026學習詞表 14-11「左邊」
left,sed_to,iwil,,2026學習詞表 14-11「左邊」：iril
left,sed_tg,iril,,2026學習詞表 14-11「左邊」
left,sed_tr,igi,,2026學習詞表 14-11「左邊」
left,bun_td,tavili,,2026學習詞表 14-11「左邊」
left,bun_bh,vili,,2026學習詞表 14-11「左邊」
left,bun_vt,tanavilih,,2026學習詞表 14-11「左邊」
left,bun_bn,tanavili,,2026學習詞表 14-11「左邊」：vili
left,bun_ib,tanavili,,2026學習詞表 14-11「左邊」
left,pai_es,kaviri,,2026學習詞表 14-11「左邊」
left,pai_nt,tjaiviri/kaviri,,2026學習詞表 14-11「左邊」
left,pai_ct,tjaiviri,,2026學習詞表 14-11「左邊」
left,pai_st,kaviri/tjaiviri,,2026學習詞表 14-11「左邊」
left,ruk_es,viri,,2026學習詞表 14-11「左邊」
left,ruk_bd,viri,,2026學習詞表 14-11「左邊」
left,ruk_tw,vihi,,2026學習詞表 14-11「左邊」
left,ruk_tn,viiyane,,2026學習詞表 14-11「左邊」
left,ruk_mg,virienɨ,,2026學習詞表 14-11「左邊」
left,ruk_mn,ihie,,2026學習詞表 14-11「左邊」
left,puy_py,tarawiri,,2026學習詞表 14-11「左邊」
left,puy_tp,tarawiri,,2026學習詞表 14-11「左邊」
left,puy_ws,tarawiri,,2026學習詞表 14-11「左邊」
left,puy_ks,tarawiri,,2026學習詞表 14-11「左邊」
left,trv,iril,,2026學習詞表 14-11「左邊」
left,kav,kawili,,2026學習詞表 14-11「左邊」
left,tso,veina,,2026學習詞表 14-11「左邊」
left,knv,iriri,,2026學習詞表 14-11「左邊」
left,hla,vaciki,,2026學習詞表 14-11「左邊」
left,yam,ozi,,2026學習詞表 14-11「左邊」
left,sak,kawili,,2026學習詞表 14-11「左邊」
left,pan,*wiRi,,ACD PAN 19072-27f126ea27aa67d67c8fd94e3bcd4dad-1「left side or direction」
left,pmp,*wiRi,,ACD PMP 19081-27f126ea27aa67d67c8fd94e3bcd4dad-1「left side or direction」
at,ami_nt,icuwaay,,2026學習詞表 14-02「在某處」
at,ami_hk,ico:wa^,,2026學習詞表 14-02「在某處」
at,ami_ha,sakacowa,,2026學習詞表 14-02「在某處」
at,ami_ml,isakacowa,,2026學習詞表 14-02「在某處」
at,ami_hc,I sakacowa,,2026學習詞表 14-02「在某處」
at,ata_sq,te,,2026學習詞表 14-02「在某處」：tay
at,ata_su,ki inu,,2026學習詞表 14-02「在某處」：te utux kki’an
at,ata_ml,kiya tagi ...,,2026學習詞表 14-02「在某處」
at,ata_pl,cel nak ...,,2026學習詞表 14-02「在某處」
at,ata_sk,cyan maki kya,,2026學習詞表 14-02「在某處」
at,ata_kl,beh kya/ cyu kya / te kya,,2026學習詞表 14-02「在某處」：te kya(眉原)
at,say,ha:aw,,2026學習詞表 14-02「在某處」：ila ha:aw
at,tha,intua,,2026學習詞表 14-02「在某處」
at,sed_to,wa ha,,2026學習詞表 14-02「在某處」：wa hiya在那裏
at,sed_tg,ga hiya,,2026學習詞表 14-02「在某處」
at,sed_tr,gaga…,,2026學習詞表 14-02「在某處」
at,bun_td,naiʼantaʼ,,2026學習詞表 14-02「在某處」：ihaanta’/ iha’anta’在那裡（位置）
at,bun_bh,ihan,,2026學習詞表 14-02「在某處」
at,bun_vt,idiip,,2026學習詞表 14-02「在某處」
at,bun_bn,iʼisaq,,2026學習詞表 14-02「在某處」：i-isaq
at,bun_ib,idipa,,2026學習詞表 14-02「在某處」
at,pai_es,i… / i,,2026學習詞表 14-02「在某處」：i…(處所)；2026學習詞表 36-35「在」
at,pai_nt,i… / i,,2026學習詞表 14-02「在某處」：i…(處所)；2026學習詞表 36-35「在」
at,pai_ct,i yainuan / i,,2026學習詞表 14-02「在某處」；2026學習詞表 36-35「在」
at,pai_st,i yainuan / i,,2026學習詞表 14-02「在某處」；2026學習詞表 36-35「在」
at,ruk_es,yakai talidroma,,2026學習詞表 14-02「在某處」
at,ruk_bd,taikaiyane,,2026學習詞表 14-02「在某處」
at,ruk_tw,yakai ki---,,2026學習詞表 14-02「在某處」
at,ruk_tn,taʼikanini,,2026學習詞表 14-02「在某處」
at,ruk_mg,ikétékadra,,2026學習詞表 14-02「在某處」
at,ruk_mn,omiki taikiedha,,2026學習詞表 14-02「在某處」：omiki taikiedha
at,puy_py,ulraya i..... / kadru,,2026學習詞表 14-02「在某處」；2026學習詞表 36-35「在;有」
at,puy_tp,ulra i iyan / kazu ; ulra,,2026學習詞表 14-02「在某處」；2026學習詞表 36-35「在;有」
at,puy_ws,i iyan / kazu,,2026學習詞表 14-02「在某處」；2026學習詞表 36-35「在;有」
at,puy_ks,i iyan / ulra/kadu,,2026學習詞表 14-02「在某處」；2026學習詞表 36-35「在;有」
at,trv,ga hiya,,2026學習詞表 14-02「在某處」
at,kav,tanian semani/taizan,,2026學習詞表 14-02「在某處」：不知道在哪裡的某處/不用指明彼此知道的某處
at,tso,mia’unu,,2026學習詞表 14-02「在某處」
at,knv,ʼesi,,2026學習詞表 14-02「在(某處)」；2026學習詞表 36-02「在」
at,hla,ma naana,,2026學習詞表 14-02「在某處」
at,yam,do koang,,2026學習詞表 14-02「在某處」
at,sak,icuwa,,2026學習詞表 14-02「在某處」
at,pan,*sa₂,,ACD PAN 19072-71705604a629cfc7d43259ba21f16aa7-1「locative marker」
at,pmp,*sa₂,,ACD PMP 19081-71705604a629cfc7d43259ba21f16aa7-1「locative marker」
in,ami_nt,lalavu,,2026學習詞表 14-01「裡面」
in,ami_hk,lalomaʼ,,2026學習詞表 14-01「裡面」
in,ami_ha,lalomaʼ,,2026學習詞表 14-01「裡面」
in,ami_ml,lalomaʼ,,2026學習詞表 14-01「裡面」
in,ami_hc,lalomaʼ,,2026學習詞表 14-01「裡面」
in,ata_sq,zzik,,2026學習詞表 14-01「裡面」：qsahuy/zik內側角落
in,ata_su,sahuy / zik,,2026學習詞表 14-01「裡面」：zik (深) sahuy(內)
in,ata_ml,iik,,2026學習詞表 14-01「裡面」
in,ata_pl,ṟik,,2026學習詞表 14-01「裡面」
in,ata_sk,cka,,2026學習詞表 14-01「裡面」
in,ata_kl,iyik/ cahuy/ zik,,2026學習詞表 14-01「裡面」：zik(眉原)
in,say,ʼi:zoʼ,,2026學習詞表 14-01「裡面」：’abo’
in,tha,itmaz,,2026學習詞表 14-01「裡面」
in,sed_to,ruma,,2026學習詞表 14-01「裡面」
in,sed_tg,truma,,2026學習詞表 14-01「裡面」
in,sed_tr,ruwan,,2026學習詞表 14-01「裡面」
in,bun_td,kumbuʼ,,2026學習詞表 14-01「裡面」：ikumbu’在裡面
in,bun_bh,kumbuʼ,,2026學習詞表 14-01「裡面」
in,bun_vt,kumbu/ngadaq,,2026學習詞表 14-01「裡面」
in,bun_bn,kumbu,,2026學習詞表 14-01「裡面」：ikunbu
in,bun_ib,ngadah,,2026學習詞表 14-01「裡面」
in,pai_es,taladj,,2026學習詞表 14-01「裡面」
in,pai_nt,taladj,,2026學習詞表 14-01「裡面」：itjumaq
in,pai_ct,taladj,,2026學習詞表 14-01「裡面」
in,pai_st,taladj,,2026學習詞表 14-01「裡面」
in,ruk_es,adring,,2026學習詞表 14-01「裡面」
in,ruk_bd,adringi,,2026學習詞表 14-01「裡面」
in,ruk_tw,adringi,,2026學習詞表 14-01「裡面」
in,ruk_tn,ʼadringi,,2026學習詞表 14-01「裡面」
in,ruk_mg,adringi,,2026學習詞表 14-01「裡面」
in,ruk_mn,ʼadhingi,,2026學習詞表 14-01「裡面」
in,puy_py,sabak,,2026學習詞表 14-01「裡面;內」
in,puy_tp,savak,,2026學習詞表 14-01「裡面;內」
in,puy_ws,savak,,2026學習詞表 14-01「裡面;內」
in,puy_ks,savak,,2026學習詞表 14-01「裡面;內」
in,trv,ruwan,,2026學習詞表 14-01「裡面」
in,kav,teReq,,2026學習詞表 14-01「裡面」
in,tso,ʼayumona,,2026學習詞表 14-01「裡面」
in,knv,tisikara,,2026學習詞表 14-01「裡面」
in,hla,rʉrʉmanʉ,,2026學習詞表 14-01「裡面」
in,yam,sahad,,2026學習詞表 14-01「裡面」
in,sak,labu,,2026學習詞表 14-01「裡面」
in,pmp,*lem,,"ACD PMP 19081-dfc5796bf621b6d8102a743d7ac398e9-1「in, inside」"
and,ami_nt,atu,,2026學習詞表 36-18「和」
and,ami_hk,ato,,2026學習詞表 36-18「和」
and,ami_ha,ato,,2026學習詞表 36-18「和」
and,ami_ml,ato,,2026學習詞表 36-18「和」
and,ami_hc,ato,,2026學習詞表 36-18「和」
and,ata_sq,ru/ki,,2026學習詞表 36-18「和」
and,ata_su,ru/ki,,2026學習詞表 36-18「和」：ka
and,ata_ml,ki/ ru/ kinku,,2026學習詞表 36-18「和」
and,ata_pl,lu,,2026學習詞表 36-18「和」
and,ata_sk,ki/ru,,2026學習詞表 36-18「和」
and,ata_kl,ru,,2026學習詞表 36-18「和」
and,say,ki / kil,,2026學習詞表 36-18「和」
and,tha,masa,,2026學習詞表 36-18「和」
and,sed_to,mi,,2026學習詞表 36-18「和」：dha以及; 二
and,sed_tg,daha ka,,2026學習詞表 36-18「和」：ma
and,sed_tr,ni,,2026學習詞表 36-18「和」
and,bun_td,ciin,,2026學習詞表 36-18「和」：ciin由他，換他（斜格人稱）；muskun在一起
and,bun_bh,cin,,2026學習詞表 36-18「和」
and,bun_vt,siin,,2026學習詞表 36-18「和」
and,bun_bn,siin,,2026學習詞表 36-18「和」：siin/ i
and,bun_ib,siin,,2026學習詞表 36-18「和」
and,pai_es,katuwa,,2026學習詞表 36-18「和」
and,pai_nt,katua,,2026學習詞表 36-18「和」
and,pai_ct,’atua,,2026學習詞表 36-18「和」
and,pai_st,katua,,2026學習詞表 36-18「和」
and,ruk_es,si,,2026學習詞表 36-18「和」
and,ruk_bd,si,,2026學習詞表 36-18「和」
and,ruk_tw,si,,2026學習詞表 36-18「和」
and,ruk_tn,si,,2026學習詞表 36-18「和」
and,ruk_mg,si / ki,,2026學習詞表 36-18「和」
and,ruk_mn,la,,2026學習詞表 36-18「和」
and,puy_py,aw;kay,,2026學習詞表 36-18「和」
and,puy_tp,za / zi,,2026學習詞表 36-18「和」
and,puy_ws,zi,,2026學習詞表 36-18「和」
and,puy_ks,di,,2026學習詞表 36-18「和」
and,trv,ni,,2026學習詞表 36-18「和」
and,kav,seRay,,2026學習詞表 36-18「和」
and,tso,ho,,2026學習詞表 36-18「和」
and,knv,mataa,,2026學習詞表 36-18「和」：另作:與；以及
and,hla,hla,,2026學習詞表 36-18「和」
and,yam,aka,,2026學習詞表 36-18「和」
and,sak,atu,,2026學習詞表 36-18「和」
and,pan,*maS,,ACD PAN 19072-be5d5d37542d75f93a87094459f76678-1「and」
and,pmp,*maS,,ACD PMP 19081-be5d5d37542d75f93a87094459f76678-2「and」
if,ami_nt,anu,,2026學習詞表 36-22「如果」
if,ami_hk,ano ......i,,2026學習詞表 36-22「如果」
if,ami_ha,ano,,2026學習詞表 36-22「如果」
if,ami_ml,ano,,2026學習詞表 36-22「如果」
if,ami_hc,ano,,2026學習詞表 36-22「如果」
if,ata_sq,mha ni/mha na,,2026學習詞表 36-22「如果」
if,ata_su,atuni/atuna,,2026學習詞表 36-22「如果」：atuna
if,ata_ml,atu’na,,2026學習詞表 36-22「如果」
if,ata_pl,minlu,,2026學習詞表 36-22「如果」
if,ata_sk,maha ni,,2026學習詞表 36-22「如果」
if,ata_kl,maha / siga,,2026學習詞表 36-22「如果」：atuni(眉原)
if,say,So:,,2026學習詞表 36-22「如果」
if,tha,ya,,2026學習詞表 36-22「如果」
if,sed_to,nasi,,2026學習詞表 36-22「如果」
if,sed_tg,netun,,2026學習詞表 36-22「如果」
if,sed_tr,nasi,,2026學習詞表 36-22「如果」
if,bun_td,maca,,2026學習詞表 36-22「如果」：maca如果 ；uuca 要是
if,bun_bh,maqe/maca,,2026學習詞表 36-22「如果」
if,bun_vt,maqei,,2026學習詞表 36-22「如果」
if,bun_bn,maaki / maaqis,,2026學習詞表 36-22「如果」：ma-aq is/is
if,bun_ib,mais,,2026學習詞表 36-22「如果」
if,pai_es,nu,,2026學習詞表 36-22「如果」
if,pai_nt,nu,,2026學習詞表 36-22「如果」
if,pai_ct,nu,,2026學習詞表 36-22「如果」
if,pai_st,nu,,2026學習詞表 36-22「如果」
if,ruk_es,loiyasi,,2026學習詞表 36-22「如果」
if,ruk_bd,luiyasi,,2026學習詞表 36-22「如果」
if,ruk_tw,alaiyasi,,2026學習詞表 36-22「如果」
if,ruk_tn,layaasi/ nilavani,,2026學習詞表 36-22「如果」
if,ruk_mg,ina,,2026學習詞表 36-22「如果」
if,ruk_mn,lo,,2026學習詞表 36-22「如果」
if,puy_py,an,,2026學習詞表 36-22「如果」
if,puy_tp,nuy,,2026學習詞表 36-22「如果」
if,puy_ws,nu,,2026學習詞表 36-22「如果」
if,puy_ks,nu,,2026學習詞表 36-22「如果」
if,trv,nasi,,2026學習詞表 36-22「如果」
if,kav,azu,,2026學習詞表 36-22「如果」
if,tso,honci,,2026學習詞表 36-22「如果」
if,knv,noo,,2026學習詞表 36-22「如果」：相近詞彙:ucaniava假如；萬一
if,hla,maci,,2026學習詞表 36-22「如果」
if,yam,no,,2026學習詞表 36-22「如果」
if,sak,anu,,2026學習詞表 36-22「如果」
if,pan,*nu₁,,"ACD PAN 19072-f6707a7f7782fe71d90697d10786c162-1「if, when (in future)」"
if,pmp,*nu₁,,"ACD PMP 19081-f6707a7f7782fe71d90697d10786c162-1「if, when (in future)」"
because,ami_nt,kiyami,,2026學習詞表 36-05「因為」
because,ami_hk,nawhani,,2026學習詞表 36-05「因為」
because,ami_ha,nawhan,,2026學習詞表 36-05「因為」
because,ami_ml,nawhani,,2026學習詞表 36-05「因為」
because,ami_hc,mansa,,2026學習詞表 36-05「因為」
because,ata_sq,baha hmswa,,2026學習詞表 36-05「因為」：baha hmswa
because,ata_su,yaʼigiy,,2026學習詞表 36-05「因為」：swa’ ini
because,ata_ml,gi’,,2026學習詞表 36-05「因為」
because,ata_pl,yaka,,2026學習詞表 36-05「因為」
because,ata_sk,baha hmcwa,,2026學習詞表 36-05「因為」
because,ata_kl,baha mcwa/ baha hmswa,,2026學習詞表 36-05「因為」：baha hmswa(眉原)
because,say,ʼisa:aʼ,,2026學習詞表 36-05「因為」
because,tha,maqa,,2026學習詞表 36-05「因為」
because,sed_to,alaw,,2026學習詞表 36-05「因為」：adaw; anaw因為
because,sed_tg,ado,,2026學習詞表 36-05「因為」
because,sed_tr,yasa,,2026學習詞表 36-05「因為」：ada ka
because,bun_td,maupaqut,,"2026學習詞表 36-05「因為」：maupa’i因為,maupa像似"
because,bun_bh,opa / opa'i,,2026學習詞表 36-05「因為」
because,bun_vt,aupa,,2026學習詞表 36-05「因為」
because,bun_bn,maupaʼi,,2026學習詞表 36-05「因為」：mopa
because,bun_ib,aupa,,2026學習詞表 36-05「因為」
because,pai_es,ayatua,,2026學習詞表 36-05「因為」
because,pai_nt,ayatua,,2026學習詞表 36-05「因為」
because,pai_ct,ayatua,,2026學習詞表 36-05「因為」
because,pai_st,ayatua,,2026學習詞表 36-05「因為」
because,ruk_es,asiloiya,,2026學習詞表 36-05「因為」
because,ruk_bd,asiluiyane,,2026學習詞表 36-05「因為」
because,ruk_tw,ngwalai,,2026學習詞表 36-05「因為」
because,ruk_tn,nikwani,,2026學習詞表 36-05「因為」：laninga所以
because,ruk_mg,nakudraka,,2026學習詞表 36-05「因為」
because,ruk_mn,alakai,,2026學習詞表 36-05「因為」
because,puy_tp,alra kana,,2026學習詞表 36-05「因為」
because,puy_ws,ʼalra na/ʼalra nu,,2026學習詞表 36-05「因為」
because,puy_ks,alra kana,,2026學習詞表 36-05「因為」
because,trv,yaasa,,2026學習詞表 36-05「因為」
because,tso,moʼso,,2026學習詞表 36-05「因為」
because,knv,sii,,2026學習詞表 36-05「因為」
because,hla,taʼiaraisaka,,2026學習詞表 36-05「因為」
because,yam,ta,,2026學習詞表 36-05「因為」
because,sak,zayhan/sisa/iday,,2026學習詞表 36-05「因為」
because,pmp,*ba₁,,"ACD PMP 19081-40c0fa9ca75fa44851443165f2019d10-1「conjunction: or, if; perhaps; because」"
name,ami_nt,ngangan,,2026學習詞表 05-01「名字」
name,ami_hk,ngangan,,2026學習詞表 05-01「名字」
name,ami_ha,ngangan,,2026學習詞表 05-01「名字」
name,ami_ml,ngangan,,2026學習詞表 05-01「名字」
name,ami_hc,ngangan,,2026學習詞表 05-01「名字」
name,ata_sq,lalu,,2026學習詞表 05-01「名字」：lalu’
name,ata_su,lalu,,2026學習詞表 05-01「名字」
name,ata_ml,raluʼ,,2026學習詞表 05-01「名字」
name,ata_pl,raluʼ,,2026學習詞表 05-01「名字」
name,ata_sk,lalu,,2026學習詞表 05-01「名字」
name,ata_kl,lalu,,2026學習詞表 05-01「名字」
name,say,raro:oʼ,,2026學習詞表 05-01「名字」
name,tha,lhanaz,,2026學習詞表 05-01「名字」
name,sed_to,hangan,,2026學習詞表 05-01「名字」
name,sed_tg,ngayan,,2026學習詞表 05-01「名字」
name,sed_tr,hangan,,2026學習詞表 05-01「名字」
name,bun_td,ngaan,,2026學習詞表 05-01「名字」
name,bun_bh,ngan,,2026學習詞表 05-01「名字」
name,bun_vt,ngaan,,2026學習詞表 05-01「名字」
name,bun_bn,ngaan,,2026學習詞表 05-01「名字」：ngaan
name,bun_ib,ngaan,,2026學習詞表 05-01「名字」：ngaan
name,pai_es,ngadan,,2026學習詞表 05-01「名字」
name,pai_nt,ngadan,,2026學習詞表 05-01「名字」
name,pai_ct,ngadaan,,2026學習詞表 05-01「名字」
name,pai_st,ngadan,,2026學習詞表 05-01「名字」
name,ruk_es,nagane,,2026學習詞表 05-01「名字」
name,ruk_bd,nagane,,2026學習詞表 05-01「名字」
name,ruk_tw,nagane,,2026學習詞表 05-01「名字」
name,ruk_tn,aace,,2026學習詞表 05-01「名字」
name,ruk_mg,aracɨ,,2026學習詞表 05-01「名字」
name,ruk_mn,alrace,,2026學習詞表 05-01「名字」
name,puy_py,ngalad,,2026學習詞表 05-01「名字」
name,puy_tp,ngadan,,2026學習詞表 05-01「名字」
name,puy_ws,ngadan,,2026學習詞表 05-01「名字」
name,puy_ks,ngadan,,2026學習詞表 05-01「名字」
name,trv,hangan,,2026學習詞表 05-01「名字」
name,kav,nangan,,2026學習詞表 05-01「名字」
name,tso,ongko,,2026學習詞表 05-01「名字」
name,knv,nganai,,2026學習詞表 05-01「名字」
name,hla,ngahla,,2026學習詞表 05-01「名字」
name,yam,ngaran,,2026學習詞表 05-01「名字」
name,sak,ngangan,,2026學習詞表 05-01「名字」
name,pan,*ŋajan,,ACD PAN 19072-b068931cc450442b63f5b3d276ea4297-1「name」
name,pmp,*ŋajan,,ACD PMP 19081-b068931cc450442b63f5b3d276ea4297-2「name」
one,ami_nt,cacay,,2026學習詞表 01-01「一」
one,ami_hk,cecay,,2026學習詞表 01-01「一」
one,ami_ha,cecay,,2026學習詞表 01-01「一」
one,ami_ml,cecay,,2026學習詞表 01-01「一」
one,ami_hc,cecay,,2026學習詞表 01-01「一」
one,ata_sq,qutux,,2026學習詞表 01-01「一」
one,ata_su,utux,,2026學習詞表 01-01「一」
one,ata_ml,qutux/ caxa’,,2026學習詞表 01-01「一」：caxa’(人)
one,ata_pl,utux,,2026學習詞表 01-01「一」
one,ata_sk,qutux,,2026學習詞表 01-01「一」
one,ata_kl,utux,,2026學習詞表 01-01「一」
one,say,ʼaehaeʼ,,2026學習詞表 01-01「一」
one,tha,tata,,2026學習詞表 01-01「一」：另作taha，數數時用latata
one,sed_to,kingal,,2026學習詞表 01-01「一」
one,sed_tg,kingal,,2026學習詞表 01-01「一」
one,sed_tr,kingal,,2026學習詞表 01-01「一」
one,bun_td,taʼa,,2026學習詞表 01-01「一」：亦可稱：tas’a
one,bun_bh,tasʼa,,2026學習詞表 01-01「一」
one,bun_vt,tasʼa,,2026學習詞表 01-01「一」
one,bun_bn,tasʼa,,2026學習詞表 01-01「一」：tas-a
one,bun_ib,tasa,,2026學習詞表 01-01「一」
one,pai_es,ita,,2026學習詞表 01-01「一」
one,pai_nt,ita,,2026學習詞表 01-01「一」
one,pai_ct,ita,,2026學習詞表 01-01「一」
one,pai_st,ita,,2026學習詞表 01-01「一」
one,ruk_es,eea,,2026學習詞表 01-01「一」：eea數數使用/vaeva計量使用
one,ruk_bd,itha/vaeva,,2026學習詞表 01-01「一」：itha數數使用/vaeva計量使用
one,ruk_tw,ea,,2026學習詞表 01-01「一」
one,ruk_tn,nega / sesesane,,2026學習詞表 01-01「一」：nega數數使用 / sesesane計量使用
one,ruk_mg,drɨga/sessa,,2026學習詞表 01-01「一」：drɨga數數使用/sessa計量使用
one,ruk_mn,neka/maeaea,,2026學習詞表 01-01「一」：neka數數使用/maeaea計量使用
one,puy_py,sa/isa,,2026學習詞表 01-01「一」：saya數物/misasa數人
one,puy_tp,sa/isa,,2026學習詞表 01-01「一」
one,puy_ws,sa/isa,,2026學習詞表 01-01「一」
one,puy_ks,sa/isa,,2026學習詞表 01-01「一」：saya數物/sasa數人
one,trv,kingal,,2026學習詞表 01-01「一」：古語用字uwin
one,kav,ussiq,,2026學習詞表 01-01「一」
one,tso,coni,,2026學習詞表 01-01「一」
one,knv,ucani,,2026學習詞表 01-01「一」
one,hla,ucani,,2026學習詞表 01-01「一」
one,yam,asa,,2026學習詞表 01-01「一」
one,sak,cacay,,2026學習詞表 01-01「一」
one,pan,*isa₁,,ACD PAN 19072-f97c5d29941bfb1b2fdab0874906ab82-3「one」
one,pmp,*isa₁,,ACD PMP 19081-f97c5d29941bfb1b2fdab0874906ab82-3「one」
two,ami_nt,tusa,,2026學習詞表 01-02「二」
two,ami_hk,tosa^,,2026學習詞表 01-02「二」
two,ami_ha,tosa,,2026學習詞表 01-02「二」
two,ami_ml,tosa,,2026學習詞表 01-02「二」
two,ami_hc,tosa,,2026學習詞表 01-02「二」
two,ata_sq,sazing,,2026學習詞表 01-02「二」
two,ata_su,sazing,,2026學習詞表 01-02「二」
two,ata_ml,usayng/ rarusa’,,2026學習詞表 01-02「二」：rarusa’(人)
two,ata_pl,saʼing,,2026學習詞表 01-02「二」
two,ata_sk,saying,,2026學習詞表 01-02「二」
two,ata_kl,sa’ing/ sazing,,2026學習詞表 01-02「二」：sazing(眉原)
two,say,roSaʼ,,2026學習詞表 01-02「二」
two,tha,tusha,,2026學習詞表 01-02「二」：數數時用latusha
two,sed_to,dha,,2026學習詞表 01-02「二」
two,sed_tg,daha,,2026學習詞表 01-02「二」
two,sed_tr,dha,,2026學習詞表 01-02「二」
two,bun_td,dusaʼ,,2026學習詞表 01-02「二」
two,bun_bh,dusaʼ,,2026學習詞表 01-02「二」
two,bun_vt,dusa,,2026學習詞表 01-02「二」
two,bun_bn,dusa,,2026學習詞表 01-02「二」：dusa
two,bun_ib,dusa,,2026學習詞表 01-02「二」
two,pai_es,drusa,,2026學習詞表 01-02「二」
two,pai_nt,drusa,,2026學習詞表 01-02「二」
two,pai_ct,drusa,,2026學習詞表 01-02「二」
two,pai_st,drusa,,2026學習詞表 01-02「二」
two,ruk_es,drosa,,2026學習詞表 01-02「二」
two,ruk_bd,drusa,,2026學習詞表 01-02「二」
two,ruk_tw,drusa,,2026學習詞表 01-02「二」
two,ruk_tn,drosa,,2026學習詞表 01-02「二」
two,ruk_mg,drusa,,2026學習詞表 01-02「二」
two,ruk_mn,madhoʼa,,2026學習詞表 01-02「二」：nosa 數數時的用法
two,puy_py,druwa,,2026學習詞表 01-02「二」
two,puy_tp,zuwa,,2026學習詞表 01-02「二」
two,puy_ws,zuwa,,2026學習詞表 01-02「二」
two,puy_ks,duwa,,2026學習詞表 01-02「二」：duwaya
two,trv,dha,,2026學習詞表 01-02「二」
two,kav,uzusa,,2026學習詞表 01-02「二」
two,tso,yuso,,2026學習詞表 01-02「二」
two,knv,urucin,,2026學習詞表 01-02「二」
two,hla,usua,,2026學習詞表 01-02「二」
two,yam,adoa,,2026學習詞表 01-02「二」
two,sak,tusa,,2026學習詞表 01-02「二」
two,pan,*duSa,,ACD PAN 19072-b8a9f715dbb64fd5c56e7783c6820a61-1「two」
two,pmp,*duha,,ACD PMP 19081-b8a9f715dbb64fd5c56e7783c6820a61-1「two」
three,ami_nt,tulu,,2026學習詞表 01-03「三」
three,ami_hk,tolo^,,2026學習詞表 01-03「三」
three,ami_ha,tolo,,2026學習詞表 01-03「三」
three,ami_ml,tolo,,2026學習詞表 01-03「三」
three,ami_hc,tolo,,2026學習詞表 01-03「三」
three,ata_sq,cyugal,,2026學習詞表 01-03「三」：ciwal
three,ata_su,tugan/cyugan,,2026學習詞表 01-03「三」：cyugan
three,ata_ml,tugal/ tatuu’,,2026學習詞表 01-03「三」：tatuu’(人)
three,ata_pl,tugal,,2026學習詞表 01-03「三」
three,ata_sk,tyugan,,2026學習詞表 01-03「三」
three,ata_kl,tugan,,2026學習詞表 01-03「三」
three,say,to:oʼ,,2026學習詞表 01-03「三」
three,tha,turu,,2026學習詞表 01-03「三」：數數時用laturu
three,sed_to,turu,,2026學習詞表 01-03「三」
three,sed_tg,teru,,2026學習詞表 01-03「三」
three,sed_tr,tru,,2026學習詞表 01-03「三」
three,bun_td,taau,,2026學習詞表 01-03「三」
three,bun_bh,tau,,2026學習詞表 01-03「三」
three,bun_vt,tau,,2026學習詞表 01-03「三」
three,bun_bn,tau,,2026學習詞表 01-03「三」：tau
three,bun_ib,tau,,2026學習詞表 01-03「三」
three,pai_es,tjelu,,2026學習詞表 01-03「三」
three,pai_nt,tjelu,,2026學習詞表 01-03「三」
three,pai_ct,tjelu,,2026學習詞表 01-03「三」
three,pai_st,tjelu,,2026學習詞表 01-03「三」
three,ruk_es,tolro,,2026學習詞表 01-03「三」
three,ruk_bd,tulru,,2026學習詞表 01-03「三」
three,ruk_tw,tulru,,2026學習詞表 01-03「三」
three,ruk_tn,too,,2026學習詞表 01-03「三」
three,ruk_mg,tulru,,2026學習詞表 01-03「三」：turu（計量使用）；tulru（數數使用）
three,ruk_mn,matolro,,2026學習詞表 01-03「三」：tolro 數數時的用法
three,puy_py,telu,,2026學習詞表 01-03「三」
three,puy_tp,telu,,2026學習詞表 01-03「三」
three,puy_ws,telu,,2026學習詞表 01-03「三」
three,puy_ks,telu,,2026學習詞表 01-03「三」：tuluwa
three,trv,tru,,2026學習詞表 01-03「三」
three,kav,utulu,,2026學習詞表 01-03「三」
three,tso,tuyu,,2026學習詞表 01-03「三」
three,knv,uturu,,2026學習詞表 01-03「三」
three,hla,utulu,,2026學習詞表 01-03「三」
three,yam,atlo,,2026學習詞表 01-03「三」
three,sak,tulu,,2026學習詞表 01-03「三」
three,pan,*telu,,ACD PAN 19072-35d6d33467aae9a2e3dccb4b6b027878-1「three」
three,pmp,*telu,,ACD PMP 19081-35d6d33467aae9a2e3dccb4b6b027878-1「three」
four,ami_nt,sepat,,2026學習詞表 01-04「四」
four,ami_hk,sepat,,2026學習詞表 01-04「四」
four,ami_ha,sepat,,2026學習詞表 01-04「四」
four,ami_ml,sepat,,2026學習詞表 01-04「四」
four,ami_hc,sepat,,2026學習詞表 01-04「四」
four,ata_sq,payat,,2026學習詞表 01-04「四」
four,ata_su,payat,,2026學習詞表 01-04「四」
four,ata_ml,sapaat/ saspat,,2026學習詞表 01-04「四」：saspat(人)
four,ata_pl,paṟat,,2026學習詞表 01-04「四」
four,ata_sk,payat,,2026學習詞表 01-04「四」
four,ata_kl,payat,,2026學習詞表 01-04「四」
four,say,Sopat,,2026學習詞表 01-04「四」
four,tha,shpaat,,2026學習詞表 01-04「四」：數數時用lashpaat
four,sed_to,spac,,2026學習詞表 01-04「四」
four,sed_tg,sepac,,2026學習詞表 01-04「四」
four,sed_tr,spac,,2026學習詞表 01-04「四」
four,bun_td,paat,,2026學習詞表 01-04「四」
four,bun_bh,pat,,2026學習詞表 01-04「四」
four,bun_vt,paat,,2026學習詞表 01-04「四」
four,bun_bn,paat,,2026學習詞表 01-04「四」：paat
four,bun_ib,paat,,2026學習詞表 01-04「四」
four,pai_es,sepatj,,2026學習詞表 01-04「四」
four,pai_nt,sepatj,,2026學習詞表 01-04「四」
four,pai_ct,sepatj,,2026學習詞表 01-04「四」
four,pai_st,sepatj,,2026學習詞表 01-04「四」
four,ruk_es,soʼate,,2026學習詞表 01-04「四」
four,ruk_bd,supate,,2026學習詞表 01-04「四」
four,ruk_tw,supate,,2026學習詞表 01-04「四」
four,ruk_tn,pate / thipate,,2026學習詞表 01-04「四」：pate數數使用 /thipate計量使用
four,ruk_mg,patɨ,,2026學習詞表 01-04「四」：thɨpatɨ（計量使用）；patɨ（數數使用）
four,ruk_mn,maʼepate,,2026學習詞表 01-04「四」：pate 數數時的用法
four,puy_py,pat,,2026學習詞表 01-04「四」
four,puy_tp,pat,,2026學習詞表 01-04「四」
four,puy_ws,pat,,2026學習詞表 01-04「四」
four,puy_ks,pat,,2026學習詞表 01-04「四」：pata
four,trv,spat,,2026學習詞表 01-04「四」
four,kav,usepat,,2026學習詞表 01-04「四」
four,tso,sʉptʉ,,2026學習詞表 01-04「四」
four,knv,usʉpatʉ,,2026學習詞表 01-04「四」
four,hla,upatʉ,,2026學習詞表 01-04「四」
four,yam,apat,,2026學習詞表 01-04「四」
four,sak,sepat,,2026學習詞表 01-04「四」
four,pan,*Sepat,,ACD PAN 19072-8cbad96aced40b3838dd9f07f6ef5772-1「four」
four,pmp,*epat,,ACD PMP 19081-8cbad96aced40b3838dd9f07f6ef5772-1「four」
five,ami_nt,lima,,2026學習詞表 01-05「五」
five,ami_hk,lima^,,2026學習詞表 01-05「五」
five,ami_ha,lima,,2026學習詞表 01-05「五」
five,ami_ml,lima,,2026學習詞表 01-05「五」
five,ami_hc,lima,,2026學習詞表 01-05「五」
five,ata_sq,zmagal,,2026學習詞表 01-05「五」
five,ata_su,magan,,2026學習詞表 01-05「五」
five,ata_ml,imagal/ ayma’,,2026學習詞表 01-05「五」：ayma’(人)
five,ata_pl,ṟamagal,,2026學習詞表 01-05「五」
five,ata_sk,magan,,2026學習詞表 01-05「五」
five,ata_kl,magan,,2026學習詞表 01-05「五」
five,say,haseb,,2026學習詞表 01-05「五」
five,tha,tarima,,2026學習詞表 01-05「五」
five,sed_to,rima,,2026學習詞表 01-05「五」
five,sed_tg,rima,,2026學習詞表 01-05「五」
five,sed_tr,rima,,2026學習詞表 01-05「五」
five,bun_td,himaʼ,,2026學習詞表 01-05「五」
five,bun_bh,himaʼ,,2026學習詞表 01-05「五」
five,bun_vt,hima,,2026學習詞表 01-05「五」
five,bun_bn,hima,,2026學習詞表 01-05「五」：hima
five,bun_ib,ima,,2026學習詞表 01-05「五」
five,pai_es,lima,,2026學習詞表 01-05「五」
five,pai_nt,lima,,2026學習詞表 01-05「五」
five,pai_ct,lima,,2026學習詞表 01-05「五」
five,pai_st,lima,,2026學習詞表 01-05「五」
five,ruk_es,lrima,,2026學習詞表 01-05「五」
five,ruk_bd,lrima,,2026學習詞表 01-05「五」
five,ruk_tw,lrima,,2026學習詞表 01-05「五」
five,ruk_tn,ima,,2026學習詞表 01-05「五」
five,ruk_mg,lrima,,2026學習詞表 01-05「五」
five,ruk_mn,malrima,,2026學習詞表 01-05「五」：lrima 數數時的用法
five,puy_py,lima,,2026學習詞表 01-05「五」
five,puy_tp,lima,,2026學習詞表 01-05「五」：數數
five,puy_ws,lima,,2026學習詞表 01-05「五」
five,puy_ks,lima,,2026學習詞表 01-05「五」：lruwaca
five,trv,rima,,2026學習詞表 01-05「五」
five,kav,ulima,,2026學習詞表 01-05「五」
five,tso,eimo,,2026學習詞表 01-05「五」
five,knv,urima,,2026學習詞表 01-05「五」
five,hla,ulima,,2026學習詞表 01-05「五」
five,yam,alima,,2026學習詞表 01-05「五」
five,sak,lima,,2026學習詞表 01-05「五」
five,pan,*lima,,ACD PAN 19072-30056e1cab7a61d256fc8edd970d14f5-1「five」
five,pmp,*lima,,ACD PMP 19081-30056e1cab7a61d256fc8edd970d14f5-2「five」
six,ami_nt,enem,,2026學習詞表 01-06「六」
six,ami_hk,enem,,2026學習詞表 01-06「六」
six,ami_ha,enem,,2026學習詞表 01-06「六」
six,ami_ml,enem,,2026學習詞表 01-06「六」
six,ami_hc,enem,,2026學習詞表 01-06「六」
six,ata_sq,mtzyu,,2026學習詞表 01-06「六」：mtzyu’
six,ata_su,mtyu / tyu / matayu,,2026學習詞表 01-06「六」：另作matayu
six,ata_ml,mamatuuʼ,,2026學習詞表 01-06「六」
six,ata_pl,matṟu,,2026學習詞表 01-06「六」
six,ata_sk,mtiyu/mtuyu,,2026學習詞表 01-06「六」
six,ata_kl,mtiyu/mtyu,,2026學習詞表 01-06「六」：mtyu(眉原)
six,say,SayboSi:,,2026學習詞表 01-06「六」
six,tha,katuru,,2026學習詞表 01-06「六」
six,sed_to,mturu,,2026學習詞表 01-06「六」
six,sed_tg,mmteru,,2026學習詞表 01-06「六」
six,sed_tr,mtoru / mtru,,2026學習詞表 01-06「六」
six,bun_td,nuum,,2026學習詞表 01-06「六」
six,bun_bh,num,,2026學習詞表 01-06「六」
six,bun_vt,nuum,,2026學習詞表 01-06「六」
six,bun_bn,nuum,,2026學習詞表 01-06「六」：nuum
six,bun_ib,nuum,,2026學習詞表 01-06「六」
six,pai_es,unem,,2026學習詞表 01-06「六」
six,pai_nt,unem,,2026學習詞表 01-06「六」
six,pai_ct,unem,,2026學習詞表 01-06「六」
six,pai_st,unem,,2026學習詞表 01-06「六」
six,ruk_es,eneme,,2026學習詞表 01-06「六」
six,ruk_bd,eneme,,2026學習詞表 01-06「六」
six,ruk_tw,eneme,,2026學習詞表 01-06「六」
six,ruk_tn,eneme,,2026學習詞表 01-06「六」
six,ruk_mg,nɨmɨ,,2026學習詞表 01-06「六」：enɨmɨ（計量使用）；nɨmɨ（數數使用）
six,ruk_mn,maeneme,,2026學習詞表 01-06「六」：neme 數數時的用法
six,puy_py,enem,,2026學習詞表 01-06「六」
six,puy_tp,unem,,2026學習詞表 01-06「六」：數數
six,puy_ws,enem,,2026學習詞表 01-06「六」
six,puy_ks,enem,,2026學習詞表 01-06「六」
six,trv,mataru,,2026學習詞表 01-06「六」
six,kav,unem,,2026學習詞表 01-06「六」
six,tso,nomʉ,,2026學習詞表 01-06「六」
six,knv,unʉmʉ,,2026學習詞表 01-06「六」
six,hla,ʉnʉmʉ,,2026學習詞表 01-06「六」
six,yam,anem,,2026學習詞表 01-06「六」
six,sak,enem,,2026學習詞表 01-06「六」
six,pan,*enem,,ACD PAN 19072-f52b5e449a2303c031a0c3a1109360bf-1「six」
six,pmp,*enem,,ACD PMP 19081-f52b5e449a2303c031a0c3a1109360bf-1「six」
seven,ami_nt,pitu,,2026學習詞表 01-07「七」
seven,ami_hk,pito^,,2026學習詞表 01-07「七」
seven,ami_ha,pito,,2026學習詞表 01-07「七」
seven,ami_ml,pito,,2026學習詞表 01-07「七」
seven,ami_hc,pito,,2026學習詞表 01-07「七」
seven,ata_sq,mpitu,,2026學習詞表 01-07「七」：pitu’
seven,ata_su,mpitu / mapitu,,2026學習詞表 01-07「七」：另作mapitu
seven,ata_ml,mapituʼ,,2026學習詞表 01-07「七」
seven,ata_pl,mapituʼ,,2026學習詞表 01-07「七」
seven,ata_sk,mpitu,,2026學習詞表 01-07「七」
seven,ata_kl,mpitu,,2026學習詞表 01-07「七」
seven,say,SayboSi: o ʼaehaeʼ,,2026學習詞表 01-07「七」：yohae’ / yahae’
seven,tha,pitu,,2026學習詞表 01-07「七」
seven,sed_to,mpitu,,2026學習詞表 01-07「七」
seven,sed_tg,mpitu,,2026學習詞表 01-07「七」
seven,sed_tr,empitu,,2026學習詞表 01-07「七」
seven,bun_td,pituʼ,,2026學習詞表 01-07「七」
seven,bun_bh,pituʼ,,2026學習詞表 01-07「七」
seven,bun_vt,pitu,,2026學習詞表 01-07「七」
seven,bun_bn,pitu,,2026學習詞表 01-07「七」：pitu
seven,bun_ib,pitu,,2026學習詞表 01-07「七」
seven,pai_es,pitju,,2026學習詞表 01-07「七」
seven,pai_nt,pitju,,2026學習詞表 01-07「七」
seven,pai_ct,pitju,,2026學習詞表 01-07「七」
seven,pai_st,pitju,,2026學習詞表 01-07「七」
seven,ruk_es,ʼito,,2026學習詞表 01-07「七」
seven,ruk_bd,pitu,,2026學習詞表 01-07「七」
seven,ruk_tw,pitu,,2026學習詞表 01-07「七」
seven,ruk_tn,pito,,2026學習詞表 01-07「七」
seven,ruk_mg,pitu,,2026學習詞表 01-07「七」
seven,ruk_mn,mapito,,2026學習詞表 01-07「七」：pito 數數時的用法
seven,puy_py,pitu,,2026學習詞表 01-07「七」：數量詞
seven,puy_tp,pitu,,2026學習詞表 01-07「七」：數數
seven,puy_ws,pitu,,2026學習詞表 01-07「七」
seven,puy_ks,pitu,,2026學習詞表 01-07「七」：pituwa
seven,trv,empitu,,2026學習詞表 01-07「七」
seven,kav,upitu,,2026學習詞表 01-07「七」
seven,tso,pitu,,2026學習詞表 01-07「七」
seven,knv,upitu,,2026學習詞表 01-07「七」
seven,hla,upitu,,2026學習詞表 01-07「七」
seven,yam,apito,,2026學習詞表 01-07「七」
seven,sak,pitu,,2026學習詞表 01-07「七」
seven,pan,*pitu₁,,ACD PAN 19072-bb3aec0fdcdbc2974890f805c585d432-1「seven」
seven,pmp,*pitu₁,,ACD PMP 19081-bb3aec0fdcdbc2974890f805c585d432-1「seven」
eight,ami_nt,walu,,2026學習詞表 01-08「八」
eight,ami_hk,falo^,,2026學習詞表 01-08「八」
eight,ami_ha,falo,,2026學習詞表 01-08「八」
eight,ami_ml,falo,,2026學習詞表 01-08「八」
eight,ami_hc,falo,,2026學習詞表 01-08「八」
eight,ata_sq,mspat,,2026學習詞表 01-08「八」：spat
eight,ata_su,mspat / masapat,,2026學習詞表 01-08「八」：maspat/maspac
eight,ata_ml,mamaspat,,2026學習詞表 01-08「八」
eight,ata_pl,maspat,,2026學習詞表 01-08「八」
eight,ata_sk,mspat,,2026學習詞表 01-08「八」
eight,ata_kl,mspat,,2026學習詞表 01-08「八」
eight,say,maykaSpat,,2026學習詞表 01-08「八」
eight,tha,kashpat,,2026學習詞表 01-08「八」
eight,sed_to,mspac,,2026學習詞表 01-08「八」
eight,sed_tg,mmsepac,,2026學習詞表 01-08「八」
eight,sed_tr,mspac,,2026學習詞表 01-08「八」
eight,bun_td,vaauʼ,,2026學習詞表 01-08「八」
eight,bun_bh,vauʼ,,2026學習詞表 01-08「八」
eight,bun_vt,vau,,2026學習詞表 01-08「八」
eight,bun_bn,vau,,2026學習詞表 01-08「八」：vau
eight,bun_ib,vau,,2026學習詞表 01-08「八」
eight,pai_es,alu,,2026學習詞表 01-08「八」
eight,pai_nt,alu,,2026學習詞表 01-08「八」
eight,pai_ct,alu,,2026學習詞表 01-08「八」
eight,pai_st,alu,,2026學習詞表 01-08「八」
eight,ruk_es,valro,,2026學習詞表 01-08「八」
eight,ruk_bd,valru,,2026學習詞表 01-08「八」
eight,ruk_tw,valru,,2026學習詞表 01-08「八」
eight,ruk_tn,vao,,2026學習詞表 01-08「八」
eight,ruk_mg,varu,,2026學習詞表 01-08「八」：vuro（計量使用）；varu（數數使用）
eight,ruk_mn,mavalro,,2026學習詞表 01-08「八」：valro 數數時的用法
eight,puy_py,walu,,2026學習詞表 01-08「八」：數量詞
eight,puy_tp,walu,,2026學習詞表 01-08「八」：數數
eight,puy_ws,walu,,2026學習詞表 01-08「八」
eight,puy_ks,walu,,2026學習詞表 01-08「八」：waluwa
eight,trv,maspat,,2026學習詞表 01-08「八」
eight,kav,uwalu,,2026學習詞表 01-08「八」
eight,tso,voyu,,2026學習詞表 01-08「八」
eight,knv,uaru,,2026學習詞表 01-08「八」
eight,hla,ualu,,2026學習詞表 01-08「八」
eight,yam,awao,,2026學習詞表 01-08「八」
eight,sak,walu,,2026學習詞表 01-08「八」
eight,pan,*walu,,ACD PAN 19072-24d27c169c2c881eb09a065116f2aa5c-1「eight」
eight,pmp,*walu,,ACD PMP 19081-24d27c169c2c881eb09a065116f2aa5c-1「eight」
nine,ami_nt,siwa,,2026學習詞表 01-09「九」
nine,ami_hk,siwa^,,2026學習詞表 01-09「九」
nine,ami_ha,siwa,,2026學習詞表 01-09「九」
nine,ami_ml,siwa,,2026學習詞表 01-09「九」
nine,ami_hc,siwa,,2026學習詞表 01-09「九」
nine,ata_sq,mqeru,,2026學習詞表 01-09「九」：mqeruʼ/qeru’/mqiru’
nine,ata_su,m’isu / ma’isu,,2026學習詞表 01-09「九」：ma’isu
nine,ata_ml,mamaqisuʼ,,2026學習詞表 01-09「九」
nine,ata_pl,maʼiruʼ,,2026學習詞表 01-09「九」
nine,ata_sk,qesu/mqesu,,2026學習詞表 01-09「九」
nine,ata_kl,m’esu/mesuw,,2026學習詞表 01-09「九」
nine,say,haeʼhaeʼ,,2026學習詞表 01-09「九」：tae’hae’
nine,tha,tanathu,,2026學習詞表 01-09「九」
nine,sed_to,mngari,,2026學習詞表 01-09「九」
nine,sed_tg,mngari,,2026學習詞表 01-09「九」
nine,sed_tr,mngari,,2026學習詞表 01-09「九」
nine,bun_td,sivaʼ,,2026學習詞表 01-09「九」
nine,bun_bh,sivaʼ,,2026學習詞表 01-09「九」
nine,bun_vt,siva,,2026學習詞表 01-09「九」
nine,bun_bn,siva,,2026學習詞表 01-09「九」：siva
nine,bun_ib,siva,,2026學習詞表 01-09「九」
nine,pai_es,siva,,2026學習詞表 01-09「九」
nine,pai_nt,siva,,2026學習詞表 01-09「九」
nine,pai_ct,siva,,2026學習詞表 01-09「九」
nine,pai_st,siva,,2026學習詞表 01-09「九」
nine,ruk_es,bangate,,2026學習詞表 01-09「九」
nine,ruk_bd,bangate,,2026學習詞表 01-09「九」
nine,ruk_tw,bangate,,2026學習詞表 01-09「九」
nine,ruk_tn,vangate,,2026學習詞表 01-09「九」
nine,ruk_mg,vngatɨ,,2026學習詞表 01-09「九」
nine,ruk_mn,mavangate,,2026學習詞表 01-09「九」：vangate 數數時的用法
nine,puy_py,iwa,,2026學習詞表 01-09「九」：數量詞
nine,puy_tp,iwa,,2026學習詞表 01-09「九」：數數
nine,puy_ws,iwa,,2026學習詞表 01-09「九」
nine,puy_ks,iwa,,2026學習詞表 01-09「九」：iwaywaya
nine,trv,mngari,,2026學習詞表 01-09「九」
nine,kav,usiwa,,2026學習詞表 01-09「九」
nine,tso,sio,,2026學習詞表 01-09「九」
nine,knv,usia,,2026學習詞表 01-09「九」
nine,hla,usiia,,2026學習詞表 01-09「九」
nine,yam,asiyam,,2026學習詞表 01-09「九」
nine,sak,siwa,,2026學習詞表 01-09「九」
nine,pan,*Siwa,,ACD PAN 19072-c785e1ed2950e3e36b1e2ca01f299a54-1「nine」
nine,pmp,*siwa,,ACD PMP 19081-c785e1ed2950e3e36b1e2ca01f299a54-1「nine」
ten,ami_nt,muktep/pulu’,,2026學習詞表 01-10「十」
ten,ami_hk,polo’/mo^tep,,2026學習詞表 01-10「十」
ten,ami_ha,polo’/mo^tep,,2026學習詞表 01-10「十」：同moetep，數數用polo’，數量用moetep。
ten,ami_ml,mo^tep,,2026學習詞表 01-10「十」
ten,ami_hc,moetep/mo^tep,,2026學習詞表 01-10「十」
ten,ata_sq,mopuw,,2026學習詞表 01-10「十」：mpuw/mawpu
ten,ata_su,mpuw / mapuw,,2026學習詞表 01-10「十」：mapuw
ten,ata_ml,magalpu,,2026學習詞表 01-10「十」
ten,ata_pl,malapṟow,,2026學習詞表 01-10「十」
ten,ata_sk,mpux,,2026學習詞表 01-10「十」
ten,ata_kl,mpu/ mopu,,2026學習詞表 01-10「十」
ten,say,lampez,,2026學習詞表 01-10「十」：langpez
ten,tha,makthin,,2026學習詞表 01-10「十」
ten,sed_to,maxal,,2026學習詞表 01-10「十」
ten,sed_tg,maxal,,2026學習詞表 01-10「十」
ten,sed_tr,maxal,,2026學習詞表 01-10「十」
ten,bun_td,macʼan,,2026學習詞表 01-10「十」
ten,bun_bh,macʼan,,2026學習詞表 01-10「十」
ten,bun_vt,masʼan,,2026學習詞表 01-10「十」
ten,bun_bn,masʼan,,2026學習詞表 01-10「十」：mas-an
ten,bun_ib,masʼan,,2026學習詞表 01-10「十」
ten,pai_es,tapuluq,,2026學習詞表 01-10「十」
ten,pai_nt,tapulu’,,2026學習詞表 01-10「十」
ten,pai_ct,tapuluq,,2026學習詞表 01-10「十」
ten,pai_st,tapuluq,,2026學習詞表 01-10「十」
ten,ruk_es,poloko/mangeale,,2026學習詞表 01-10「十」：poloko數數使用/mangeale計量使用
ten,ruk_bd,mangeale,,2026學習詞表 01-10「十」：pulruku為數字零，基數用法；mangeale序數用法
ten,ruk_tw,mangeale,,2026學習詞表 01-10「十」：pulruku零/mangeale計量使用
ten,ruk_tn,poko/mangesale,,2026學習詞表 01-10「十」：poko數數使用/mangesale計量使用
ten,ruk_mg,puruku,,2026學習詞表 01-10「十」：mngesle（計量使用）；puruku（數數使用）
ten,ruk_mn,mamangele,,2026學習詞表 01-10「十」：polroko 數數時的用法
ten,puy_py,pulu,,2026學習詞表 01-10「十」：數量詞
ten,puy_tp,puluʼ,,2026學習詞表 01-10「十」：數數
ten,puy_ws,puluʼ,,2026學習詞表 01-10「十」
ten,puy_ks,puluʼ,,2026學習詞表 01-10「十」：pulu’
ten,trv,maxal,,2026學習詞表 01-10「十」
ten,kav,Rabetin,,2026學習詞表 01-10「十」
ten,tso,maskʉ,,2026學習詞表 01-10「十」
ten,knv,umaan,,2026學習詞表 01-10「十」
ten,hla,maahlʉ,,2026學習詞表 01-10「十」
ten,yam,asa ngernan,,2026學習詞表 01-10「十」
ten,sak,cacay a bataan,,2026學習詞表 01-10「十」
ten,pan,*sa-puluq,,ACD PAN 19072-b1b9a972ccd8c962a473909b97007eb4-1「ten」
ten,pmp,*sa-puluq,,ACD PMP 19081-b1b9a972ccd8c962a473909b97007eb4-2「ten」
twenty,ami_nt,tusa a puluʼ,,2026學習詞表 01-20「二十」
twenty,ami_hk,tosa^ poloʼ,,2026學習詞表 01-20「二十」
twenty,ami_ha,tosa poloʼ,,2026學習詞表 01-20「二十」
twenty,ami_ml,tosa poloʼ,,2026學習詞表 01-20「二十」
twenty,ami_hc,tosa poloʼ,,2026學習詞表 01-20「二十」
twenty,ata_sq,mpusal,,2026學習詞表 01-20「二十」
twenty,ata_su,mpusan / mapusan,,2026學習詞表 01-20「二十」：mapusan
twenty,ata_ml,mapusal,,2026學習詞表 01-20「二十」
twenty,ata_pl,mapusal,,2026學習詞表 01-20「二十」
twenty,ata_sk,mpusal,,2026學習詞表 01-20「二十」
twenty,ata_kl,mpusan,,2026學習詞表 01-20「二十」
twenty,say,Samʼiyaeh,,2026學習詞表 01-20「二十」
twenty,tha,mapushaz,,2026學習詞表 01-20「二十」
twenty,sed_to,mpusal,,2026學習詞表 01-20「二十」
twenty,sed_tg,mpusal,,2026學習詞表 01-20「二十」
twenty,sed_tr,empusal,,2026學習詞表 01-20「二十」
twenty,bun_td,mapusan,,2026學習詞表 01-20「二十」
twenty,bun_bh,mapusan,,2026學習詞表 01-20「二十」
twenty,bun_vt,mapusan,,2026學習詞表 01-20「二十」
twenty,bun_bn,mapusan,,2026學習詞表 01-20「二十」
twenty,bun_ib,mapusʼan,,2026學習詞表 01-20「二十」
twenty,pai_es,drusapuluq,,2026學習詞表 01-20「二十」
twenty,pai_nt,drusa a pulu’,,2026學習詞表 01-20「二十」：drusa a puluq
twenty,pai_ct,drusa a puluq,,2026學習詞表 01-20「二十」
twenty,pai_st,drusa a puluq,,2026學習詞表 01-20「二十」
twenty,ruk_es,maʼosale,,2026學習詞表 01-20「二十」
twenty,ruk_bd,mapusale,,2026學習詞表 01-20「二十」
twenty,ruk_tw,mapusale,,2026學習詞表 01-20「二十」
twenty,ruk_tn,maposale,,2026學習詞表 01-20「二十」
twenty,ruk_mg,mɨposɨle,,2026學習詞表 01-20「二十」
twenty,ruk_mn,mamapoʼale,,2026學習詞表 01-20「二十」
twenty,puy_py,druwa pulu,,2026學習詞表 01-20「二十」：數量詞
twenty,puy_tp,zuwa puluʼ,,2026學習詞表 01-20「二十」：數數
twenty,puy_ws,zuwa puluʼ/makavetraʼan,,2026學習詞表 01-20「二十」
twenty,puy_ks,duwa pulu’/makavecaʼan,,2026學習詞表 01-20「二十」
twenty,trv,empusal,,2026學習詞表 01-20「二十」
twenty,kav,uzusa betin,,2026學習詞表 01-20「二十」
twenty,tso,mpusku,,2026學習詞表 01-20「二十」
twenty,knv,mapusan,,2026學習詞表 01-20「二十」
twenty,hla,mapuahlʉ,,2026學習詞表 01-20「二十」
twenty,yam,adoa a ngernan,,2026學習詞表 01-20「二十」
twenty,sak,tusa a bataan,,2026學習詞表 01-20「二十」
twenty,pan,*ma-puSaN,,ACD PAN 19072-ab389edaabf8d841f5719d0cf64006a3-1「twenty」
twenty,pmp,*ma-puSaN,,PMP 缺項，複製 PAn；ACD PAN 19072-ab389edaabf8d841f5719d0cf64006a3-1「twenty」
hundred,ami_nt,patekenan / cacay a patekenan,,2026學習詞表 01-34「百」；2026學習詞表 01-35「一百」
hundred,ami_hk,liʼan / cecay liʼan,,2026學習詞表 01-34「百」；2026學習詞表 01-35「一百」
hundred,ami_ha,somo’ot / cecay soʼot,,2026學習詞表 01-34「百」；2026學習詞表 01-35「一百」
hundred,ami_ml,somoʼot / cecay soʼot,,2026學習詞表 01-34「百」；2026學習詞表 01-35「一百」
hundred,ami_hc,soʼot / cecay soʼot,,2026學習詞表 01-34「百」；2026學習詞表 01-35「一百」
hundred,ata_sq,kbhul / qutux kbhul,,2026學習詞表 01-34「百」；2026學習詞表 01-35「一百」
hundred,ata_su,kbhun / kabahun / utux kbhun / utux kabahun,,2026學習詞表 01-34「百」：kabhun；2026學習詞表 01-35「一百」
hundred,ata_ml,kabhul / qutux kabhul,,2026學習詞表 01-34「百」；2026學習詞表 01-35「一百」
hundred,ata_pl,kabhul / utux kabhul,,2026學習詞表 01-34「百」；2026學習詞表 01-35「一百」
hundred,ata_sk,kbhul / qutux kbhul,,2026學習詞表 01-34「百」；2026學習詞表 01-35「一百」
hundred,ata_kl,kbhun / utux kbhun,,2026學習詞表 01-34「百」；2026學習詞表 01-35「一百」
hundred,say,kaboehoel / ʼaehaeʼ kinkaboehoel,,2026學習詞表 01-34「百」；2026學習詞表 01-35「一百」
hundred,tha,shaba / tata shaba,,2026學習詞表 01-34「百」；2026學習詞表 01-35「一百」
hundred,sed_to,kbkuy / kingal kbkuy,,2026學習詞表 01-34「百」；2026學習詞表 01-35「一百」
hundred,sed_tg,kbekuy / kingal kbekuy,,2026學習詞表 01-34「百」；2026學習詞表 01-35「一百」
hundred,sed_tr,kbkuy / kingal kbkuy,,2026學習詞表 01-34「百」；2026學習詞表 01-35「一百」
hundred,bun_td,saba / tatsaba,,2026學習詞表 01-34「百」：tatsaba；2026學習詞表 01-35「一百」
hundred,bun_bh,saba / tacsaba/tatsaba,,2026學習詞表 01-34「百」；2026學習詞表 01-35「一百」
hundred,bun_vt,saba / tasʼasaba,,2026學習詞表 01-34「百」；2026學習詞表 01-35「一百」
hundred,bun_bn,sabah / tasʼa sabah/ tastusabah,,2026學習詞表 01-34「百」：tastusaba；2026學習詞表 01-35「一百」：tas-asaba
hundred,bun_ib,saba / tastusaba,,2026學習詞表 01-34「百」；2026學習詞表 01-35「一百」：tastusaba書寫習慣差異
hundred,pai_es,iday / tayday,,2026學習詞表 01-34「百」；2026學習詞表 01-35「一百」
hundred,pai_nt,iday / taiday,,2026學習詞表 01-34「百」；2026學習詞表 01-35「一百」
hundred,pai_ct,iday / taiday,,2026學習詞表 01-34「百」；2026學習詞表 01-35「一百」
hundred,pai_st,iday / taiday,,2026學習詞表 01-34「百」；2026學習詞表 01-35「一百」
hundred,ruk_es,iday / eea ka iday,,2026學習詞表 01-34「百」；2026學習詞表 01-35「一百」
hundred,ruk_bd,iday / vaeva ka iday,,2026學習詞表 01-34「百」；2026學習詞表 01-35「一百」
hundred,ruk_tw,idai / ea ka idai,,2026學習詞表 01-34「百」；2026學習詞表 01-35「一百」
hundred,ruk_tn,iday / sesesane na iday,,2026學習詞表 01-34「百」；2026學習詞表 01-35「一百」
hundred,ruk_mg,ɨdé / sessa na ɨdé,,2026學習詞表 01-34「百」；2026學習詞表 01-35「一百」
hundred,ruk_mn,idhai / maeaea idhai,,2026學習詞表 01-34「百」；2026學習詞表 01-35「一百」
hundred,puy_py,leman / sa leman,,2026學習詞表 01-34「百」：leman百的單位；2026學習詞表 01-35「一百」：saya leman一個百
hundred,puy_tp,leman / sa leman,,2026學習詞表 01-34「百」；2026學習詞表 01-35「一百」
hundred,puy_ws,leman / sa leman,,2026學習詞表 01-34「百」；2026學習詞表 01-35「一百」
hundred,puy_ks,leman / sa leman,,2026學習詞表 01-34「百」；2026學習詞表 01-35「一百」
hundred,trv,kbkuy / kingal kbkuy,,2026學習詞表 01-34「百」；2026學習詞表 01-35「一百」
hundred,kav,Rasibu,,2026學習詞表 01-34「百」；2026學習詞表 01-35「一百」
hundred,tso,se’- / seʼconia/ seʼconza,,2026學習詞表 01-34「百」；2026學習詞表 01-35「一百」：seʼconia達邦說法/ seʼconza特富野說法
hundred,knv,mʉna / cani mʉna,,2026學習詞表 01-34「百」；2026學習詞表 01-35「一百」
hundred,hla,hlimiungu / ucani hlimiungu,,2026學習詞表 01-34「百」；2026學習詞表 01-35「一百」
hundred,yam,asa poo / asa ranaw(錢幣用),,2026學習詞表 01-34「百」：asa poo (一百個東西)。朗島、 野銀、 漁人、東清部落統稱；2026學習詞表 01-35「一百」：asaranow
hundred,sak,lasubu / cacay a lasubu,,2026學習詞表 01-34「百」；2026學習詞表 01-35「一百」
hundred,pan,*RaCus,,ACD PAN 19072-34b569aa5f872cc9d12a7f4e5adf8ec0-1「hundred」
hundred,pmp,*Ratus,,ACD PMP 19081-34b569aa5f872cc9d12a7f4e5adf8ec0-1「hundred」
