concept_id,variety_id,orth,source_type,source_id,source_gloss,source_level,file,sheet,row,source_note,fallback_from
one,ami_nt,cacay,excel,01-01,一,,2026學習詞表-01南勢阿美語.xlsx,01南勢阿美語,5,,
two,ami_nt,tusa,excel,01-02,二,,2026學習詞表-01南勢阿美語.xlsx,01南勢阿美語,6,,
three,ami_nt,tulu,excel,01-03,三,,2026學習詞表-01南勢阿美語.xlsx,01南勢阿美語,7,,
four,ami_nt,sepat,excel,01-04,四,,2026學習詞表-01南勢阿美語.xlsx,01南勢阿美語,8,,
five,ami_nt,lima,excel,01-05,五,,2026學習詞表-01南勢阿美語.xlsx,01南勢阿美語,9,,
six,ami_nt,enem,excel,01-06,六,,2026學習詞表-01南勢阿美語.xlsx,01南勢阿美語,10,,
seven,ami_nt,pitu,excel,01-07,七,,2026學習詞表-01南勢阿美語.xlsx,01南勢阿美語,11,,
eight,ami_nt,walu,excel,01-08,八,,2026學習詞表-01南勢阿美語.xlsx,01南勢阿美語,12,,
nine,ami_nt,siwa,excel,01-09,九,,2026學習詞表-01南勢阿美語.xlsx,01南勢阿美語,13,,
ten,ami_nt,muktep/pulu’,excel,01-10,十,,2026學習詞表-01南勢阿美語.xlsx,01南勢阿美語,14,,
twenty,ami_nt,tusa a puluʼ,excel,01-20,二十,,2026學習詞表-01南勢阿美語.xlsx,01南勢阿美語,24,,
hundred,ami_nt,patekenan,excel,01-34,百,,2026學習詞表-01南勢阿美語.xlsx,01南勢阿美語,38,,
hundred,ami_nt,cacay a patekenan,excel,01-35,一百,,2026學習詞表-01南勢阿美語.xlsx,01南勢阿美語,39,,
some,ami_nt,hatini,excel,01-38,一些,,2026學習詞表-01南勢阿美語.xlsx,01南勢阿美語,42,,
all,ami_nt,amin,excel,01-43,全部,,2026學習詞表-01南勢阿美語.xlsx,01南勢阿美語,47,,
few,ami_nt,adidik,excel,01-44,一點點,,2026學習詞表-01南勢阿美語.xlsx,01南勢阿美語,48,,
you_singular,ami_nt,kisu,excel,02-01,你,,2026學習詞表-01南勢阿美語.xlsx,01南勢阿美語,51,,
i,ami_nt,kaku,excel,02-02,我,,2026學習詞表-01南勢阿美語.xlsx,01南勢阿美語,52,,
he,ami_nt,cira,excel,02-03,他,,2026學習詞表-01南勢阿美語.xlsx,01南勢阿美語,53,,
you_plural,ami_nt,kamu,excel,02-04,你們,,2026學習詞表-01南勢阿美語.xlsx,01南勢阿美語,54,,
we,ami_nt,kami,excel,02-05,我們,,2026學習詞表-01南勢阿美語.xlsx,01南勢阿美語,55,,
they,ami_nt,heni,excel,02-06,他們,,2026學習詞表-01南勢阿美語.xlsx,01南勢阿美語,56,,
we,ami_nt,kita,excel,02-13,我們(排除式),,2026學習詞表-01南勢阿美語.xlsx,01南勢阿美語,63,,
we,ami_nt,kami,excel,02-14,咱們(包含式),,2026學習詞表-01南勢阿美語.xlsx,01南勢阿美語,64,,
that,ami_nt,iraan,excel,02-16,那個,,2026學習詞表-01南勢阿美語.xlsx,01南勢阿美語,66,,
this,ami_nt,kiniyan,excel,02-17,這個,,2026學習詞表-01南勢阿美語.xlsx,01南勢阿美語,67,,
here,ami_nt,itini,excel,02-18,這裡,,2026學習詞表-01南勢阿美語.xlsx,01南勢阿美語,68,,
there,ami_nt,itila,excel,02-19,那裡,,2026學習詞表-01南勢阿美語.xlsx,01南勢阿美語,69,,
what,ami_nt,maan,excel,03-02,什麼,,2026學習詞表-01南勢阿美語.xlsx,01南勢阿美語,73,,
how,ami_nt,mamaan,excel,03-03,如何,,2026學習詞表-01南勢阿美語.xlsx,01南勢阿美語,74,,
when,ami_nt,a hacuwa,excel,03-04,何時(未發生),,2026學習詞表-01南勢阿美語.xlsx,01南勢阿美語,75,,
who,ami_nt,cima,excel,03-05,誰,,2026學習詞表-01南勢阿美語.xlsx,01南勢阿美語,76,,
where,ami_nt,icuwa,excel,03-07,哪裡,,2026學習詞表-01南勢阿美語.xlsx,01南勢阿美語,78,,
how,ami_nt,mamaan,excel,03-09,怎麼,,2026學習詞表-01南勢阿美語.xlsx,01南勢阿美語,80,,
where,ami_nt,icuwa,excel,03-12,什麼地方,,2026學習詞表-01南勢阿美語.xlsx,01南勢阿美語,83,,
when,ami_nt,nahacuwa,excel,03-13,何時(已發生),,2026學習詞表-01南勢阿美語.xlsx,01南勢阿美語,84,,
father,ami_nt,ama,excel,04-01,爸爸,,2026學習詞表-01南勢阿美語.xlsx,01南勢阿美語,87,,
mother,ami_nt,ina,excel,04-02,媽媽,,2026學習詞表-01南勢阿美語.xlsx,01南勢阿美語,88,,
wife,ami_nt,ramud,excel,04-07,配偶,,2026學習詞表-01南勢阿美語.xlsx,01南勢阿美語,93,,
husband,ami_nt,ramud,excel,04-07,配偶,,2026學習詞表-01南勢阿美語.xlsx,01南勢阿美語,93,,
husband,ami_nt,vavainay,excel,04-15,丈夫,,2026學習詞表-01南勢阿美語.xlsx,01南勢阿美語,101,,
name,ami_nt,ngangan,excel,05-01,名字,,2026學習詞表-01南勢阿美語.xlsx,01南勢阿美語,114,,
child,ami_nt,wawa,excel,05-05,孩童,,2026學習詞表-01南勢阿美語.xlsx,01南勢阿美語,118,,
woman,ami_nt,vavahi,excel,05-07,女性,,2026學習詞表-01南勢阿美語.xlsx,01南勢阿美語,120,,
man,ami_nt,vavainay,excel,05-08,男性,,2026學習詞表-01南勢阿美語.xlsx,01南勢阿美語,121,,
person,ami_nt,tamdaw,excel,05-09,人,,2026學習詞表-01南勢阿美語.xlsx,01南勢阿美語,122,,
ear,ami_nt,tangila,excel,06-01,耳朵,,2026學習詞表-01南勢阿美語.xlsx,01南勢阿美語,140,,
leg,ami_nt,cepiʼ,excel,06-02,大腿,,2026學習詞表-01南勢阿美語.xlsx,01南勢阿美語,141,,
eye,ami_nt,mata,excel,06-03,眼睛,,2026學習詞表-01南勢阿美語.xlsx,01南勢阿美語,142,,
mouth,ami_nt,nguyus,excel,06-05,嘴巴,,2026學習詞表-01南勢阿美語.xlsx,01南勢阿美語,144,,
head,ami_nt,tangal,excel,06-06,頭,,2026學習詞表-01南勢阿美語.xlsx,01南勢阿美語,145,,
fingernail,ami_nt,kanus,excel,06-07,指甲,,2026學習詞表-01南勢阿美語.xlsx,01南勢阿美語,146,kanuus(Cikasuan),
hand,ami_nt,kamay,excel,06-08,手,,2026學習詞表-01南勢阿美語.xlsx,01南勢阿美語,147,,
nose,ami_nt,ngangusuan,excel,06-10,鼻子,,2026學習詞表-01南勢阿美語.xlsx,01南勢阿美語,149,,
foot,ami_nt,kukuʼ,excel,06-11,腳,,2026學習詞表-01南勢阿美語.xlsx,01南勢阿美語,150,,
tooth,ami_nt,wadis,excel,06-12,牙齒,,2026學習詞表-01南勢阿美語.xlsx,01南勢阿美語,151,,
hair,ami_nt,vukes,excel,06-13,頭髮,,2026學習詞表-01南勢阿美語.xlsx,01南勢阿美語,152,,
blood,ami_nt,remes,excel,06-14,血,,2026學習詞表-01南勢阿美語.xlsx,01南勢阿美語,153,,
meat,ami_nt,heci,excel,06-15,肉,,2026學習詞表-01南勢阿美語.xlsx,01南勢阿美語,154,,
belly,ami_nt,tiyad,excel,06-17,肚子,,2026學習詞表-01南勢阿美語.xlsx,01南勢阿美語,156,,
breast,ami_nt,cucu,excel,06-18,乳房,,2026學習詞表-01南勢阿美語.xlsx,01南勢阿美語,157,,
back,ami_nt,kulul,excel,06-22,背部,,2026學習詞表-01南勢阿美語.xlsx,01南勢阿美語,161,,
skin,ami_nt,vanges,excel,06-23,皮,,2026學習詞表-01南勢阿美語.xlsx,01南勢阿美語,162,,
heart,ami_nt,valucuʼ,excel,06-28,心臟,,2026學習詞表-01南勢阿美語.xlsx,01南勢阿美語,167,,
knee,ami_nt,tusur,excel,06-31,膝蓋,,2026學習詞表-01南勢阿美語.xlsx,01南勢阿美語,170,,
liver,ami_nt,atay,excel,06-34,肝臟,,2026學習詞表-01南勢阿美語.xlsx,01南勢阿美語,173,,
fat,ami_nt,simal,excel,06-37,油脂,,2026學習詞表-01南勢阿美語.xlsx,01南勢阿美語,176,,
tongue,ami_nt,sema,excel,06-42,舌頭,,2026學習詞表-01南勢阿美語.xlsx,01南勢阿美語,181,,
neck,ami_nt,liel,excel,06-47,脖子,,2026學習詞表-01南勢阿美語.xlsx,01南勢阿美語,186,,
tail,ami_nt,pulut,excel,07-01,尾巴,,2026學習詞表-01南勢阿美語.xlsx,01南勢阿美語,197,,
dog,ami_nt,wacu,excel,07-03,狗,,2026學習詞表-01南勢阿美語.xlsx,01南勢阿美語,199,,
bird,ami_nt,ayam,excel,07-06,鳥,,2026學習詞表-01南勢阿美語.xlsx,01南勢阿美語,202,,
fish,ami_nt,vuting,excel,07-07,魚,,2026學習詞表-01南勢阿美語.xlsx,01南勢阿美語,203,,
snake,ami_nt,uner,excel,07-19,蛇,,2026學習詞表-01南勢阿美語.xlsx,01南勢阿美語,215,,
louse,ami_nt,kutu,excel,07-33,頭蝨,,2026學習詞表-01南勢阿美語.xlsx,01南勢阿美語,229,,
worm,ami_nt,atikak,excel,07-39,蚯蚓,,2026學習詞表-01南勢阿美語.xlsx,01南勢阿美語,235,,
wing,ami_nt,sakuvad,excel,07-49,翅膀,,2026學習詞表-01南勢阿美語.xlsx,01南勢阿美語,245,,
horn,ami_nt,puhung,excel,07-64,(動物的)角,,2026學習詞表-01南勢阿美語.xlsx,01南勢阿美語,260,,
tree,ami_nt,kilang,excel,08-03,樹,,2026學習詞表-01南勢阿美語.xlsx,01南勢阿美語,265,,
leaf,ami_nt,papah,excel,08-06,葉子,,2026學習詞表-01南勢阿美語.xlsx,01南勢阿美語,268,,
flower,ami_nt,varu,excel,08-09,花朵,,2026學習詞表-01南勢阿美語.xlsx,01南勢阿美語,271,,
stick,ami_nt,caang,excel,08-15,樹枝,,2026學習詞表-01南勢阿美語.xlsx,01南勢阿美語,277,,
fruit,ami_nt,heci,excel,08-16,(植物的)果實,,2026學習詞表-01南勢阿美語.xlsx,01南勢阿美語,278,,
grass,ami_nt,rengus,excel,08-20,草,,2026學習詞表-01南勢阿美語.xlsx,01南勢阿美語,282,,
fruit,ami_nt,lusay,excel,08-24,水果,,2026學習詞表-01南勢阿美語.xlsx,01南勢阿美語,286,,
root,ami_nt,lamit,excel,08-28,樹根,,2026學習詞表-01南勢阿美語.xlsx,01南勢阿美語,290,,
seed,ami_nt,sapaluma,excel,08-44,種子,,2026學習詞表-01南勢阿美語.xlsx,01南勢阿美語,306,,
rope,ami_nt,rayic,excel,09-15,繩索,,2026學習詞表-01南勢阿美語.xlsx,01南勢阿美語,335,,
stick,ami_nt,caang,excel,09-18,枝條,,2026學習詞表-01南勢阿美語.xlsx,01南勢阿美語,338,,
ash,ami_nt,avu,excel,09-49,炭灰,,2026學習詞表-01南勢阿美語.xlsx,01南勢阿美語,369,,
road,ami_nt,lalan,excel,10-01,道路,,2026學習詞表-01南勢阿美語.xlsx,01南勢阿美語,393,,
wind,ami_nt,vali,excel,10-04,風,,2026學習詞表-01南勢阿美語.xlsx,01南勢阿美語,396,,
sand,ami_nt,vunak,excel,10-05,沙子,,2026學習詞表-01南勢阿美語.xlsx,01南勢阿美語,397,,
earth,ami_nt,sera,excel,10-06,泥土,,2026學習詞表-01南勢阿美語.xlsx,01南勢阿美語,398,,
river,ami_nt,tarawadaw,excel,10-07,河流,,2026學習詞表-01南勢阿美語.xlsx,01南勢阿美語,399,,
lake,ami_nt,vanaw,excel,10-08,湖泊,,2026學習詞表-01南勢阿美語.xlsx,01南勢阿美語,400,,
forest,ami_nt,kilakilangan,excel,10-09,森林,,2026學習詞表-01南勢阿美語.xlsx,01南勢阿美語,401,,
sun,ami_nt,cidal,excel,11-02,太陽,,2026學習詞表-01南勢阿美語.xlsx,01南勢阿美語,417,,
moon,ami_nt,vulad,excel,11-03,月亮,,2026學習詞表-01南勢阿美語.xlsx,01南勢阿美語,418,,
sky,ami_nt,kakarayan,excel,11-04,天空,,2026學習詞表-01南勢阿美語.xlsx,01南勢阿美語,419,,
star,ami_nt,vuis,excel,11-05,星星,,2026學習詞表-01南勢阿美語.xlsx,01南勢阿美語,420,,
rain,ami_nt,urad,excel,11-06,雨,,2026學習詞表-01南勢阿美語.xlsx,01南勢阿美語,421,,
snow,ami_nt,suleda,excel,11-07,雪,,2026學習詞表-01南勢阿美語.xlsx,01南勢阿美語,422,,
smoke,ami_nt,acuvel,excel,11-13,煙,,2026學習詞表-01南勢阿美語.xlsx,01南勢阿美語,428,,
fire,ami_nt,lamal,excel,11-17,火,,2026學習詞表-01南勢阿美語.xlsx,01南勢阿美語,432,,
ice,ami_nt,kuli,excel,11-18,冰,,2026學習詞表-01南勢阿美語.xlsx,01南勢阿美語,433,,
stone,ami_nt,vekeluh,excel,12-05,石頭,,2026學習詞表-01南勢阿美語.xlsx,01南勢阿美語,454,,
night,ami_nt,lavii,excel,13-02,晚上,,2026學習詞表-01南勢阿美語.xlsx,01南勢阿美語,471,,
day,ami_nt,remiad,excel,13-07,白天,,2026學習詞表-01南勢阿美語.xlsx,01南勢阿美語,476,,
night,ami_nt,laviʼi,excel,13-22,夜,,2026學習詞表-01南勢阿美語.xlsx,01南勢阿美語,491,,
year,ami_nt,mihca,excel,13-28,年,,2026學習詞表-01南勢阿美語.xlsx,01南勢阿美語,497,,
in,ami_nt,lalavu,excel,14-01,裡面,,2026學習詞表-01南勢阿美語.xlsx,01南勢阿美語,502,,
at,ami_nt,icuwaay,excel,14-02,在某處,,2026學習詞表-01南勢阿美語.xlsx,01南勢阿美語,503,,
right,ami_nt,kawanan,excel,14-10,右邊,,2026學習詞表-01南勢阿美語.xlsx,01南勢阿美語,511,,
left,ami_nt,kawiliyan,excel,14-11,左邊,,2026學習詞表-01南勢阿美語.xlsx,01南勢阿美語,512,,
water,ami_nt,nanum,excel,21-02,水,,2026學習詞表-01南勢阿美語.xlsx,01南勢阿美語,601,,
salt,ami_nt,cilah,excel,21-07,鹽,,2026學習詞表-01南勢阿美語.xlsx,01南勢阿美語,606,,
egg,ami_nt,litaul,excel,21-09,蛋,,2026學習詞表-01南勢阿美語.xlsx,01南勢阿美語,608,,
white,ami_nt,vuhecalay,excel,22-01,白色的,,2026學習詞表-01南勢阿美語.xlsx,01南勢阿美語,626,,
black,ami_nt,muhetingay,excel,22-02,黑色的,,2026學習詞表-01南勢阿美語.xlsx,01南勢阿美語,627,,
red,ami_nt,lahengangay,excel,22-03,紅色的,,2026學習詞表-01南勢阿美語.xlsx,01南勢阿美語,628,,
yellow,ami_nt,kulawlaway,excel,22-05,黃色的,,2026學習詞表-01南勢阿美語.xlsx,01南勢阿美語,630,,
green,ami_nt,langdaway,excel,22-08,綠色的,,2026學習詞表-01南勢阿美語.xlsx,01南勢阿美語,633,,
give,ami_nt,paveli,excel,25-07,給,,2026學習詞表-01南勢阿美語.xlsx,01南勢阿美語,663,,
come,ami_nt,tayni,excel,25-08,來,,2026學習詞表-01南勢阿美語.xlsx,01南勢阿美語,664,,
walk,ami_nt,remakat,excel,25-10,走路,,2026學習詞表-01南勢阿美語.xlsx,01南勢阿美語,666,,
fly,ami_nt,vaher,excel,25-12,飛,,2026學習詞表-01南勢阿美語.xlsx,01南勢阿美語,668,,
fall,ami_nt,terak,excel,25-26,(植物的果實)掉落,,2026學習詞表-01南勢阿美語.xlsx,01南勢阿美語,682,,
sit,ami_nt,maruʼ,excel,25-43,坐著,,2026學習詞表-01南勢阿美語.xlsx,01南勢阿美語,699,,
stand,ami_nt,temireng,excel,25-44,站著,,2026學習詞表-01南勢阿美語.xlsx,01南勢阿美語,700,,
sit,ami_nt,maruʼ,excel,26-03,坐下,,2026學習詞表-01南勢阿美語.xlsx,01南勢阿美語,712,,
hit,ami_nt,taes,excel,26-08,打(人),,2026學習詞表-01南勢阿美語.xlsx,01南勢阿美語,717,,
stab,ami_nt,cucuk,excel,26-09,刺,,2026學習詞表-01南勢阿美語.xlsx,01南勢阿美語,718,,
push,ami_nt,cekeruh,excel,26-13,推,,2026學習詞表-01南勢阿美語.xlsx,01南勢阿美語,722,,
scratch,ami_nt,kuskus,excel,26-18,抓癢,,2026學習詞表-01南勢阿美語.xlsx,01南勢阿美語,727,,
lie,ami_nt,taelingang,excel,26-20,仰躺,,2026學習詞表-01南勢阿美語.xlsx,01南勢阿美語,729,taengan躺,
blow,ami_nt,iyup,excel,26-28,吹,,2026學習詞表-01南勢阿美語.xlsx,01南勢阿美語,737,,
dig,ami_nt,kali,excel,26-29,挖掘,,2026學習詞表-01南勢阿美語.xlsx,01南勢阿美語,738,,
cut,ami_nt,cikcik,excel,26-30,切,,2026學習詞表-01南勢阿美語.xlsx,01南勢阿美語,739,,
swim,ami_nt,danguy,excel,26-31,游泳,,2026學習詞表-01南勢阿美語.xlsx,01南勢阿美語,740,,
tie,ami_nt,suut,excel,26-38,綁住,,2026學習詞表-01南勢阿美語.xlsx,01南勢阿美語,747,,
pull,ami_nt,tengteng,excel,26-39,拉,,2026學習詞表-01南勢阿美語.xlsx,01南勢阿美語,748,,
split,ami_nt,pelaʼ,excel,26-40,劈(木材),,2026學習詞表-01南勢阿美語.xlsx,01南勢阿美語,749,,
hold,ami_nt,awit,excel,26-42,提著,,2026學習詞表-01南勢阿美語.xlsx,01南勢阿美語,751,,
hold,ami_nt,rapet,excel,26-43,握著,,2026學習詞表-01南勢阿美語.xlsx,01南勢阿美語,752,,
tie,ami_nt,valud,excel,26-44,捆綁,,2026學習詞表-01南勢阿美語.xlsx,01南勢阿美語,753,,
scratch,ami_nt,kirikiri’,excel,26-56,搔癢,,2026學習詞表-01南勢阿美語.xlsx,01南勢阿美語,765,,
rub,ami_nt,lutlut,excel,26-85,揉搓(衣物),,2026學習詞表-01南勢阿美語.xlsx,01南勢阿美語,794,,
lie,ami_nt,kirir,excel,26-88,側臥,,2026學習詞表-01南勢阿美語.xlsx,01南勢阿美語,797,,
fight,ami_nt,maletaes,excel,26-96,打架,,2026學習詞表-01南勢阿美語.xlsx,01南勢阿美語,805,,
squeeze,ami_nt,celcel,excel,26-97,擠,,2026學習詞表-01南勢阿美語.xlsx,01南勢阿美語,806,,
dig,ami_nt,kali,excel,26-100,(用手)挖掘,,2026學習詞表-01南勢阿美語.xlsx,01南勢阿美語,809,,
stand,ami_nt,temireng,excel,26-105,起立,,2026學習詞表-01南勢阿美語.xlsx,01南勢阿美語,814,,
eat,ami_nt,kaen,excel,27-01,吃,,2026學習詞表-01南勢阿美語.xlsx,01南勢阿美語,816,,
suck,ami_nt,helup,excel,27-02,吸,,2026學習詞表-01南勢阿美語.xlsx,01南勢阿美語,817,,
drink,ami_nt,minanum,excel,27-03,喝,,2026學習詞表-01南勢阿美語.xlsx,01南勢阿美語,818,,
vomit,ami_nt,mutaʼ,excel,27-04,吐,,2026學習詞表-01南勢阿美語.xlsx,01南勢阿美語,819,,
bite,ami_nt,kalat,excel,27-05,咬,,2026學習詞表-01南勢阿美語.xlsx,01南勢阿美語,820,,
eat,ami_nt,kemaen,excel,27-15,吃(東西),,2026學習詞表-01南勢阿美語.xlsx,01南勢阿美語,830,,
know,ami_nt,mavanaʼ,excel,28-02,知道,,2026學習詞表-01南勢阿美語.xlsx,01南勢阿美語,836,,
see,ami_nt,melaw,excel,28-03,看,,2026學習詞表-01南勢阿美語.xlsx,01南勢阿美語,837,,
smell,ami_nt,sanek,excel,28-07,聞(如聞味道),,2026學習詞表-01南勢阿美語.xlsx,01南勢阿美語,841,,
hear,ami_nt,tengil,excel,28-19,聽,,2026學習詞表-01南勢阿美語.xlsx,01南勢阿美語,853,,
think,ami_nt,simsim,excel,28-25,想(思考),,2026學習詞表-01南勢阿美語.xlsx,01南勢阿美語,859,,
fear,ami_nt,matalaw,excel,29-02,害怕,,2026學習詞表-01南勢阿美語.xlsx,01南勢阿美語,866,,
wash,ami_nt,mivaca’,excel,30-02,洗(衣物),,2026學習詞表-01南勢阿美語.xlsx,01南勢阿美語,876,,
sleep,ami_nt,mavutiʼ,excel,30-09,睡覺,,2026學習詞表-01南勢阿美語.xlsx,01南勢阿美語,883,,
kill,ami_nt,mipacuk,excel,30-10,殺牲畜,,2026學習詞表-01南勢阿美語.xlsx,01南勢阿美語,884,,
lie,ami_nt,taelingan,excel,30-16,躺臥,,2026學習詞表-01南勢阿美語.xlsx,01南勢阿美語,890,,
burn,ami_nt,iluh,excel,30-20,燒(如燒稻草),,2026學習詞表-01南勢阿美語.xlsx,01南勢阿美語,894,另作：curah 放火燒,
hunt,ami_nt,pateker,excel,30-25,陷獵,,2026學習詞表-01南勢阿美語.xlsx,01南勢阿美語,899,,
burn,ami_nt,iluh,excel,30-54,燃燒,,2026學習詞表-01南勢阿美語.xlsx,01南勢阿美語,928,,
drink,ami_nt,minanum,excel,30-61,喝(水),,2026學習詞表-01南勢阿美語.xlsx,01南勢阿美語,935,,
sing,ami_nt,remadiw,excel,30-64,唱歌,,2026學習詞表-01南勢阿美語.xlsx,01南勢阿美語,938,,
play,ami_nt,mihulul,excel,30-65,玩耍,,2026學習詞表-01南勢阿美語.xlsx,01南勢阿美語,939,,
die,ami_nt,patay,excel,31-01,死亡,,2026學習詞表-01南勢阿美語.xlsx,01南勢阿美語,941,,
live,ami_nt,mauripay,excel,31-08,活的,,2026學習詞表-01南勢阿美語.xlsx,01南勢阿美語,948,,
heavy,ami_nt,vaeket,excel,32-02,重(重量),,2026學習詞表-01南勢阿美語.xlsx,01南勢阿美語,963,,
big,ami_nt,tataakay,excel,32-05,大的,,2026學習詞表-01南勢阿美語.xlsx,01南勢阿美語,966,,
cold,ami_nt,sienaw,excel,32-08,冷,,2026學習詞表-01南勢阿美語.xlsx,01南勢阿美語,969,,
small,ami_nt,adidikay,excel,32-09,小的,,2026學習詞表-01南勢阿美語.xlsx,01南勢阿美語,970,另作:adidi’,
many,ami_nt,adihay,excel,32-10,多,,2026學習詞表-01南勢阿美語.xlsx,01南勢阿美語,971,,
cold,ami_nt,lietec,excel,32-12,冰冷,,2026學習詞表-01南勢阿美語.xlsx,01南勢阿美語,973,,
few,ami_nt,adidiay,excel,32-14,少的,,2026學習詞表-01南勢阿美語.xlsx,01南勢阿美語,975,,
laugh,ami_nt,tawa,excel,32-16,笑,,2026學習詞表-01南勢阿美語.xlsx,01南勢阿美語,977,,
wet,ami_nt,raremeday,excel,32-17,濕的,,2026學習詞表-01南勢阿美語.xlsx,01南勢阿美語,978,,
thick,ami_nt,kivetulay,excel,32-19,厚的,,2026學習詞表-01南勢阿美語.xlsx,01南勢阿美語,980,,
thin,ami_nt,duhepicay,excel,32-21,薄的,,2026學習詞表-01南勢阿美語.xlsx,01南勢阿美語,982,,
dirty,ami_nt,uning,excel,32-22,髒,,2026學習詞表-01南勢阿美語.xlsx,01南勢阿美語,983,,
dry,ami_nt,malicangay,excel,32-28,乾的,,2026學習詞表-01南勢阿美語.xlsx,01南勢阿美語,989,,
new,ami_nt,valuhay,excel,32-31,新的,,2026學習詞表-01南勢阿美語.xlsx,01南勢阿美語,992,,
old,ami_nt,malumanay,excel,32-32,舊的,,2026學習詞表-01南勢阿美語.xlsx,01南勢阿美語,993,,
near,ami_nt,ngata,excel,32-33,近,,2026學習詞表-01南勢阿美語.xlsx,01南勢阿美語,994,,
bad,ami_nt,mapeciʼ,excel,32-35,壞掉,,2026學習詞表-01南勢阿美語.xlsx,01南勢阿美語,996,,
far,ami_nt,raay,excel,32-37,遠,,2026學習詞表-01南勢阿美語.xlsx,01南勢阿美語,998,,
swell,ami_nt,levawa,excel,32-38,腫,,2026學習詞表-01南勢阿美語.xlsx,01南勢阿美語,999,,
smooth,ami_nt,lameneng,excel,32-44,滑,,2026學習詞表-01南勢阿美語.xlsx,01南勢阿美語,1005,,
warm,ami_nt,diheku,excel,32-56,暖和,,2026學習詞表-01南勢阿美語.xlsx,01南勢阿美語,1017,,
dull,ami_nt,matalesay,excel,32-57,鈍的,,2026學習詞表-01南勢阿美語.xlsx,01南勢阿美語,1018,,
straight,ami_nt,mecel,excel,32-65,直,,2026學習詞表-01南勢阿美語.xlsx,01南勢阿美語,1026,,
full,ami_nt,matumes tu,excel,32-66,滿了,,2026學習詞表-01南勢阿美語.xlsx,01南勢阿美語,1027,,
wide,ami_nt,dadahal,excel,32-68,(空間)寬敞,,2026學習詞表-01南勢阿美語.xlsx,01南勢阿美語,1029,另作：lalahad寬廣,
correct,ami_nt,marucek,excel,32-69,正確,,2026學習詞表-01南勢阿美語.xlsx,01南勢阿美語,1030,,
warm,ami_nt,rengahaway,excel,32-72,溫的(水),,2026學習詞表-01南勢阿美語.xlsx,01南勢阿美語,1033,,
long,ami_nt,rarayaʼ,excel,32-74,長,,2026學習詞表-01南勢阿美語.xlsx,01南勢阿美語,1035,,
short,ami_nt,apuruʼ,excel,32-76,短,,2026學習詞表-01南勢阿美語.xlsx,01南勢阿美語,1037,,
full,ami_nt,tumes,excel,32-79,滿滿,,2026學習詞表-01南勢阿美語.xlsx,01南勢阿美語,1040,,
wipe,ami_nt,sipu,excel,33-06,擦拭,,2026學習詞表-01南勢阿美語.xlsx,01南勢阿美語,1048,,
throw,ami_nt,valah,excel,34-19,丟棄,,2026學習詞表-01南勢阿美語.xlsx,01南勢阿美語,1069,,
count,ami_nt,sausi,excel,34-29,數(計算),,2026學習詞表-01南勢阿美語.xlsx,01南勢阿美語,1079,,
good,ami_nt,kapah,excel,34-34,好,,2026學習詞表-01南勢阿美語.xlsx,01南勢阿美語,1084,,
not,ami_nt,caay,excel,35-03,不是(回答用),,2026學習詞表-01南勢阿美語.xlsx,01南勢阿美語,1092,,
because,ami_nt,kiyami,excel,36-05,因為,,2026學習詞表-01南勢阿美語.xlsx,01南勢阿美語,1101,,
and,ami_nt,atu,excel,36-18,和,,2026學習詞表-01南勢阿美語.xlsx,01南勢阿美語,1114,,
if,ami_nt,anu,excel,36-22,如果,,2026學習詞表-01南勢阿美語.xlsx,01南勢阿美語,1118,,
one,ami_hk,cecay,excel,01-01,一,,2026學習詞表-02秀姑巒阿美語.xlsx,02秀姑巒阿美語,5,,
two,ami_hk,tosa^,excel,01-02,二,,2026學習詞表-02秀姑巒阿美語.xlsx,02秀姑巒阿美語,6,,
three,ami_hk,tolo^,excel,01-03,三,,2026學習詞表-02秀姑巒阿美語.xlsx,02秀姑巒阿美語,7,,
four,ami_hk,sepat,excel,01-04,四,,2026學習詞表-02秀姑巒阿美語.xlsx,02秀姑巒阿美語,8,,
five,ami_hk,lima^,excel,01-05,五,,2026學習詞表-02秀姑巒阿美語.xlsx,02秀姑巒阿美語,9,,
six,ami_hk,enem,excel,01-06,六,,2026學習詞表-02秀姑巒阿美語.xlsx,02秀姑巒阿美語,10,,
seven,ami_hk,pito^,excel,01-07,七,,2026學習詞表-02秀姑巒阿美語.xlsx,02秀姑巒阿美語,11,,
eight,ami_hk,falo^,excel,01-08,八,,2026學習詞表-02秀姑巒阿美語.xlsx,02秀姑巒阿美語,12,,
nine,ami_hk,siwa^,excel,01-09,九,,2026學習詞表-02秀姑巒阿美語.xlsx,02秀姑巒阿美語,13,,
ten,ami_hk,polo’/mo^tep,excel,01-10,十,,2026學習詞表-02秀姑巒阿美語.xlsx,02秀姑巒阿美語,14,,
twenty,ami_hk,tosa^ poloʼ,excel,01-20,二十,,2026學習詞表-02秀姑巒阿美語.xlsx,02秀姑巒阿美語,24,,
hundred,ami_hk,liʼan,excel,01-34,百,,2026學習詞表-02秀姑巒阿美語.xlsx,02秀姑巒阿美語,38,,
hundred,ami_hk,cecay liʼan,excel,01-35,一百,,2026學習詞表-02秀姑巒阿美語.xlsx,02秀姑巒阿美語,39,,
some,ami_hk,hati:ni,excel,01-38,一些,,2026學習詞表-02秀姑巒阿美語.xlsx,02秀姑巒阿美語,42,,
all,ami_hk,maemin,excel,01-43,全部,,2026學習詞表-02秀姑巒阿美語.xlsx,02秀姑巒阿美語,47,,
few,ami_hk,mamang,excel,01-44,一點點,,2026學習詞表-02秀姑巒阿美語.xlsx,02秀姑巒阿美語,48,,
you_singular,ami_hk,kiso,excel,02-01,你,,2026學習詞表-02秀姑巒阿美語.xlsx,02秀姑巒阿美語,51,,
i,ami_hk,kako,excel,02-02,我,,2026學習詞表-02秀姑巒阿美語.xlsx,02秀姑巒阿美語,52,,
he,ami_hk,ciira,excel,02-03,他,,2026學習詞表-02秀姑巒阿美語.xlsx,02秀姑巒阿美語,53,,
you_plural,ami_hk,kamo,excel,02-04,你們,,2026學習詞表-02秀姑巒阿美語.xlsx,02秀姑巒阿美語,54,,
we,ami_hk,kita,excel,02-05,我們,,2026學習詞表-02秀姑巒阿美語.xlsx,02秀姑巒阿美語,55,,
they,ami_hk,caira,excel,02-06,他們,,2026學習詞表-02秀姑巒阿美語.xlsx,02秀姑巒阿美語,56,,
we,ami_hk,kami,excel,02-13,我們(排除式),,2026學習詞表-02秀姑巒阿美語.xlsx,02秀姑巒阿美語,63,,
we,ami_hk,kita,excel,02-14,咱們(包含式),,2026學習詞表-02秀姑巒阿美語.xlsx,02秀姑巒阿美語,64,,
that,ami_hk,nora/raan,excel,02-16,那個,,2026學習詞表-02秀姑巒阿美語.xlsx,02秀姑巒阿美語,66,,
this,ami_hk,noni/nian,excel,02-17,這個,,2026學習詞表-02秀姑巒阿美語.xlsx,02秀姑巒阿美語,67,,
here,ami_hk,itini,excel,02-18,這裡,,2026學習詞表-02秀姑巒阿美語.xlsx,02秀姑巒阿美語,68,,
there,ami_hk,itira,excel,02-19,那裡,,2026學習詞表-02秀姑巒阿美語.xlsx,02秀姑巒阿美語,69,,
what,ami_hk,maan,excel,03-02,什麼,,2026學習詞表-02秀姑巒阿美語.xlsx,02秀姑巒阿美語,73,,
how,ami_hk,masamaan,excel,03-03,如何,,2026學習詞表-02秀姑巒阿美語.xlsx,02秀姑巒阿美語,74,,
when,ami_hk,ihacowa^,excel,03-04,何時(未發生),,2026學習詞表-02秀姑巒阿美語.xlsx,02秀姑巒阿美語,75,,
who,ami_hk,cima^,excel,03-05,誰,,2026學習詞表-02秀姑巒阿美語.xlsx,02秀姑巒阿美語,76,,
where,ami_hk,icowa^,excel,03-07,哪裡,,2026學習詞表-02秀姑巒阿美語.xlsx,02秀姑巒阿美語,78,,
how,ami_hk,mamaan,excel,03-09,怎麼,,2026學習詞表-02秀姑巒阿美語.xlsx,02秀姑巒阿美語,80,,
where,ami_hk,icowa^,excel,03-12,什麼地方,,2026學習詞表-02秀姑巒阿美語.xlsx,02秀姑巒阿美語,83,,
when,ami_hk,ihacowa^,excel,03-13,何時(已發生),,2026學習詞表-02秀姑巒阿美語.xlsx,02秀姑巒阿美語,84,,
father,ami_hk,mama^,excel,04-01,爸爸,,2026學習詞表-02秀姑巒阿美語.xlsx,02秀姑巒阿美語,87,,
mother,ami_hk,ina^,excel,04-02,媽媽,,2026學習詞表-02秀姑巒阿美語.xlsx,02秀姑巒阿美語,88,,
wife,ami_hk,tihi,excel,04-07,配偶,,2026學習詞表-02秀姑巒阿美語.xlsx,02秀姑巒阿美語,93,,
husband,ami_hk,tihi,excel,04-07,配偶,,2026學習詞表-02秀姑巒阿美語.xlsx,02秀姑巒阿美語,93,,
husband,ami_hk,faʼinay,excel,04-15,丈夫,,2026學習詞表-02秀姑巒阿美語.xlsx,02秀姑巒阿美語,101,,
name,ami_hk,ngangan,excel,05-01,名字,,2026學習詞表-02秀姑巒阿美語.xlsx,02秀姑巒阿美語,114,,
child,ami_hk,wawa^,excel,05-05,孩童,,2026學習詞表-02秀姑巒阿美語.xlsx,02秀姑巒阿美語,118,,
woman,ami_hk,fafahiyan/fayfahi,excel,05-07,女性,,2026學習詞表-02秀姑巒阿美語.xlsx,02秀姑巒阿美語,120,,
man,ami_hk,faʼinayan/fanaʼinay,excel,05-08,男性,,2026學習詞表-02秀姑巒阿美語.xlsx,02秀姑巒阿美語,121,,
person,ami_hk,tamdaw,excel,05-09,人,,2026學習詞表-02秀姑巒阿美語.xlsx,02秀姑巒阿美語,122,,
ear,ami_hk,tangila^,excel,06-01,耳朵,,2026學習詞表-02秀姑巒阿美語.xlsx,02秀姑巒阿美語,140,,
leg,ami_hk,cepiʼ,excel,06-02,大腿,,2026學習詞表-02秀姑巒阿美語.xlsx,02秀姑巒阿美語,141,,
eye,ami_hk,mata^,excel,06-03,眼睛,,2026學習詞表-02秀姑巒阿美語.xlsx,02秀姑巒阿美語,142,,
mouth,ami_hk,ngapa^/ngoyos,excel,06-05,嘴巴,,2026學習詞表-02秀姑巒阿美語.xlsx,02秀姑巒阿美語,144,,
head,ami_hk,tangal,excel,06-06,頭,,2026學習詞表-02秀姑巒阿美語.xlsx,02秀姑巒阿美語,145,,
fingernail,ami_hk,kanoos,excel,06-07,指甲,,2026學習詞表-02秀姑巒阿美語.xlsx,02秀姑巒阿美語,146,,
hand,ami_hk,kamay,excel,06-08,手,,2026學習詞表-02秀姑巒阿美語.xlsx,02秀姑巒阿美語,147,,
nose,ami_hk,songetan/ngosoʼ,excel,06-10,鼻子,,2026學習詞表-02秀姑巒阿美語.xlsx,02秀姑巒阿美語,149,,
foot,ami_hk,waʼay,excel,06-11,腳,,2026學習詞表-02秀姑巒阿美語.xlsx,02秀姑巒阿美語,150,,
tooth,ami_hk,wadis,excel,06-12,牙齒,,2026學習詞表-02秀姑巒阿美語.xlsx,02秀姑巒阿美語,151,,
hair,ami_hk,fokes,excel,06-13,頭髮,,2026學習詞表-02秀姑巒阿美語.xlsx,02秀姑巒阿美語,152,,
blood,ami_hk,remes,excel,06-14,血,,2026學習詞表-02秀姑巒阿美語.xlsx,02秀姑巒阿美語,153,,
meat,ami_hk,heci/titi^,excel,06-15,肉,,2026學習詞表-02秀姑巒阿美語.xlsx,02秀姑巒阿美語,154,heci人體的肉/titi^食用的肉,
belly,ami_hk,tiyad,excel,06-17,肚子,,2026學習詞表-02秀姑巒阿美語.xlsx,02秀姑巒阿美語,156,,
breast,ami_hk,coco^,excel,06-18,乳房,,2026學習詞表-02秀姑巒阿美語.xlsx,02秀姑巒阿美語,157,,
back,ami_hk,koror,excel,06-22,背部,,2026學習詞表-02秀姑巒阿美語.xlsx,02秀姑巒阿美語,161,,
skin,ami_hk,fanges,excel,06-23,皮,,2026學習詞表-02秀姑巒阿美語.xlsx,02秀姑巒阿美語,162,,
heart,ami_hk,falocoʼ,excel,06-28,心臟,,2026學習詞表-02秀姑巒阿美語.xlsx,02秀姑巒阿美語,167,,
knee,ami_hk,tosor,excel,06-31,膝蓋,,2026學習詞表-02秀姑巒阿美語.xlsx,02秀姑巒阿美語,170,,
liver,ami_hk,ʼatay,excel,06-34,肝臟,,2026學習詞表-02秀姑巒阿美語.xlsx,02秀姑巒阿美語,173,,
fat,ami_hk,simal,excel,06-37,油脂,,2026學習詞表-02秀姑巒阿美語.xlsx,02秀姑巒阿美語,176,,
tongue,ami_hk,sema^,excel,06-42,舌頭,,2026學習詞表-02秀姑巒阿美語.xlsx,02秀姑巒阿美語,181,,
neck,ami_hk,liʼel / aʼilocan,excel,06-47,脖子,,2026學習詞表-02秀姑巒阿美語.xlsx,02秀姑巒阿美語,186,,
tail,ami_hk,kikol,excel,07-01,尾巴,,2026學習詞表-02秀姑巒阿美語.xlsx,02秀姑巒阿美語,197,,
dog,ami_hk,waco^,excel,07-03,狗,,2026學習詞表-02秀姑巒阿美語.xlsx,02秀姑巒阿美語,199,,
bird,ami_hk,ʼayam,excel,07-06,鳥,,2026學習詞表-02秀姑巒阿美語.xlsx,02秀姑巒阿美語,202,,
fish,ami_hk,foting,excel,07-07,魚,,2026學習詞表-02秀姑巒阿美語.xlsx,02秀姑巒阿美語,203,,
snake,ami_hk,ʼoner,excel,07-19,蛇,,2026學習詞表-02秀姑巒阿美語.xlsx,02秀姑巒阿美語,215,,
louse,ami_hk,koto^,excel,07-33,頭蝨,,2026學習詞表-02秀姑巒阿美語.xlsx,02秀姑巒阿美語,229,,
worm,ami_hk,ʼatikak,excel,07-39,蚯蚓,,2026學習詞表-02秀姑巒阿美語.xlsx,02秀姑巒阿美語,235,,
wing,ami_hk,sapikpik,excel,07-49,翅膀,,2026學習詞表-02秀姑巒阿美語.xlsx,02秀姑巒阿美語,245,,
horn,ami_hk,pohong,excel,07-64,(動物的)角,,2026學習詞表-02秀姑巒阿美語.xlsx,02秀姑巒阿美語,260,,
tree,ami_hk,kilang,excel,08-03,樹,,2026學習詞表-02秀姑巒阿美語.xlsx,02秀姑巒阿美語,265,,
leaf,ami_hk,papah,excel,08-06,葉子,,2026學習詞表-02秀姑巒阿美語.xlsx,02秀姑巒阿美語,268,,
flower,ami_hk,rohayan,excel,08-09,花朵,,2026學習詞表-02秀姑巒阿美語.xlsx,02秀姑巒阿美語,271,,
stick,ami_hk,caʼang,excel,08-15,樹枝,,2026學習詞表-02秀姑巒阿美語.xlsx,02秀姑巒阿美語,277,,
fruit,ami_hk,heci^,excel,08-16,(植物的)果實,,2026學習詞表-02秀姑巒阿美語.xlsx,02秀姑巒阿美語,278,,
grass,ami_hk,rengos,excel,08-20,草,,2026學習詞表-02秀姑巒阿美語.xlsx,02秀姑巒阿美語,282,,
fruit,ami_hk,soy-kwo,excel,08-24,水果,,2026學習詞表-02秀姑巒阿美語.xlsx,02秀姑巒阿美語,286,,
root,ami_hk,lamit,excel,08-28,樹根,,2026學習詞表-02秀姑巒阿美語.xlsx,02秀姑巒阿美語,290,,
seed,ami_hk,sapaloma^,excel,08-44,種子,,2026學習詞表-02秀姑巒阿美語.xlsx,02秀姑巒阿美語,306,,
rope,ami_hk,lopo^ / sasoʼot,excel,09-15,繩索,,2026學習詞表-02秀姑巒阿美語.xlsx,02秀姑巒阿美語,335,,
stick,ami_hk,caʼang,excel,09-18,枝條,,2026學習詞表-02秀姑巒阿美語.xlsx,02秀姑巒阿美語,338,,
ash,ami_hk,ʼafo^,excel,09-49,炭灰,,2026學習詞表-02秀姑巒阿美語.xlsx,02秀姑巒阿美語,369,,
road,ami_hk,lalan,excel,10-01,道路,,2026學習詞表-02秀姑巒阿美語.xlsx,02秀姑巒阿美語,393,,
wind,ami_hk,fali^,excel,10-04,風,,2026學習詞表-02秀姑巒阿美語.xlsx,02秀姑巒阿美語,396,,
sand,ami_hk,fonak/tafok,excel,10-05,沙子,,2026學習詞表-02秀姑巒阿美語.xlsx,02秀姑巒阿美語,397,,
earth,ami_hk,sera^,excel,10-06,泥土,,2026學習詞表-02秀姑巒阿美語.xlsx,02秀姑巒阿美語,398,,
river,ami_hk,ʼalo^,excel,10-07,河流,,2026學習詞表-02秀姑巒阿美語.xlsx,02秀姑巒阿美語,399,,
lake,ami_hk,fanaw,excel,10-08,湖泊,,2026學習詞表-02秀姑巒阿美語.xlsx,02秀姑巒阿美語,400,,
forest,ami_hk,kilakilangan,excel,10-09,森林,,2026學習詞表-02秀姑巒阿美語.xlsx,02秀姑巒阿美語,401,,
sun,ami_hk,cidal,excel,11-02,太陽,,2026學習詞表-02秀姑巒阿美語.xlsx,02秀姑巒阿美語,417,,
moon,ami_hk,folad,excel,11-03,月亮,,2026學習詞表-02秀姑巒阿美語.xlsx,02秀姑巒阿美語,418,,
sky,ami_hk,kakarayan,excel,11-04,天空,,2026學習詞表-02秀姑巒阿美語.xlsx,02秀姑巒阿美語,419,,
star,ami_hk,foʼis,excel,11-05,星星,,2026學習詞表-02秀姑巒阿美語.xlsx,02秀姑巒阿美語,420,,
rain,ami_hk,ʼorad,excel,11-06,雨,,2026學習詞表-02秀姑巒阿美語.xlsx,02秀姑巒阿美語,421,,
snow,ami_hk,soleda,excel,11-07,雪,,2026學習詞表-02秀姑巒阿美語.xlsx,02秀姑巒阿美語,422,,
smoke,ami_hk,ʼacefel,excel,11-13,煙,,2026學習詞表-02秀姑巒阿美語.xlsx,02秀姑巒阿美語,428,,
fire,ami_hk,lamal,excel,11-17,火,,2026學習詞表-02秀姑巒阿美語.xlsx,02秀姑巒阿美語,432,,
ice,ami_hk,koli^,excel,11-18,冰,,2026學習詞表-02秀姑巒阿美語.xlsx,02秀姑巒阿美語,433,,
stone,ami_hk,fokeloh / fakeloh,excel,12-05,石頭,,2026學習詞表-02秀姑巒阿美語.xlsx,02秀姑巒阿美語,454,,
night,ami_hk,dadaya^,excel,13-02,晚上,,2026學習詞表-02秀姑巒阿美語.xlsx,02秀姑巒阿美語,471,,
day,ami_hk,romiʼad,excel,13-07,白天,,2026學習詞表-02秀姑巒阿美語.xlsx,02秀姑巒阿美語,476,,
night,ami_hk,lafii^,excel,13-22,夜,,2026學習詞表-02秀姑巒阿美語.xlsx,02秀姑巒阿美語,491,,
year,ami_hk,mihecan,excel,13-28,年,,2026學習詞表-02秀姑巒阿美語.xlsx,02秀姑巒阿美語,497,,
in,ami_hk,lalomaʼ,excel,14-01,裡面,,2026學習詞表-02秀姑巒阿美語.xlsx,02秀姑巒阿美語,502,,
at,ami_hk,ico:wa^,excel,14-02,在某處,,2026學習詞表-02秀姑巒阿美語.xlsx,02秀姑巒阿美語,503,,
right,ami_hk,kawanan,excel,14-10,右邊,,2026學習詞表-02秀姑巒阿美語.xlsx,02秀姑巒阿美語,511,,
left,ami_hk,kawili,excel,14-11,左邊,,2026學習詞表-02秀姑巒阿美語.xlsx,02秀姑巒阿美語,512,,
water,ami_hk,nanom,excel,21-02,水,,2026學習詞表-02秀姑巒阿美語.xlsx,02秀姑巒阿美語,601,,
salt,ami_hk,cilah,excel,21-07,鹽,,2026學習詞表-02秀姑巒阿美語.xlsx,02秀姑巒阿美語,606,,
egg,ami_hk,fitaʼol,excel,21-09,蛋,,2026學習詞表-02秀姑巒阿美語.xlsx,02秀姑巒阿美語,608,,
white,ami_hk,fohecalay,excel,22-01,白色的,,2026學習詞表-02秀姑巒阿美語.xlsx,02秀姑巒阿美語,626,,
black,ami_hk,kohetingay,excel,22-02,黑色的,,2026學習詞表-02秀姑巒阿美語.xlsx,02秀姑巒阿美語,627,,
red,ami_hk,kahengangay,excel,22-03,紅色的,,2026學習詞表-02秀姑巒阿美語.xlsx,02秀姑巒阿美語,628,,
yellow,ami_hk,kaliyalaway,excel,22-05,黃色的,,2026學習詞表-02秀姑巒阿美語.xlsx,02秀姑巒阿美語,630,,
green,ami_hk,kangdaway,excel,22-08,綠色的,,2026學習詞表-02秀姑巒阿美語.xlsx,02秀姑巒阿美語,633,,
give,ami_hk,pafeli^,excel,25-07,給,,2026學習詞表-02秀姑巒阿美語.xlsx,02秀姑巒阿美語,663,,
come,ami_hk,katayni,excel,25-08,來,,2026學習詞表-02秀姑巒阿美語.xlsx,02秀姑巒阿美語,664,,
walk,ami_hk,romakat,excel,25-10,走路,,2026學習詞表-02秀姑巒阿美語.xlsx,02秀姑巒阿美語,666,,
fly,ami_hk,efer,excel,25-12,飛,,2026學習詞表-02秀姑巒阿美語.xlsx,02秀姑巒阿美語,668,,
fall,ami_hk,fonor,excel,25-26,(植物的果實)掉落,,2026學習詞表-02秀姑巒阿美語.xlsx,02秀姑巒阿美語,682,,
sit,ami_hk,aroʼ,excel,25-43,坐著,,2026學習詞表-02秀姑巒阿美語.xlsx,02秀姑巒阿美語,699,,
stand,ami_hk,tomireng,excel,25-44,站著,,2026學習詞表-02秀姑巒阿美語.xlsx,02秀姑巒阿美語,700,,
sit,ami_hk,maroʼ,excel,26-03,坐下,,2026學習詞表-02秀姑巒阿美語.xlsx,02秀姑巒阿美語,712,,
hit,ami_hk,palo^,excel,26-08,打(人),,2026學習詞表-02秀姑巒阿美語.xlsx,02秀姑巒阿美語,717,,
stab,ami_hk,cocok/ceka^,excel,26-09,刺,,2026學習詞表-02秀姑巒阿美語.xlsx,02秀姑巒阿美語,718,,
push,ami_hk,cokeroh,excel,26-13,推,,2026學習詞表-02秀姑巒阿美語.xlsx,02秀姑巒阿美語,722,,
scratch,ami_hk,koskos,excel,26-18,抓癢,,2026學習詞表-02秀姑巒阿美語.xlsx,02秀姑巒阿美語,727,,
lie,ami_hk,tiʼenang,excel,26-20,仰躺,,2026學習詞表-02秀姑巒阿美語.xlsx,02秀姑巒阿美語,729,,
blow,ami_hk,iyof,excel,26-28,吹,,2026學習詞表-02秀姑巒阿美語.xlsx,02秀姑巒阿美語,737,,
dig,ami_hk,karkar,excel,26-29,挖掘,,2026學習詞表-02秀姑巒阿美語.xlsx,02秀姑巒阿美語,738,,
cut,ami_hk,cikcik,excel,26-30,切,,2026學習詞表-02秀姑巒阿美語.xlsx,02秀姑巒阿美語,739,,
swim,ami_hk,dangoy,excel,26-31,游泳,,2026學習詞表-02秀姑巒阿美語.xlsx,02秀姑巒阿美語,740,,
tie,ami_hk,falod,excel,26-38,綁住,,2026學習詞表-02秀姑巒阿美語.xlsx,02秀姑巒阿美語,747,,
pull,ami_hk,tengteng,excel,26-39,拉,,2026學習詞表-02秀姑巒阿美語.xlsx,02秀姑巒阿美語,748,,
split,ami_hk,pelaʼ,excel,26-40,劈(木材),,2026學習詞表-02秀姑巒阿美語.xlsx,02秀姑巒阿美語,749,,
hold,ami_hk,kakoyen /tatoyen,excel,26-42,提著,,2026學習詞表-02秀姑巒阿美語.xlsx,02秀姑巒阿美語,751,,
hold,ami_hk,metmeten,excel,26-43,握著,,2026學習詞表-02秀姑巒阿美語.xlsx,02秀姑巒阿美語,752,,
tie,ami_hk,falod,excel,26-44,捆綁,,2026學習詞表-02秀姑巒阿美語.xlsx,02秀姑巒阿美語,753,,
scratch,ami_hk,koskos / kirikiriʼ,excel,26-56,搔癢,,2026學習詞表-02秀姑巒阿美語.xlsx,02秀姑巒阿美語,765,,
rub,ami_hk,lonic / lotalot,excel,26-85,揉搓(衣物),,2026學習詞表-02秀姑巒阿美語.xlsx,02秀姑巒阿美語,794,,
lie,ami_hk,tokinil,excel,26-88,側臥,,2026學習詞表-02秀姑巒阿美語.xlsx,02秀姑巒阿美語,797,,
fight,ami_hk,mapapalo^,excel,26-96,打架,,2026學習詞表-02秀姑巒阿美語.xlsx,02秀姑巒阿美語,805,,
squeeze,ami_hk,macaco^co^,excel,26-97,擠,,2026學習詞表-02秀姑巒阿美語.xlsx,02秀姑巒阿美語,806,,
dig,ami_hk,korkor,excel,26-100,(用手)挖掘,,2026學習詞表-02秀姑巒阿美語.xlsx,02秀姑巒阿美語,809,,
stand,ami_hk,tomireng,excel,26-105,起立,,2026學習詞表-02秀姑巒阿美語.xlsx,02秀姑巒阿美語,814,,
eat,ami_hk,kaen,excel,27-01,吃,,2026學習詞表-02秀姑巒阿美語.xlsx,02秀姑巒阿美語,816,,
suck,ami_hk,helip,excel,27-02,吸,,2026學習詞表-02秀姑巒阿美語.xlsx,02秀姑巒阿美語,817,,
drink,ami_hk,ʼowak,excel,27-03,喝,,2026學習詞表-02秀姑巒阿美語.xlsx,02秀姑巒阿美語,818,,
vomit,ami_hk,otaʼ,excel,27-04,吐,,2026學習詞表-02秀姑巒阿美語.xlsx,02秀姑巒阿美語,819,,
bite,ami_hk,kalat,excel,27-05,咬,,2026學習詞表-02秀姑巒阿美語.xlsx,02秀姑巒阿美語,820,,
eat,ami_hk,kaen,excel,27-15,吃(東西),,2026學習詞表-02秀姑巒阿美語.xlsx,02秀姑巒阿美語,830,,
know,ami_hk,mafanaʼ,excel,28-02,知道,,2026學習詞表-02秀姑巒阿美語.xlsx,02秀姑巒阿美語,836,,
see,ami_hk,nengneng,excel,28-03,看,,2026學習詞表-02秀姑巒阿美語.xlsx,02秀姑巒阿美語,837,,
smell,ami_hk,sanek,excel,28-07,聞(如聞味道),,2026學習詞表-02秀姑巒阿美語.xlsx,02秀姑巒阿美語,841,,
hear,ami_hk,tengil,excel,28-19,聽,,2026學習詞表-02秀姑巒阿美語.xlsx,02秀姑巒阿美語,853,,
think,ami_hk,harateng / safalocoʼ,excel,28-25,想(思考),,2026學習詞表-02秀姑巒阿美語.xlsx,02秀姑巒阿美語,859,,
fear,ami_hk,matalaw,excel,29-02,害怕,,2026學習詞表-02秀姑巒阿美語.xlsx,02秀姑巒阿美語,866,,
wash,ami_hk,mifacaʼ,excel,30-02,洗(衣物),,2026學習詞表-02秀姑巒阿美語.xlsx,02秀姑巒阿美語,876,,
sleep,ami_hk,mafotiʼ,excel,30-09,睡覺,,2026學習詞表-02秀姑巒阿美語.xlsx,02秀姑巒阿美語,883,,
kill,ami_hk,mipacok / mitefok,excel,30-10,殺牲畜,,2026學習詞表-02秀姑巒阿美語.xlsx,02秀姑巒阿美語,884,,
lie,ami_hk,taʼenang,excel,30-16,躺臥,,2026學習詞表-02秀姑巒阿美語.xlsx,02秀姑巒阿美語,890,,
burn,ami_hk,todoh / miʼenaf,excel,30-20,燒(如燒稻草),,2026學習詞表-02秀姑巒阿美語.xlsx,02秀姑巒阿美語,894,,
hunt,ami_hk,miteker / mitarakar,excel,30-25,陷獵,,2026學習詞表-02秀姑巒阿美語.xlsx,02秀姑巒阿美語,899,,
burn,ami_hk,mailoh/todoh,excel,30-54,燃燒,,2026學習詞表-02秀姑巒阿美語.xlsx,02秀姑巒阿美語,928,,
drink,ami_hk,miʼinip/minanom,excel,30-61,喝(水),,2026學習詞表-02秀姑巒阿美語.xlsx,02秀姑巒阿美語,935,,
sing,ami_hk,romadiw,excel,30-64,唱歌,,2026學習詞表-02秀姑巒阿美語.xlsx,02秀姑巒阿美語,938,,
play,ami_hk,misalama,excel,30-65,玩耍,,2026學習詞表-02秀姑巒阿美語.xlsx,02秀姑巒阿美語,939,,
die,ami_hk,patay,excel,31-01,死亡,,2026學習詞表-02秀姑巒阿美語.xlsx,02秀姑巒阿美語,941,,
live,ami_hk,maʼoripay,excel,31-08,活的,,2026學習詞表-02秀姑巒阿美語.xlsx,02秀姑巒阿美語,948,,
heavy,ami_hk,faeket/kareteng,excel,32-02,重(重量),,2026學習詞表-02秀姑巒阿美語.xlsx,02秀姑巒阿美語,963,,
big,ami_hk,ta’angay,excel,32-05,大的,,2026學習詞表-02秀姑巒阿美語.xlsx,02秀姑巒阿美語,966,,
cold,ami_hk,sienaw,excel,32-08,冷,,2026學習詞表-02秀姑巒阿美語.xlsx,02秀姑巒阿美語,969,,
small,ami_hk,mimingay,excel,32-09,小的,,2026學習詞表-02秀姑巒阿美語.xlsx,02秀姑巒阿美語,970,,
many,ami_hk,adihay,excel,32-10,多,,2026學習詞表-02秀姑巒阿美語.xlsx,02秀姑巒阿美語,971,,
cold,ami_hk,lietec,excel,32-12,冰冷,,2026學習詞表-02秀姑巒阿美語.xlsx,02秀姑巒阿美語,973,,
few,ami_hk,mamang,excel,32-14,少的,,2026學習詞表-02秀姑巒阿美語.xlsx,02秀姑巒阿美語,975,,
laugh,ami_hk,tawa^,excel,32-16,笑,,2026學習詞表-02秀姑巒阿美語.xlsx,02秀姑巒阿美語,977,,
wet,ami_hk,maʼopicay / macepaʼ,excel,32-17,濕的,,2026學習詞表-02秀姑巒阿美語.xlsx,02秀姑巒阿美語,978,,
thick,ami_hk,kifetolay,excel,32-19,厚的,,2026學習詞表-02秀姑巒阿美語.xlsx,02秀姑巒阿美語,980,,
thin,ami_hk,kihepicay/kohepicay,excel,32-21,薄的,,2026學習詞表-02秀姑巒阿美語.xlsx,02秀姑巒阿美語,982,,
dirty,ami_hk,’oning,excel,32-22,髒,,2026學習詞表-02秀姑巒阿美語.xlsx,02秀姑巒阿美語,983,,
dry,ami_hk,ma’icangay,excel,32-28,乾的,,2026學習詞表-02秀姑巒阿美語.xlsx,02秀姑巒阿美語,989,,
new,ami_hk,faelohay,excel,32-31,新的,,2026學習詞表-02秀姑巒阿美語.xlsx,02秀姑巒阿美語,992,,
old,ami_hk,matelangay,excel,32-32,舊的,,2026學習詞表-02秀姑巒阿美語.xlsx,02秀姑巒阿美語,993,,
near,ami_hk,ngata^,excel,32-33,近,,2026學習詞表-02秀姑巒阿美語.xlsx,02秀姑巒阿美語,994,,
bad,ami_hk,tatiih / caay to kangaʼay,excel,32-35,壞掉,,2026學習詞表-02秀姑巒阿美語.xlsx,02秀姑巒阿美語,996,,
far,ami_hk,raay,excel,32-37,遠,,2026學習詞表-02秀姑巒阿美語.xlsx,02秀姑巒阿美語,998,,
swell,ami_hk,lifawa^,excel,32-38,腫,,2026學習詞表-02秀姑巒阿美語.xlsx,02秀姑巒阿美語,999,,
smooth,ami_hk,kameleng,excel,32-44,滑,,2026學習詞表-02秀姑巒阿美語.xlsx,02秀姑巒阿美語,1005,,
warm,ami_hk,diheko^,excel,32-56,暖和,,2026學習詞表-02秀姑巒阿美語.xlsx,02秀姑巒阿美語,1017,,
dull,ami_hk,matalesay/malalesay,excel,32-57,鈍的,,2026學習詞表-02秀姑巒阿美語.xlsx,02秀姑巒阿美語,1018,,
straight,ami_hk,moecel,excel,32-65,直,,2026學習詞表-02秀姑巒阿美語.xlsx,02秀姑巒阿美語,1026,,
full,ami_hk,matomes,excel,32-66,滿了,,2026學習詞表-02秀姑巒阿美語.xlsx,02秀姑巒阿美語,1027,,
wide,ami_hk,dadahal,excel,32-68,(空間)寬敞,,2026學習詞表-02秀姑巒阿美語.xlsx,02秀姑巒阿美語,1029,,
correct,ami_hk,soʼelinay/matama,excel,32-69,正確,,2026學習詞表-02秀姑巒阿美語.xlsx,02秀姑巒阿美語,1030,,
warm,ami_hk,halafhafay,excel,32-72,溫的(水),,2026學習詞表-02秀姑巒阿美語.xlsx,02秀姑巒阿美語,1033,,
long,ami_hk,karaya’,excel,32-74,長,,2026學習詞表-02秀姑巒阿美語.xlsx,02秀姑巒阿美語,1035,,
short,ami_hk,poyoʼ,excel,32-76,短,,2026學習詞表-02秀姑巒阿美語.xlsx,02秀姑巒阿美語,1037,,
full,ami_hk,tomes,excel,32-79,滿滿,,2026學習詞表-02秀姑巒阿美語.xlsx,02秀姑巒阿美語,1040,,
wipe,ami_hk,sisit,excel,33-06,擦拭,,2026學習詞表-02秀姑巒阿美語.xlsx,02秀姑巒阿美語,1048,,
throw,ami_hk,falah/fahkol,excel,34-19,丟棄,,2026學習詞表-02秀姑巒阿美語.xlsx,02秀姑巒阿美語,1069,,
count,ami_hk,saʼosi^,excel,34-29,數(計算),,2026學習詞表-02秀姑巒阿美語.xlsx,02秀姑巒阿美語,1079,,
good,ami_hk,ngaʼay,excel,34-34,好,,2026學習詞表-02秀姑巒阿美語.xlsx,02秀姑巒阿美語,1084,,
not,ami_hk,caay / cai,excel,35-03,不是(回答用),,2026學習詞表-02秀姑巒阿美語.xlsx,02秀姑巒阿美語,1092,,
because,ami_hk,nawhani,excel,36-05,因為,,2026學習詞表-02秀姑巒阿美語.xlsx,02秀姑巒阿美語,1101,,
and,ami_hk,ato,excel,36-18,和,,2026學習詞表-02秀姑巒阿美語.xlsx,02秀姑巒阿美語,1114,,
if,ami_hk,ano ......i,excel,36-22,如果,,2026學習詞表-02秀姑巒阿美語.xlsx,02秀姑巒阿美語,1118,,
one,ami_ha,cecay,excel,01-01,一,,2026學習詞表-03海岸阿美語.xlsx,03海岸阿美語,5,,
two,ami_ha,tosa,excel,01-02,二,,2026學習詞表-03海岸阿美語.xlsx,03海岸阿美語,6,,
three,ami_ha,tolo,excel,01-03,三,,2026學習詞表-03海岸阿美語.xlsx,03海岸阿美語,7,,
four,ami_ha,sepat,excel,01-04,四,,2026學習詞表-03海岸阿美語.xlsx,03海岸阿美語,8,,
five,ami_ha,lima,excel,01-05,五,,2026學習詞表-03海岸阿美語.xlsx,03海岸阿美語,9,,
six,ami_ha,enem,excel,01-06,六,,2026學習詞表-03海岸阿美語.xlsx,03海岸阿美語,10,,
seven,ami_ha,pito,excel,01-07,七,,2026學習詞表-03海岸阿美語.xlsx,03海岸阿美語,11,,
eight,ami_ha,falo,excel,01-08,八,,2026學習詞表-03海岸阿美語.xlsx,03海岸阿美語,12,,
nine,ami_ha,siwa,excel,01-09,九,,2026學習詞表-03海岸阿美語.xlsx,03海岸阿美語,13,,
ten,ami_ha,polo’/mo^tep,excel,01-10,十,,2026學習詞表-03海岸阿美語.xlsx,03海岸阿美語,14,同moetep，數數用polo’，數量用moetep。,
twenty,ami_ha,tosa poloʼ,excel,01-20,二十,,2026學習詞表-03海岸阿美語.xlsx,03海岸阿美語,24,,
hundred,ami_ha,somo’ot,excel,01-34,百,,2026學習詞表-03海岸阿美語.xlsx,03海岸阿美語,38,,
hundred,ami_ha,cecay soʼot,excel,01-35,一百,,2026學習詞表-03海岸阿美語.xlsx,03海岸阿美語,39,,
some,ami_ha,pinapina,excel,01-38,一些,,2026學習詞表-03海岸阿美語.xlsx,03海岸阿美語,42,,
all,ami_ha,maemin,excel,01-43,全部,,2026學習詞表-03海岸阿美語.xlsx,03海岸阿美語,47,,
few,ami_ha,miming,excel,01-44,一點點,,2026學習詞表-03海岸阿美語.xlsx,03海岸阿美語,48,,
you_singular,ami_ha,kiso,excel,02-01,你,,2026學習詞表-03海岸阿美語.xlsx,03海岸阿美語,51,,
i,ami_ha,kako,excel,02-02,我,,2026學習詞表-03海岸阿美語.xlsx,03海岸阿美語,52,,
he,ami_ha,cingra,excel,02-03,他,,2026學習詞表-03海岸阿美語.xlsx,03海岸阿美語,53,同其他方言ciira、cinira。,
you_plural,ami_ha,kamo,excel,02-04,你們,,2026學習詞表-03海岸阿美語.xlsx,03海岸阿美語,54,,
we,ami_ha,kami,excel,02-05,我們,,2026學習詞表-03海岸阿美語.xlsx,03海岸阿美語,55,,
they,ami_ha,cangra,excel,02-06,他們,,2026學習詞表-03海岸阿美語.xlsx,03海岸阿美語,56,,
we,ami_ha,kami,excel,02-13,我們(排除式),,2026學習詞表-03海岸阿美語.xlsx,03海岸阿美語,63,,
we,ami_ha,kita,excel,02-14,咱們(包含式),,2026學習詞表-03海岸阿美語.xlsx,03海岸阿美語,64,,
that,ami_ha,ora,excel,02-16,那個,,2026學習詞表-03海岸阿美語.xlsx,03海岸阿美語,66,,
this,ami_ha,oni,excel,02-17,這個,,2026學習詞表-03海岸阿美語.xlsx,03海岸阿美語,67,,
here,ami_ha,ini,excel,02-18,這裡,,2026學習詞表-03海岸阿美語.xlsx,03海岸阿美語,68,,
there,ami_ha,iraw,excel,02-19,那裡,,2026學習詞表-03海岸阿美語.xlsx,03海岸阿美語,69,,
what,ami_ha,maan,excel,03-02,什麼,,2026學習詞表-03海岸阿美語.xlsx,03海岸阿美語,73,,
how,ami_ha,masamaan,excel,03-03,如何,,2026學習詞表-03海岸阿美語.xlsx,03海岸阿美語,74,,
when,ami_ha,ano hacowa,excel,03-04,何時(未發生),,2026學習詞表-03海岸阿美語.xlsx,03海岸阿美語,75,,
who,ami_ha,cima,excel,03-05,誰,,2026學習詞表-03海岸阿美語.xlsx,03海岸阿美語,76,,
where,ami_ha,icowa,excel,03-07,哪裡,,2026學習詞表-03海岸阿美語.xlsx,03海岸阿美語,78,,
how,ami_ha,mamanay,excel,03-09,怎麼,,2026學習詞表-03海岸阿美語.xlsx,03海岸阿美語,80,,
where,ami_ha,sakacowa,excel,03-12,什麼地方,,2026學習詞表-03海岸阿美語.xlsx,03海岸阿美語,83,,
when,ami_ha,ihacowa,excel,03-13,何時(已發生),,2026學習詞表-03海岸阿美語.xlsx,03海岸阿美語,84,hacowa 指何時；hakowa 指多少。,
father,ami_ha,mama/ama,excel,04-01,爸爸,,2026學習詞表-03海岸阿美語.xlsx,03海岸阿美語,87,,
mother,ami_ha,ina,excel,04-02,媽媽,,2026學習詞表-03海岸阿美語.xlsx,03海岸阿美語,88,,
wife,ami_ha,ramod,excel,04-07,配偶,,2026學習詞表-03海岸阿美語.xlsx,03海岸阿美語,93,,
husband,ami_ha,ramod,excel,04-07,配偶,,2026學習詞表-03海岸阿美語.xlsx,03海岸阿美語,93,,
husband,ami_ha,faʼinay,excel,04-15,丈夫,,2026學習詞表-03海岸阿美語.xlsx,03海岸阿美語,101,,
name,ami_ha,ngangan,excel,05-01,名字,,2026學習詞表-03海岸阿美語.xlsx,03海岸阿美語,114,,
child,ami_ha,kaemangay,excel,05-05,孩童,,2026學習詞表-03海岸阿美語.xlsx,03海岸阿美語,118,,
woman,ami_ha,fafahiyan,excel,05-07,女性,,2026學習詞表-03海岸阿美語.xlsx,03海岸阿美語,120,,
man,ami_ha,faʼinayan,excel,05-08,男性,,2026學習詞表-03海岸阿美語.xlsx,03海岸阿美語,121,,
person,ami_ha,tamdaw,excel,05-09,人,,2026學習詞表-03海岸阿美語.xlsx,03海岸阿美語,122,,
ear,ami_ha,tanginga,excel,06-01,耳朵,,2026學習詞表-03海岸阿美語.xlsx,03海岸阿美語,140,同tangingla、wanginga。,
leg,ami_ha,cepiʼ,excel,06-02,大腿,,2026學習詞表-03海岸阿美語.xlsx,03海岸阿美語,141,,
eye,ami_ha,mata,excel,06-03,眼睛,,2026學習詞表-03海岸阿美語.xlsx,03海岸阿美語,142,,
mouth,ami_ha,ngoyos,excel,06-05,嘴巴,,2026學習詞表-03海岸阿美語.xlsx,03海岸阿美語,144,,
head,ami_ha,fongoh,excel,06-06,頭,,2026學習詞表-03海岸阿美語.xlsx,03海岸阿美語,145,另作tangal。,
fingernail,ami_ha,kanoos,excel,06-07,指甲,,2026學習詞表-03海岸阿美語.xlsx,03海岸阿美語,146,,
hand,ami_ha,kamay,excel,06-08,手,,2026學習詞表-03海岸阿美語.xlsx,03海岸阿美語,147,,
nose,ami_ha,ngosoʼ,excel,06-10,鼻子,,2026學習詞表-03海岸阿美語.xlsx,03海岸阿美語,149,,
foot,ami_ha,waʼay,excel,06-11,腳,,2026學習詞表-03海岸阿美語.xlsx,03海岸阿美語,150,,
tooth,ami_ha,wadis,excel,06-12,牙齒,,2026學習詞表-03海岸阿美語.xlsx,03海岸阿美語,151,,
hair,ami_ha,fokes,excel,06-13,頭髮,,2026學習詞表-03海岸阿美語.xlsx,03海岸阿美語,152,,
blood,ami_ha,remes,excel,06-14,血,,2026學習詞表-03海岸阿美語.xlsx,03海岸阿美語,153,同’irang。,
meat,ami_ha,heci/titi,excel,06-15,肉,,2026學習詞表-03海岸阿美語.xlsx,03海岸阿美語,154,,
belly,ami_ha,tiyad,excel,06-17,肚子,,2026學習詞表-03海岸阿美語.xlsx,03海岸阿美語,156,,
breast,ami_ha,coco,excel,06-18,乳房,,2026學習詞表-03海岸阿美語.xlsx,03海岸阿美語,157,,
back,ami_ha,koror,excel,06-22,背部,,2026學習詞表-03海岸阿美語.xlsx,03海岸阿美語,161,,
skin,ami_ha,fanges,excel,06-23,皮,,2026學習詞表-03海岸阿美語.xlsx,03海岸阿美語,162,,
heart,ami_ha,falocoʼ,excel,06-28,心臟,,2026學習詞表-03海岸阿美語.xlsx,03海岸阿美語,167,,
knee,ami_ha,tosor,excel,06-31,膝蓋,,2026學習詞表-03海岸阿美語.xlsx,03海岸阿美語,170,同toros。,
liver,ami_ha,ʼatay,excel,06-34,肝臟,,2026學習詞表-03海岸阿美語.xlsx,03海岸阿美語,173,,
fat,ami_ha,simal,excel,06-37,油脂,,2026學習詞表-03海岸阿美語.xlsx,03海岸阿美語,176,,
tongue,ami_ha,sema,excel,06-42,舌頭,,2026學習詞表-03海岸阿美語.xlsx,03海岸阿美語,181,,
neck,ami_ha,liʼel,excel,06-47,脖子,,2026學習詞表-03海岸阿美語.xlsx,03海岸阿美語,186,,
tail,ami_ha,wikol,excel,07-01,尾巴,,2026學習詞表-03海岸阿美語.xlsx,03海岸阿美語,197,,
dog,ami_ha,waco,excel,07-03,狗,,2026學習詞表-03海岸阿美語.xlsx,03海岸阿美語,199,,
bird,ami_ha,ʼayam,excel,07-06,鳥,,2026學習詞表-03海岸阿美語.xlsx,03海岸阿美語,202,,
fish,ami_ha,foting,excel,07-07,魚,,2026學習詞表-03海岸阿美語.xlsx,03海岸阿美語,203,,
snake,ami_ha,ʼoner,excel,07-19,蛇,,2026學習詞表-03海岸阿美語.xlsx,03海岸阿美語,215,,
louse,ami_ha,koto,excel,07-33,頭蝨,,2026學習詞表-03海岸阿美語.xlsx,03海岸阿美語,229,,
worm,ami_ha,ʼarikak,excel,07-39,蚯蚓,,2026學習詞表-03海岸阿美語.xlsx,03海岸阿美語,235,,
wing,ami_ha,sapikpik,excel,07-49,翅膀,,2026學習詞表-03海岸阿美語.xlsx,03海岸阿美語,245,,
horn,ami_ha,pohong,excel,07-64,(動物的)角,,2026學習詞表-03海岸阿美語.xlsx,03海岸阿美語,260,,
tree,ami_ha,kilang,excel,08-03,樹,,2026學習詞表-03海岸阿美語.xlsx,03海岸阿美語,265,,
leaf,ami_ha,papah,excel,08-06,葉子,,2026學習詞表-03海岸阿美語.xlsx,03海岸阿美語,268,,
flower,ami_ha,hana,excel,08-09,花朵,,2026學習詞表-03海岸阿美語.xlsx,03海岸阿美語,271,日語借詞。,
stick,ami_ha,caʼang,excel,08-15,樹枝,,2026學習詞表-03海岸阿美語.xlsx,03海岸阿美語,277,,
fruit,ami_ha,heci,excel,08-16,(植物的)果實,,2026學習詞表-03海岸阿美語.xlsx,03海岸阿美語,278,,
grass,ami_ha,rengos,excel,08-20,草,,2026學習詞表-03海岸阿美語.xlsx,03海岸阿美語,282,,
fruit,ami_ha,losay,excel,08-24,水果,,2026學習詞表-03海岸阿美語.xlsx,03海岸阿美語,286,,
root,ami_ha,lamit,excel,08-28,樹根,,2026學習詞表-03海岸阿美語.xlsx,03海岸阿美語,290,,
seed,ami_ha,sapal,excel,08-44,種子,,2026學習詞表-03海岸阿美語.xlsx,03海岸阿美語,306,,
rope,ami_ha,towaso/saso’ot,excel,09-15,繩索,,2026學習詞表-03海岸阿美語.xlsx,03海岸阿美語,335,,
stick,ami_ha,caʼang,excel,09-18,枝條,,2026學習詞表-03海岸阿美語.xlsx,03海岸阿美語,338,,
ash,ami_ha,ʼafadeng,excel,09-49,炭灰,,2026學習詞表-03海岸阿美語.xlsx,03海岸阿美語,369,,
road,ami_ha,lalan,excel,10-01,道路,,2026學習詞表-03海岸阿美語.xlsx,03海岸阿美語,393,,
wind,ami_ha,fali,excel,10-04,風,,2026學習詞表-03海岸阿美語.xlsx,03海岸阿美語,396,,
sand,ami_ha,tafok,excel,10-05,沙子,,2026學習詞表-03海岸阿美語.xlsx,03海岸阿美語,397,,
earth,ami_ha,sotaʼ,excel,10-06,泥土,,2026學習詞表-03海岸阿美語.xlsx,03海岸阿美語,398,,
river,ami_ha,ʼalo,excel,10-07,河流,,2026學習詞表-03海岸阿美語.xlsx,03海岸阿美語,399,,
lake,ami_ha,fanaw,excel,10-08,湖泊,,2026學習詞表-03海岸阿美語.xlsx,03海岸阿美語,400,,
forest,ami_ha,kilakilangan,excel,10-09,森林,,2026學習詞表-03海岸阿美語.xlsx,03海岸阿美語,401,,
sun,ami_ha,cidal,excel,11-02,太陽,,2026學習詞表-03海岸阿美語.xlsx,03海岸阿美語,417,,
moon,ami_ha,folad,excel,11-03,月亮,,2026學習詞表-03海岸阿美語.xlsx,03海岸阿美語,418,,
sky,ami_ha,kakarayan,excel,11-04,天空,,2026學習詞表-03海岸阿美語.xlsx,03海岸阿美語,419,,
star,ami_ha,foʼis,excel,11-05,星星,,2026學習詞表-03海岸阿美語.xlsx,03海岸阿美語,420,,
rain,ami_ha,ʼorad,excel,11-06,雨,,2026學習詞表-03海岸阿美語.xlsx,03海岸阿美語,421,,
snow,ami_ha,so’eda,excel,11-07,雪,,2026學習詞表-03海岸阿美語.xlsx,03海岸阿美語,422,,
smoke,ami_ha,’acofel /’acefel,excel,11-13,煙,,2026學習詞表-03海岸阿美語.xlsx,03海岸阿美語,428,,
fire,ami_ha,namal,excel,11-17,火,,2026學習詞表-03海岸阿美語.xlsx,03海岸阿美語,432,同lamal。,
ice,ami_ha,koli/so’eda,excel,11-18,冰,,2026學習詞表-03海岸阿美語.xlsx,03海岸阿美語,433,,
stone,ami_ha,fikeloh/fakeloh,excel,12-05,石頭,,2026學習詞表-03海岸阿美語.xlsx,03海岸阿美語,454,同fokeloh、fakeloh。,
night,ami_ha,dadaya,excel,13-02,晚上,,2026學習詞表-03海岸阿美語.xlsx,03海岸阿美語,471,,
day,ami_ha,romiʼad,excel,13-07,白天,,2026學習詞表-03海岸阿美語.xlsx,03海岸阿美語,476,i romi’ad 白天,
night,ami_ha,dadaya,excel,13-22,夜,,2026學習詞表-03海岸阿美語.xlsx,03海岸阿美語,491,,
year,ami_ha,miheca,excel,13-28,年,,2026學習詞表-03海岸阿美語.xlsx,03海岸阿美語,497,,
in,ami_ha,lalomaʼ,excel,14-01,裡面,,2026學習詞表-03海岸阿美語.xlsx,03海岸阿美語,502,,
at,ami_ha,sakacowa,excel,14-02,在某處,,2026學習詞表-03海岸阿美語.xlsx,03海岸阿美語,503,,
right,ami_ha,kawanan,excel,14-10,右邊,,2026學習詞表-03海岸阿美語.xlsx,03海岸阿美語,511,,
left,ami_ha,kawili,excel,14-11,左邊,,2026學習詞表-03海岸阿美語.xlsx,03海岸阿美語,512,,
water,ami_ha,nanom,excel,21-02,水,,2026學習詞表-03海岸阿美語.xlsx,03海岸阿美語,601,,
salt,ami_ha,cilah/cinah,excel,21-07,鹽,,2026學習詞表-03海岸阿美語.xlsx,03海岸阿美語,606,同cinah。,
egg,ami_ha,fitaʼol,excel,21-09,蛋,,2026學習詞表-03海岸阿美語.xlsx,03海岸阿美語,608,,
white,ami_ha,kohecalay,excel,22-01,白色的,,2026學習詞表-03海岸阿美語.xlsx,03海岸阿美語,626,kohecalay,
black,ami_ha,kohetingay,excel,22-02,黑色的,,2026學習詞表-03海岸阿美語.xlsx,03海岸阿美語,627,kohetingay,
red,ami_ha,kahengangay,excel,22-03,紅色的,,2026學習詞表-03海岸阿美語.xlsx,03海岸阿美語,628,kahengangay,
yellow,ami_ha,kaliyalaway,excel,22-05,黃色的,,2026學習詞表-03海岸阿美語.xlsx,03海岸阿美語,630,,
green,ami_ha,kandaway,excel,22-08,綠色的,,2026學習詞表-03海岸阿美語.xlsx,03海岸阿美語,633,,
give,ami_ha,pafeli,excel,25-07,給,,2026學習詞表-03海岸阿美語.xlsx,03海岸阿美語,663,,
come,ami_ha,ati,excel,25-08,來,,2026學習詞表-03海岸阿美語.xlsx,03海岸阿美語,664,,
walk,ami_ha,romakat,excel,25-10,走路,,2026學習詞表-03海岸阿美語.xlsx,03海岸阿美語,666,,
fly,ami_ha,efer,excel,25-12,飛,,2026學習詞表-03海岸阿美語.xlsx,03海岸阿美語,668,,
fall,ami_ha,mafonor/rasras,excel,25-26,(植物的果實)掉落,,2026學習詞表-03海岸阿美語.xlsx,03海岸阿美語,682,,
sit,ami_ha,maroʼ,excel,25-43,坐著,,2026學習詞表-03海岸阿美語.xlsx,03海岸阿美語,699,,
stand,ami_ha,tomireng,excel,25-44,站著,,2026學習詞表-03海岸阿美語.xlsx,03海岸阿美語,700,,
sit,ami_ha,maroʼ,excel,26-03,坐下,,2026學習詞表-03海岸阿美語.xlsx,03海岸阿美語,712,,
hit,ami_ha,patepih/seti’,excel,26-08,打(人),,2026學習詞表-03海岸阿美語.xlsx,03海岸阿美語,717,指打臉部。 同patepi’。,
stab,ami_ha,cocok,excel,26-09,刺,,2026學習詞表-03海岸阿美語.xlsx,03海岸阿美語,718,,
push,ami_ha,cikeroh/cekeroh,excel,26-13,推,,2026學習詞表-03海岸阿美語.xlsx,03海岸阿美語,722,,
scratch,ami_ha,koskos,excel,26-18,抓癢,,2026學習詞表-03海岸阿美語.xlsx,03海岸阿美語,727,,
lie,ami_ha,wakang/mati’enang,excel,26-20,仰躺,,2026學習詞表-03海岸阿美語.xlsx,03海岸阿美語,729,同ti’ enang。 tokinil 側躺、小歇一下。,
blow,ami_ha,ʼiyof,excel,26-28,吹,,2026學習詞表-03海岸阿美語.xlsx,03海岸阿美語,737,,
dig,ami_ha,karkar,excel,26-29,挖掘,,2026學習詞表-03海岸阿美語.xlsx,03海岸阿美語,738,,
cut,ami_ha,cikcik,excel,26-30,切,,2026學習詞表-03海岸阿美語.xlsx,03海岸阿美語,739,,
swim,ami_ha,dangoy,excel,26-31,游泳,,2026學習詞表-03海岸阿美語.xlsx,03海岸阿美語,740,,
tie,ami_ha,sefet/so’ot,excel,26-38,綁住,,2026學習詞表-03海岸阿美語.xlsx,03海岸阿美語,747,,
pull,ami_ha,tengteng,excel,26-39,拉,,2026學習詞表-03海岸阿美語.xlsx,03海岸阿美語,748,,
split,ami_ha,pelaʼ,excel,26-40,劈(木材),,2026學習詞表-03海岸阿美語.xlsx,03海岸阿美語,749,,
hold,ami_ha,tatoy,excel,26-42,提著,,2026學習詞表-03海岸阿美語.xlsx,03海岸阿美語,751,,
hold,ami_ha,mamet,excel,26-43,握著,,2026學習詞表-03海岸阿美語.xlsx,03海岸阿美語,752,另作metmet,
tie,ami_ha,falod,excel,26-44,捆綁,,2026學習詞表-03海岸阿美語.xlsx,03海岸阿美語,753,,
scratch,ami_ha,kirikiriʼ,excel,26-56,搔癢,,2026學習詞表-03海岸阿美語.xlsx,03海岸阿美語,765,,
rub,ami_ha,lotlot/powapo’,excel,26-85,揉搓(衣物),,2026學習詞表-03海岸阿美語.xlsx,03海岸阿美語,794,另作rotarot。,
lie,ami_ha,tokinir,excel,26-88,側臥,,2026學習詞表-03海岸阿美語.xlsx,03海岸阿美語,797,,
fight,ami_ha,malapalo/malahodot,excel,26-96,打架,,2026學習詞表-03海岸阿美語.xlsx,03海岸阿美語,805,可作malaodot,
squeeze,ami_ha,coeco,excel,26-97,擠,,2026學習詞表-03海岸阿美語.xlsx,03海岸阿美語,806,,
dig,ami_ha,korkor,excel,26-100,(用手)挖掘,,2026學習詞表-03海岸阿美語.xlsx,03海岸阿美語,809,同karkar。,
stand,ami_ha,tomireng,excel,26-105,起立,,2026學習詞表-03海岸阿美語.xlsx,03海岸阿美語,814,,
eat,ami_ha,kaen,excel,27-01,吃,,2026學習詞表-03海岸阿美語.xlsx,03海岸阿美語,816,,
suck,ami_ha,helip/helop,excel,27-02,吸,,2026學習詞表-03海岸阿美語.xlsx,03海岸阿美語,817,,
drink,ami_ha,minanom,excel,27-03,喝,,2026學習詞表-03海岸阿美語.xlsx,03海岸阿美語,818,,
vomit,ami_ha,mota’/ota’,excel,27-04,吐,,2026學習詞表-03海岸阿美語.xlsx,03海岸阿美語,819,另作maota’。,
bite,ami_ha,kalat,excel,27-05,咬,,2026學習詞表-03海岸阿美語.xlsx,03海岸阿美語,820,,
eat,ami_ha,komaen,excel,27-15,吃(東西),,2026學習詞表-03海岸阿美語.xlsx,03海岸阿美語,830,,
know,ami_ha,mafanaʼ,excel,28-02,知道,,2026學習詞表-03海岸阿美語.xlsx,03海岸阿美語,836,,
see,ami_ha,nengneng,excel,28-03,看,,2026學習詞表-03海岸阿美語.xlsx,03海岸阿美語,837,,
smell,ami_ha,sanek/hanek,excel,28-07,聞(如聞味道),,2026學習詞表-03海岸阿美語.xlsx,03海岸阿美語,841,另作hanek。,
hear,ami_ha,tengil,excel,28-19,聽,,2026學習詞表-03海岸阿美語.xlsx,03海岸阿美語,853,,
think,ami_ha,harateng,excel,28-25,想(思考),,2026學習詞表-03海岸阿美語.xlsx,03海岸阿美語,859,,
fear,ami_ha,matalaw,excel,29-02,害怕,,2026學習詞表-03海岸阿美語.xlsx,03海岸阿美語,866,,
wash,ami_ha,mifaca’,excel,30-02,洗(衣物),,2026學習詞表-03海岸阿美語.xlsx,03海岸阿美語,876,,
sleep,ami_ha,mafotiʼ,excel,30-09,睡覺,,2026學習詞表-03海岸阿美語.xlsx,03海岸阿美語,883,,
kill,ami_ha,mipacok,excel,30-10,殺牲畜,,2026學習詞表-03海岸阿美語.xlsx,03海岸阿美語,884,,
lie,ami_ha,mawakang,excel,30-16,躺臥,,2026學習詞表-03海岸阿美語.xlsx,03海岸阿美語,890,,
burn,ami_ha,corah,excel,30-20,燒(如燒稻草),,2026學習詞表-03海岸阿美語.xlsx,03海岸阿美語,894,,
hunt,ami_ha,patalakal,excel,30-25,陷獵,,2026學習詞表-03海岸阿美語.xlsx,03海岸阿美語,899,,
burn,ami_ha,corah/iloh/todoh,excel,30-54,燃燒,,2026學習詞表-03海岸阿美語.xlsx,03海岸阿美語,928,,
drink,ami_ha,minanom,excel,30-61,喝(水),,2026學習詞表-03海岸阿美語.xlsx,03海岸阿美語,935,,
sing,ami_ha,romadiw,excel,30-64,唱歌,,2026學習詞表-03海岸阿美語.xlsx,03海岸阿美語,938,,
play,ami_ha,salama,excel,30-65,玩耍,,2026學習詞表-03海岸阿美語.xlsx,03海岸阿美語,939,,
die,ami_ha,patay,excel,31-01,死亡,,2026學習詞表-03海岸阿美語.xlsx,03海岸阿美語,941,,
live,ami_ha,maʼoripay,excel,31-08,活的,,2026學習詞表-03海岸阿美語.xlsx,03海岸阿美語,948,,
heavy,ami_ha,kareteng,excel,32-02,重(重量),,2026學習詞表-03海岸阿美語.xlsx,03海岸阿美語,963,,
big,ami_ha,tata’ang/ta’angayay,excel,32-05,大的,,2026學習詞表-03海岸阿美語.xlsx,03海岸阿美語,966,同tata’ak,
cold,ami_ha,sienaw,excel,32-08,冷,,2026學習詞表-03海岸阿美語.xlsx,03海岸阿美語,969,,
small,ami_ha,mimingay,excel,32-09,小的,,2026學習詞表-03海岸阿美語.xlsx,03海岸阿美語,970,,
many,ami_ha,adihay,excel,32-10,多,,2026學習詞表-03海岸阿美語.xlsx,03海岸阿美語,971,,
cold,ami_ha,kiʼetec,excel,32-12,冰冷,,2026學習詞表-03海岸阿美語.xlsx,03海岸阿美語,973,,
few,ami_ha,mamang,excel,32-14,少的,,2026學習詞表-03海岸阿美語.xlsx,03海岸阿美語,975,,
laugh,ami_ha,matawa,excel,32-16,笑,,2026學習詞表-03海岸阿美語.xlsx,03海岸阿美語,977,,
wet,ami_ha,masenger/macepa’,excel,32-17,濕的,,2026學習詞表-03海岸阿美語.xlsx,03海岸阿美語,978,同macepa’,
thick,ami_ha,kifetolay,excel,32-19,厚的,,2026學習詞表-03海岸阿美語.xlsx,03海岸阿美語,980,,
thin,ami_ha,kohpicay,excel,32-21,薄的,,2026學習詞表-03海岸阿美語.xlsx,03海岸阿美語,982,,
dirty,ami_ha,kadit,excel,32-22,髒,,2026學習詞表-03海岸阿美語.xlsx,03海岸阿美語,983,同kadit。,
dry,ami_ha,ma’icangay,excel,32-28,乾的,,2026學習詞表-03海岸阿美語.xlsx,03海岸阿美語,989,,
new,ami_ha,faelohay,excel,32-31,新的,,2026學習詞表-03海岸阿美語.xlsx,03海岸阿美語,992,,
old,ami_ha,matelangay,excel,32-32,舊的,,2026學習詞表-03海岸阿美語.xlsx,03海岸阿美語,993,,
near,ami_ha,ngata,excel,32-33,近,,2026學習詞表-03海岸阿美語.xlsx,03海岸阿美語,994,,
bad,ami_ha,matastas,excel,32-35,壞掉,,2026學習詞表-03海岸阿美語.xlsx,03海岸阿美語,996,另作mapiciw,
far,ami_ha,raay,excel,32-37,遠,,2026學習詞表-03海岸阿美語.xlsx,03海岸阿美語,998,,
swell,ami_ha,lifawa,excel,32-38,腫,,2026學習詞表-03海岸阿美語.xlsx,03海岸阿美語,999,,
smooth,ami_ha,kameleng,excel,32-44,滑,,2026學習詞表-03海岸阿美語.xlsx,03海岸阿美語,1005,,
warm,ami_ha,diheko,excel,32-56,暖和,,2026學習詞表-03海岸阿美語.xlsx,03海岸阿美語,1017,,
dull,ami_ha,malaresay,excel,32-57,鈍的,,2026學習詞表-03海岸阿美語.xlsx,03海岸阿美語,1018,,
straight,ami_ha,moecel,excel,32-65,直,,2026學習詞表-03海岸阿美語.xlsx,03海岸阿美語,1026,,
full,ami_ha,matomes,excel,32-66,滿了,,2026學習詞表-03海岸阿美語.xlsx,03海岸阿美語,1027,,
wide,ami_ha,kakahad,excel,32-68,(空間)寬敞,,2026學習詞表-03海岸阿美語.xlsx,03海岸阿美語,1029,,
correct,ami_ha,matatodong,excel,32-69,正確,,2026學習詞表-03海岸阿美語.xlsx,03海岸阿美語,1030,另作matama。,
warm,ami_ha,falaefaay,excel,32-72,溫的(水),,2026學習詞表-03海岸阿美語.xlsx,03海岸阿美語,1033,,
long,ami_ha,kakaya’/ki’edaw,excel,32-74,長,,2026學習詞表-03海岸阿美語.xlsx,03海岸阿美語,1035,亦同ki’edaw/ko’edaw,
short,ami_ha,kamokoʼ,excel,32-76,短,,2026學習詞表-03海岸阿美語.xlsx,03海岸阿美語,1037,,
full,ami_ha,matomes,excel,32-79,滿滿,,2026學習詞表-03海岸阿美語.xlsx,03海岸阿美語,1040,,
wipe,ami_ha,sisit,excel,33-06,擦拭,,2026學習詞表-03海岸阿美語.xlsx,03海岸阿美語,1048,,
throw,ami_ha,falah,excel,34-19,丟棄,,2026學習詞表-03海岸阿美語.xlsx,03海岸阿美語,1069,,
count,ami_ha,saʼosi,excel,34-29,數(計算),,2026學習詞表-03海岸阿美語.xlsx,03海岸阿美語,1079,,
good,ami_ha,fangcalay,excel,34-34,好,,2026學習詞表-03海岸阿美語.xlsx,03海岸阿美語,1084,,
not,ami_ha,caayay,excel,35-03,不是(回答用),,2026學習詞表-03海岸阿美語.xlsx,03海岸阿美語,1092,,
because,ami_ha,nawhan,excel,36-05,因為,,2026學習詞表-03海岸阿美語.xlsx,03海岸阿美語,1101,,
and,ami_ha,ato,excel,36-18,和,,2026學習詞表-03海岸阿美語.xlsx,03海岸阿美語,1114,,
if,ami_ha,ano,excel,36-22,如果,,2026學習詞表-03海岸阿美語.xlsx,03海岸阿美語,1118,,
one,ami_ml,cecay,excel,01-01,一,,2026學習詞表-04馬蘭阿美語.xlsx,04馬蘭阿美語,5,,
two,ami_ml,tosa,excel,01-02,二,,2026學習詞表-04馬蘭阿美語.xlsx,04馬蘭阿美語,6,,
three,ami_ml,tolo,excel,01-03,三,,2026學習詞表-04馬蘭阿美語.xlsx,04馬蘭阿美語,7,,
four,ami_ml,sepat,excel,01-04,四,,2026學習詞表-04馬蘭阿美語.xlsx,04馬蘭阿美語,8,,
five,ami_ml,lima,excel,01-05,五,,2026學習詞表-04馬蘭阿美語.xlsx,04馬蘭阿美語,9,,
six,ami_ml,enem,excel,01-06,六,,2026學習詞表-04馬蘭阿美語.xlsx,04馬蘭阿美語,10,,
seven,ami_ml,pito,excel,01-07,七,,2026學習詞表-04馬蘭阿美語.xlsx,04馬蘭阿美語,11,,
eight,ami_ml,falo,excel,01-08,八,,2026學習詞表-04馬蘭阿美語.xlsx,04馬蘭阿美語,12,,
nine,ami_ml,siwa,excel,01-09,九,,2026學習詞表-04馬蘭阿美語.xlsx,04馬蘭阿美語,13,,
ten,ami_ml,mo^tep,excel,01-10,十,,2026學習詞表-04馬蘭阿美語.xlsx,04馬蘭阿美語,14,,
twenty,ami_ml,tosa poloʼ,excel,01-20,二十,,2026學習詞表-04馬蘭阿美語.xlsx,04馬蘭阿美語,24,,
hundred,ami_ml,somoʼot,excel,01-34,百,,2026學習詞表-04馬蘭阿美語.xlsx,04馬蘭阿美語,38,,
hundred,ami_ml,cecay soʼot,excel,01-35,一百,,2026學習詞表-04馬蘭阿美語.xlsx,04馬蘭阿美語,39,,
some,ami_ml,mamangay/cowa ka hakowa,excel,01-38,一些,,2026學習詞表-04馬蘭阿美語.xlsx,04馬蘭阿美語,42,,
all,ami_ml,maemin,excel,01-43,全部,,2026學習詞表-04馬蘭阿美語.xlsx,04馬蘭阿美語,47,,
few,ami_ml,mamang,excel,01-44,一點點,,2026學習詞表-04馬蘭阿美語.xlsx,04馬蘭阿美語,48,,
you_singular,ami_ml,kiso,excel,02-01,你,,2026學習詞表-04馬蘭阿美語.xlsx,04馬蘭阿美語,51,,
i,ami_ml,kako,excel,02-02,我,,2026學習詞表-04馬蘭阿美語.xlsx,04馬蘭阿美語,52,,
he,ami_ml,mira/cingra,excel,02-03,他,,2026學習詞表-04馬蘭阿美語.xlsx,04馬蘭阿美語,53,,
you_plural,ami_ml,kamo,excel,02-04,你們,,2026學習詞表-04馬蘭阿美語.xlsx,04馬蘭阿美語,54,,
we,ami_ml,kami,excel,02-05,我們,,2026學習詞表-04馬蘭阿美語.xlsx,04馬蘭阿美語,55,,
they,ami_ml,ca mira/cangra,excel,02-06,他們,,2026學習詞表-04馬蘭阿美語.xlsx,04馬蘭阿美語,56,,
we,ami_ml,kami,excel,02-13,我們(排除式),,2026學習詞表-04馬蘭阿美語.xlsx,04馬蘭阿美語,63,,
we,ami_ml,kita,excel,02-14,咱們(包含式),,2026學習詞表-04馬蘭阿美語.xlsx,04馬蘭阿美語,64,,
that,ami_ml,kora,excel,02-16,那個,,2026學習詞表-04馬蘭阿美語.xlsx,04馬蘭阿美語,66,,
this,ami_ml,koni,excel,02-17,這個,,2026學習詞表-04馬蘭阿美語.xlsx,04馬蘭阿美語,67,,
here,ami_ml,ni,excel,02-18,這裡,,2026學習詞表-04馬蘭阿美語.xlsx,04馬蘭阿美語,68,,
there,ami_ml,ra,excel,02-19,那裡,,2026學習詞表-04馬蘭阿美語.xlsx,04馬蘭阿美語,69,,
what,ami_ml,maan,excel,03-02,什麼,,2026學習詞表-04馬蘭阿美語.xlsx,04馬蘭阿美語,73,,
how,ami_ml,samaan,excel,03-03,如何,,2026學習詞表-04馬蘭阿美語.xlsx,04馬蘭阿美語,74,,
when,ami_ml,anohacowa,excel,03-04,何時(未發生),,2026學習詞表-04馬蘭阿美語.xlsx,04馬蘭阿美語,75,,
who,ami_ml,cima,excel,03-05,誰,,2026學習詞表-04馬蘭阿美語.xlsx,04馬蘭阿美語,76,,
where,ami_ml,cowa/icowa,excel,03-07,哪裡,,2026學習詞表-04馬蘭阿美語.xlsx,04馬蘭阿美語,78,,
how,ami_ml,mamaan,excel,03-09,怎麼,,2026學習詞表-04馬蘭阿美語.xlsx,04馬蘭阿美語,80,,
where,ami_ml,icowa,excel,03-12,什麼地方,,2026學習詞表-04馬蘭阿美語.xlsx,04馬蘭阿美語,83,,
when,ami_ml,ihacowaay,excel,03-13,何時(已發生),,2026學習詞表-04馬蘭阿美語.xlsx,04馬蘭阿美語,84,,
father,ami_ml,wama,excel,04-01,爸爸,,2026學習詞表-04馬蘭阿美語.xlsx,04馬蘭阿美語,87,另作：ama,
mother,ami_ml,wina,excel,04-02,媽媽,,2026學習詞表-04馬蘭阿美語.xlsx,04馬蘭阿美語,88,另作：ina,
wife,ami_ml,ramod,excel,04-07,配偶,,2026學習詞表-04馬蘭阿美語.xlsx,04馬蘭阿美語,93,,
husband,ami_ml,ramod,excel,04-07,配偶,,2026學習詞表-04馬蘭阿美語.xlsx,04馬蘭阿美語,93,,
husband,ami_ml,faʼinay,excel,04-15,丈夫,,2026學習詞表-04馬蘭阿美語.xlsx,04馬蘭阿美語,101,,
name,ami_ml,ngangan,excel,05-01,名字,,2026學習詞表-04馬蘭阿美語.xlsx,04馬蘭阿美語,114,,
child,ami_ml,wawa,excel,05-05,孩童,,2026學習詞表-04馬蘭阿美語.xlsx,04馬蘭阿美語,118,,
woman,ami_ml,fafahiyan,excel,05-07,女性,,2026學習詞表-04馬蘭阿美語.xlsx,04馬蘭阿美語,120,,
man,ami_ml,faʼinayan,excel,05-08,男性,,2026學習詞表-04馬蘭阿美語.xlsx,04馬蘭阿美語,121,,
person,ami_ml,tamdaw,excel,05-09,人,,2026學習詞表-04馬蘭阿美語.xlsx,04馬蘭阿美語,122,,
ear,ami_ml,tangila,excel,06-01,耳朵,,2026學習詞表-04馬蘭阿美語.xlsx,04馬蘭阿美語,140,,
leg,ami_ml,cepiʼ,excel,06-02,大腿,,2026學習詞表-04馬蘭阿美語.xlsx,04馬蘭阿美語,141,,
eye,ami_ml,mata,excel,06-03,眼睛,,2026學習詞表-04馬蘭阿美語.xlsx,04馬蘭阿美語,142,,
mouth,ami_ml,ngoyos,excel,06-05,嘴巴,,2026學習詞表-04馬蘭阿美語.xlsx,04馬蘭阿美語,144,,
head,ami_ml,fongoh,excel,06-06,頭,,2026學習詞表-04馬蘭阿美語.xlsx,04馬蘭阿美語,145,,
fingernail,ami_ml,kinoos,excel,06-07,指甲,,2026學習詞表-04馬蘭阿美語.xlsx,04馬蘭阿美語,146,,
hand,ami_ml,kamay,excel,06-08,手,,2026學習詞表-04馬蘭阿美語.xlsx,04馬蘭阿美語,147,,
nose,ami_ml,ngosoʼ,excel,06-10,鼻子,,2026學習詞表-04馬蘭阿美語.xlsx,04馬蘭阿美語,149,,
foot,ami_ml,ooʼ,excel,06-11,腳,,2026學習詞表-04馬蘭阿美語.xlsx,04馬蘭阿美語,150,,
tooth,ami_ml,wadis,excel,06-12,牙齒,,2026學習詞表-04馬蘭阿美語.xlsx,04馬蘭阿美語,151,,
hair,ami_ml,fokes,excel,06-13,頭髮,,2026學習詞表-04馬蘭阿美語.xlsx,04馬蘭阿美語,152,,
blood,ami_ml,ʼirang,excel,06-14,血,,2026學習詞表-04馬蘭阿美語.xlsx,04馬蘭阿美語,153,,
meat,ami_ml,heci/titi,excel,06-15,肉,,2026學習詞表-04馬蘭阿美語.xlsx,04馬蘭阿美語,154,,
belly,ami_ml,tiyad,excel,06-17,肚子,,2026學習詞表-04馬蘭阿美語.xlsx,04馬蘭阿美語,156,,
breast,ami_ml,coco,excel,06-18,乳房,,2026學習詞表-04馬蘭阿美語.xlsx,04馬蘭阿美語,157,,
back,ami_ml,koror,excel,06-22,背部,,2026學習詞表-04馬蘭阿美語.xlsx,04馬蘭阿美語,161,,
skin,ami_ml,fanges,excel,06-23,皮,,2026學習詞表-04馬蘭阿美語.xlsx,04馬蘭阿美語,162,,
heart,ami_ml,falocoʼ,excel,06-28,心臟,,2026學習詞表-04馬蘭阿美語.xlsx,04馬蘭阿美語,167,,
knee,ami_ml,toros,excel,06-31,膝蓋,,2026學習詞表-04馬蘭阿美語.xlsx,04馬蘭阿美語,170,,
liver,ami_ml,ʼatay,excel,06-34,肝臟,,2026學習詞表-04馬蘭阿美語.xlsx,04馬蘭阿美語,173,,
fat,ami_ml,simal,excel,06-37,油脂,,2026學習詞表-04馬蘭阿美語.xlsx,04馬蘭阿美語,176,,
tongue,ami_ml,sema,excel,06-42,舌頭,,2026學習詞表-04馬蘭阿美語.xlsx,04馬蘭阿美語,181,,
neck,ami_ml,liʼel,excel,06-47,脖子,,2026學習詞表-04馬蘭阿美語.xlsx,04馬蘭阿美語,186,,
tail,ami_ml,wikor,excel,07-01,尾巴,,2026學習詞表-04馬蘭阿美語.xlsx,04馬蘭阿美語,197,,
dog,ami_ml,waco,excel,07-03,狗,,2026學習詞表-04馬蘭阿美語.xlsx,04馬蘭阿美語,199,,
bird,ami_ml,ʼayam,excel,07-06,鳥,,2026學習詞表-04馬蘭阿美語.xlsx,04馬蘭阿美語,202,,
fish,ami_ml,foting,excel,07-07,魚,,2026學習詞表-04馬蘭阿美語.xlsx,04馬蘭阿美語,203,,
snake,ami_ml,’oner,excel,07-19,蛇,,2026學習詞表-04馬蘭阿美語.xlsx,04馬蘭阿美語,215,,
louse,ami_ml,koto,excel,07-33,頭蝨,,2026學習詞表-04馬蘭阿美語.xlsx,04馬蘭阿美語,229,,
worm,ami_ml,arikak/atikak,excel,07-39,蚯蚓,,2026學習詞表-04馬蘭阿美語.xlsx,04馬蘭阿美語,235,,
wing,ami_ml,sapikpik,excel,07-49,翅膀,,2026學習詞表-04馬蘭阿美語.xlsx,04馬蘭阿美語,245,,
horn,ami_ml,waaʼ,excel,07-64,(動物的)角,,2026學習詞表-04馬蘭阿美語.xlsx,04馬蘭阿美語,260,,
tree,ami_ml,kilang,excel,08-03,樹,,2026學習詞表-04馬蘭阿美語.xlsx,04馬蘭阿美語,265,,
leaf,ami_ml,papah,excel,08-06,葉子,,2026學習詞表-04馬蘭阿美語.xlsx,04馬蘭阿美語,268,,
flower,ami_ml,falo,excel,08-09,花朵,,2026學習詞表-04馬蘭阿美語.xlsx,04馬蘭阿美語,271,,
stick,ami_ml,caʼang,excel,08-15,樹枝,,2026學習詞表-04馬蘭阿美語.xlsx,04馬蘭阿美語,277,,
fruit,ami_ml,heci,excel,08-16,(植物的)果實,,2026學習詞表-04馬蘭阿美語.xlsx,04馬蘭阿美語,278,,
grass,ami_ml,rengos,excel,08-20,草,,2026學習詞表-04馬蘭阿美語.xlsx,04馬蘭阿美語,282,,
fruit,ami_ml,losay,excel,08-24,水果,,2026學習詞表-04馬蘭阿美語.xlsx,04馬蘭阿美語,286,,
root,ami_ml,lamit,excel,08-28,樹根,,2026學習詞表-04馬蘭阿美語.xlsx,04馬蘭阿美語,290,,
seed,ami_ml,sapaloma,excel,08-44,種子,,2026學習詞表-04馬蘭阿美語.xlsx,04馬蘭阿美語,306,,
rope,ami_ml,sasoʼot,excel,09-15,繩索,,2026學習詞表-04馬蘭阿美語.xlsx,04馬蘭阿美語,335,,
stick,ami_ml,caʼang,excel,09-18,枝條,,2026學習詞表-04馬蘭阿美語.xlsx,04馬蘭阿美語,338,,
ash,ami_ml,afo,excel,09-49,炭灰,,2026學習詞表-04馬蘭阿美語.xlsx,04馬蘭阿美語,369,,
road,ami_ml,lalan,excel,10-01,道路,,2026學習詞表-04馬蘭阿美語.xlsx,04馬蘭阿美語,393,,
wind,ami_ml,fali,excel,10-04,風,,2026學習詞表-04馬蘭阿美語.xlsx,04馬蘭阿美語,396,,
sand,ami_ml,tafok,excel,10-05,沙子,,2026學習詞表-04馬蘭阿美語.xlsx,04馬蘭阿美語,397,,
earth,ami_ml,sera,excel,10-06,泥土,,2026學習詞表-04馬蘭阿美語.xlsx,04馬蘭阿美語,398,,
river,ami_ml,ʼalo,excel,10-07,河流,,2026學習詞表-04馬蘭阿美語.xlsx,04馬蘭阿美語,399,,
lake,ami_ml,fanaw,excel,10-08,湖泊,,2026學習詞表-04馬蘭阿美語.xlsx,04馬蘭阿美語,400,,
forest,ami_ml,kilakilangan,excel,10-09,森林,,2026學習詞表-04馬蘭阿美語.xlsx,04馬蘭阿美語,401,,
sun,ami_ml,cidal,excel,11-02,太陽,,2026學習詞表-04馬蘭阿美語.xlsx,04馬蘭阿美語,417,,
moon,ami_ml,folad,excel,11-03,月亮,,2026學習詞表-04馬蘭阿美語.xlsx,04馬蘭阿美語,418,,
sky,ami_ml,kakarayan,excel,11-04,天空,,2026學習詞表-04馬蘭阿美語.xlsx,04馬蘭阿美語,419,,
star,ami_ml,foʼis,excel,11-05,星星,,2026學習詞表-04馬蘭阿美語.xlsx,04馬蘭阿美語,420,,
rain,ami_ml,ʼorad,excel,11-06,雨,,2026學習詞表-04馬蘭阿美語.xlsx,04馬蘭阿美語,421,,
snow,ami_ml,soʼeda,excel,11-07,雪,,2026學習詞表-04馬蘭阿美語.xlsx,04馬蘭阿美語,422,,
smoke,ami_ml,acefel,excel,11-13,煙,,2026學習詞表-04馬蘭阿美語.xlsx,04馬蘭阿美語,428,,
fire,ami_ml,namal,excel,11-17,火,,2026學習詞表-04馬蘭阿美語.xlsx,04馬蘭阿美語,432,,
ice,ami_ml,koli,excel,11-18,冰,,2026學習詞表-04馬蘭阿美語.xlsx,04馬蘭阿美語,433,,
stone,ami_ml,fakeloh,excel,12-05,石頭,,2026學習詞表-04馬蘭阿美語.xlsx,04馬蘭阿美語,454,,
night,ami_ml,dadaya,excel,13-02,晚上,,2026學習詞表-04馬蘭阿美語.xlsx,04馬蘭阿美語,471,,
day,ami_ml,romiʼad,excel,13-07,白天,,2026學習詞表-04馬蘭阿美語.xlsx,04馬蘭阿美語,476,,
night,ami_ml,dadaya,excel,13-22,夜,,2026學習詞表-04馬蘭阿美語.xlsx,04馬蘭阿美語,491,,
year,ami_ml,miheca,excel,13-28,年,,2026學習詞表-04馬蘭阿美語.xlsx,04馬蘭阿美語,497,,
in,ami_ml,lalomaʼ,excel,14-01,裡面,,2026學習詞表-04馬蘭阿美語.xlsx,04馬蘭阿美語,502,,
at,ami_ml,isakacowa,excel,14-02,在某處,,2026學習詞表-04馬蘭阿美語.xlsx,04馬蘭阿美語,503,,
right,ami_ml,kawanan,excel,14-10,右邊,,2026學習詞表-04馬蘭阿美語.xlsx,04馬蘭阿美語,511,,
left,ami_ml,kawili,excel,14-11,左邊,,2026學習詞表-04馬蘭阿美語.xlsx,04馬蘭阿美語,512,,
water,ami_ml,nanom,excel,21-02,水,,2026學習詞表-04馬蘭阿美語.xlsx,04馬蘭阿美語,601,,
salt,ami_ml,cinah,excel,21-07,鹽,,2026學習詞表-04馬蘭阿美語.xlsx,04馬蘭阿美語,606,,
egg,ami_ml,fitaʼol,excel,21-09,蛋,,2026學習詞表-04馬蘭阿美語.xlsx,04馬蘭阿美語,608,,
white,ami_ml,kohecalay,excel,22-01,白色的,,2026學習詞表-04馬蘭阿美語.xlsx,04馬蘭阿美語,626,,
black,ami_ml,kohetingay,excel,22-02,黑色的,,2026學習詞表-04馬蘭阿美語.xlsx,04馬蘭阿美語,627,,
red,ami_ml,kahengangay,excel,22-03,紅色的,,2026學習詞表-04馬蘭阿美語.xlsx,04馬蘭阿美語,628,,
yellow,ami_ml,kaliyalaway,excel,22-05,黃色的,,2026學習詞表-04馬蘭阿美語.xlsx,04馬蘭阿美語,630,kohelaay,
green,ami_ml,kangdaway,excel,22-08,綠色的,,2026學習詞表-04馬蘭阿美語.xlsx,04馬蘭阿美語,633,,
give,ami_ml,pafeli,excel,25-07,給,,2026學習詞表-04馬蘭阿美語.xlsx,04馬蘭阿美語,663,,
come,ami_ml,tayni,excel,25-08,來,,2026學習詞表-04馬蘭阿美語.xlsx,04馬蘭阿美語,664,,
walk,ami_ml,romakat,excel,25-10,走路,,2026學習詞表-04馬蘭阿美語.xlsx,04馬蘭阿美語,666,,
fly,ami_ml,maefer,excel,25-12,飛,,2026學習詞表-04馬蘭阿美語.xlsx,04馬蘭阿美語,668,,
fall,ami_ml,marasras,excel,25-26,(植物的果實)掉落,,2026學習詞表-04馬蘭阿美語.xlsx,04馬蘭阿美語,682,,
sit,ami_ml,aroʼ,excel,25-43,坐著,,2026學習詞表-04馬蘭阿美語.xlsx,04馬蘭阿美語,699,,
stand,ami_ml,tomireng,excel,25-44,站著,,2026學習詞表-04馬蘭阿美語.xlsx,04馬蘭阿美語,700,,
sit,ami_ml,maroʼ,excel,26-03,坐下,,2026學習詞表-04馬蘭阿美語.xlsx,04馬蘭阿美語,712,,
hit,ami_ml,miseti’,excel,26-08,打(人),,2026學習詞表-04馬蘭阿美語.xlsx,04馬蘭阿美語,717,,
stab,ami_ml,cocok,excel,26-09,刺,,2026學習詞表-04馬蘭阿美語.xlsx,04馬蘭阿美語,718,,
push,ami_ml,micoloh,excel,26-13,推,,2026學習詞表-04馬蘭阿美語.xlsx,04馬蘭阿美語,722,,
scratch,ami_ml,mikoskos,excel,26-18,抓癢,,2026學習詞表-04馬蘭阿美語.xlsx,04馬蘭阿美語,727,,
lie,ami_ml,mati’enang/mawakang,excel,26-20,仰躺,,2026學習詞表-04馬蘭阿美語.xlsx,04馬蘭阿美語,729,,
blow,ami_ml,miiyof,excel,26-28,吹,,2026學習詞表-04馬蘭阿美語.xlsx,04馬蘭阿美語,737,,
dig,ami_ml,mikorkor,excel,26-29,挖掘,,2026學習詞表-04馬蘭阿美語.xlsx,04馬蘭阿美語,738,,
cut,ami_ml,micikcik,excel,26-30,切,,2026學習詞表-04馬蘭阿美語.xlsx,04馬蘭阿美語,739,,
swim,ami_ml,midangoy,excel,26-31,游泳,,2026學習詞表-04馬蘭阿美語.xlsx,04馬蘭阿美語,740,,
tie,ami_ml,soʼot,excel,26-38,綁住,,2026學習詞表-04馬蘭阿美語.xlsx,04馬蘭阿美語,747,,
pull,ami_ml,tengteng,excel,26-39,拉,,2026學習詞表-04馬蘭阿美語.xlsx,04馬蘭阿美語,748,,
split,ami_ml,pelaʼ,excel,26-40,劈(木材),,2026學習詞表-04馬蘭阿美語.xlsx,04馬蘭阿美語,749,,
hold,ami_ml,tatoyen,excel,26-42,提著,,2026學習詞表-04馬蘭阿美語.xlsx,04馬蘭阿美語,751,,
hold,ami_ml,metmeten,excel,26-43,握著,,2026學習詞表-04馬蘭阿美語.xlsx,04馬蘭阿美語,752,,
tie,ami_ml,falod,excel,26-44,捆綁,,2026學習詞表-04馬蘭阿美語.xlsx,04馬蘭阿美語,753,,
scratch,ami_ml,mikoskos,excel,26-56,搔癢,,2026學習詞表-04馬蘭阿美語.xlsx,04馬蘭阿美語,765,,
rub,ami_ml,ricaric,excel,26-85,揉搓(衣物),,2026學習詞表-04馬蘭阿美語.xlsx,04馬蘭阿美語,794,,
lie,ami_ml,tokinil,excel,26-88,側臥,,2026學習詞表-04馬蘭阿美語.xlsx,04馬蘭阿美語,797,,
fight,ami_ml,ʼodot,excel,26-96,打架,,2026學習詞表-04馬蘭阿美語.xlsx,04馬蘭阿美語,805,,
squeeze,ami_ml,coeco,excel,26-97,擠,,2026學習詞表-04馬蘭阿美語.xlsx,04馬蘭阿美語,806,,
dig,ami_ml,korkor,excel,26-100,(用手)挖掘,,2026學習詞表-04馬蘭阿美語.xlsx,04馬蘭阿美語,809,,
stand,ami_ml,tomireng,excel,26-105,起立,,2026學習詞表-04馬蘭阿美語.xlsx,04馬蘭阿美語,814,,
eat,ami_ml,kaen,excel,27-01,吃,,2026學習詞表-04馬蘭阿美語.xlsx,04馬蘭阿美語,816,,
suck,ami_ml,helip/helop,excel,27-02,吸,,2026學習詞表-04馬蘭阿美語.xlsx,04馬蘭阿美語,817,,
drink,ami_ml,minanom,excel,27-03,喝,,2026學習詞表-04馬蘭阿美語.xlsx,04馬蘭阿美語,818,,
vomit,ami_ml,maota’,excel,27-04,吐,,2026學習詞表-04馬蘭阿美語.xlsx,04馬蘭阿美語,819,,
bite,ami_ml,mikalat,excel,27-05,咬,,2026學習詞表-04馬蘭阿美語.xlsx,04馬蘭阿美語,820,,
eat,ami_ml,komaen,excel,27-15,吃(東西),,2026學習詞表-04馬蘭阿美語.xlsx,04馬蘭阿美語,830,,
know,ami_ml,mafana’,excel,28-02,知道,,2026學習詞表-04馬蘭阿美語.xlsx,04馬蘭阿美語,836,,
see,ami_ml,nengneng,excel,28-03,看,,2026學習詞表-04馬蘭阿美語.xlsx,04馬蘭阿美語,837,,
smell,ami_ml,sanek/hanek,excel,28-07,聞(如聞味道),,2026學習詞表-04馬蘭阿美語.xlsx,04馬蘭阿美語,841,,
hear,ami_ml,tengil,excel,28-19,聽,,2026學習詞表-04馬蘭阿美語.xlsx,04馬蘭阿美語,853,,
think,ami_ml,haratengen,excel,28-25,想(思考),,2026學習詞表-04馬蘭阿美語.xlsx,04馬蘭阿美語,859,,
fear,ami_ml,matalaw,excel,29-02,害怕,,2026學習詞表-04馬蘭阿美語.xlsx,04馬蘭阿美語,866,,
wash,ami_ml,mifaca’,excel,30-02,洗(衣物),,2026學習詞表-04馬蘭阿美語.xlsx,04馬蘭阿美語,876,,
sleep,ami_ml,mafoti’,excel,30-09,睡覺,,2026學習詞表-04馬蘭阿美語.xlsx,04馬蘭阿美語,883,,
kill,ami_ml,mipacok,excel,30-10,殺牲畜,,2026學習詞表-04馬蘭阿美語.xlsx,04馬蘭阿美語,884,,
lie,ami_ml,mati’enang,excel,30-16,躺臥,,2026學習詞表-04馬蘭阿美語.xlsx,04馬蘭阿美語,890,,
burn,ami_ml,mitodoh,excel,30-20,燒(如燒稻草),,2026學習詞表-04馬蘭阿美語.xlsx,04馬蘭阿美語,894,,
hunt,ami_ml,patalakal,excel,30-25,陷獵,,2026學習詞表-04馬蘭阿美語.xlsx,04馬蘭阿美語,899,,
burn,ami_ml,todoh,excel,30-54,燃燒,,2026學習詞表-04馬蘭阿美語.xlsx,04馬蘭阿美語,928,,
drink,ami_ml,minanom,excel,30-61,喝(水),,2026學習詞表-04馬蘭阿美語.xlsx,04馬蘭阿美語,935,,
sing,ami_ml,romadiw,excel,30-64,唱歌,,2026學習詞表-04馬蘭阿美語.xlsx,04馬蘭阿美語,938,,
play,ami_ml,misalama,excel,30-65,玩耍,,2026學習詞表-04馬蘭阿美語.xlsx,04馬蘭阿美語,939,,
die,ami_ml,mapatay,excel,31-01,死亡,,2026學習詞表-04馬蘭阿美語.xlsx,04馬蘭阿美語,941,,
live,ami_ml,maʼoripay,excel,31-08,活的,,2026學習詞表-04馬蘭阿美語.xlsx,04馬蘭阿美語,948,,
heavy,ami_ml,kareteng,excel,32-02,重(重量),,2026學習詞表-04馬蘭阿美語.xlsx,04馬蘭阿美語,963,,
big,ami_ml,taangayay,excel,32-05,大的,,2026學習詞表-04馬蘭阿美語.xlsx,04馬蘭阿美語,966,ta’angayay,
cold,ami_ml,sienaw,excel,32-08,冷,,2026學習詞表-04馬蘭阿美語.xlsx,04馬蘭阿美語,969,,
small,ami_ml,mimingay,excel,32-09,小的,,2026學習詞表-04馬蘭阿美語.xlsx,04馬蘭阿美語,970,,
many,ami_ml,adihay,excel,32-10,多,,2026學習詞表-04馬蘭阿美語.xlsx,04馬蘭阿美語,971,,
cold,ami_ml,kietec,excel,32-12,冰冷,,2026學習詞表-04馬蘭阿美語.xlsx,04馬蘭阿美語,973,,
few,ami_ml,mimingay,excel,32-14,少的,,2026學習詞表-04馬蘭阿美語.xlsx,04馬蘭阿美語,975,,
laugh,ami_ml,matawa,excel,32-16,笑,,2026學習詞表-04馬蘭阿美語.xlsx,04馬蘭阿美語,977,,
wet,ami_ml,macepa’,excel,32-17,濕的,,2026學習詞表-04馬蘭阿美語.xlsx,04馬蘭阿美語,978,,
thick,ami_ml,kifetolay,excel,32-19,厚的,,2026學習詞表-04馬蘭阿美語.xlsx,04馬蘭阿美語,980,,
thin,ami_ml,kohepicay,excel,32-21,薄的,,2026學習詞表-04馬蘭阿美語.xlsx,04馬蘭阿美語,982,,
dirty,ami_ml,kadit,excel,32-22,髒,,2026學習詞表-04馬蘭阿美語.xlsx,04馬蘭阿美語,983,,
dry,ami_ml,maʼicangay,excel,32-28,乾的,,2026學習詞表-04馬蘭阿美語.xlsx,04馬蘭阿美語,989,,
new,ami_ml,faelohay,excel,32-31,新的,,2026學習詞表-04馬蘭阿美語.xlsx,04馬蘭阿美語,992,,
old,ami_ml,matelangay,excel,32-32,舊的,,2026學習詞表-04馬蘭阿美語.xlsx,04馬蘭阿美語,993,,
near,ami_ml,ngata,excel,32-33,近,,2026學習詞表-04馬蘭阿美語.xlsx,04馬蘭阿美語,994,,
bad,ami_ml,matastas,excel,32-35,壞掉,,2026學習詞表-04馬蘭阿美語.xlsx,04馬蘭阿美語,996,,
far,ami_ml,raay,excel,32-37,遠,,2026學習詞表-04馬蘭阿美語.xlsx,04馬蘭阿美語,998,,
swell,ami_ml,lifawa,excel,32-38,腫,,2026學習詞表-04馬蘭阿美語.xlsx,04馬蘭阿美語,999,,
smooth,ami_ml,kohenac,excel,32-44,滑,,2026學習詞表-04馬蘭阿美語.xlsx,04馬蘭阿美語,1005,,
warm,ami_ml,diheko,excel,32-56,暖和,,2026學習詞表-04馬蘭阿美語.xlsx,04馬蘭阿美語,1017,,
dull,ami_ml,malaresay,excel,32-57,鈍的,,2026學習詞表-04馬蘭阿美語.xlsx,04馬蘭阿美語,1018,,
straight,ami_ml,moecel,excel,32-65,直,,2026學習詞表-04馬蘭阿美語.xlsx,04馬蘭阿美語,1026,,
full,ami_ml,matomesay to,excel,32-66,滿了,,2026學習詞表-04馬蘭阿美語.xlsx,04馬蘭阿美語,1027,,
wide,ami_ml,kakahad,excel,32-68,(空間)寬敞,,2026學習詞表-04馬蘭阿美語.xlsx,04馬蘭阿美語,1029,,
correct,ami_ml,matatodong / matepi’ / matama,excel,32-69,正確,,2026學習詞表-04馬蘭阿美語.xlsx,04馬蘭阿美語,1030,,
warm,ami_ml,fala^efaay,excel,32-72,溫的(水),,2026學習詞表-04馬蘭阿美語.xlsx,04馬蘭阿美語,1033,,
long,ami_ml,kiʼedaw,excel,32-74,長,,2026學習詞表-04馬蘭阿美語.xlsx,04馬蘭阿美語,1035,,
short,ami_ml,amotoʼ,excel,32-76,短,,2026學習詞表-04馬蘭阿美語.xlsx,04馬蘭阿美語,1037,,
full,ami_ml,matomes,excel,32-79,滿滿,,2026學習詞表-04馬蘭阿美語.xlsx,04馬蘭阿美語,1040,,
wipe,ami_ml,sisit/sipasip,excel,33-06,擦拭,,2026學習詞表-04馬蘭阿美語.xlsx,04馬蘭阿美語,1048,,
throw,ami_ml,falah,excel,34-19,丟棄,,2026學習詞表-04馬蘭阿美語.xlsx,04馬蘭阿美語,1069,,
count,ami_ml,saʼosi,excel,34-29,數(計算),,2026學習詞表-04馬蘭阿美語.xlsx,04馬蘭阿美語,1079,,
good,ami_ml,ngaʼay,excel,34-34,好,,2026學習詞表-04馬蘭阿美語.xlsx,04馬蘭阿美語,1084,,
not,ami_ml,cowa,excel,35-03,不是(回答用),,2026學習詞表-04馬蘭阿美語.xlsx,04馬蘭阿美語,1092,,
because,ami_ml,nawhani,excel,36-05,因為,,2026學習詞表-04馬蘭阿美語.xlsx,04馬蘭阿美語,1101,,
and,ami_ml,ato,excel,36-18,和,,2026學習詞表-04馬蘭阿美語.xlsx,04馬蘭阿美語,1114,,
if,ami_ml,ano,excel,36-22,如果,,2026學習詞表-04馬蘭阿美語.xlsx,04馬蘭阿美語,1118,,
one,ami_hc,cecay,excel,01-01,一,,2026學習詞表-05恆春阿美語.xlsx,05恆春阿美語,5,,
two,ami_hc,tosa,excel,01-02,二,,2026學習詞表-05恆春阿美語.xlsx,05恆春阿美語,6,,
three,ami_hc,tolo,excel,01-03,三,,2026學習詞表-05恆春阿美語.xlsx,05恆春阿美語,7,,
four,ami_hc,sepat,excel,01-04,四,,2026學習詞表-05恆春阿美語.xlsx,05恆春阿美語,8,,
five,ami_hc,lima,excel,01-05,五,,2026學習詞表-05恆春阿美語.xlsx,05恆春阿美語,9,,
six,ami_hc,enem,excel,01-06,六,,2026學習詞表-05恆春阿美語.xlsx,05恆春阿美語,10,,
seven,ami_hc,pito,excel,01-07,七,,2026學習詞表-05恆春阿美語.xlsx,05恆春阿美語,11,,
eight,ami_hc,falo,excel,01-08,八,,2026學習詞表-05恆春阿美語.xlsx,05恆春阿美語,12,,
nine,ami_hc,siwa,excel,01-09,九,,2026學習詞表-05恆春阿美語.xlsx,05恆春阿美語,13,,
ten,ami_hc,moetep/mo^tep,excel,01-10,十,,2026學習詞表-05恆春阿美語.xlsx,05恆春阿美語,14,,
twenty,ami_hc,tosa poloʼ,excel,01-20,二十,,2026學習詞表-05恆春阿美語.xlsx,05恆春阿美語,24,,
hundred,ami_hc,soʼot,excel,01-34,百,,2026學習詞表-05恆春阿美語.xlsx,05恆春阿美語,38,,
hundred,ami_hc,cecay soʼot,excel,01-35,一百,,2026學習詞表-05恆春阿美語.xlsx,05恆春阿美語,39,,
some,ami_hc,miming,excel,01-38,一些,,2026學習詞表-05恆春阿美語.xlsx,05恆春阿美語,42,cakahakowa 沒多少,
all,ami_hc,maemin/mapolong,excel,01-43,全部,,2026學習詞表-05恆春阿美語.xlsx,05恆春阿美語,47,,
few,ami_hc,miming,excel,01-44,一點點,,2026學習詞表-05恆春阿美語.xlsx,05恆春阿美語,48,,
you_singular,ami_hc,kiso,excel,02-01,你,,2026學習詞表-05恆春阿美語.xlsx,05恆春阿美語,51,,
i,ami_hc,kako,excel,02-02,我,,2026學習詞表-05恆春阿美語.xlsx,05恆春阿美語,52,"主詞:kako, 依附詞 ako",
he,ami_hc,cingra,excel,02-03,他,,2026學習詞表-05恆春阿美語.xlsx,05恆春阿美語,53,,
you_plural,ami_hc,kamo,excel,02-04,你們,,2026學習詞表-05恆春阿美語.xlsx,05恆春阿美語,54,你們(複數／第二人稱／主格),
we,ami_hc,kami,excel,02-05,我們,,2026學習詞表-05恆春阿美語.xlsx,05恆春阿美語,55,我們(排除式),
they,ami_hc,cangra,excel,02-06,他們,,2026學習詞表-05恆春阿美語.xlsx,05恆春阿美語,56,,
we,ami_hc,kami,excel,02-13,我們(排除式),,2026學習詞表-05恆春阿美語.xlsx,05恆春阿美語,63,,
we,ami_hc,kita,excel,02-14,咱們(包含式),,2026學習詞表-05恆春阿美語.xlsx,05恆春阿美語,64,,
that,ami_hc,kora,excel,02-16,那個,,2026學習詞表-05恆春阿美語.xlsx,05恆春阿美語,66,,
this,ami_hc,koni,excel,02-17,這個,,2026學習詞表-05恆春阿美語.xlsx,05恆春阿美語,67,未特定強調或特意指定的說法,
here,ami_hc,tini,excel,02-18,這裡,,2026學習詞表-05恆春阿美語.xlsx,05恆春阿美語,68,,
there,ami_hc,itira,excel,02-19,那裡,,2026學習詞表-05恆春阿美語.xlsx,05恆春阿美語,69,,
what,ami_hc,maan/manan/mimaan,excel,03-02,什麼,,2026學習詞表-05恆春阿美語.xlsx,05恆春阿美語,73,,
how,ami_hc,samanen/masamaan,excel,03-03,如何,,2026學習詞表-05恆春阿美語.xlsx,05恆春阿美語,74,samanen 如果,
when,ami_hc,i hacowa/ano hacowa,excel,03-04,何時(未發生),,2026學習詞表-05恆春阿美語.xlsx,05恆春阿美語,75,,
who,ami_hc,cima,excel,03-05,誰,,2026學習詞表-05恆春阿美語.xlsx,05恆春阿美語,76,,
where,ami_hc,icowa,excel,03-07,哪裡,,2026學習詞表-05恆春阿美語.xlsx,05恆春阿美語,78,表示哪裡，何處,
how,ami_hc,mamaanay,excel,03-09,怎麼,,2026學習詞表-05恆春阿美語.xlsx,05恆春阿美語,80,,
where,ami_hc,icowaay,excel,03-12,什麼地方,,2026學習詞表-05恆春阿美語.xlsx,05恆春阿美語,83,表示哪裡，何處,
when,ami_hc,hacowa/ano hacowa,excel,03-13,何時(已發生),,2026學習詞表-05恆春阿美語.xlsx,05恆春阿美語,84,,
father,ami_hc,wama / ama,excel,04-01,爸爸,,2026學習詞表-05恆春阿美語.xlsx,05恆春阿美語,87,wama帶有敬語，ama 一 般稱謂,
mother,ami_hc,wina ; ina,excel,04-02,媽媽,,2026學習詞表-05恆春阿美語.xlsx,05恆春阿美語,88,wina帶有敬語，ina 一 般稱謂,
wife,ami_hc,ramod,excel,04-07,配偶,,2026學習詞表-05恆春阿美語.xlsx,05恆春阿美語,93,,
husband,ami_hc,ramod,excel,04-07,配偶,,2026學習詞表-05恆春阿美語.xlsx,05恆春阿美語,93,,
husband,ami_hc,faʼinay,excel,04-15,丈夫,,2026學習詞表-05恆春阿美語.xlsx,05恆春阿美語,101,,
name,ami_hc,ngangan,excel,05-01,名字,,2026學習詞表-05恆春阿美語.xlsx,05恆春阿美語,114,,
child,ami_hc,kaemangat/wawa,excel,05-05,孩童,,2026學習詞表-05恆春阿美語.xlsx,05恆春阿美語,118,wawa為孩子的統稱,
woman,ami_hc,fafahiyan / fafahi,excel,05-07,女性,,2026學習詞表-05恆春阿美語.xlsx,05恆春阿美語,120,,
man,ami_hc,faʼinayan,excel,05-08,男性,,2026學習詞表-05恆春阿美語.xlsx,05恆春阿美語,121,,
person,ami_hc,tamdaw/tamdamdaw,excel,05-09,人,,2026學習詞表-05恆春阿美語.xlsx,05恆春阿美語,122,tamdamdaw;本族的自稱用語’Amis,
ear,ami_hc,tangila,excel,06-01,耳朵,,2026學習詞表-05恆春阿美語.xlsx,05恆春阿美語,140,,
leg,ami_hc,cepiʼ,excel,06-02,大腿,,2026學習詞表-05恆春阿美語.xlsx,05恆春阿美語,141,,
eye,ami_hc,mata,excel,06-03,眼睛,,2026學習詞表-05恆春阿美語.xlsx,05恆春阿美語,142,眼珠子（瞳孔）mamo’esa/’amamosa’,
mouth,ami_hc,ngoyos,excel,06-05,嘴巴,,2026學習詞表-05恆春阿美語.xlsx,05恆春阿美語,144,,
head,ami_hc,fongoh,excel,06-06,頭,,2026學習詞表-05恆春阿美語.xlsx,05恆春阿美語,145,,
fingernail,ami_hc,kanoos,excel,06-07,指甲,,2026學習詞表-05恆春阿美語.xlsx,05恆春阿美語,146,mayno’洗澡,
hand,ami_hc,kamay,excel,06-08,手,,2026學習詞表-05恆春阿美語.xlsx,05恆春阿美語,147,,
nose,ami_hc,ngosoʼ,excel,06-10,鼻子,,2026學習詞表-05恆春阿美語.xlsx,05恆春阿美語,149,,
foot,ami_hc,ooʼ,excel,06-11,腳,,2026學習詞表-05恆春阿美語.xlsx,05恆春阿美語,150,,
tooth,ami_hc,wadis,excel,06-12,牙齒,,2026學習詞表-05恆春阿美語.xlsx,05恆春阿美語,151,,
hair,ami_hc,fokes,excel,06-13,頭髮,,2026學習詞表-05恆春阿美語.xlsx,05恆春阿美語,152,,
blood,ami_hc,ʼilang,excel,06-14,血,,2026學習詞表-05恆春阿美語.xlsx,05恆春阿美語,153,,
meat,ami_hc,heci/titi,excel,06-15,肉,,2026學習詞表-05恆春阿美語.xlsx,05恆春阿美語,154,,
belly,ami_hc,tiyad,excel,06-17,肚子,,2026學習詞表-05恆春阿美語.xlsx,05恆春阿美語,156,,
breast,ami_hc,coco,excel,06-18,乳房,,2026學習詞表-05恆春阿美語.xlsx,05恆春阿美語,157,,
back,ami_hc,koror,excel,06-22,背部,,2026學習詞表-05恆春阿美語.xlsx,05恆春阿美語,161,,
skin,ami_hc,fanges,excel,06-23,皮,,2026學習詞表-05恆春阿美語.xlsx,05恆春阿美語,162,,
heart,ami_hc,falocoʼ,excel,06-28,心臟,,2026學習詞表-05恆春阿美語.xlsx,05恆春阿美語,167,,
knee,ami_hc,toros,excel,06-31,膝蓋,,2026學習詞表-05恆春阿美語.xlsx,05恆春阿美語,170,kawili  左邊 kawanan 右邊,
liver,ami_hc,ʼatay,excel,06-34,肝臟,,2026學習詞表-05恆春阿美語.xlsx,05恆春阿美語,173,kalasay脾臟,
fat,ami_hc,simal,excel,06-37,油脂,,2026學習詞表-05恆春阿美語.xlsx,05恆春阿美語,176,,
tongue,ami_hc,sema,excel,06-42,舌頭,,2026學習詞表-05恆春阿美語.xlsx,05恆春阿美語,181,,
neck,ami_hc,liʼel,excel,06-47,脖子,,2026學習詞表-05恆春阿美語.xlsx,05恆春阿美語,186,,
tail,ami_hc,wikol,excel,07-01,尾巴,,2026學習詞表-05恆春阿美語.xlsx,05恆春阿美語,197,,
dog,ami_hc,waco,excel,07-03,狗,,2026學習詞表-05恆春阿美語.xlsx,05恆春阿美語,199,,
bird,ami_hc,ʼayam,excel,07-06,鳥,,2026學習詞表-05恆春阿美語.xlsx,05恆春阿美語,202,,
fish,ami_hc,foting,excel,07-07,魚,,2026學習詞表-05恆春阿美語.xlsx,05恆春阿美語,203,,
snake,ami_hc,ʼoner,excel,07-19,蛇,,2026學習詞表-05恆春阿美語.xlsx,05恆春阿美語,215,,
louse,ami_hc,koto,excel,07-33,頭蝨,,2026學習詞表-05恆春阿美語.xlsx,05恆春阿美語,229,,
worm,ami_hc,ʼarikak,excel,07-39,蚯蚓,,2026學習詞表-05恆春阿美語.xlsx,05恆春阿美語,235,,
wing,ami_hc,sapikpik,excel,07-49,翅膀,,2026學習詞表-05恆春阿美語.xlsx,05恆春阿美語,245,,
horn,ami_hc,waʼa,excel,07-64,(動物的)角,,2026學習詞表-05恆春阿美語.xlsx,05恆春阿美語,260,,
tree,ami_hc,kilang,excel,08-03,樹,,2026學習詞表-05恆春阿美語.xlsx,05恆春阿美語,265,,
leaf,ami_hc,papah,excel,08-06,葉子,,2026學習詞表-05恆春阿美語.xlsx,05恆春阿美語,268,rengus 草,
flower,ami_hc,hana,excel,08-09,花朵,,2026學習詞表-05恆春阿美語.xlsx,05恆春阿美語,271,colingiw花苞,
stick,ami_hc,caʼang,excel,08-15,樹枝,,2026學習詞表-05恆春阿美語.xlsx,05恆春阿美語,277,,
fruit,ami_hc,heci no losay,excel,08-16,(植物的)果實,,2026學習詞表-05恆春阿美語.xlsx,05恆春阿美語,278,,
grass,ami_hc,rengos/semot/tarod,excel,08-20,草,,2026學習詞表-05恆春阿美語.xlsx,05恆春阿美語,282,,
fruit,ami_hc,losay,excel,08-24,水果,,2026學習詞表-05恆春阿美語.xlsx,05恆春阿美語,286,,
root,ami_hc,lamit,excel,08-28,樹根,,2026學習詞表-05恆春阿美語.xlsx,05恆春阿美語,290,poni’腐爛,
seed,ami_hc,sapal,excel,08-44,種子,,2026學習詞表-05恆春阿美語.xlsx,05恆春阿美語,306,,
rope,ami_hc,sasoʼot,excel,09-15,繩索,,2026學習詞表-05恆春阿美語.xlsx,05恆春阿美語,335,towaso繩索(閩借詞),
stick,ami_hc,caʼang,excel,09-18,枝條,,2026學習詞表-05恆春阿美語.xlsx,05恆春阿美語,338,,
ash,ami_hc,ʼafadeng/ʼafo,excel,09-49,炭灰,,2026學習詞表-05恆春阿美語.xlsx,05恆春阿美語,369,,
road,ami_hc,lalan,excel,10-01,道路,,2026學習詞表-05恆春阿美語.xlsx,05恆春阿美語,393,,
wind,ami_hc,fali,excel,10-04,風,,2026學習詞表-05恆春阿美語.xlsx,05恆春阿美語,396,katiposan 冬天,
sand,ami_hc,siʼelac,excel,10-05,沙子,,2026學習詞表-05恆春阿美語.xlsx,05恆春阿美語,397,tafok沙土,
earth,ami_hc,sera,excel,10-06,泥土,,2026學習詞表-05恆春阿美語.xlsx,05恆春阿美語,398,,
river,ami_hc,ʼalo,excel,10-07,河流,,2026學習詞表-05恆春阿美語.xlsx,05恆春阿美語,399,,
lake,ami_hc,fanaw,excel,10-08,湖泊,,2026學習詞表-05恆春阿美語.xlsx,05恆春阿美語,400,,
forest,ami_hc,kilakilangan,excel,10-09,森林,,2026學習詞表-05恆春阿美語.xlsx,05恆春阿美語,401,,
sun,ami_hc,cidal,excel,11-02,太陽,,2026學習詞表-05恆春阿美語.xlsx,05恆春阿美語,417,,
moon,ami_hc,folad,excel,11-03,月亮,,2026學習詞表-05恆春阿美語.xlsx,05恆春阿美語,418,,
sky,ami_hc,kakarayan,excel,11-04,天空,,2026學習詞表-05恆春阿美語.xlsx,05恆春阿美語,419,,
star,ami_hc,foʼis,excel,11-05,星星,,2026學習詞表-05恆春阿美語.xlsx,05恆春阿美語,420,,
rain,ami_hc,ʼorad,excel,11-06,雨,,2026學習詞表-05恆春阿美語.xlsx,05恆春阿美語,421,,
snow,ami_hc,soʼeda,excel,11-07,雪,,2026學習詞表-05恆春阿美語.xlsx,05恆春阿美語,422,,
smoke,ami_hc,acefel,excel,11-13,煙,,2026學習詞表-05恆春阿美語.xlsx,05恆春阿美語,428,,
fire,ami_hc,namal,excel,11-17,火,,2026學習詞表-05恆春阿美語.xlsx,05恆春阿美語,432,,
ice,ami_hc,soʼeda/koli,excel,11-18,冰,,2026學習詞表-05恆春阿美語.xlsx,05恆春阿美語,433,,
stone,ami_hc,fakeloh,excel,12-05,石頭,,2026學習詞表-05恆春阿美語.xlsx,05恆春阿美語,454,,
night,ami_hc,dadaya,excel,13-02,晚上,,2026學習詞表-05恆春阿美語.xlsx,05恆春阿美語,471,,
day,ami_hc,romiʼad,excel,13-07,白天,,2026學習詞表-05恆春阿美語.xlsx,05恆春阿美語,476,,
night,ami_hc,dadaya,excel,13-22,夜,,2026學習詞表-05恆春阿美語.xlsx,05恆春阿美語,491,,
year,ami_hc,miheca,excel,13-28,年,,2026學習詞表-05恆春阿美語.xlsx,05恆春阿美語,497,,
in,ami_hc,lalomaʼ,excel,14-01,裡面,,2026學習詞表-05恆春阿美語.xlsx,05恆春阿美語,502,,
at,ami_hc,I sakacowa,excel,14-02,在某處,,2026學習詞表-05恆春阿美語.xlsx,05恆春阿美語,503,,
right,ami_hc,kawanan,excel,14-10,右邊,,2026學習詞表-05恆春阿美語.xlsx,05恆春阿美語,511,,
left,ami_hc,kawili,excel,14-11,左邊,,2026學習詞表-05恆春阿美語.xlsx,05恆春阿美語,512,,
water,ami_hc,nanom,excel,21-02,水,,2026學習詞表-05恆春阿美語.xlsx,05恆春阿美語,601,,
salt,ami_hc,cinah,excel,21-07,鹽,,2026學習詞表-05恆春阿美語.xlsx,05恆春阿美語,606,,
egg,ami_hc,fitaʼol,excel,21-09,蛋,,2026學習詞表-05恆春阿美語.xlsx,05恆春阿美語,608,,
white,ami_hc,kohecalay,excel,22-01,白色的,,2026學習詞表-05恆春阿美語.xlsx,05恆春阿美語,626,,
black,ami_hc,kohetingay,excel,22-02,黑色的,,2026學習詞表-05恆春阿美語.xlsx,05恆春阿美語,627,,
red,ami_hc,kahengangay,excel,22-03,紅色的,,2026學習詞表-05恆春阿美語.xlsx,05恆春阿美語,628,,
yellow,ami_hc,kaliyalaway,excel,22-05,黃色的,,2026學習詞表-05恆春阿美語.xlsx,05恆春阿美語,630,,
green,ami_hc,kangdaway,excel,22-08,綠色的,,2026學習詞表-05恆春阿美語.xlsx,05恆春阿美語,633,,
give,ami_hc,pafeli,excel,25-07,給,,2026學習詞表-05恆春阿美語.xlsx,05恆春阿美語,663,,
come,ami_hc,tayni,excel,25-08,來,,2026學習詞表-05恆春阿美語.xlsx,05恆春阿美語,664,,
walk,ami_hc,romakat,excel,25-10,走路,,2026學習詞表-05恆春阿美語.xlsx,05恆春阿美語,666,,
fly,ami_hc,efer,excel,25-12,飛,,2026學習詞表-05恆春阿美語.xlsx,05恆春阿美語,668,,
fall,ami_hc,laslas,excel,25-26,(植物的果實)掉落,,2026學習詞表-05恆春阿美語.xlsx,05恆春阿美語,682,,
sit,ami_hc,aroʼ,excel,25-43,坐著,,2026學習詞表-05恆春阿美語.xlsx,05恆春阿美語,699,,
stand,ami_hc,tomireng,excel,25-44,站著,,2026學習詞表-05恆春阿美語.xlsx,05恆春阿美語,700,,
sit,ami_hc,maroʼ,excel,26-03,坐下,,2026學習詞表-05恆春阿美語.xlsx,05恆春阿美語,712,,
hit,ami_hc,setiʼ,excel,26-08,打(人),,2026學習詞表-05恆春阿美語.xlsx,05恆春阿美語,717,tepi’打臉,
stab,ami_hc,pacok,excel,26-09,刺,,2026學習詞表-05恆春阿美語.xlsx,05恆春阿美語,718,,
push,ami_hc,cikeroh,excel,26-13,推,,2026學習詞表-05恆春阿美語.xlsx,05恆春阿美語,722,,
scratch,ami_hc,koskos,excel,26-18,抓癢,,2026學習詞表-05恆春阿美語.xlsx,05恆春阿美語,727,,
lie,ami_hc,tiʼenang/wakang,excel,26-20,仰躺,,2026學習詞表-05恆春阿美語.xlsx,05恆春阿美語,729,,
blow,ami_hc,iyof,excel,26-28,吹,,2026學習詞表-05恆春阿美語.xlsx,05恆春阿美語,737,,
dig,ami_hc,korkor,excel,26-29,挖掘,,2026學習詞表-05恆春阿美語.xlsx,05恆春阿美語,738,,
cut,ami_hc,cikcik,excel,26-30,切,,2026學習詞表-05恆春阿美語.xlsx,05恆春阿美語,739,,
swim,ami_hc,dangoy,excel,26-31,游泳,,2026學習詞表-05恆春阿美語.xlsx,05恆春阿美語,740,,
tie,ami_hc,soʼot,excel,26-38,綁住,,2026學習詞表-05恆春阿美語.xlsx,05恆春阿美語,747,,
pull,ami_hc,tengteng,excel,26-39,拉,,2026學習詞表-05恆春阿美語.xlsx,05恆春阿美語,748,,
split,ami_hc,pelaʼ,excel,26-40,劈(木材),,2026學習詞表-05恆春阿美語.xlsx,05恆春阿美語,749,,
hold,ami_hc,tatiw/tatoy,excel,26-42,提著,,2026學習詞表-05恆春阿美語.xlsx,05恆春阿美語,751,,
hold,ami_hc,metmet,excel,26-43,握著,,2026學習詞表-05恆春阿美語.xlsx,05恆春阿美語,752,ala 拿 ，amet / metmet 同意詞「握」,
tie,ami_hc,rorongen/faloden,excel,26-44,捆綁,,2026學習詞表-05恆春阿美語.xlsx,05恆春阿美語,753,rorong 捆的單位詞。,
scratch,ami_hc,koskos,excel,26-56,搔癢,,2026學習詞表-05恆春阿美語.xlsx,05恆春阿美語,765,,
rub,ami_hc,rotarot,excel,26-85,揉搓(衣物),,2026學習詞表-05恆春阿美語.xlsx,05恆春阿美語,794,,
lie,ami_hc,tokinil,excel,26-88,側臥,,2026學習詞表-05恆春阿美語.xlsx,05恆春阿美語,797,,
fight,ami_hc,ʼodot,excel,26-96,打架,,2026學習詞表-05恆春阿美語.xlsx,05恆春阿美語,805,,
squeeze,ami_hc,coʼeco,excel,26-97,擠,,2026學習詞表-05恆春阿美語.xlsx,05恆春阿美語,806,,
dig,ami_hc,korkor,excel,26-100,(用手)挖掘,,2026學習詞表-05恆春阿美語.xlsx,05恆春阿美語,809,,
stand,ami_hc,tomireng,excel,26-105,起立,,2026學習詞表-05恆春阿美語.xlsx,05恆春阿美語,814,,
eat,ami_hc,kaen,excel,27-01,吃,,2026學習詞表-05恆春阿美語.xlsx,05恆春阿美語,816,,
suck,ami_hc,helip/cepcep,excel,27-02,吸,,2026學習詞表-05恆春阿美語.xlsx,05恆春阿美語,817,,
drink,ami_hc,minanom,excel,27-03,喝,,2026學習詞表-05恆春阿美語.xlsx,05恆春阿美語,818,"’ok’ok大口大口地喝
 ’owak /inip 酒類的喝法",
vomit,ami_hc,otaʼ,excel,27-04,吐,,2026學習詞表-05恆春阿美語.xlsx,05恆春阿美語,819,,
bite,ami_hc,kalat,excel,27-05,咬,,2026學習詞表-05恆春阿美語.xlsx,05恆春阿美語,820,,
eat,ami_hc,komaen,excel,27-15,吃(東西),,2026學習詞表-05恆春阿美語.xlsx,05恆春阿美語,830,,
know,ami_hc,mafanaʼ,excel,28-02,知道,,2026學習詞表-05恆春阿美語.xlsx,05恆春阿美語,836,,
see,ami_hc,nengneng,excel,28-03,看,,2026學習詞表-05恆春阿美語.xlsx,05恆春阿美語,837,,
smell,ami_hc,hanek,excel,28-07,聞(如聞味道),,2026學習詞表-05恆春阿美語.xlsx,05恆春阿美語,841,,
hear,ami_hc,tengil,excel,28-19,聽,,2026學習詞表-05恆春阿美語.xlsx,05恆春阿美語,853,,
think,ami_hc,kaʼilolan,excel,28-25,想(思考),,2026學習詞表-05恆春阿美語.xlsx,05恆春阿美語,859,sapi...想,
fear,ami_hc,talaw,excel,29-02,害怕,,2026學習詞表-05恆春阿美語.xlsx,05恆春阿美語,866,,
wash,ami_hc,mifaca’,excel,30-02,洗(衣物),,2026學習詞表-05恆春阿美語.xlsx,05恆春阿美語,876,,
sleep,ami_hc,mafotiʼ,excel,30-09,睡覺,,2026學習詞表-05恆春阿美語.xlsx,05恆春阿美語,883,,
kill,ami_hc,mitokad/mipacok,excel,30-10,殺牲畜,,2026學習詞表-05恆春阿美語.xlsx,05恆春阿美語,884,,
lie,ami_hc,tiʼenang/mitokinir,excel,30-16,躺臥,,2026學習詞表-05恆春阿美語.xlsx,05恆春阿美語,890,,
burn,ami_hc,todoh,excel,30-20,燒(如燒稻草),,2026學習詞表-05恆春阿美語.xlsx,05恆春阿美語,894,,
hunt,ami_hc,talakal,excel,30-25,陷獵,,2026學習詞表-05恆春阿美語.xlsx,05恆春阿美語,899,,
burn,ami_hc,iloh/todoh,excel,30-54,燃燒,,2026學習詞表-05恆春阿美語.xlsx,05恆春阿美語,928,,
drink,ami_hc,miʼinip,excel,30-61,喝(水),,2026學習詞表-05恆春阿美語.xlsx,05恆春阿美語,935,mi’owak猛喝,
sing,ami_hc,romadiw,excel,30-64,唱歌,,2026學習詞表-05恆春阿美語.xlsx,05恆春阿美語,938,,
play,ami_hc,salama,excel,30-65,玩耍,,2026學習詞表-05恆春阿美語.xlsx,05恆春阿美語,939,,
die,ami_hc,mapatay,excel,31-01,死亡,,2026學習詞表-05恆春阿美語.xlsx,05恆春阿美語,941,,
live,ami_hc,maʼoripay,excel,31-08,活的,,2026學習詞表-05恆春阿美語.xlsx,05恆春阿美語,948,,
heavy,ami_hc,kareteng,excel,32-02,重(重量),,2026學習詞表-05恆春阿美語.xlsx,05恆春阿美語,963,,
big,ami_hc,taʼangay,excel,32-05,大的,,2026學習詞表-05恆春阿美語.xlsx,05恆春阿美語,966,,
cold,ami_hc,kiʼetec/sienaw,excel,32-08,冷,,2026學習詞表-05恆春阿美語.xlsx,05恆春阿美語,969,,
small,ami_hc,mimingay,excel,32-09,小的,,2026學習詞表-05恆春阿美語.xlsx,05恆春阿美語,970,,
many,ami_hc,adihay,excel,32-10,多,,2026學習詞表-05恆春阿美語.xlsx,05恆春阿美語,971,,
cold,ami_hc,kiʼedaw,excel,32-12,冰冷,,2026學習詞表-05恆春阿美語.xlsx,05恆春阿美語,973,,
few,ami_hc,miming,excel,32-14,少的,,2026學習詞表-05恆春阿美語.xlsx,05恆春阿美語,975,,
laugh,ami_hc,tawa,excel,32-16,笑,,2026學習詞表-05恆春阿美語.xlsx,05恆春阿美語,977,,
wet,ami_hc,macepaʼ,excel,32-17,濕的,,2026學習詞表-05恆春阿美語.xlsx,05恆春阿美語,978,,
thick,ami_hc,kifetolay,excel,32-19,厚的,,2026學習詞表-05恆春阿美語.xlsx,05恆春阿美語,980,,
thin,ami_hc,kihepicay,excel,32-21,薄的,,2026學習詞表-05恆春阿美語.xlsx,05恆春阿美語,982,,
dirty,ami_hc,kadit/ʼaongaw,excel,32-22,髒,,2026學習詞表-05恆春阿美語.xlsx,05恆春阿美語,983,,
dry,ami_hc,ma’icangay,excel,32-28,乾的,,2026學習詞表-05恆春阿美語.xlsx,05恆春阿美語,989,意同：水份少的之意,
new,ami_hc,faelohay,excel,32-31,新的,,2026學習詞表-05恆春阿美語.xlsx,05恆春阿美語,992,,
old,ami_hc,matelangay,excel,32-32,舊的,,2026學習詞表-05恆春阿美語.xlsx,05恆春阿美語,993,,
near,ami_hc,ngata,excel,32-33,近,,2026學習詞表-05恆春阿美語.xlsx,05恆春阿美語,994,,
bad,ami_hc,malepatay/matastasay,excel,32-35,壞掉,,2026學習詞表-05恆春阿美語.xlsx,05恆春阿美語,996,,
far,ami_hc,raay,excel,32-37,遠,,2026學習詞表-05恆春阿美語.xlsx,05恆春阿美語,998,,
swell,ami_hc,lifawa,excel,32-38,腫,,2026學習詞表-05恆春阿美語.xlsx,05恆春阿美語,999,,
smooth,ami_hc,kohenac/kameleng,excel,32-44,滑,,2026學習詞表-05恆春阿美語.xlsx,05恆春阿美語,1005,,
warm,ami_hc,diheko,excel,32-56,暖和,,2026學習詞表-05恆春阿美語.xlsx,05恆春阿美語,1017,,
dull,ami_hc,malalesay,excel,32-57,鈍的,,2026學習詞表-05恆春阿美語.xlsx,05恆春阿美語,1018,,
straight,ami_hc,moʼecel,excel,32-65,直,,2026學習詞表-05恆春阿美語.xlsx,05恆春阿美語,1026,,
full,ami_hc,matomes,excel,32-66,滿了,,2026學習詞表-05恆春阿美語.xlsx,05恆春阿美語,1027,,
wide,ami_hc,kakahad,excel,32-68,(空間)寬敞,,2026學習詞表-05恆春阿美語.xlsx,05恆春阿美語,1029,意同：不擁擠之意,
correct,ami_hc,matatodong/matama,excel,32-69,正確,,2026學習詞表-05恆春阿美語.xlsx,05恆春阿美語,1030,,
warm,ami_hc,falaʼefaay,excel,32-72,溫的(水),,2026學習詞表-05恆春阿美語.xlsx,05恆春阿美語,1033,,
long,ami_hc,kiʼedaw,excel,32-74,長,,2026學習詞表-05恆春阿美語.xlsx,05恆春阿美語,1035,,
short,ami_hc,kamokoʼ,excel,32-76,短,,2026學習詞表-05恆春阿美語.xlsx,05恆春阿美語,1037,,
full,ami_hc,matomes,excel,32-79,滿滿,,2026學習詞表-05恆春阿美語.xlsx,05恆春阿美語,1040,,
wipe,ami_hc,sisit,excel,33-06,擦拭,,2026學習詞表-05恆春阿美語.xlsx,05恆春阿美語,1048,,
throw,ami_hc,falah,excel,34-19,丟棄,,2026學習詞表-05恆春阿美語.xlsx,05恆春阿美語,1069,放棄hawad,
count,ami_hc,misaʼosi,excel,34-29,數(計算),,2026學習詞表-05恆春阿美語.xlsx,05恆春阿美語,1079,,
good,ami_hc,ngaʼay,excel,34-34,好,,2026學習詞表-05恆春阿美語.xlsx,05恆春阿美語,1084,,
not,ami_hc,cowa,excel,35-03,不是(回答用),,2026學習詞表-05恆春阿美語.xlsx,05恆春阿美語,1092,,
because,ami_hc,mansa,excel,36-05,因為,,2026學習詞表-05恆春阿美語.xlsx,05恆春阿美語,1101,,
and,ami_hc,ato,excel,36-18,和,,2026學習詞表-05恆春阿美語.xlsx,05恆春阿美語,1114,,
if,ami_hc,ano,excel,36-22,如果,,2026學習詞表-05恆春阿美語.xlsx,05恆春阿美語,1118,,
one,ata_sq,qutux,excel,01-01,一,,2026學習詞表-06賽考利克泰雅語.xlsx,06賽考利克泰雅語,5,,
two,ata_sq,sazing,excel,01-02,二,,2026學習詞表-06賽考利克泰雅語.xlsx,06賽考利克泰雅語,6,,
three,ata_sq,cyugal,excel,01-03,三,,2026學習詞表-06賽考利克泰雅語.xlsx,06賽考利克泰雅語,7,ciwal,
four,ata_sq,payat,excel,01-04,四,,2026學習詞表-06賽考利克泰雅語.xlsx,06賽考利克泰雅語,8,,
five,ata_sq,zmagal,excel,01-05,五,,2026學習詞表-06賽考利克泰雅語.xlsx,06賽考利克泰雅語,9,,
six,ata_sq,mtzyu,excel,01-06,六,,2026學習詞表-06賽考利克泰雅語.xlsx,06賽考利克泰雅語,10,mtzyu’,
seven,ata_sq,mpitu,excel,01-07,七,,2026學習詞表-06賽考利克泰雅語.xlsx,06賽考利克泰雅語,11,pitu’,
eight,ata_sq,mspat,excel,01-08,八,,2026學習詞表-06賽考利克泰雅語.xlsx,06賽考利克泰雅語,12,spat,
nine,ata_sq,mqeru,excel,01-09,九,,2026學習詞表-06賽考利克泰雅語.xlsx,06賽考利克泰雅語,13,mqeruʼ/qeru’/mqiru’,
ten,ata_sq,mopuw,excel,01-10,十,,2026學習詞表-06賽考利克泰雅語.xlsx,06賽考利克泰雅語,14,mpuw/mawpu,
twenty,ata_sq,mpusal,excel,01-20,二十,,2026學習詞表-06賽考利克泰雅語.xlsx,06賽考利克泰雅語,24,,
hundred,ata_sq,kbhul,excel,01-34,百,,2026學習詞表-06賽考利克泰雅語.xlsx,06賽考利克泰雅語,38,,
hundred,ata_sq,qutux kbhul,excel,01-35,一百,,2026學習詞表-06賽考利克泰雅語.xlsx,06賽考利克泰雅語,39,,
some,ata_sq,cikay,excel,01-38,一些,,2026學習詞表-06賽考利克泰雅語.xlsx,06賽考利克泰雅語,42,cikah,
all,ata_sq,kwara,excel,01-43,全部,,2026學習詞表-06賽考利克泰雅語.xlsx,06賽考利克泰雅語,47,kwara’,
few,ata_sq,cipoq/cikuy,excel,01-44,一點點,,2026學習詞表-06賽考利克泰雅語.xlsx,06賽考利克泰雅語,48,cikuy/cipuq,
you_singular,ata_sq,su,excel,02-01,你,,2026學習詞表-06賽考利克泰雅語.xlsx,06賽考利克泰雅語,51,isu,
i,ata_sq,kun,excel,02-02,我,,2026學習詞表-06賽考利克泰雅語.xlsx,06賽考利克泰雅語,52,kuzing/saku,
he,ata_sq,hiya,excel,02-03,他,,2026學習詞表-06賽考利克泰雅語.xlsx,06賽考利克泰雅語,53,hiya’,
you_plural,ata_sq,simu,excel,02-04,你們,,2026學習詞表-06賽考利克泰雅語.xlsx,06賽考利克泰雅語,54,,
we,ata_sq,ta,excel,02-05,我們,,2026學習詞表-06賽考利克泰雅語.xlsx,06賽考利克泰雅語,55,ta’/ita,
they,ata_sq,lha,excel,02-06,他們,,2026學習詞表-06賽考利克泰雅語.xlsx,06賽考利克泰雅語,56,lha’/lhgan,
we,ata_sq,sami,excel,02-13,我們(排除式),,2026學習詞表-06賽考利克泰雅語.xlsx,06賽考利克泰雅語,63,,
we,ata_sq,ita,excel,02-14,咱們(包含式),,2026學習詞表-06賽考利克泰雅語.xlsx,06賽考利克泰雅語,64,ita’,
that,ata_sq,qasa,excel,02-16,那個,,2026學習詞表-06賽考利克泰雅語.xlsx,06賽考利克泰雅語,66,,
this,ata_sq,qani,excel,02-17,這個,,2026學習詞表-06賽考利克泰雅語.xlsx,06賽考利克泰雅語,67,,
here,ata_sq,sqani,excel,02-18,這裡,,2026學習詞表-06賽考利克泰雅語.xlsx,06賽考利克泰雅語,68,,
there,ata_sq,thasa,excel,02-19,那裡,,2026學習詞表-06賽考利克泰雅語.xlsx,06賽考利克泰雅語,69,tehasa/sqasa,
what,ata_sq,nanu,excel,03-02,什麼,,2026學習詞表-06賽考利克泰雅語.xlsx,06賽考利克泰雅語,73,nanu’,
how,ata_sq,son nanu,excel,03-03,如何,,2026學習詞表-06賽考利克泰雅語.xlsx,06賽考利克泰雅語,74,sun nanu’,
when,ata_sq,knwan,excel,03-04,何時(未發生),,2026學習詞表-06賽考利克泰雅語.xlsx,06賽考利克泰雅語,75,,
who,ata_sq,ima,excel,03-05,誰,,2026學習詞表-06賽考利克泰雅語.xlsx,06賽考利克泰雅語,76,ima’,
where,ata_sq,inu,excel,03-07,哪裡,,2026學習詞表-06賽考利克泰雅語.xlsx,06賽考利克泰雅語,78,inu’,
how,ata_sq,hmswa,excel,03-09,怎麼,,2026學習詞表-06賽考利克泰雅語.xlsx,06賽考利克泰雅語,80,hmswa’,
where,ata_sq,inu,excel,03-12,什麼地方,,2026學習詞表-06賽考利克泰雅語.xlsx,06賽考利克泰雅語,83,inu’,
when,ata_sq,knwan,excel,03-13,何時(已發生),,2026學習詞表-06賽考利克泰雅語.xlsx,06賽考利克泰雅語,84,,
father,ata_sq,yaba,excel,04-01,爸爸,,2026學習詞表-06賽考利克泰雅語.xlsx,06賽考利克泰雅語,87,yaba’,
mother,ata_sq,yaya,excel,04-02,媽媽,,2026學習詞表-06賽考利克泰雅語.xlsx,06賽考利克泰雅語,88,yaya’,
wife,ata_sq,bes,excel,04-07,配偶,,2026學習詞表-06賽考利克泰雅語.xlsx,06賽考利克泰雅語,93,bays,
husband,ata_sq,bes,excel,04-07,配偶,,2026學習詞表-06賽考利克泰雅語.xlsx,06賽考利克泰雅語,93,bays,
husband,ata_sq,mlikuy,excel,04-15,丈夫,,2026學習詞表-06賽考利克泰雅語.xlsx,06賽考利克泰雅語,101,,
name,ata_sq,lalu,excel,05-01,名字,,2026學習詞表-06賽考利克泰雅語.xlsx,06賽考利克泰雅語,114,lalu’,
child,ata_sq,laqi,excel,05-05,孩童,,2026學習詞表-06賽考利克泰雅語.xlsx,06賽考利克泰雅語,118,laqi/’laqi,
woman,ata_sq,kneril,excel,05-07,女性,,2026學習詞表-06賽考利克泰雅語.xlsx,06賽考利克泰雅語,120,,
man,ata_sq,mlikuy,excel,05-08,男性,,2026學習詞表-06賽考利克泰雅語.xlsx,06賽考利克泰雅語,121,,
person,ata_sq,tayal/squliq,excel,05-09,人,,2026學習詞表-06賽考利克泰雅語.xlsx,06賽考利克泰雅語,122,Tayal/squliq,
ear,ata_sq,papak,excel,06-01,耳朵,,2026學習詞表-06賽考利克泰雅語.xlsx,06賽考利克泰雅語,140,,
leg,ata_sq,muzi,excel,06-02,大腿,,2026學習詞表-06賽考利克泰雅語.xlsx,06賽考利克泰雅語,141,gaya’(大腿內側) muzi’/ kayt(大腿外側),
eye,ata_sq,roziq,excel,06-03,眼睛,,2026學習詞表-06賽考利克泰雅語.xlsx,06賽考利克泰雅語,142,rawziq,
mouth,ata_sq,nqwaq,excel,06-05,嘴巴,,2026學習詞表-06賽考利克泰雅語.xlsx,06賽考利克泰雅語,144,ngqwaq,
head,ata_sq,tunux,excel,06-06,頭,,2026學習詞表-06賽考利克泰雅語.xlsx,06賽考利克泰雅語,145,,
fingernail,ata_sq,kamit,excel,06-07,指甲,,2026學習詞表-06賽考利克泰雅語.xlsx,06賽考利克泰雅語,146,,
hand,ata_sq,qba,excel,06-08,手,,2026學習詞表-06賽考利克泰雅語.xlsx,06賽考利克泰雅語,147,qba’,
nose,ata_sq,nguhuw,excel,06-10,鼻子,,2026學習詞表-06賽考利克泰雅語.xlsx,06賽考利克泰雅語,149,nguhu,
foot,ata_sq,kakay,excel,06-11,腳,,2026學習詞表-06賽考利克泰雅語.xlsx,06賽考利克泰雅語,150,,
tooth,ata_sq,gʼnux,excel,06-12,牙齒,,2026學習詞表-06賽考利克泰雅語.xlsx,06賽考利克泰雅語,151,nux/’ nux/gipun,
hair,ata_sq,snonux,excel,06-13,頭髮,,2026學習詞表-06賽考利克泰雅語.xlsx,06賽考利克泰雅語,152,snawnux,
blood,ata_sq,ramu,excel,06-14,血,,2026學習詞表-06賽考利克泰雅語.xlsx,06賽考利克泰雅語,153,ramu’,
meat,ata_sq,hi,excel,06-15,肉；身體,,2026學習詞表-06賽考利克泰雅語.xlsx,06賽考利克泰雅語,154,hi’/syam,
belly,ata_sq,ktu,excel,06-17,肚子,,2026學習詞表-06賽考利克泰雅語.xlsx,06賽考利克泰雅語,156,ktu’,
breast,ata_sq,bubu,excel,06-18,乳房,,2026學習詞表-06賽考利克泰雅語.xlsx,06賽考利克泰雅語,157,bubu’,
back,ata_sq,turu,excel,06-22,背部,,2026學習詞表-06賽考利克泰雅語.xlsx,06賽考利克泰雅語,161,turu’,
skin,ata_sq,kyahil,excel,06-23,皮,,2026學習詞表-06賽考利克泰雅語.xlsx,06賽考利克泰雅語,162,kyahil(動物、人) kehil,
heart,ata_sq,yaba yuhum,excel,06-28,心臟,,2026學習詞表-06賽考利克泰雅語.xlsx,06賽考利克泰雅語,167,yuhum/yaba’ bahat,
knee,ata_sq,tari,excel,06-31,膝蓋,,2026學習詞表-06賽考利克泰雅語.xlsx,06賽考利克泰雅語,170,tari’,
liver,ata_sq,szik,excel,06-34,肝臟,,2026學習詞表-06賽考利克泰雅語.xlsx,06賽考利克泰雅語,173,,
fat,ata_sq,syam/abura,excel,06-37,油脂,,2026學習詞表-06賽考利克泰雅語.xlsx,06賽考利克泰雅語,176,qnu,
tongue,ata_sq,hmali,excel,06-42,舌頭,,2026學習詞表-06賽考利克泰雅語.xlsx,06賽考利克泰雅語,181,hmali’,
neck,ata_sq,gryung,excel,06-47,脖子,,2026學習詞表-06賽考利克泰雅語.xlsx,06賽考利克泰雅語,186,,
tail,ata_sq,ngungu,excel,07-01,尾巴,,2026學習詞表-06賽考利克泰雅語.xlsx,06賽考利克泰雅語,197,ngungu’,
dog,ata_sq,huzil,excel,07-03,狗,,2026學習詞表-06賽考利克泰雅語.xlsx,06賽考利克泰雅語,199,hozil,
bird,ata_sq,qbhniq,excel,07-06,鳥,,2026學習詞表-06賽考利克泰雅語.xlsx,06賽考利克泰雅語,202,qhniq,
fish,ata_sq,qulih,excel,07-07,魚,,2026學習詞表-06賽考利克泰雅語.xlsx,06賽考利克泰雅語,203,,
snake,ata_sq,mqu,excel,07-19,蛇,,2026學習詞表-06賽考利克泰雅語.xlsx,06賽考利克泰雅語,215,mqu’,
louse,ata_sq,kuhing,excel,07-33,頭蝨,,2026學習詞表-06賽考利克泰雅語.xlsx,06賽考利克泰雅語,229,equ’,
worm,ata_sq,bisuw,excel,07-39,蚯蚓,,2026學習詞表-06賽考利克泰雅語.xlsx,06賽考利克泰雅語,235,bisu,
wing,ata_sq,pali,excel,07-49,翅膀,,2026學習詞表-06賽考利克泰雅語.xlsx,06賽考利克泰雅語,245,pali’,
horn,ata_sq,qihuy,excel,07-64,(動物的)角,,2026學習詞表-06賽考利克泰雅語.xlsx,06賽考利克泰雅語,260,qehuy,
tree,ata_sq,qhuniq,excel,08-03,樹,,2026學習詞表-06賽考利克泰雅語.xlsx,06賽考利克泰雅語,265,qhoniq,
leaf,ata_sq,abaw,excel,08-06,葉子,,2026學習詞表-06賽考利克泰雅語.xlsx,06賽考利克泰雅語,268,lbak,
flower,ata_sq,phpah,excel,08-09,花朵,,2026學習詞表-06賽考利克泰雅語.xlsx,06賽考利克泰雅語,271,,
stick,ata_sq,qara,excel,08-15,樹枝,,2026學習詞表-06賽考利克泰雅語.xlsx,06賽考利克泰雅語,277,qara’/qara qhuniq,
fruit,ata_sq,bway,excel,08-16,(植物的)果實,,2026學習詞表-06賽考利克泰雅語.xlsx,06賽考利克泰雅語,278,,
grass,ata_sq,kʼman,excel,08-20,草,,2026學習詞表-06賽考利克泰雅語.xlsx,06賽考利克泰雅語,282,,
fruit,ata_sq,bway qhuniq,excel,08-24,水果,,2026學習詞表-06賽考利克泰雅語.xlsx,06賽考利克泰雅語,286,bway pinbahu/bway,
root,ata_sq,gamil,excel,08-28,樹根,,2026學習詞表-06賽考利克泰雅語.xlsx,06賽考利克泰雅語,290,,
seed,ata_sq,ghap,excel,08-44,種子,,2026學習詞表-06賽考利克泰雅語.xlsx,06賽考利克泰雅語,306,,
rope,ata_sq,gasil,excel,09-15,繩索,,2026學習詞表-06賽考利克泰雅語.xlsx,06賽考利克泰雅語,335,,
stick,ata_sq,qara,excel,09-18,枝條,,2026學習詞表-06賽考利克泰雅語.xlsx,06賽考利克泰雅語,338,qata,
ash,ata_sq,qbuli,excel,09-49,炭灰,,2026學習詞表-06賽考利克泰雅語.xlsx,06賽考利克泰雅語,369,qbuli’,
road,ata_sq,tuqi/tuqiy,excel,10-01,道路,,2026學習詞表-06賽考利克泰雅語.xlsx,06賽考利克泰雅語,393,,
wind,ata_sq,behuy,excel,10-04,風,,2026學習詞表-06賽考利克泰雅語.xlsx,06賽考利克泰雅語,396,bayhuy,
sand,ata_sq,naqiy/bnaqiy,excel,10-05,沙子,,2026學習詞表-06賽考利克泰雅語.xlsx,06賽考利克泰雅語,397,bnaqi,
earth,ata_sq,uraw,excel,10-06,泥土,,2026學習詞表-06賽考利克泰雅語.xlsx,06賽考利克泰雅語,398,,
river,ata_sq,llyung,excel,10-07,河流,,2026學習詞表-06賽考利克泰雅語.xlsx,06賽考利克泰雅語,399,lyung,
lake,ata_sq,bsilung,excel,10-08,湖泊,,2026學習詞表-06賽考利克泰雅語.xlsx,06賽考利克泰雅語,400,langu水塘；積水處/bsilung湖泊/pitung池塘/lubung水塘,
forest,ata_sq,hlahuy,excel,10-09,森林,,2026學習詞表-06賽考利克泰雅語.xlsx,06賽考利克泰雅語,401,,
sun,ata_sq,wagi,excel,11-02,太陽,,2026學習詞表-06賽考利克泰雅語.xlsx,06賽考利克泰雅語,417,wagi’/gwagi,
moon,ata_sq,byacing,excel,11-03,月亮,,2026學習詞表-06賽考利克泰雅語.xlsx,06賽考利克泰雅語,418,,
sky,ata_sq,kayal,excel,11-04,天空,,2026學習詞表-06賽考利克泰雅語.xlsx,06賽考利克泰雅語,419,,
star,ata_sq,bingah,excel,11-05,星星,,2026學習詞表-06賽考利克泰雅語.xlsx,06賽考利克泰雅語,420,bzngah,
rain,ata_sq,qwalax,excel,11-06,雨,,2026學習詞表-06賽考利克泰雅語.xlsx,06賽考利克泰雅語,421,qwalax（名詞）,
snow,ata_sq,hlaqiy,excel,11-07,雪,,2026學習詞表-06賽考利克泰雅語.xlsx,06賽考利克泰雅語,422,hlaqi,
smoke,ata_sq,heloq,excel,11-13,煙,,2026學習詞表-06賽考利克泰雅語.xlsx,06賽考利克泰雅語,428,haluq/hiluq,
fire,ata_sq,puniq,excel,11-17,火,,2026學習詞表-06賽考利克泰雅語.xlsx,06賽考利克泰雅語,432,,
ice,ata_sq,kori/ tlaka,excel,11-18,冰,,2026學習詞表-06賽考利克泰雅語.xlsx,06賽考利克泰雅語,433,tlaka’,
stone,ata_sq,btunux,excel,12-05,石頭,,2026學習詞表-06賽考利克泰雅語.xlsx,06賽考利克泰雅語,454,,
night,ata_sq,lhngan,excel,13-02,晚上,,2026學習詞表-06賽考利克泰雅語.xlsx,06賽考利克泰雅語,471,lhngan,
day,ata_sq,qlyan,excel,13-07,白天,,2026學習詞表-06賽考利克泰雅語.xlsx,06賽考利克泰雅語,476,,
night,ata_sq,bengi,excel,13-22,夜,,2026學習詞表-06賽考利克泰雅語.xlsx,06賽考利克泰雅語,491,bengi’/bzngi’,
year,ata_sq,kawas,excel,13-28,年,,2026學習詞表-06賽考利克泰雅語.xlsx,06賽考利克泰雅語,497,,
in,ata_sq,zzik,excel,14-01,裡面,,2026學習詞表-06賽考利克泰雅語.xlsx,06賽考利克泰雅語,502,qsahuy/zik內側角落,
at,ata_sq,te,excel,14-02,在某處,,2026學習詞表-06賽考利克泰雅語.xlsx,06賽考利克泰雅語,503,tay,
right,ata_sq,llaw,excel,14-10,右邊,,2026學習詞表-06賽考利克泰雅語.xlsx,06賽考利克泰雅語,511,te llaw,
left,ata_sq,ʼzil,excel,14-11,左邊,,2026學習詞表-06賽考利克泰雅語.xlsx,06賽考利克泰雅語,512,te ’zil,
water,ata_sq,qsya,excel,21-02,水,,2026學習詞表-06賽考利克泰雅語.xlsx,06賽考利克泰雅語,601,qsya’,
salt,ata_sq,cimu,excel,21-07,鹽,,2026學習詞表-06賽考利克泰雅語.xlsx,06賽考利克泰雅語,606,cimu’,
egg,ata_sq,bazing,excel,21-09,蛋,,2026學習詞表-06賽考利克泰雅語.xlsx,06賽考利克泰雅語,608,,
white,ata_sq,plqwi,excel,22-01,白色的,,2026學習詞表-06賽考利克泰雅語.xlsx,06賽考利克泰雅語,626,plqwi(plquy),
black,ata_sq,mqalux,excel,22-02,黑色的,,2026學習詞表-06賽考利克泰雅語.xlsx,06賽考利克泰雅語,627,,
red,ata_sq,mtalah,excel,22-03,紅色的,,2026學習詞表-06賽考利克泰雅語.xlsx,06賽考利克泰雅語,628,,
yellow,ata_sq,mhibung,excel,22-05,黃色的,,2026學習詞表-06賽考利克泰雅語.xlsx,06賽考利克泰雅語,630,,
green,ata_sq,mtasiq,excel,22-08,綠色的,,2026學習詞表-06賽考利克泰雅語.xlsx,06賽考利克泰雅語,633,mewasiq,
give,ata_sq,miq,excel,25-07,給,,2026學習詞表-06賽考利克泰雅語.xlsx,06賽考利克泰雅語,663,biq,
come,ata_sq,mwah,excel,25-08,來,,2026學習詞表-06賽考利克泰雅語.xlsx,06賽考利克泰雅語,664,,
walk,ata_sq,mhkangi,excel,25-10,走路,,2026學習詞表-06賽考利克泰雅語.xlsx,06賽考利克泰雅語,666,mhkangi’,
fly,ata_sq,mlaka,excel,25-12,飛,,2026學習詞表-06賽考利克泰雅語.xlsx,06賽考利克泰雅語,668,mlaka’,
fall,ata_sq,mhuq,excel,25-26,(植物的果實)掉落,,2026學習詞表-06賽考利克泰雅語.xlsx,06賽考利克泰雅語,682,,
sit,ata_sq,mtama,excel,25-43,坐著,,2026學習詞表-06賽考利克泰雅語.xlsx,06賽考利克泰雅語,699,mtama’/thzyuk,
stand,ata_sq,msʼurux,excel,25-44,站著,,2026學習詞表-06賽考利克泰雅語.xlsx,06賽考利克泰雅語,700,,
sit,ata_sq,mtama,excel,26-03,坐下,,2026學習詞表-06賽考利克泰雅語.xlsx,06賽考利克泰雅語,712,mtama’/thzyuk,
hit,ata_sq,mihiy,excel,26-08,打(人),,2026學習詞表-06賽考利克泰雅語.xlsx,06賽考利克泰雅語,717,mihi,
stab,ata_sq,metaq,excel,26-09,刺,,2026學習詞表-06賽考利克泰雅語.xlsx,06賽考利克泰雅語,718,maytaq,
push,ata_sq,muruw,excel,26-13,推,,2026學習詞表-06賽考利克泰雅語.xlsx,06賽考利克泰雅語,722,rmuruw,
scratch,ata_sq,kmamil,excel,26-18,抓癢,,2026學習詞表-06賽考利克泰雅語.xlsx,06賽考利克泰雅語,727,,
lie,ata_sq,mtgayaw,excel,26-20,仰躺,,2026學習詞表-06賽考利克泰雅語.xlsx,06賽考利克泰雅語,729,,
blow,ata_sq,yupun,excel,26-28,吹,,2026學習詞表-06賽考利克泰雅語.xlsx,06賽考利克泰雅語,737,zyupan,
dig,ata_sq,tmaruq,excel,26-29,挖掘,,2026學習詞表-06賽考利克泰雅語.xlsx,06賽考利克泰雅語,738,tmaruq用鋤具鬆土/kmihuy用鋤具挖土/tngahi挖地瓜/kmyuhtngahi用手挖土,
cut,ata_sq,hmobing,excel,26-30,切,,2026學習詞表-06賽考利克泰雅語.xlsx,06賽考利克泰雅語,739,hmawbing,
swim,ata_sq,lmngyaq,excel,26-31,游泳,,2026學習詞表-06賽考利克泰雅語.xlsx,06賽考利克泰雅語,740,mlngyaq,
tie,ata_sq,mhul,excel,26-38,綁住(已綁),,2026學習詞表-06賽考利克泰雅語.xlsx,06賽考利克泰雅語,747,,
pull,ata_sq,hmuluy,excel,26-39,拉,,2026學習詞表-06賽考利克泰雅語.xlsx,06賽考利克泰雅語,748,,
split,ata_sq,mqwaw,excel,26-40,劈(木材),,2026學習詞表-06賽考利克泰雅語.xlsx,06賽考利克泰雅語,749,mka/smqaw,
hold,ata_sq,lmeliq,excel,26-42,提著,,2026學習詞表-06賽考利克泰雅語.xlsx,06賽考利克泰雅語,751,lmayliq,
hold,ata_sq,meng,excel,26-43,握著,,2026學習詞表-06賽考利克泰雅語.xlsx,06賽考利克泰雅語,752,ming,
tie,ata_sq,mhul,excel,26-44,捆綁(正在),,2026學習詞表-06賽考利克泰雅語.xlsx,06賽考利克泰雅語,753,,
scratch,ata_sq,kmamil,excel,26-56,搔癢,,2026學習詞表-06賽考利克泰雅語.xlsx,06賽考利克泰雅語,765,,
rub,ata_sq,grgul,excel,26-85,揉搓(衣物),,2026學習詞表-06賽考利克泰雅語.xlsx,06賽考利克泰雅語,794,,
lie,ata_sq,mtgayaw,excel,26-88,側臥,,2026學習詞表-06賽考利克泰雅語.xlsx,06賽考利克泰雅語,797,,
fight,ata_sq,mtciriq,excel,26-96,打架,,2026學習詞表-06賽考利克泰雅語.xlsx,06賽考利克泰雅語,805,,
squeeze,ata_sq,psbuq,excel,26-97,擠,,2026學習詞表-06賽考利克泰雅語.xlsx,06賽考利克泰雅語,806,psbuq (擠奶水、擠果汁),
dig,ata_sq,kmyuh,excel,26-100,(用手)挖掘,,2026學習詞表-06賽考利克泰雅語.xlsx,06賽考利克泰雅語,809,tmaruq(用鋤具鬆土)/kmihuy(用鋤具挖土)tngahi（挖地瓜）/kmyuhtngahi（用手挖土）,
stand,ata_sq,mtuliq,excel,26-105,起立；站著,,2026學習詞表-06賽考利克泰雅語.xlsx,06賽考利克泰雅語,814,,
eat,ata_sq,maniq,excel,27-01,吃,,2026學習詞表-06賽考利克泰雅語.xlsx,06賽考利克泰雅語,816,,
suck,ata_sq,shop,excel,27-02,吸,,2026學習詞表-06賽考利克泰雅語.xlsx,06賽考利克泰雅語,817,,
drink,ata_sq,mnbuw,excel,27-03,喝,,2026學習詞表-06賽考利克泰雅語.xlsx,06賽考利克泰雅語,818,mnbuw,
vomit,ata_sq,mutaq,excel,27-04,吐,,2026學習詞表-06賽考利克泰雅語.xlsx,06賽考利克泰雅語,819,,
bite,ata_sq,kmat,excel,27-05,咬,,2026學習詞表-06賽考利克泰雅語.xlsx,06賽考利克泰雅語,820,,
eat,ata_sq,maniq,excel,27-15,吃(東西),,2026學習詞表-06賽考利克泰雅語.xlsx,06賽考利克泰雅語,830,,
know,ata_sq,baq,excel,28-02,知道,,2026學習詞表-06賽考利克泰雅語.xlsx,06賽考利克泰雅語,836,,
see,ata_sq,mita,excel,28-03,看,,2026學習詞表-06賽考利克泰雅語.xlsx,06賽考利克泰雅語,837,mita’,
smell,ata_sq,smok,excel,28-07,聞(如聞味道),,2026學習詞表-06賽考利克泰雅語.xlsx,06賽考利克泰雅語,841,,
hear,ata_sq,mung,excel,28-19,聽,,2026學習詞表-06賽考利克泰雅語.xlsx,06賽考利克泰雅語,853,pongi/mung,
think,ata_sq,mnglung,excel,28-25,想(思考),,2026學習詞表-06賽考利克泰雅語.xlsx,06賽考利克泰雅語,859,sin’inu 想念,
fear,ata_sq,mngungu,excel,29-02,害怕,,2026學習詞表-06賽考利克泰雅語.xlsx,06賽考利克泰雅語,866,mngungu’,
wash,ata_sq,mahuq,excel,30-02,洗(衣物),,2026學習詞表-06賽考利克泰雅語.xlsx,06賽考利克泰雅語,876,,
sleep,ata_sq,m’abi,excel,30-09,睡覺,,2026學習詞表-06賽考利克泰雅語.xlsx,06賽考利克泰雅語,883,m’abi,
kill,ata_sq,kmut,excel,30-10,殺(牲畜),,2026學習詞表-06賽考利克泰雅語.xlsx,06賽考利克泰雅語,884,,
lie,ata_sq,mtgayaw,excel,30-16,躺臥,,2026學習詞表-06賽考利克泰雅語.xlsx,06賽考利克泰雅語,890,,
burn,ata_sq,lmom,excel,30-20,燒(如燒稻草),,2026學習詞表-06賽考利克泰雅語.xlsx,06賽考利克泰雅語,894,,
hunt,ata_sq,mrusa/rusa,excel,30-25,陷獵,,2026學習詞表-06賽考利克泰雅語.xlsx,06賽考利克泰雅語,899,rusa’/mrusa’,
burn,ata_sq,mtlom/msuling,excel,30-54,燃燒,,2026學習詞表-06賽考利克泰雅語.xlsx,06賽考利克泰雅語,928,,
drink,ata_sq,mnbuw,excel,30-61,喝(水),,2026學習詞表-06賽考利克泰雅語.xlsx,06賽考利克泰雅語,935,,
sing,ata_sq,mqwas,excel,30-64,唱歌,,2026學習詞表-06賽考利克泰雅語.xlsx,06賽考利克泰雅語,938,,
play,ata_sq,hm_yapas,excel,30-65,玩耍,,2026學習詞表-06賽考利克泰雅語.xlsx,06賽考利克泰雅語,939,,
die,ata_sq,mhuqil,excel,31-01,死亡,,2026學習詞表-06賽考利克泰雅語.xlsx,06賽考利克泰雅語,941,,
live,ata_sq,mqyanux,excel,31-08,活的,,2026學習詞表-06賽考利克泰雅語.xlsx,06賽考利克泰雅語,948,,
heavy,ata_sq,rʼusuw,excel,32-02,重(重量),,2026學習詞表-06賽考利克泰雅語.xlsx,06賽考利克泰雅語,963,r’usu,
big,ata_sq,hopa/krahu/yaba,excel,32-05,大的,,2026學習詞表-06賽考利克泰雅語.xlsx,06賽考利克泰雅語,966,hopa’/krahu’,
cold,ata_sq,hzyaq/tltu,excel,32-08,冷,,2026學習詞表-06賽考利克泰雅語.xlsx,06賽考利克泰雅語,969,,
small,ata_sq,cipuq/cikuy,excel,32-09,小的,,2026學習詞表-06賽考利克泰雅語.xlsx,06賽考利克泰雅語,970,,
many,ata_sq,cingay/pzyux,excel,32-10,多,,2026學習詞表-06賽考利克泰雅語.xlsx,06賽考利克泰雅語,971,piyux,
cold,ata_sq,hzyaq/mtltu,excel,32-12,冰冷,,2026學習詞表-06賽考利克泰雅語.xlsx,06賽考利克泰雅語,973,mtltu’,
few,ata_sq,cipuq/cikuy,excel,32-14,少的,,2026學習詞表-06賽考利克泰雅語.xlsx,06賽考利克泰雅語,975,cipoq,
laugh,ata_sq,msyaq,excel,32-16,笑,,2026學習詞表-06賽考利克泰雅語.xlsx,06賽考利克泰雅語,977,,
wet,ata_sq,mhuziq,excel,32-17,濕的,,2026學習詞表-06賽考利克泰雅語.xlsx,06賽考利克泰雅語,978,,
thick,ata_sq,khmay,excel,32-19,厚的,,2026學習詞表-06賽考利克泰雅語.xlsx,06賽考利克泰雅語,980,,
thin,ata_sq,lhmiq,excel,32-21,薄的,,2026學習詞表-06賽考利克泰雅語.xlsx,06賽考利克泰雅語,982,khi’ 細,
dirty,ata_sq,mʼuraw,excel,32-22,髒,,2026學習詞表-06賽考利克泰雅語.xlsx,06賽考利克泰雅語,983,,
dry,ata_sq,mkzyay,excel,32-28,乾的,,2026學習詞表-06賽考利克泰雅語.xlsx,06賽考利克泰雅語,989,,
new,ata_sq,giqas,excel,32-31,新的,,2026學習詞表-06賽考利克泰雅語.xlsx,06賽考利克泰雅語,992,,
old,ata_sq,smural,excel,32-32,舊的,,2026學習詞表-06賽考利克泰雅語.xlsx,06賽考利克泰雅語,993,,
near,ata_sq,sobih,excel,32-33,近,,2026學習詞表-06賽考利克泰雅語.xlsx,06賽考利克泰雅語,994,,
bad,ata_sq,yaqih/mhiriq,excel,32-35,壞掉,,2026學習詞表-06賽考利克泰雅語.xlsx,06賽考利克泰雅語,996,,
far,ata_sq,twahiq,excel,32-37,遠,,2026學習詞表-06賽考利克泰雅語.xlsx,06賽考利克泰雅語,998,,
swell,ata_sq,m’ba,excel,32-38,腫,,2026學習詞表-06賽考利克泰雅語.xlsx,06賽考利克泰雅語,999,m’ba,
smooth,ata_sq,hzyuci,excel,32-44,滑,,2026學習詞表-06賽考利克泰雅語.xlsx,06賽考利克泰雅語,1005,hzyuci’,
warm,ata_sq,hrhul,excel,32-56,暖和,,2026學習詞表-06賽考利克泰雅語.xlsx,06賽考利克泰雅語,1017,hlhul,
dull,ata_sq,mngalih/mputut,excel,32-57,鈍的,,2026學習詞表-06賽考利克泰雅語.xlsx,06賽考利克泰雅語,1018,mhuka/msyul/ini’ ngawsi/putut鈍,
straight,ata_sq,shzyu,excel,32-65,直,,2026學習詞表-06賽考利克泰雅語.xlsx,06賽考利克泰雅語,1026,,
full,ata_sq,su’un,excel,32-66,滿了,,2026學習詞表-06賽考利克泰雅語.xlsx,06賽考利克泰雅語,1027,,
wide,ata_sq,labang,excel,32-68,(空間)寬敞,,2026學習詞表-06賽考利克泰雅語.xlsx,06賽考利克泰雅語,1029,glabang,
correct,ata_sq,balay,excel,32-69,正確,,2026學習詞表-06賽考利克泰雅語.xlsx,06賽考利克泰雅語,1030,,
warm,ata_sq,hrhul,excel,32-72,溫的(水),,2026學習詞表-06賽考利克泰雅語.xlsx,06賽考利克泰雅語,1033,hlhul,
long,ata_sq,qruzyux,excel,32-74,長,,2026學習詞表-06賽考利克泰雅語.xlsx,06賽考利克泰雅語,1035,qroyux,
short,ata_sq,rʼtung,excel,32-76,短,,2026學習詞表-06賽考利克泰雅語.xlsx,06賽考利克泰雅語,1037,,
full,ata_sq,msuʼun,excel,32-79,滿滿,,2026學習詞表-06賽考利克泰雅語.xlsx,06賽考利克泰雅語,1040,,
wipe,ata_sq,smom,excel,33-06,擦拭,,2026學習詞表-06賽考利克泰雅語.xlsx,06賽考利克泰雅語,1048,,
throw,ata_sq,muling,excel,34-19,丟棄,,2026學習詞表-06賽考利克泰雅語.xlsx,06賽考利克泰雅語,1069,,
count,ata_sq,lmpuw,excel,34-29,數(計算),,2026學習詞表-06賽考利克泰雅語.xlsx,06賽考利克泰雅語,1079,,
good,ata_sq,blaq,excel,34-34,好,,2026學習詞表-06賽考利克泰雅語.xlsx,06賽考利克泰雅語,1084,lokah (問候、健康、 順利) blaq/lawkah,
not,ata_sq,iyat,excel,35-03,不是(回答用),,2026學習詞表-06賽考利克泰雅語.xlsx,06賽考利克泰雅語,1092,,
because,ata_sq,baha hmswa,excel,36-05,因為,,2026學習詞表-06賽考利克泰雅語.xlsx,06賽考利克泰雅語,1101,baha hmswa,
and,ata_sq,ru/ki,excel,36-18,和,,2026學習詞表-06賽考利克泰雅語.xlsx,06賽考利克泰雅語,1114,,
if,ata_sq,mha ni/mha na,excel,36-22,如果,,2026學習詞表-06賽考利克泰雅語.xlsx,06賽考利克泰雅語,1118,,
one,ata_su,utux,excel,01-01,一,,2026學習詞表-07澤敖利泰雅語.xlsx,07澤敖利泰雅語,5,,
two,ata_su,sazing,excel,01-02,二,,2026學習詞表-07澤敖利泰雅語.xlsx,07澤敖利泰雅語,6,,
three,ata_su,tugan/cyugan,excel,01-03,三,,2026學習詞表-07澤敖利泰雅語.xlsx,07澤敖利泰雅語,7,cyugan,
four,ata_su,payat,excel,01-04,四,,2026學習詞表-07澤敖利泰雅語.xlsx,07澤敖利泰雅語,8,,
five,ata_su,magan,excel,01-05,五,,2026學習詞表-07澤敖利泰雅語.xlsx,07澤敖利泰雅語,9,,
six,ata_su,mtyu / tyu / matayu,excel,01-06,六,,2026學習詞表-07澤敖利泰雅語.xlsx,07澤敖利泰雅語,10,另作matayu,
seven,ata_su,mpitu / mapitu,excel,01-07,七,,2026學習詞表-07澤敖利泰雅語.xlsx,07澤敖利泰雅語,11,另作mapitu,
eight,ata_su,mspat / masapat,excel,01-08,八,,2026學習詞表-07澤敖利泰雅語.xlsx,07澤敖利泰雅語,12,maspat/maspac,
nine,ata_su,m’isu / ma’isu,excel,01-09,九,,2026學習詞表-07澤敖利泰雅語.xlsx,07澤敖利泰雅語,13,ma’isu,
ten,ata_su,mpuw / mapuw,excel,01-10,十,,2026學習詞表-07澤敖利泰雅語.xlsx,07澤敖利泰雅語,14,mapuw,
twenty,ata_su,mpusan / mapusan,excel,01-20,二十,,2026學習詞表-07澤敖利泰雅語.xlsx,07澤敖利泰雅語,24,mapusan,
hundred,ata_su,kbhun / kabahun,excel,01-34,百,,2026學習詞表-07澤敖利泰雅語.xlsx,07澤敖利泰雅語,38,kabhun,
hundred,ata_su,utux kbhun / utux kabahun,excel,01-35,一百,,2026學習詞表-07澤敖利泰雅語.xlsx,07澤敖利泰雅語,39,,
some,ata_su,tikay / ini kpyux / ini kapayux,excel,01-38,一些,,2026學習詞表-07澤敖利泰雅語.xlsx,07澤敖利泰雅語,42,,
all,ata_su,kwara,excel,01-43,全部,,2026學習詞表-07澤敖利泰雅語.xlsx,07澤敖利泰雅語,47,,
few,ata_su,tikuy,excel,01-44,一點點,,2026學習詞表-07澤敖利泰雅語.xlsx,07澤敖利泰雅語,48,cikuh bay(新生部落),
you_singular,ata_su,isu/su,excel,02-01,你,,2026學習詞表-07澤敖利泰雅語.xlsx,07澤敖利泰雅語,51,isu,
i,ata_su,kuzing/kung,excel,02-02,我,,2026學習詞表-07澤敖利泰雅語.xlsx,07澤敖利泰雅語,52,,
he,ata_su,hiya,excel,02-03,他,,2026學習詞表-07澤敖利泰雅語.xlsx,07澤敖利泰雅語,53,,
you_plural,ata_su,simu,excel,02-04,你們,,2026學習詞表-07澤敖利泰雅語.xlsx,07澤敖利泰雅語,54,,
we,ata_su,sami/ita,excel,02-05,我們,,2026學習詞表-07澤敖利泰雅語.xlsx,07澤敖利泰雅語,55,cami(新生部落),
they,ata_su,laha,excel,02-06,他們,,2026學習詞表-07澤敖利泰雅語.xlsx,07澤敖利泰雅語,56,,
we,ata_su,sami,excel,02-13,我們(排除式),,2026學習詞表-07澤敖利泰雅語.xlsx,07澤敖利泰雅語,63,,
we,ata_su,ita,excel,02-14,咱們(包含式),,2026學習詞表-07澤敖利泰雅語.xlsx,07澤敖利泰雅語,64,,
that,ata_su,hasa,excel,02-16,那個,,2026學習詞表-07澤敖利泰雅語.xlsx,07澤敖利泰雅語,66,haca,
this,ata_su,hani,excel,02-17,這個,,2026學習詞表-07澤敖利泰雅語.xlsx,07澤敖利泰雅語,67,,
here,ata_su,hani/shani/runiy,excel,02-18,這裡,,2026學習詞表-07澤敖利泰雅語.xlsx,07澤敖利泰雅語,68,另作runiy,
there,ata_su,thasa / tehasa / tihasa,excel,02-19,那裡,,2026學習詞表-07澤敖利泰雅語.xlsx,07澤敖利泰雅語,69,,
what,ata_su,nanu,excel,03-02,什麼,,2026學習詞表-07澤敖利泰雅語.xlsx,07澤敖利泰雅語,73,,
how,ata_su,son nanu/sawn nanu,excel,03-03,如何,,2026學習詞表-07澤敖利泰雅語.xlsx,07澤敖利泰雅語,74,son nanu/hmcwa(新生部落),
when,ata_su,kanuwan/knwan,excel,03-04,何時(未發生),,2026學習詞表-07澤敖利泰雅語.xlsx,07澤敖利泰雅語,75,,
who,ata_su,ima,excel,03-05,誰,,2026學習詞表-07澤敖利泰雅語.xlsx,07澤敖利泰雅語,76,,
where,ata_su,inu,excel,03-07,哪裡,,2026學習詞表-07澤敖利泰雅語.xlsx,07澤敖利泰雅語,78,,
how,ata_su,maha nanu,excel,03-09,怎麼,,2026學習詞表-07澤敖利泰雅語.xlsx,07澤敖利泰雅語,80,,
where,ata_su,inu,excel,03-12,什麼地方,,2026學習詞表-07澤敖利泰雅語.xlsx,07澤敖利泰雅語,83,te’inu,
when,ata_su,sknuwan/sakanuwan,excel,03-13,何時(已發生),,2026學習詞表-07澤敖利泰雅語.xlsx,07澤敖利泰雅語,84,knuwan/sknwan,
father,ata_su,yaba/uba,excel,04-01,爸爸,,2026學習詞表-07澤敖利泰雅語.xlsx,07澤敖利泰雅語,87,,
mother,ata_su,yaya/uya,excel,04-02,媽媽,,2026學習詞表-07澤敖利泰雅語.xlsx,07澤敖利泰雅語,88,,
wife,ata_su,bes / bays,excel,04-07,配偶,,2026學習詞表-07澤敖利泰雅語.xlsx,07澤敖利泰雅語,93,,
husband,ata_su,bes / bays,excel,04-07,配偶,,2026學習詞表-07澤敖利泰雅語.xlsx,07澤敖利泰雅語,93,,
husband,ata_su,tmalung / tamalung,excel,04-15,丈夫,,2026學習詞表-07澤敖利泰雅語.xlsx,07澤敖利泰雅語,101,,
name,ata_su,lalu,excel,05-01,名字,,2026學習詞表-07澤敖利泰雅語.xlsx,07澤敖利泰雅語,114,,
child,ata_su,laʼi,excel,05-05,孩童,,2026學習詞表-07澤敖利泰雅語.xlsx,07澤敖利泰雅語,118,,
woman,ata_su,knerin/kanayrin,excel,05-07,女性,,2026學習詞表-07澤敖利泰雅語.xlsx,07澤敖利泰雅語,120,knerin/lknerin(新生部落),
man,ata_su,tamalung/tmalung,excel,05-08,男性,,2026學習詞表-07澤敖利泰雅語.xlsx,07澤敖利泰雅語,121,tmalung/lmlikuy(新生部落),
person,ata_su,tayan / s’uli,excel,05-09,人,,2026學習詞表-07澤敖利泰雅語.xlsx,07澤敖利泰雅語,122,c’uli(新生部落),
ear,ata_su,papak,excel,06-01,耳朵,,2026學習詞表-07澤敖利泰雅語.xlsx,07澤敖利泰雅語,140,,
leg,ata_su,gaya,excel,06-02,大腿,,2026學習詞表-07澤敖利泰雅語.xlsx,07澤敖利泰雅語,141,gaya(內) muzi(外),
eye,ata_su,rozi rawzi,excel,06-03,眼睛,,2026學習詞表-07澤敖利泰雅語.xlsx,07澤敖利泰雅語,142,rawzi,
mouth,ata_su,nga’uwa/uwa,excel,06-05,嘴巴,,2026學習詞表-07澤敖利泰雅語.xlsx,07澤敖利泰雅語,144,ng’uwa/ uwa/ng’wa,
head,ata_su,tunux,excel,06-06,頭,,2026學習詞表-07澤敖利泰雅語.xlsx,07澤敖利泰雅語,145,,
fingernail,ata_su,kamin,excel,06-07,指甲,,2026學習詞表-07澤敖利泰雅語.xlsx,07澤敖利泰雅語,146,kamic(新生部落),
hand,ata_su,ba/ ba,excel,06-08,手,,2026學習詞表-07澤敖利泰雅語.xlsx,07澤敖利泰雅語,147,,
nose,ata_su,nguhuw,excel,06-10,鼻子,,2026學習詞表-07澤敖利泰雅語.xlsx,07澤敖利泰雅語,149,,
foot,ata_su,kakay / kuzih,excel,06-11,腳,,2026學習詞表-07澤敖利泰雅語.xlsx,07澤敖利泰雅語,150,kuzih/kukuy(新生部落),
tooth,ata_su,g’nux / ’nux / ga’anux,excel,06-12,牙齒,,2026學習詞表-07澤敖利泰雅語.xlsx,07澤敖利泰雅語,151,ga’anux/g’nux,
hair,ata_su,snunux / sanunux,excel,06-13,頭髮,,2026學習詞表-07澤敖利泰雅語.xlsx,07澤敖利泰雅語,152,sanyunax(新生部落),
blood,ata_su,muyux/rmuyux,excel,06-14,血,,2026學習詞表-07澤敖利泰雅語.xlsx,07澤敖利泰雅語,153,ramuyux/rmuyux,
meat,ata_su,hi,excel,06-15,肉；身體,,2026學習詞表-07澤敖利泰雅語.xlsx,07澤敖利泰雅語,154,siyam/syam/siyang(新生部落),
belly,ata_su,nbuwas/buwas,excel,06-17,肚子,,2026學習詞表-07澤敖利泰雅語.xlsx,07澤敖利泰雅語,156,nbwas,
breast,ata_su,bubu,excel,06-18,乳房,,2026學習詞表-07澤敖利泰雅語.xlsx,07澤敖利泰雅語,157,bubu,
back,ata_su,suruw,excel,06-22,背部,,2026學習詞表-07澤敖利泰雅語.xlsx,07澤敖利泰雅語,161,suru/turu(新生部落),
skin,ata_su,kyahin / yula,excel,06-23,皮,,2026學習詞表-07澤敖利泰雅語.xlsx,07澤敖利泰雅語,162,kyahin皮(人)yula皮(樹),
heart,ata_su,tumun,excel,06-28,心臟,,2026學習詞表-07澤敖利泰雅語.xlsx,07澤敖利泰雅語,167,tumun,
knee,ata_su,tari,excel,06-31,膝蓋,,2026學習詞表-07澤敖利泰雅語.xlsx,07澤敖利泰雅語,170,munuc tari(新詞彙)(新生部落),
liver,ata_su,sigit,excel,06-34,肝臟,,2026學習詞表-07澤敖利泰雅語.xlsx,07澤敖利泰雅語,173,sgigic(新生部落),
fat,ata_su,abura / syam/ preh suyaw,excel,06-37,油脂,,2026學習詞表-07澤敖利泰雅語.xlsx,07澤敖利泰雅語,176,suyaw / preh suyaw(士林),
tongue,ata_su,hmaʼuy,excel,06-42,舌頭,,2026學習詞表-07澤敖利泰雅語.xlsx,07澤敖利泰雅語,181,hmali(新生部落),
neck,ata_su,olu / awlu / gryung,excel,06-47,脖子,,2026學習詞表-07澤敖利泰雅語.xlsx,07澤敖利泰雅語,186,awlu,
tail,ata_su,lipung,excel,07-01,尾巴,,2026學習詞表-07澤敖利泰雅語.xlsx,07澤敖利泰雅語,197,ngungu,
dog,ata_su,huzin,excel,07-03,狗,,2026學習詞表-07澤敖利泰雅語.xlsx,07澤敖利泰雅語,199,,
bird,ata_su,kbhni / kabahni,excel,07-06,鳥,,2026學習詞表-07澤敖利泰雅語.xlsx,07澤敖利泰雅語,202,kabahani/pzic（統稱）(新生部落),
fish,ata_su,syux/ ’syux,excel,07-07,魚,,2026學習詞表-07澤敖利泰雅語.xlsx,07澤敖利泰雅語,203,siyux/’cyux （qulih）(新生部落),
snake,ata_su,m’u / kumay,excel,07-19,蛇,,2026學習詞表-07澤敖利泰雅語.xlsx,07澤敖利泰雅語,215,u,
louse,ata_su,kuhing,excel,07-33,頭蝨,,2026學習詞表-07澤敖利泰雅語.xlsx,07澤敖利泰雅語,229,,
worm,ata_su,bisuw,excel,07-39,蚯蚓,,2026學習詞表-07澤敖利泰雅語.xlsx,07澤敖利泰雅語,235,,
wing,ata_su,alih,excel,07-49,翅膀,,2026學習詞表-07澤敖利泰雅語.xlsx,07澤敖利泰雅語,245,,
horn,ata_su,ihuy,excel,07-64,(動物的)角,,2026學習詞表-07澤敖利泰雅語.xlsx,07澤敖利泰雅語,260,,
tree,ata_su,khoni/khawni,excel,08-03,樹,,2026學習詞表-07澤敖利泰雅語.xlsx,07澤敖利泰雅語,265,khoni/khuni,
leaf,ata_su,abaw / lbak,excel,08-06,葉子,,2026學習詞表-07澤敖利泰雅語.xlsx,07澤敖利泰雅語,268,lbak（大的）,
flower,ata_su,kaka/hana,excel,08-09,花朵,,2026學習詞表-07澤敖利泰雅語.xlsx,07澤敖利泰雅語,271,hana,
stick,ata_su,ara,excel,08-15,樹枝,,2026學習詞表-07澤敖利泰雅語.xlsx,07澤敖利泰雅語,277,ara,
fruit,ata_su,buway,excel,08-16,(植物的)果實,,2026學習詞表-07澤敖利泰雅語.xlsx,07澤敖利泰雅語,278,,
grass,ata_su,k’man / ka’aman,excel,08-20,草,,2026學習詞表-07澤敖利泰雅語.xlsx,07澤敖利泰雅語,282,,
fruit,ata_su,buway khoni / buway kahawni,excel,08-24,水果,,2026學習詞表-07澤敖利泰雅語.xlsx,07澤敖利泰雅語,286,buway ra’iri/buway khoni (竹、和平),
root,ata_su,gamin,excel,08-28,樹根,,2026學習詞表-07澤敖利泰雅語.xlsx,07澤敖利泰雅語,290,,
seed,ata_su,gahap,excel,08-44,種子,,2026學習詞表-07澤敖利泰雅語.xlsx,07澤敖利泰雅語,306,gahak(新生部落),
rope,ata_su,snyuw,excel,09-15,繩索,,2026學習詞表-07澤敖利泰雅語.xlsx,07澤敖利泰雅語,335,snyu,
stick,ata_su,ara,excel,09-18,枝條,,2026學習詞表-07澤敖利泰雅語.xlsx,07澤敖利泰雅語,338,araw,
ash,ata_su,bulit,excel,09-49,炭灰,,2026學習詞表-07澤敖利泰雅語.xlsx,07澤敖利泰雅語,369,bulic(新生部落),
road,ata_su,tuʼiy,excel,10-01,道路,,2026學習詞表-07澤敖利泰雅語.xlsx,07澤敖利泰雅語,393,,
wind,ata_su,behuy,excel,10-04,風,,2026學習詞表-07澤敖利泰雅語.xlsx,07澤敖利泰雅語,396,bayhuy,
sand,ata_su,naʼiy,excel,10-05,沙子,,2026學習詞表-07澤敖利泰雅語.xlsx,07澤敖利泰雅語,397,bna’iy,
earth,ata_su,uraw,excel,10-06,泥土,,2026學習詞表-07澤敖利泰雅語.xlsx,07澤敖利泰雅語,398,rhyan(地上),
river,ata_su,llyung,excel,10-07,河流,,2026學習詞表-07澤敖利泰雅語.xlsx,07澤敖利泰雅語,399,liyung/gawung/llyung,
lake,ata_su,bsilung / mslubung,excel,10-08,湖泊,,2026學習詞表-07澤敖利泰雅語.xlsx,07澤敖利泰雅語,400,bsilung (較大湖泊) mslubung (較小湖泊),
forest,ata_su,lhlahuy,excel,10-09,森林,,2026學習詞表-07澤敖利泰雅語.xlsx,07澤敖利泰雅語,401,,
sun,ata_su,witux,excel,11-02,太陽,,2026學習詞表-07澤敖利泰雅語.xlsx,07澤敖利泰雅語,417,wagi(新生部落),
moon,ata_su,byating/byacing,excel,11-03,月亮,,2026學習詞表-07澤敖利泰雅語.xlsx,07澤敖利泰雅語,418,byacing,
sky,ata_su,babaw kayan,excel,11-04,天空,,2026學習詞表-07澤敖利泰雅語.xlsx,07澤敖利泰雅語,419,kayan,
star,ata_su,yangah,excel,11-05,星星,,2026學習詞表-07澤敖利泰雅語.xlsx,07澤敖利泰雅語,420,bengah,
rain,ata_su,walax,excel,11-06,雨,,2026學習詞表-07澤敖利泰雅語.xlsx,07澤敖利泰雅語,421,,
snow,ata_su,hlaʼiy,excel,11-07,雪,,2026學習詞表-07澤敖利泰雅語.xlsx,07澤敖利泰雅語,422,,
smoke,ata_su,xilu,excel,11-13,煙,,2026學習詞表-07澤敖利泰雅語.xlsx,07澤敖利泰雅語,428,ghilu(新生部落),
fire,ata_su,puni,excel,11-17,火,,2026學習詞表-07澤敖利泰雅語.xlsx,07澤敖利泰雅語,432,hpuni,
ice,ata_su,kyanley,excel,11-18,冰,,2026學習詞表-07澤敖利泰雅語.xlsx,07澤敖利泰雅語,433,kyanley/mtrunun na hla’iy,
stone,ata_su,yamay,excel,12-05,石頭,,2026學習詞表-07澤敖利泰雅語.xlsx,07澤敖利泰雅語,454,btunux(新生部落),
night,ata_su,gbyan / gabiyan mlhngan,excel,13-02,晚上,,2026學習詞表-07澤敖利泰雅語.xlsx,07澤敖利泰雅語,471,lhngan / gabiyan mlhngan(深夜),
day,ata_su,slwan,excel,13-07,白天,,2026學習詞表-07澤敖利泰雅語.xlsx,07澤敖利泰雅語,476,lyan,
night,ata_su,mlhngan,excel,13-22,夜,,2026學習詞表-07澤敖利泰雅語.xlsx,07澤敖利泰雅語,491,,
year,ata_su,kayan,excel,13-28,年,,2026學習詞表-07澤敖利泰雅語.xlsx,07澤敖利泰雅語,497,kawas(新生部落),
in,ata_su,sahuy / zik,excel,14-01,裡面,,2026學習詞表-07澤敖利泰雅語.xlsx,07澤敖利泰雅語,502,zik (深) sahuy(內),
at,ata_su,ki inu,excel,14-02,在某處,,2026學習詞表-07澤敖利泰雅語.xlsx,07澤敖利泰雅語,503,te utux kki’an,
right,ata_su,ʼlelaw / ’laylaw,excel,14-10,右邊,,2026學習詞表-07澤敖利泰雅語.xlsx,07澤敖利泰雅語,511,llaw,
left,ata_su,min/’min,excel,14-11,左邊,,2026學習詞表-07澤敖利泰雅語.xlsx,07澤敖利泰雅語,512,ti’in /’zin,
water,ata_su,sya,excel,21-02,水,,2026學習詞表-07澤敖利泰雅語.xlsx,07澤敖利泰雅語,601,siyax(新生部落) /’sya,
salt,ata_su,cimu,excel,21-07,鹽,,2026學習詞表-07澤敖利泰雅語.xlsx,07澤敖利泰雅語,606,samuyux/tmuyux,
egg,ata_su,bazing,excel,21-09,蛋,,2026學習詞表-07澤敖利泰雅語.xlsx,07澤敖利泰雅語,608,bazing,
white,ata_su,plʼux,excel,22-01,白色的,,2026學習詞表-07澤敖利泰雅語.xlsx,07澤敖利泰雅語,626,pla’u/mlabu(新生部落),
black,ata_su,kalux/mkalux,excel,22-02,黑色的,,2026學習詞表-07澤敖利泰雅語.xlsx,07澤敖利泰雅語,627,mkalux,
red,ata_su,tanah/mtanah,excel,22-03,紅色的,,2026學習詞表-07澤敖利泰雅語.xlsx,07澤敖利泰雅語,628,mtanah/mtalah(新生部落),
yellow,ata_su,mtrakis,excel,22-05,黃色的,,2026學習詞表-07澤敖利泰雅語.xlsx,07澤敖利泰雅語,630,makarakis/mhibung/me’raw,
green,ata_su,matasi / mtasi,excel,22-08,綠色的,,2026學習詞表-07澤敖利泰雅語.xlsx,07澤敖利泰雅語,633,mbebiru(彩色),
give,ata_su,may,excel,25-07,給,,2026學習詞表-07澤敖利泰雅語.xlsx,07澤敖利泰雅語,663,mayi/ita/bi’y,
come,ata_su,uwah,excel,25-08,來,,2026學習詞表-07澤敖利泰雅語.xlsx,07澤敖利泰雅語,664,,
walk,ata_su,hmakay,excel,25-10,走路,,2026學習詞表-07澤敖利泰雅語.xlsx,07澤敖利泰雅語,666,hmkangi/mhkani tu’iy,
fly,ata_su,mlaka,excel,25-12,飛,,2026學習詞表-07澤敖利泰雅語.xlsx,07澤敖利泰雅語,668,palaka/mlaka,
fall,ata_su,mshutaw / mshuw,excel,25-26,(植物的果實)掉落,,2026學習詞表-07澤敖利泰雅語.xlsx,07澤敖利泰雅語,682,mhu mhutaw,
sit,ata_su,mtl’ung,excel,25-43,坐著,,2026學習詞表-07澤敖利泰雅語.xlsx,07澤敖利泰雅語,699,matalaung/mthiyuk,
stand,ata_su,ms’rux,excel,25-44,站著,,2026學習詞表-07澤敖利泰雅語.xlsx,07澤敖利泰雅語,700,masa’arux/mcru’ux,
sit,ata_su,tlʼung,excel,26-03,坐下,,2026學習詞表-07澤敖利泰雅語.xlsx,07澤敖利泰雅語,712,matala’ung/thiyuk(新生部落),
hit,ata_su,mahiy / tmpak / pakun,excel,26-08,打(人),,2026學習詞表-07澤敖利泰雅語.xlsx,07澤敖利泰雅語,717,tapakun/mahi/tmucing,
stab,ata_su,meta / mayta,excel,26-09,刺,,2026學習詞表-07澤敖利泰雅語.xlsx,07澤敖利泰雅語,718,meta,
push,ata_su,ruru / rmuru / sruru,excel,26-13,推,,2026學習詞表-07澤敖利泰雅語.xlsx,07澤敖利泰雅語,722,mamuru/sruru/rmuru,
scratch,ata_su,kmamil,excel,26-18,抓癢,,2026學習詞表-07澤敖利泰雅語.xlsx,07澤敖利泰雅語,727,,
lie,ata_su,msrapa / masarapa / trhiya,excel,26-20,仰躺,,2026學習詞表-07澤敖利泰雅語.xlsx,07澤敖利泰雅語,729,,
blow,ata_su,yupan,excel,26-28,吹,,2026學習詞表-07澤敖利泰雅語.xlsx,07澤敖利泰雅語,737,yupan,
dig,ata_su,kmwih / kwihan,excel,26-29,挖掘,,2026學習詞表-07澤敖利泰雅語.xlsx,07澤敖利泰雅語,738,kmwih (用鋤具鬆土) / kwihan (用手挖土）,
cut,ata_su,hmobing / hmawbing,excel,26-30,切,,2026學習詞表-07澤敖利泰雅語.xlsx,07澤敖利泰雅語,739,hamawbing,
swim,ata_su,mlngya,excel,26-31,游泳,,2026學習詞表-07澤敖利泰雅語.xlsx,07澤敖利泰雅語,740,lmngya,
tie,ata_su,mhun / bhlan mahun / bahalan,excel,26-38,綁住(已綁),,2026學習詞表-07澤敖利泰雅語.xlsx,07澤敖利泰雅語,747,,
pull,ata_su,hmuluy / hluyun hamuluy / haluyun,excel,26-39,拉,,2026學習詞表-07澤敖利泰雅語.xlsx,07澤敖利泰雅語,748,haluyan,
split,ata_su,sma’aw,excel,26-40,劈(木材),,2026學習詞表-07澤敖利泰雅語.xlsx,07澤敖利泰雅語,749,ta’apan/mka qhuni(新生部落),
hold,ata_su,lmeli / le’un / lamayli,excel,26-42,提著,,2026學習詞表-07澤敖利泰雅語.xlsx,07澤敖利泰雅語,751,lamili/lmeli/lle’un,
hold,ata_su,bingun,excel,26-43,握著,,2026學習詞表-07澤敖利泰雅語.xlsx,07澤敖利泰雅語,752,tabingan/bingun,
tie,ata_su,mhun / mahun,excel,26-44,捆綁(正在),,2026學習詞表-07澤敖利泰雅語.xlsx,07澤敖利泰雅語,753,bahalan,
scratch,ata_su,kmamin,excel,26-56,搔癢,,2026學習詞表-07澤敖利泰雅語.xlsx,07澤敖利泰雅語,765,,
rub,ata_su,grgan / grgun,excel,26-85,揉搓(衣物),,2026學習詞表-07澤敖利泰雅語.xlsx,07澤敖利泰雅語,794,khaga’an/muk’bih’an,
lie,ata_su,tcyahaw,excel,26-88,側臥,,2026學習詞表-07澤敖利泰雅語.xlsx,07澤敖利泰雅語,797,matakiy/mtkki m’abi,
fight,ata_su,mtiri/mciri,excel,26-96,打架,,2026學習詞表-07澤敖利泰雅語.xlsx,07澤敖利泰雅語,805,matatiri/mciri/mtciri/mbahiy,
squeeze,ata_su,psbuw,excel,26-97,擠,,2026學習詞表-07澤敖利泰雅語.xlsx,07澤敖利泰雅語,806,m’hut/’mhuc(新生部落),
dig,ata_su,kmwih,excel,26-100,(用手)挖掘,,2026學習詞表-07澤敖利泰雅語.xlsx,07澤敖利泰雅語,809,khuyan na ’ba,
stand,ata_su,tuli,excel,26-105,起立；站著,,2026學習詞表-07澤敖利泰雅語.xlsx,07澤敖利泰雅語,814,,
eat,ata_su,mani,excel,27-01,吃,,2026學習詞表-07澤敖利泰雅語.xlsx,07澤敖利泰雅語,816,,
suck,ata_su,ssiban / pshut,excel,27-02,吸,,2026學習詞表-07澤敖利泰雅語.xlsx,07澤敖利泰雅語,817,pasahus/pshoban,
drink,ata_su,mnbuw,excel,27-03,喝,,2026學習詞表-07澤敖利泰雅語.xlsx,07澤敖利泰雅語,818,,
vomit,ata_su,mputa / puta,excel,27-04,吐,,2026學習詞表-07澤敖利泰雅語.xlsx,07澤敖利泰雅語,819,maputa/muta,
bite,ata_su,kmat,excel,27-05,咬,,2026學習詞表-07澤敖利泰雅語.xlsx,07澤敖利泰雅語,820,kmat/kmac(新生部落),
eat,ata_su,mani / kani,excel,27-15,吃(東西),,2026學習詞表-07澤敖利泰雅語.xlsx,07澤敖利泰雅語,830,ni’un/mani,
know,ata_su,ba’un,excel,28-02,知道,,2026學習詞表-07澤敖利泰雅語.xlsx,07澤敖利泰雅語,836,,
see,ata_su,mita / tayux / mtayux,excel,28-03,看,,2026學習詞表-07澤敖利泰雅語.xlsx,07澤敖利泰雅語,837,matayux/mita,
smell,ata_su,smok / smawk,excel,28-07,聞(如聞味道),,2026學習詞表-07澤敖利泰雅語.xlsx,07澤敖利泰雅語,841,sokan,
hear,ata_su,mung / pung,excel,28-19,聽,,2026學習詞表-07澤敖利泰雅語.xlsx,07澤敖利泰雅語,853,mung,
think,ata_su,lmnglung,excel,28-25,想(思考),,2026學習詞表-07澤敖利泰雅語.xlsx,07澤敖利泰雅語,859,,
fear,ata_su,mngungu / ngungu,excel,29-02,害怕,,2026學習詞表-07澤敖利泰雅語.xlsx,07澤敖利泰雅語,866,,
wash,ata_su,mbahu / mahu / bahu,excel,30-02,洗(衣物),,2026學習詞表-07澤敖利泰雅語.xlsx,07澤敖利泰雅語,876,mahu,
sleep,ata_su,m’abi / abi,excel,30-09,睡覺,,2026學習詞表-07澤敖利泰雅語.xlsx,07澤敖利泰雅語,883,ma’abi,
kill,ata_su,kmut,excel,30-10,殺(牲畜),,2026學習詞表-07澤敖利泰雅語.xlsx,07澤敖利泰雅語,884,muwak baywak,
lie,ata_su,msrapa / mtgayaw,excel,30-16,躺臥,,2026學習詞表-07澤敖利泰雅語.xlsx,07澤敖利泰雅語,890,srapa m’abi,
burn,ata_su,lmom / lmawn / tlawm,excel,30-20,燒(如燒稻草),,2026學習詞表-07澤敖利泰雅語.xlsx,07澤敖利泰雅語,894,samuling/lmong(新生部落),
hunt,ata_su,tlnga / wahiy cyaw,excel,30-25,陷獵,,2026學習詞表-07澤敖利泰雅語.xlsx,07澤敖利泰雅語,899,tmlanga(動詞)/mrusa捕較大型獸類,
burn,ata_su,mtlom / mtlawm / msuling,excel,30-54,燃燒,,2026學習詞表-07澤敖利泰雅語.xlsx,07澤敖利泰雅語,928,mtlom/mtyana(新生部落),
drink,ata_su,mnbuw / nbuw,excel,30-61,喝(水),,2026學習詞表-07澤敖利泰雅語.xlsx,07澤敖利泰雅語,935,,
sing,ata_su,m’uwas/m’was,excel,30-64,唱歌,,2026學習詞表-07澤敖利泰雅語.xlsx,07澤敖利泰雅語,938,uwas,
play,ata_su,mgnaw,excel,30-65,玩耍,,2026學習詞表-07澤敖利泰雅語.xlsx,07澤敖利泰雅語,939,mcisan,
die,ata_su,mhuʼin,excel,31-01,死亡,,2026學習詞表-07澤敖利泰雅語.xlsx,07澤敖利泰雅語,941,mahawin(新生部落),
live,ata_su,myanux,excel,31-08,活的,,2026學習詞表-07澤敖利泰雅語.xlsx,07澤敖利泰雅語,948,mayanux,
heavy,ata_su,yesuw,excel,32-02,重(重量),,2026學習詞表-07澤敖利泰雅語.xlsx,07澤敖利泰雅語,963,yasuw,
big,ata_su,rahu / krahu,excel,32-05,大的,,2026學習詞表-07澤敖利泰雅語.xlsx,07澤敖利泰雅語,966,ncyaba(新生部落),
cold,ata_su,skinut / tl’tu,excel,32-08,冷,,2026學習詞表-07澤敖利泰雅語.xlsx,07澤敖利泰雅語,969,tra’atu/tl’tu,
small,ata_su,tikuy,excel,32-09,小的,,2026學習詞表-07澤敖利泰雅語.xlsx,07澤敖利泰雅語,970,cikuy/ncikun(新生部落),
many,ata_su,pyux,excel,32-10,多,,2026學習詞表-07澤敖利泰雅語.xlsx,07澤敖利泰雅語,971,peyux,
cold,ata_su,skinut / tl’tu,excel,32-12,冰冷,,2026學習詞表-07澤敖利泰雅語.xlsx,07澤敖利泰雅語,973,tla’atu/tl’tu skinuc,
few,ata_su,tikay / cikay,excel,32-14,少的,,2026學習詞表-07澤敖利泰雅語.xlsx,07澤敖利泰雅語,975,cikuh(新生部落),
laugh,ata_su,msya,excel,32-16,笑,,2026學習詞表-07澤敖利泰雅語.xlsx,07澤敖利泰雅語,977,masiya,
wet,ata_su,mhuzi,excel,32-17,濕的,,2026學習詞表-07澤敖利泰雅語.xlsx,07澤敖利泰雅語,978,mahuzi,
thick,ata_su,khmay,excel,32-19,厚的,,2026學習詞表-07澤敖利泰雅語.xlsx,07澤敖利泰雅語,980,,
thin,ata_su,lhmi,excel,32-21,薄的,,2026學習詞表-07澤敖利泰雅語.xlsx,07澤敖利泰雅語,982,lahami,
dirty,ata_su,mʼuraw,excel,32-22,髒,,2026學習詞表-07澤敖利泰雅語.xlsx,07澤敖利泰雅語,983,,
dry,ata_su,mkyay,excel,32-28,乾的,,2026學習詞表-07澤敖利泰雅語.xlsx,07澤敖利泰雅語,989,arangu,
new,ata_su,g’anus / ga’anus,excel,32-31,新的,,2026學習詞表-07澤敖利泰雅語.xlsx,07澤敖利泰雅語,992,ngias(新生部落),
old,ata_su,smuran / sswin,excel,32-32,舊的,,2026學習詞表-07澤敖利泰雅語.xlsx,07澤敖利泰雅語,993,samurwan/sswin,
near,ata_su,sobih / sawbih,excel,32-33,近,,2026學習詞表-07澤敖利泰雅語.xlsx,07澤敖利泰雅語,994,,
bad,ata_su,ya’ih / mhiri,excel,32-35,壞掉,,2026學習詞表-07澤敖利泰雅語.xlsx,07澤敖利泰雅語,996,mhi’ri,
far,ata_su,twahiy,excel,32-37,遠,,2026學習詞表-07澤敖利泰雅語.xlsx,07澤敖利泰雅語,998,thya(新生部落),
swell,ata_su,mʼba,excel,32-38,腫,,2026學習詞表-07澤敖利泰雅語.xlsx,07澤敖利泰雅語,999,ma’aba,
smooth,ata_su,hyuti/hyuci,excel,32-44,滑,,2026學習詞表-07澤敖利泰雅語.xlsx,07澤敖利泰雅語,1005,hayuti/thyuci,
warm,ata_su,mmli/yemli,excel,32-56,暖和,,2026學習詞表-07澤敖利泰雅語.xlsx,07澤敖利泰雅語,1017,mli/hlhun,
dull,ata_su,ini khinga / mngahaw,excel,32-57,鈍的,,2026學習詞表-07澤敖利泰雅語.xlsx,07澤敖利泰雅語,1018,ini hinga/mhika(新生部落),
straight,ata_su,bnlux,excel,32-65,直,,2026學習詞表-07澤敖利泰雅語.xlsx,07澤敖利泰雅語,1026,sshyu/msllux,
full,ata_su,spun / spunan,excel,32-66,滿了,,2026學習詞表-07澤敖利泰雅語.xlsx,07澤敖利泰雅語,1027,mspun,
wide,ata_su,glabang/labang,excel,32-68,(空間)寬敞,,2026學習詞表-07澤敖利泰雅語.xlsx,07澤敖利泰雅語,1029,galabang,
correct,ata_su,balay,excel,32-69,正確,,2026學習詞表-07澤敖利泰雅語.xlsx,07澤敖利泰雅語,1030,ms’sungus,
warm,ata_su,mmli/yemli,excel,32-72,溫的(水),,2026學習詞表-07澤敖利泰雅語.xlsx,07澤敖利泰雅語,1033,zmli/mbhak(新生部落),
long,ata_su,ruyux/’ruyux,excel,32-74,長,,2026學習詞表-07澤敖利泰雅語.xlsx,07澤敖利泰雅語,1035,,
short,ata_su,r’tung/’tung,excel,32-76,短,,2026學習詞表-07澤敖利泰雅語.xlsx,07澤敖利泰雅語,1037,ra’atung,
full,ata_su,spunan,excel,32-79,滿滿,,2026學習詞表-07澤敖利泰雅語.xlsx,07澤敖利泰雅語,1040,ms’un,
wipe,ata_su,miʼing,excel,33-06,擦拭,,2026學習詞表-07澤敖利泰雅語.xlsx,07澤敖利泰雅語,1048,ami’ing/smong(新生部落),
throw,ata_su,muling,excel,34-19,丟棄,,2026學習詞表-07澤敖利泰雅語.xlsx,07澤敖利泰雅語,1069,sbuling/blnganun,
count,ata_su,lpgun/lmpuw,excel,34-29,數(計算),,2026學習詞表-07澤敖利泰雅語.xlsx,07澤敖利泰雅語,1079,lpangi(新生部落),
good,ata_su,blay,excel,34-34,好,,2026學習詞表-07澤敖利泰雅語.xlsx,07澤敖利泰雅語,1084,bayayi,
not,ata_su,’yat/iyat,excel,35-03,不是(回答用),,2026學習詞表-07澤敖利泰雅語.xlsx,07澤敖利泰雅語,1092,ayat,
because,ata_su,yaʼigiy,excel,36-05,因為,,2026學習詞表-07澤敖利泰雅語.xlsx,07澤敖利泰雅語,1101,swa’ ini,
and,ata_su,ru/ki,excel,36-18,和,,2026學習詞表-07澤敖利泰雅語.xlsx,07澤敖利泰雅語,1114,ka,
if,ata_su,atuni/atuna,excel,36-22,如果,,2026學習詞表-07澤敖利泰雅語.xlsx,07澤敖利泰雅語,1118,atuna,
one,ata_ml,qutux/ caxa’,excel,01-01,一,,2026學習詞表-08汶水泰雅語.xlsx,08汶水泰雅語,5,caxa’(人),
two,ata_ml,usayng/ rarusa’,excel,01-02,二,,2026學習詞表-08汶水泰雅語.xlsx,08汶水泰雅語,6,rarusa’(人),
three,ata_ml,tugal/ tatuu’,excel,01-03,三,,2026學習詞表-08汶水泰雅語.xlsx,08汶水泰雅語,7,tatuu’(人),
four,ata_ml,sapaat/ saspat,excel,01-04,四,,2026學習詞表-08汶水泰雅語.xlsx,08汶水泰雅語,8,saspat(人),
five,ata_ml,imagal/ ayma’,excel,01-05,五,,2026學習詞表-08汶水泰雅語.xlsx,08汶水泰雅語,9,ayma’(人),
six,ata_ml,mamatuuʼ,excel,01-06,六,,2026學習詞表-08汶水泰雅語.xlsx,08汶水泰雅語,10,,
seven,ata_ml,mapituʼ,excel,01-07,七,,2026學習詞表-08汶水泰雅語.xlsx,08汶水泰雅語,11,,
eight,ata_ml,mamaspat,excel,01-08,八,,2026學習詞表-08汶水泰雅語.xlsx,08汶水泰雅語,12,,
nine,ata_ml,mamaqisuʼ,excel,01-09,九,,2026學習詞表-08汶水泰雅語.xlsx,08汶水泰雅語,13,,
ten,ata_ml,magalpu,excel,01-10,十,,2026學習詞表-08汶水泰雅語.xlsx,08汶水泰雅語,14,,
twenty,ata_ml,mapusal,excel,01-20,二十,,2026學習詞表-08汶水泰雅語.xlsx,08汶水泰雅語,24,,
hundred,ata_ml,kabhul,excel,01-34,百,,2026學習詞表-08汶水泰雅語.xlsx,08汶水泰雅語,38,,
hundred,ata_ml,qutux kabhul,excel,01-35,一百,,2026學習詞表-08汶水泰雅語.xlsx,08汶水泰雅語,39,,
some,ata_ml,tikay,excel,01-38,一些,,2026學習詞表-08汶水泰雅語.xlsx,08汶水泰雅語,42,,
all,ata_ml,kahabaag,excel,01-43,全部,,2026學習詞表-08汶水泰雅語.xlsx,08汶水泰雅語,47,,
few,ata_ml,tikay,excel,01-44,一點點,,2026學習詞表-08汶水泰雅語.xlsx,08汶水泰雅語,48,,
you_singular,ata_ml,suʼ/ isuʼ,excel,02-01,你,,2026學習詞表-08汶水泰雅語.xlsx,08汶水泰雅語,51,,
i,ata_ml,ikuwing/ kuwing/ cu/ ci,excel,02-02,我,,2026學習詞表-08汶水泰雅語.xlsx,08汶水泰雅語,52,,
he,ata_ml,hiyaʼ/ ihyaʼ,excel,02-03,他,,2026學習詞表-08汶水泰雅語.xlsx,08汶水泰雅語,53,,
you_plural,ata_ml,cimu/ icimu,excel,02-04,你們,,2026學習詞表-08汶水泰雅語.xlsx,08汶水泰雅語,54,,
we,ata_ml,taʼ/ itaʼ/ cami/ icami,excel,02-05,我們,,2026學習詞表-08汶水泰雅語.xlsx,08汶水泰雅語,55,,
they,ata_ml,nhaʼ/ inhaʼ,excel,02-06,他們,,2026學習詞表-08汶水泰雅語.xlsx,08汶水泰雅語,56,,
we,ata_ml,cami/ icami,excel,02-13,我們(排除式),,2026學習詞表-08汶水泰雅語.xlsx,08汶水泰雅語,63,,
we,ata_ml,taʼ/ itaʼ,excel,02-14,咱們(包含式),,2026學習詞表-08汶水泰雅語.xlsx,08汶水泰雅語,64,,
that,ata_ml,haca,excel,02-16,那個,,2026學習詞表-08汶水泰雅語.xlsx,08汶水泰雅語,66,,
this,ata_ml,hani,excel,02-17,這個,,2026學習詞表-08汶水泰雅語.xlsx,08汶水泰雅語,67,,
here,ata_ml,runi,excel,02-18,這裡,,2026學習詞表-08汶水泰雅語.xlsx,08汶水泰雅語,68,,
there,ata_ml,haca,excel,02-19,那裡,,2026學習詞表-08汶水泰雅語.xlsx,08汶水泰雅語,69,,
what,ata_ml,nanuwan,excel,03-02,什麼,,2026學習詞表-08汶水泰雅語.xlsx,08汶水泰雅語,73,,
how,ata_ml,humicuwaʼ,excel,03-03,如何,,2026學習詞表-08汶水泰雅語.xlsx,08汶水泰雅語,74,,
when,ata_ml,kanuwan,excel,03-04,何時(未發生),,2026學習詞表-08汶水泰雅語.xlsx,08汶水泰雅語,75,,
who,ata_ml,imaʼ,excel,03-05,誰,,2026學習詞表-08汶水泰雅語.xlsx,08汶水泰雅語,76,,
where,ata_ml,inuʼ/ aynuʼ,excel,03-07,哪裡,,2026學習詞表-08汶水泰雅語.xlsx,08汶水泰雅語,78,,
how,ata_ml,humicuwaʼ,excel,03-09,怎麼,,2026學習詞表-08汶水泰雅語.xlsx,08汶水泰雅語,80,,
where,ata_ml,inuʼ ku hani,excel,03-12,什麼地方,,2026學習詞表-08汶水泰雅語.xlsx,08汶水泰雅語,83,,
when,ata_ml,kanuwan,excel,03-13,何時(已發生),,2026學習詞表-08汶水泰雅語.xlsx,08汶水泰雅語,84,,
father,ata_ml,yabaʼ/ abaʼ,excel,04-01,爸爸,,2026學習詞表-08汶水泰雅語.xlsx,08汶水泰雅語,87,aba’(第一人稱),
mother,ata_ml,yayaʼ/ ayaʼ,excel,04-02,媽媽,,2026學習詞表-08汶水泰雅語.xlsx,08汶水泰雅語,88,aya’(第一人稱),
wife,ata_ml,glug/ baays,excel,04-07,配偶,,2026學習詞表-08汶水泰雅語.xlsx,08汶水泰雅語,93,mamaliku mu,
husband,ata_ml,glug/ baays,excel,04-07,配偶,,2026學習詞表-08汶水泰雅語.xlsx,08汶水泰雅語,93,mamaliku mu,
husband,ata_ml,glug/ baays,excel,04-15,丈夫,,2026學習詞表-08汶水泰雅語.xlsx,08汶水泰雅語,101,,
name,ata_ml,raluʼ,excel,05-01,名字,,2026學習詞表-08汶水泰雅語.xlsx,08汶水泰雅語,114,,
child,ata_ml,ulaqiʼ,excel,05-05,孩童,,2026學習詞表-08汶水泰雅語.xlsx,08汶水泰雅語,118,,
woman,ata_ml,kanayril/ kanawnu’,excel,05-07,女性,,2026學習詞表-08汶水泰雅語.xlsx,08汶水泰雅語,120,kanayril(男)/ kanawnu’(女),
man,ata_ml,mamaliku,excel,05-08,男性,,2026學習詞表-08汶水泰雅語.xlsx,08汶水泰雅語,121,,
person,ata_ml,itaal/ cuquleq,excel,05-09,人,,2026學習詞表-08汶水泰雅語.xlsx,08汶水泰雅語,122,,
ear,ata_ml,cangiyaʼ,excel,06-01,耳朵,,2026學習詞表-08汶水泰雅語.xlsx,08汶水泰雅語,140,,
leg,ata_ml,gaa’,excel,06-02,大腿,,2026學習詞表-08汶水泰雅語.xlsx,08汶水泰雅語,141,,
eye,ata_ml,rawweq,excel,06-03,眼睛,,2026學習詞表-08汶水泰雅語.xlsx,08汶水泰雅語,142,,
mouth,ata_ml,ngaquwaq,excel,06-05,嘴巴,,2026學習詞表-08汶水泰雅語.xlsx,08汶水泰雅語,144,,
head,ata_ml,tunux,excel,06-06,頭,,2026學習詞表-08汶水泰雅語.xlsx,08汶水泰雅語,145,,
fingernail,ata_ml,kakamil,excel,06-07,指甲,,2026學習詞表-08汶水泰雅語.xlsx,08汶水泰雅語,146,,
hand,ata_ml,qabaʼ,excel,06-08,手,,2026學習詞表-08汶水泰雅語.xlsx,08汶水泰雅語,147,,
nose,ata_ml,nguhu,excel,06-10,鼻子,,2026學習詞表-08汶水泰雅語.xlsx,08汶水泰雅語,149,,
foot,ata_ml,kukuy,excel,06-11,腳,,2026學習詞表-08汶水泰雅語.xlsx,08汶水泰雅語,150,,
tooth,ata_ml,gi’nux/ gipun,excel,06-12,牙齒,,2026學習詞表-08汶水泰雅語.xlsx,08汶水泰雅語,151,gi’nux(男)/ gipun(女),
hair,ata_ml,abag na tunux,excel,06-13,頭髮,,2026學習詞表-08汶水泰雅語.xlsx,08汶水泰雅語,152,,
blood,ata_ml,ramuux,excel,06-14,血,,2026學習詞表-08汶水泰雅語.xlsx,08汶水泰雅語,153,,
meat,ata_ml,hiii’,excel,06-15,肉；身體,,2026學習詞表-08汶水泰雅語.xlsx,08汶水泰雅語,154,,
belly,ata_ml,nabuwas,excel,06-17,肚子,,2026學習詞表-08汶水泰雅語.xlsx,08汶水泰雅語,156,,
breast,ata_ml,xuxuʼ,excel,06-18,乳房,,2026學習詞表-08汶水泰雅語.xlsx,08汶水泰雅語,157,,
back,ata_ml,makasug,excel,06-22,背部,,2026學習詞表-08汶水泰雅語.xlsx,08汶水泰雅語,161,,
skin,ata_ml,kuwahil,excel,06-23,皮,,2026學習詞表-08汶水泰雅語.xlsx,08汶水泰雅語,162,,
heart,ata_ml,yurul,excel,06-28,心臟,,2026學習詞表-08汶水泰雅語.xlsx,08汶水泰雅語,167,,
knee,ata_ml,tariʼ,excel,06-31,膝蓋,,2026學習詞表-08汶水泰雅語.xlsx,08汶水泰雅語,170,,
liver,ata_ml,sayk,excel,06-34,肝臟,,2026學習詞表-08汶水泰雅語.xlsx,08汶水泰雅語,173,,
fat,ata_ml,sasiyak,excel,06-37,油脂,,2026學習詞表-08汶水泰雅語.xlsx,08汶水泰雅語,176,,
tongue,ata_ml,hmaʼ,excel,06-42,舌頭,,2026學習詞表-08汶水泰雅語.xlsx,08汶水泰雅語,181,,
neck,ata_ml,wariyung,excel,06-47,脖子,,2026學習詞表-08汶水泰雅語.xlsx,08汶水泰雅語,186,,
tail,ata_ml,ngaʼnguʼ,excel,07-01,尾巴,,2026學習詞表-08汶水泰雅語.xlsx,08汶水泰雅語,197,,
dog,ata_ml,xuwil,excel,07-03,狗,,2026學習詞表-08汶水泰雅語.xlsx,08汶水泰雅語,199,,
bird,ata_ml,kabahneq,excel,07-06,鳥,,2026學習詞表-08汶水泰雅語.xlsx,08汶水泰雅語,202,,
fish,ata_ml,quleh,excel,07-07,魚,,2026學習詞表-08汶水泰雅語.xlsx,08汶水泰雅語,203,,
snake,ata_ml,quruʼ,excel,07-19,蛇,,2026學習詞表-08汶水泰雅語.xlsx,08汶水泰雅語,215,,
louse,ata_ml,kuhing/ kucu’,excel,07-33,頭蝨,,2026學習詞表-08汶水泰雅語.xlsx,08汶水泰雅語,229,kuhing(男)/kucu’(女),
worm,ata_ml,bicug,excel,07-39,蚯蚓,,2026學習詞表-08汶水泰雅語.xlsx,08汶水泰雅語,235,,
wing,ata_ml,qaqahing,excel,07-49,翅膀,,2026學習詞表-08汶水泰雅語.xlsx,08汶水泰雅語,245,,
horn,ata_ml,tanguqi,excel,07-64,(動物的)角,,2026學習詞表-08汶水泰雅語.xlsx,08汶水泰雅語,260,,
tree,ata_ml,kahuneq/ kahuy,excel,08-03,樹,,2026學習詞表-08汶水泰雅語.xlsx,08汶水泰雅語,265,kahuneq(男)/ kahuy(女),
leaf,ata_ml,abag,excel,08-06,葉子,,2026學習詞表-08汶水泰雅語.xlsx,08汶水泰雅語,268,,
flower,ata_ml,pahpah,excel,08-09,花朵,,2026學習詞表-08汶水泰雅語.xlsx,08汶水泰雅語,271,,
stick,ata_ml,raqni’ na kahuneq/ raqni’ na kahuy,excel,08-15,樹枝,,2026學習詞表-08汶水泰雅語.xlsx,08汶水泰雅語,277,raqni’ na kahuneq (男)/ raqni’ na kahuy(女),
fruit,ata_ml,buway,excel,08-16,(植物的)果實,,2026學習詞表-08汶水泰雅語.xlsx,08汶水泰雅語,278,,
grass,ata_ml,kiʼman,excel,08-20,草,,2026學習詞表-08汶水泰雅語.xlsx,08汶水泰雅語,282,,
fruit,ata_ml,uquuquʼ,excel,08-24,水果,,2026學習詞表-08汶水泰雅語.xlsx,08汶水泰雅語,286,,
root,ata_ml,gamil na kahuneq/gamil na kahuy,excel,08-28,樹根,,2026學習詞表-08汶水泰雅語.xlsx,08汶水泰雅語,290,gamil na kahuneq(男)/gamil na kahuy(女),
seed,ata_ml,gaghap,excel,08-44,種子,,2026學習詞表-08汶水泰雅語.xlsx,08汶水泰雅語,306,,
rope,ata_ml,siniyug,excel,09-15,繩索,,2026學習詞表-08汶水泰雅語.xlsx,08汶水泰雅語,335,,
stick,ata_ml,raqniʼ,excel,09-18,枝條,,2026學習詞表-08汶水泰雅語.xlsx,08汶水泰雅語,338,,
ash,ata_ml,qabuliʼ,excel,09-49,炭灰,,2026學習詞表-08汶水泰雅語.xlsx,08汶水泰雅語,369,,
road,ata_ml,raneq/ raan,excel,10-01,道路,,2026學習詞表-08汶水泰雅語.xlsx,08汶水泰雅語,393,raneq(男)/ raan(女),
wind,ata_ml,bayhu,excel,10-04,風,,2026學習詞表-08汶水泰雅語.xlsx,08汶水泰雅語,396,,
sand,ata_ml,bunaqi,excel,10-05,沙子,,2026學習詞表-08汶水泰雅語.xlsx,08汶水泰雅語,397,,
earth,ata_ml,rawq,excel,10-06,泥土,,2026學習詞表-08汶水泰雅語.xlsx,08汶水泰雅語,398,,
river,ata_ml,luliyung,excel,10-07,河流,,2026學習詞表-08汶水泰雅語.xlsx,08汶水泰雅語,399,,
lake,ata_ml,wacilung,excel,10-08,湖泊,,2026學習詞表-08汶水泰雅語.xlsx,08汶水泰雅語,400,,
forest,ata_ml,lahulahu,excel,10-09,森林,,2026學習詞表-08汶水泰雅語.xlsx,08汶水泰雅語,401,,
sun,ata_ml,wagiʼ,excel,11-02,太陽,,2026學習詞表-08汶水泰雅語.xlsx,08汶水泰雅語,417,,
moon,ata_ml,buwating,excel,11-03,月亮,,2026學習詞表-08汶水泰雅語.xlsx,08汶水泰雅語,418,,
sky,ata_ml,kaal,excel,11-04,天空,,2026學習詞表-08汶水泰雅語.xlsx,08汶水泰雅語,419,,
star,ata_ml,buliqu,excel,11-05,星星,,2026學習詞表-08汶水泰雅語.xlsx,08汶水泰雅語,420,,
rain,ata_ml,quwalax,excel,11-06,雨,,2026學習詞表-08汶水泰雅語.xlsx,08汶水泰雅語,421,,
snow,ata_ml,hulaqi,excel,11-07,雪,,2026學習詞表-08汶水泰雅語.xlsx,08汶水泰雅語,422,,
smoke,ata_ml,guhiloq,excel,11-13,煙,,2026學習詞表-08汶水泰雅語.xlsx,08汶水泰雅語,428,,
fire,ata_ml,hapuneq/ hapuy,excel,11-17,火,,2026學習詞表-08汶水泰雅語.xlsx,08汶水泰雅語,432,hapuneq(男)/ hapuy(女),
ice,ata_ml,hulaqi,excel,11-18,冰,,2026學習詞表-08汶水泰雅語.xlsx,08汶水泰雅語,433,,
stone,ata_ml,batunux,excel,12-05,石頭,,2026學習詞表-08汶水泰雅語.xlsx,08汶水泰雅語,454,,
night,ata_ml,gabiyan,excel,13-02,晚上,,2026學習詞表-08汶水泰雅語.xlsx,08汶水泰雅語,471,,
day,ata_ml,qaliyan,excel,13-07,白天,,2026學習詞表-08汶水泰雅語.xlsx,08汶水泰雅語,476,,
night,ata_ml,mahantan,excel,13-22,夜,,2026學習詞表-08汶水泰雅語.xlsx,08汶水泰雅語,491,,
year,ata_ml,kaal,excel,13-28,年,,2026學習詞表-08汶水泰雅語.xlsx,08汶水泰雅語,497,,
in,ata_ml,iik,excel,14-01,裡面,,2026學習詞表-08汶水泰雅語.xlsx,08汶水泰雅語,502,,
at,ata_ml,kiya tagi ...,excel,14-02,在某處,,2026學習詞表-08汶水泰雅語.xlsx,08汶水泰雅語,503,,
right,ata_ml,anan,excel,14-10,右邊,,2026學習詞表-08汶水泰雅語.xlsx,08汶水泰雅語,511,,
left,ata_ml,iil,excel,14-11,左邊,,2026學習詞表-08汶水泰雅語.xlsx,08汶水泰雅語,512,,
water,ata_ml,qusiyaʼ,excel,21-02,水,,2026學習詞表-08汶水泰雅語.xlsx,08汶水泰雅語,601,,
salt,ata_ml,timuʼ,excel,21-07,鹽,,2026學習詞表-08汶水泰雅語.xlsx,08汶水泰雅語,606,,
egg,ata_ml,batuʼ,excel,21-09,蛋,,2026學習詞表-08汶水泰雅語.xlsx,08汶水泰雅語,608,,
white,ata_ml,maubaʼ,excel,22-01,白色的,,2026學習詞表-08汶水泰雅語.xlsx,08汶水泰雅語,626,,
black,ata_ml,magalawa’ / magauu’,excel,22-02,黑色的,,2026學習詞表-08汶水泰雅語.xlsx,08汶水泰雅語,627,magalawa’(男)/ magauu’(女),
red,ata_ml,matanah,excel,22-03,紅色的,,2026學習詞表-08汶水泰雅語.xlsx,08汶水泰雅語,628,,
yellow,ata_ml,magturakis,excel,22-05,黃色的,,2026學習詞表-08汶水泰雅語.xlsx,08汶水泰雅語,630,,
green,ata_ml,mataseq / mawaseq,excel,22-08,綠色的,,2026學習詞表-08汶水泰雅語.xlsx,08汶水泰雅語,633,mataseq(男)/ mawaseq(女),
give,ata_ml,muway/ mayq,excel,25-07,給,,2026學習詞表-08汶水泰雅語.xlsx,08汶水泰雅語,663,,
come,ata_ml,ibuwi/ uwah,excel,25-08,來,,2026學習詞表-08汶水泰雅語.xlsx,08汶水泰雅語,664,,
walk,ata_ml,humakay,excel,25-10,走路,,2026學習詞表-08汶水泰雅語.xlsx,08汶水泰雅語,666,,
fly,ata_ml,manbahaag,excel,25-12,飛,,2026學習詞表-08汶水泰雅語.xlsx,08汶水泰雅語,668,,
fall,ata_ml,masihwaw/ masiqru’,excel,25-26,(植物的果實)掉落,,2026學習詞表-08汶水泰雅語.xlsx,08汶水泰雅語,682,,
sit,ata_ml,mantahuuk/ mantahunak,excel,25-43,坐著,,2026學習詞表-08汶水泰雅語.xlsx,08汶水泰雅語,699,mantahuuk(男)/ mantahunak(女)/tahunak(祈使式),
stand,ata_ml,manca’rux/ mancaqru,excel,25-44,站著,,2026學習詞表-08汶水泰雅語.xlsx,08汶水泰雅語,700,manca’rux(男)/ mancaqru(女),
sit,ata_ml,matahuuk/ matahunak,excel,26-03,坐下,,2026學習詞表-08汶水泰雅語.xlsx,08汶水泰雅語,712,matahuuk(男)/ matahunak(女),
hit,ata_ml,mahi/ tumuting,excel,26-08,打(人),,2026學習詞表-08汶水泰雅語.xlsx,08汶水泰雅語,717,,
stab,ata_ml,humab,excel,26-09,刺,,2026學習詞表-08汶水泰雅語.xlsx,08汶水泰雅語,718,,
push,ata_ml,rumuruwag/ rumuru,excel,26-13,推,,2026學習詞表-08汶水泰雅語.xlsx,08汶水泰雅語,722,rumuruwag(男)/ rumuru(女),
scratch,ata_ml,kumamil,excel,26-18,抓癢,,2026學習詞表-08汶水泰雅語.xlsx,08汶水泰雅語,727,,
lie,ata_ml,masrarapaʼ,excel,26-20,仰躺,,2026學習詞表-08汶水泰雅語.xlsx,08汶水泰雅語,729,,
blow,ata_ml,umiyup,excel,26-28,吹,,2026學習詞表-08汶水泰雅語.xlsx,08汶水泰雅語,737,,
dig,ata_ml,kumayhu/ kumayi’,excel,26-29,挖掘,,2026學習詞表-08汶水泰雅語.xlsx,08汶水泰雅語,738,"kumayk, kumayhu(男)/ kumayi’(女)",
cut,ata_ml,humawbing/ humibag,excel,26-30,切,,2026學習詞表-08汶水泰雅語.xlsx,08汶水泰雅語,739,humawbing(男)/ humibag(女),
swim,ata_ml,lumanguy,excel,26-31,游泳,,2026學習詞表-08汶水泰雅語.xlsx,08汶水泰雅語,740,,
tie,ata_ml,binhul/binahlan,excel,26-38,綁住(已綁),,2026學習詞表-08汶水泰雅語.xlsx,08汶水泰雅語,747,,
pull,ata_ml,humuluy/ huluyun,excel,26-39,拉,,2026學習詞表-08汶水泰雅語.xlsx,08汶水泰雅語,748,,
split,ata_ml,tiqapun/ tumiqap,excel,26-40,劈(木材),,2026學習詞表-08汶水泰雅語.xlsx,08汶水泰雅語,749,,
hold,ata_ml,rumileq/ liliqun,excel,26-42,提著,,2026學習詞表-08汶水泰雅語.xlsx,08汶水泰雅語,751,,
hold,ata_ml,biingun/ qatuun,excel,26-43,握著,,2026學習詞表-08汶水泰雅語.xlsx,08汶水泰雅語,752,,
tie,ata_ml,mhul,excel,26-44,捆綁(正在),,2026學習詞表-08汶水泰雅語.xlsx,08汶水泰雅語,753,,
scratch,ata_ml,kamilan/ kikuwikan,excel,26-56,搔癢,,2026學習詞表-08汶水泰雅語.xlsx,08汶水泰雅語,765,,
rub,ata_ml,gumargur/ sumpapiyux,excel,26-85,揉搓(衣物),,2026學習詞表-08汶水泰雅語.xlsx,08汶水泰雅語,794,,
lie,ata_ml,matakakil,excel,26-88,側臥,,2026學習詞表-08汶水泰雅語.xlsx,08汶水泰雅語,797,,
fight,ata_ml,matuting/ mabaciyak,excel,26-96,打架,,2026學習詞表-08汶水泰雅語.xlsx,08汶水泰雅語,805,,
squeeze,ata_ml,maheeq,excel,26-97,擠,,2026學習詞表-08汶水泰雅語.xlsx,08汶水泰雅語,806,,
dig,ata_ml,kumayhu / kumayi’,excel,26-100,(用手)挖掘,,2026學習詞表-08汶水泰雅語.xlsx,08汶水泰雅語,809,kumayhu na qaba’(男)/ kumayi’ na qaba’(女),
stand,ata_ml,manca’rux/ mancaqrux,excel,26-105,起立；站著,,2026學習詞表-08汶水泰雅語.xlsx,08汶水泰雅語,814,manca’rux(男)/ mancaqrux(女),
eat,ata_ml,maneq,excel,27-01,吃,,2026學習詞表-08汶水泰雅語.xlsx,08汶水泰雅語,816,,
suck,ata_ml,sumihub/ sihuban,excel,27-02,吸,,2026學習詞表-08汶水泰雅語.xlsx,08汶水泰雅語,817,,
drink,ata_ml,manubuwag,excel,27-03,喝,,2026學習詞表-08汶水泰雅語.xlsx,08汶水泰雅語,818,,
vomit,ata_ml,mutaq,excel,27-04,吐,,2026學習詞表-08汶水泰雅語.xlsx,08汶水泰雅語,819,,
bite,ata_ml,kumat,excel,27-05,咬,,2026學習詞表-08汶水泰雅語.xlsx,08汶水泰雅語,820,,
eat,ata_ml,maneq,excel,27-15,吃(東西),,2026學習詞表-08汶水泰雅語.xlsx,08汶水泰雅語,830,,
know,ata_ml,baqun,excel,28-02,知道,,2026學習詞表-08汶水泰雅語.xlsx,08汶水泰雅語,836,,
see,ata_ml,mitaal,excel,28-03,看,,2026學習詞表-08汶水泰雅語.xlsx,08汶水泰雅語,837,,
smell,ata_ml,sumawk,excel,28-07,聞(如聞味道),,2026學習詞表-08汶水泰雅語.xlsx,08汶水泰雅語,841,,
hear,ata_ml,kumnapung/ muung,excel,28-19,聽,,2026學習詞表-08汶水泰雅語.xlsx,08汶水泰雅語,853,,
think,ata_ml,lumanglung,excel,28-25,想(思考),,2026學習詞表-08汶水泰雅語.xlsx,08汶水泰雅語,859,,
fear,ata_ml,maicug,excel,29-02,害怕,,2026學習詞表-08汶水泰雅語.xlsx,08汶水泰雅語,866,,
wash,ata_ml,mabahoq,excel,30-02,洗(衣物),,2026學習詞表-08汶水泰雅語.xlsx,08汶水泰雅語,876,,
sleep,ata_ml,maqilaap/maqilup,excel,30-09,睡覺,,2026學習詞表-08汶水泰雅語.xlsx,08汶水泰雅語,883,maqilaap(男)/maqilup(女),
kill,ata_ml,tumuting cu ...,excel,30-10,殺(牲畜),,2026學習詞表-08汶水泰雅語.xlsx,08汶水泰雅語,884,,
lie,ata_ml,masrarapa’/ matgrarapa’,excel,30-16,躺臥,,2026學習詞表-08汶水泰雅語.xlsx,08汶水泰雅語,890,,
burn,ata_ml,cumuling,excel,30-20,燒(如燒稻草),,2026學習詞表-08汶水泰雅語.xlsx,08汶水泰雅語,894,,
hunt,ata_ml,sasiyahing cu qaqasinug,excel,30-25,陷獵,,2026學習詞表-08汶水泰雅語.xlsx,08汶水泰雅語,899,,
burn,ata_ml,maculing,excel,30-54,燃燒,,2026學習詞表-08汶水泰雅語.xlsx,08汶水泰雅語,928,,
drink,ata_ml,manubuwag,excel,30-61,喝(水),,2026學習詞表-08汶水泰雅語.xlsx,08汶水泰雅語,935,,
sing,ata_ml,maquwas,excel,30-64,唱歌,,2026學習詞表-08汶水泰雅語.xlsx,08汶水泰雅語,938,,
play,ata_ml,magunawu’/ mugunawu’,excel,30-65,玩耍,,2026學習詞表-08汶水泰雅語.xlsx,08汶水泰雅語,939,magunawu’(男) / mugunawu’(女),
die,ata_ml,manahuqil,excel,31-01,死亡,,2026學習詞表-08汶水泰雅語.xlsx,08汶水泰雅語,941,,
live,ata_ml,maqiyanux naʼ,excel,31-08,活的,,2026學習詞表-08汶水泰雅語.xlsx,08汶水泰雅語,948,,
heavy,ata_ml,imuleq,excel,32-02,重(重量),,2026學習詞表-08汶水泰雅語.xlsx,08汶水泰雅語,963,,
big,ata_ml,rahuwal,excel,32-05,大的,,2026學習詞表-08汶水泰雅語.xlsx,08汶水泰雅語,966,,
cold,ata_ml,talaʼtuʼ,excel,32-08,冷,,2026學習詞表-08汶水泰雅語.xlsx,08汶水泰雅語,969,,
small,ata_ml,tikay,excel,32-09,小的,,2026學習詞表-08汶水泰雅語.xlsx,08汶水泰雅語,970,,
many,ata_ml,payux,excel,32-10,多,,2026學習詞表-08汶水泰雅語.xlsx,08汶水泰雅語,971,,
cold,ata_ml,talaʼtuʼ,excel,32-12,冰冷,,2026學習詞表-08汶水泰雅語.xlsx,08汶水泰雅語,973,,
few,ata_ml,tikay,excel,32-14,少的,,2026學習詞表-08汶水泰雅語.xlsx,08汶水泰雅語,975,,
laugh,ata_ml,masiyaq,excel,32-16,笑,,2026學習詞表-08汶水泰雅語.xlsx,08汶水泰雅語,977,,
wet,ata_ml,mahuweq,excel,32-17,濕的,,2026學習詞表-08汶水泰雅語.xlsx,08汶水泰雅語,978,,
thick,ata_ml,kehma,excel,32-19,厚的,,2026學習詞表-08汶水泰雅語.xlsx,08汶水泰雅語,980,,
thin,ata_ml,lehpeq,excel,32-21,薄的,,2026學習詞表-08汶水泰雅語.xlsx,08汶水泰雅語,982,,
dirty,ata_ml,maurag,excel,32-22,髒,,2026學習詞表-08汶水泰雅語.xlsx,08汶水泰雅語,983,,
dry,ata_ml,marnguʼ,excel,32-28,乾的,,2026學習詞表-08汶水泰雅語.xlsx,08汶水泰雅語,989,,
new,ata_ml,giqas,excel,32-31,新的,,2026學習詞表-08汶水泰雅語.xlsx,08汶水泰雅語,992,,
old,ata_ml,capang,excel,32-32,舊的,,2026學習詞表-08汶水泰雅語.xlsx,08汶水泰雅語,993,,
near,ata_ml,sawbeh,excel,32-33,近,,2026學習詞表-08汶水泰雅語.xlsx,08汶水泰雅語,994,,
bad,ata_ml,mahuwah/ masiyaqil,excel,32-35,壞掉,,2026學習詞表-08汶水泰雅語.xlsx,08汶水泰雅語,996,,
far,ata_ml,tatuhiʼ,excel,32-37,遠,,2026學習詞表-08汶水泰雅語.xlsx,08汶水泰雅語,998,,
swell,ata_ml,mabaʼbaʼ,excel,32-38,腫,,2026學習詞表-08汶水泰雅語.xlsx,08汶水泰雅語,999,,
smooth,ata_ml,hawtiʼ,excel,32-44,滑,,2026學習詞表-08汶水泰雅語.xlsx,08汶水泰雅語,1005,,
warm,ata_ml,halhul,excel,32-56,暖和,,2026學習詞表-08汶水泰雅語.xlsx,08汶水泰雅語,1017,,
dull,ata_ml,mapngu,excel,32-57,鈍的,,2026學習詞表-08汶水泰雅語.xlsx,08汶水泰雅語,1018,,
straight,ata_ml,mancahuuʼ,excel,32-65,直,,2026學習詞表-08汶水泰雅語.xlsx,08汶水泰雅語,1026,,
full,ata_ml,makasiun la,excel,32-66,滿了,,2026學習詞表-08汶水泰雅語.xlsx,08汶水泰雅語,1027,,
wide,ata_ml,wahti’/ gilahang,excel,32-68,(空間)寬敞,,2026學習詞表-08汶水泰雅語.xlsx,08汶水泰雅語,1029,,
correct,ata_ml,yani/ cubalay/ capaang,excel,32-69,正確,,2026學習詞表-08汶水泰雅語.xlsx,08汶水泰雅語,1030,,
warm,ata_ml,habhab,excel,32-72,溫的(水),,2026學習詞表-08汶水泰雅語.xlsx,08汶水泰雅語,1033,,
long,ata_ml,qanaruux,excel,32-74,長,,2026學習詞表-08汶水泰雅語.xlsx,08汶水泰雅語,1035,,
short,ata_ml,isting,excel,32-76,短,,2026學習詞表-08汶水泰雅語.xlsx,08汶水泰雅語,1037,,
full,ata_ml,makasiun,excel,32-79,滿滿,,2026學習詞表-08汶水泰雅語.xlsx,08汶水泰雅語,1040,,
wipe,ata_ml,cumawm,excel,33-06,擦拭,,2026學習詞表-08汶水泰雅語.xlsx,08汶水泰雅語,1048,,
throw,ata_ml,sipakati’,excel,34-19,丟棄,,2026學習詞表-08汶水泰雅語.xlsx,08汶水泰雅語,1069,,
count,ata_ml,lumpug,excel,34-29,數(計算),,2026學習詞表-08汶水泰雅語.xlsx,08汶水泰雅語,1079,,
good,ata_ml,balayq,excel,34-34,好,,2026學習詞表-08汶水泰雅語.xlsx,08汶水泰雅語,1084,,
not,ata_ml,iqaat/ qaat,excel,35-03,不是(回答用),,2026學習詞表-08汶水泰雅語.xlsx,08汶水泰雅語,1092,,
because,ata_ml,gi’,excel,36-05,因為,,2026學習詞表-08汶水泰雅語.xlsx,08汶水泰雅語,1101,,
and,ata_ml,ki/ ru/ kinku,excel,36-18,和,,2026學習詞表-08汶水泰雅語.xlsx,08汶水泰雅語,1114,,
if,ata_ml,atu’na,excel,36-22,如果,,2026學習詞表-08汶水泰雅語.xlsx,08汶水泰雅語,1118,,
one,ata_pl,utux,excel,01-01,一,,2026學習詞表-09萬大泰雅語.xlsx,09萬大泰雅語,5,,
two,ata_pl,saʼing,excel,01-02,二,,2026學習詞表-09萬大泰雅語.xlsx,09萬大泰雅語,6,,
three,ata_pl,tugal,excel,01-03,三,,2026學習詞表-09萬大泰雅語.xlsx,09萬大泰雅語,7,,
four,ata_pl,paṟat,excel,01-04,四,,2026學習詞表-09萬大泰雅語.xlsx,09萬大泰雅語,8,,
five,ata_pl,ṟamagal,excel,01-05,五,,2026學習詞表-09萬大泰雅語.xlsx,09萬大泰雅語,9,,
six,ata_pl,matṟu,excel,01-06,六,,2026學習詞表-09萬大泰雅語.xlsx,09萬大泰雅語,10,,
seven,ata_pl,mapituʼ,excel,01-07,七,,2026學習詞表-09萬大泰雅語.xlsx,09萬大泰雅語,11,,
eight,ata_pl,maspat,excel,01-08,八,,2026學習詞表-09萬大泰雅語.xlsx,09萬大泰雅語,12,,
nine,ata_pl,maʼiruʼ,excel,01-09,九,,2026學習詞表-09萬大泰雅語.xlsx,09萬大泰雅語,13,,
ten,ata_pl,malapṟow,excel,01-10,十,,2026學習詞表-09萬大泰雅語.xlsx,09萬大泰雅語,14,,
twenty,ata_pl,mapusal,excel,01-20,二十,,2026學習詞表-09萬大泰雅語.xlsx,09萬大泰雅語,24,,
hundred,ata_pl,kabhul,excel,01-34,百,,2026學習詞表-09萬大泰雅語.xlsx,09萬大泰雅語,38,,
hundred,ata_pl,utux kabhul,excel,01-35,一百,,2026學習詞表-09萬大泰雅語.xlsx,09萬大泰雅語,39,,
some,ata_pl,tikiy,excel,01-38,一些,,2026學習詞表-09萬大泰雅語.xlsx,09萬大泰雅語,42,亦可稱：tikiy,
all,ata_pl,koraʼ,excel,01-43,全部,,2026學習詞表-09萬大泰雅語.xlsx,09萬大泰雅語,47,,
few,ata_pl,tikiy,excel,01-44,一點點,,2026學習詞表-09萬大泰雅語.xlsx,09萬大泰雅語,48,亦可稱：bilak,
you_singular,ata_pl,su’/isu’,excel,02-01,你,,2026學習詞表-09萬大泰雅語.xlsx,09萬大泰雅語,51,,
i,ata_pl,kung/ kuṟing,excel,02-02,我,,2026學習詞表-09萬大泰雅語.xlsx,09萬大泰雅語,52,,
he,ata_pl,hiyaʼ,excel,02-03,他,,2026學習詞表-09萬大泰雅語.xlsx,09萬大泰雅語,53,,
you_plural,ata_pl,mamu/cimu,excel,02-04,你們,,2026學習詞表-09萬大泰雅語.xlsx,09萬大泰雅語,54,,
we,ata_pl,min/cami/ta/ita,excel,02-05,我們,,2026學習詞表-09萬大泰雅語.xlsx,09萬大泰雅語,55,,
they,ata_pl,lahaʼ,excel,02-06,他們,,2026學習詞表-09萬大泰雅語.xlsx,09萬大泰雅語,56,,
we,ata_pl,cami,excel,02-13,我們(排除式),,2026學習詞表-09萬大泰雅語.xlsx,09萬大泰雅語,63,,
we,ata_pl,itaʼ,excel,02-14,咱們(包含式),,2026學習詞表-09萬大泰雅語.xlsx,09萬大泰雅語,64,,
that,ata_pl,kaca/haca,excel,02-16,那個,,2026學習詞表-09萬大泰雅語.xlsx,09萬大泰雅語,66,,
this,ata_pl,kani/hani,excel,02-17,這個,,2026學習詞表-09萬大泰雅語.xlsx,09萬大泰雅語,67,,
here,ata_pl,sani,excel,02-18,這裡,,2026學習詞表-09萬大泰雅語.xlsx,09萬大泰雅語,68,,
there,ata_pl,saca,excel,02-19,那裡,,2026學習詞表-09萬大泰雅語.xlsx,09萬大泰雅語,69,,
what,ata_pl,amol,excel,03-02,什麼,,2026學習詞表-09萬大泰雅語.xlsx,09萬大泰雅語,73,,
how,ata_pl,sunno,excel,03-03,如何,,2026學習詞表-09萬大泰雅語.xlsx,09萬大泰雅語,74,,
when,ata_pl,kanon,excel,03-04,何時(未發生),,2026學習詞表-09萬大泰雅語.xlsx,09萬大泰雅語,75,,
who,ata_pl,imaʼ,excel,03-05,誰,,2026學習詞表-09萬大泰雅語.xlsx,09萬大泰雅語,76,,
where,ata_pl,inuʼ,excel,03-07,哪裡,,2026學習詞表-09萬大泰雅語.xlsx,09萬大泰雅語,78,,
how,ata_pl,huncoʼ,excel,03-09,怎麼,,2026學習詞表-09萬大泰雅語.xlsx,09萬大泰雅語,80,,
where,ata_pl,inuʼ,excel,03-12,什麼地方,,2026學習詞表-09萬大泰雅語.xlsx,09萬大泰雅語,83,,
when,ata_pl,ci kanon,excel,03-13,何時(已發生),,2026學習詞表-09萬大泰雅語.xlsx,09萬大泰雅語,84,,
father,ata_pl,yabaʼ,excel,04-01,爸爸,,2026學習詞表-09萬大泰雅語.xlsx,09萬大泰雅語,87,,
mother,ata_pl,yayaʼ,excel,04-02,媽媽,,2026學習詞表-09萬大泰雅語.xlsx,09萬大泰雅語,88,,
wife,ata_pl,tubesan,excel,04-07,配偶,,2026學習詞表-09萬大泰雅語.xlsx,09萬大泰雅語,93,,
husband,ata_pl,tubesan,excel,04-07,配偶,,2026學習詞表-09萬大泰雅語.xlsx,09萬大泰雅語,93,,
husband,ata_pl,malikuṟ,excel,04-15,丈夫,,2026學習詞表-09萬大泰雅語.xlsx,09萬大泰雅語,101,,
name,ata_pl,raluʼ,excel,05-01,名字,,2026學習詞表-09萬大泰雅語.xlsx,09萬大泰雅語,114,,
child,ata_pl,uleʼ,excel,05-05,孩童,,2026學習詞表-09萬大泰雅語.xlsx,09萬大泰雅語,118,,
woman,ata_pl,kanel,excel,05-07,女性,,2026學習詞表-09萬大泰雅語.xlsx,09萬大泰雅語,120,,
man,ata_pl,malikuṟ,excel,05-08,男性,,2026學習詞表-09萬大泰雅語.xlsx,09萬大泰雅語,121,,
person,ata_pl,ciʼuliʼ,excel,05-09,人,,2026學習詞表-09萬大泰雅語.xlsx,09萬大泰雅語,122,,
ear,ata_pl,cangeʼ,excel,06-01,耳朵,,2026學習詞表-09萬大泰雅語.xlsx,09萬大泰雅語,140,,
leg,ata_pl,muṟiʼ,excel,06-02,大腿,,2026學習詞表-09萬大泰雅語.xlsx,09萬大泰雅語,141,,
eye,ata_pl,roṟiʼ,excel,06-03,眼睛,,2026學習詞表-09萬大泰雅語.xlsx,09萬大泰雅語,142,,
mouth,ata_pl,ngawaʼ,excel,06-05,嘴巴,,2026學習詞表-09萬大泰雅語.xlsx,09萬大泰雅語,144,,
head,ata_pl,tunux,excel,06-06,頭,,2026學習詞表-09萬大泰雅語.xlsx,09萬大泰雅語,145,,
fingernail,ata_pl,kakamil,excel,06-07,指甲,,2026學習詞表-09萬大泰雅語.xlsx,09萬大泰雅語,146,,
hand,ata_pl,abaʼ,excel,06-08,手,,2026學習詞表-09萬大泰雅語.xlsx,09萬大泰雅語,147,,
nose,ata_pl,tangahen,excel,06-10,鼻子,,2026學習詞表-09萬大泰雅語.xlsx,09萬大泰雅語,149,,
foot,ata_pl,papak,excel,06-11,腳,,2026學習詞表-09萬大泰雅語.xlsx,09萬大泰雅語,150,,
tooth,ata_pl,apnux,excel,06-12,牙齒,,2026學習詞表-09萬大泰雅語.xlsx,09萬大泰雅語,151,,
hair,ata_pl,sinunux,excel,06-13,頭髮,,2026學習詞表-09萬大泰雅語.xlsx,09萬大泰雅語,152,,
blood,ata_pl,ramuṟux,excel,06-14,血,,2026學習詞表-09萬大泰雅語.xlsx,09萬大泰雅語,153,,
meat,ata_pl,hiʼ,excel,06-15,肉；身體,,2026學習詞表-09萬大泰雅語.xlsx,09萬大泰雅語,154,,
belly,ata_pl,labos,excel,06-17,肚子,,2026學習詞表-09萬大泰雅語.xlsx,09萬大泰雅語,156,,
breast,ata_pl,bubuʼ,excel,06-18,乳房,,2026學習詞表-09萬大泰雅語.xlsx,09萬大泰雅語,157,,
back,ata_pl,bukuy,excel,06-22,背部,,2026學習詞表-09萬大泰雅語.xlsx,09萬大泰雅語,161,,
skin,ata_pl,kuṟaxil,excel,06-23,皮,,2026學習詞表-09萬大泰雅語.xlsx,09萬大泰雅語,162,,
heart,ata_pl,bahak,excel,06-28,心臟,,2026學習詞表-09萬大泰雅語.xlsx,09萬大泰雅語,167,,
knee,ata_pl,tariʼ,excel,06-31,膝蓋,,2026學習詞表-09萬大泰雅語.xlsx,09萬大泰雅語,170,,
liver,ata_pl,saṟik,excel,06-34,肝臟,,2026學習詞表-09萬大泰雅語.xlsx,09萬大泰雅語,173,,
fat,ata_pl,anuʼ/ abura’,excel,06-37,油脂,,2026學習詞表-09萬大泰雅語.xlsx,09萬大泰雅語,176,,
tongue,ata_pl,hamalit,excel,06-42,舌頭,,2026學習詞表-09萬大泰雅語.xlsx,09萬大泰雅語,181,,
neck,ata_pl,oluʼ,excel,06-47,脖子,,2026學習詞表-09萬大泰雅語.xlsx,09萬大泰雅語,186,,
tail,ata_pl,ngunguʼ,excel,07-01,尾巴,,2026學習詞表-09萬大泰雅語.xlsx,09萬大泰雅語,197,,
dog,ata_pl,huṟil,excel,07-03,狗,,2026學習詞表-09萬大泰雅語.xlsx,09萬大泰雅語,199,,
bird,ata_pl,kabahniʼ,excel,07-06,鳥,,2026學習詞表-09萬大泰雅語.xlsx,09萬大泰雅語,202,,
fish,ata_pl,ucyux,excel,07-07,魚,,2026學習詞表-09萬大泰雅語.xlsx,09萬大泰雅語,203,,
snake,ata_pl,kuyaʼ,excel,07-19,蛇,,2026學習詞表-09萬大泰雅語.xlsx,09萬大泰雅語,215,,
louse,ata_pl,kuhing,excel,07-33,頭蝨,,2026學習詞表-09萬大泰雅語.xlsx,09萬大泰雅語,229,,
worm,ata_pl,bicuw,excel,07-39,蚯蚓,,2026學習詞表-09萬大泰雅語.xlsx,09萬大泰雅語,235,,
wing,ata_pl,alihuṟ,excel,07-49,翅膀,,2026學習詞表-09萬大泰雅語.xlsx,09萬大泰雅語,245,,
horn,ata_pl,ihuṟ,excel,07-64,(動物的)角,,2026學習詞表-09萬大泰雅語.xlsx,09萬大泰雅語,260,,
tree,ata_pl,kahuniʼ,excel,08-03,樹,,2026學習詞表-09萬大泰雅語.xlsx,09萬大泰雅語,265,,
leaf,ata_pl,abaw,excel,08-06,葉子,,2026學習詞表-09萬大泰雅語.xlsx,09萬大泰雅語,268,,
flower,ata_pl,ṟapak,excel,08-09,花朵,,2026學習詞表-09萬大泰雅語.xlsx,09萬大泰雅語,271,,
stick,ata_pl,ara kahuniʼ,excel,08-15,樹枝,,2026學習詞表-09萬大泰雅語.xlsx,09萬大泰雅語,277,,
fruit,ata_pl,buy,excel,08-16,(植物的)果實,,2026學習詞表-09萬大泰雅語.xlsx,09萬大泰雅語,278,,
grass,ata_pl,kaman,excel,08-20,草,,2026學習詞表-09萬大泰雅語.xlsx,09萬大泰雅語,282,,
fruit,ata_pl,buy,excel,08-24,水果,,2026學習詞表-09萬大泰雅語.xlsx,09萬大泰雅語,286,,
root,ata_pl,gamil,excel,08-28,樹根,,2026學習詞表-09萬大泰雅語.xlsx,09萬大泰雅語,290,,
seed,ata_pl,gagraʼ/tane,excel,08-44,種子,,2026學習詞表-09萬大泰雅語.xlsx,09萬大泰雅語,306,tane(日語),
rope,ata_pl,sinyuw,excel,09-15,繩索,,2026學習詞表-09萬大泰雅語.xlsx,09萬大泰雅語,335,,
stick,ata_pl,araw,excel,09-18,枝條,,2026學習詞表-09萬大泰雅語.xlsx,09萬大泰雅語,338,,
ash,ata_pl,abulit,excel,09-49,炭灰,,2026學習詞表-09萬大泰雅語.xlsx,09萬大泰雅語,369,,
road,ata_pl,tuʼuy,excel,10-01,道路,,2026學習詞表-09萬大泰雅語.xlsx,09萬大泰雅語,393,,
wind,ata_pl,behuṟ,excel,10-04,風,,2026學習詞表-09萬大泰雅語.xlsx,09萬大泰雅語,396,,
sand,ata_pl,bunaʼiy,excel,10-05,沙子,,2026學習詞表-09萬大泰雅語.xlsx,09萬大泰雅語,397,,
earth,ata_pl,raxal,excel,10-06,泥土,,2026學習詞表-09萬大泰雅語.xlsx,09萬大泰雅語,398,,
river,ata_pl,luling,excel,10-07,河流,,2026學習詞表-09萬大泰雅語.xlsx,09萬大泰雅語,399,,
lake,ata_pl,hagiruʼ,excel,10-08,湖泊,,2026學習詞表-09萬大泰雅語.xlsx,09萬大泰雅語,400,,
forest,ata_pl,lahlahuṟ,excel,10-09,森林,,2026學習詞表-09萬大泰雅語.xlsx,09萬大泰雅語,401,,
sun,ata_pl,wagiʼ,excel,11-02,太陽,,2026學習詞表-09萬大泰雅語.xlsx,09萬大泰雅語,417,,
moon,ata_pl,buṟating,excel,11-03,月亮,,2026學習詞表-09萬大泰雅語.xlsx,09萬大泰雅語,418,,
sky,ata_pl,kaṟal,excel,11-04,天空,,2026學習詞表-09萬大泰雅語.xlsx,09萬大泰雅語,419,,
star,ata_pl,hangitux,excel,11-05,星星,,2026學習詞表-09萬大泰雅語.xlsx,09萬大泰雅語,420,,
rain,ata_pl,awalax,excel,11-06,雨,,2026學習詞表-09萬大泰雅語.xlsx,09萬大泰雅語,421,,
snow,ata_pl,hulaʼiy,excel,11-07,雪,,2026學習詞表-09萬大泰雅語.xlsx,09萬大泰雅語,422,,
smoke,ata_pl,hagiluʼ,excel,11-13,煙,,2026學習詞表-09萬大泰雅語.xlsx,09萬大泰雅語,428,,
fire,ata_pl,ṟanaʼ,excel,11-17,火,,2026學習詞表-09萬大泰雅語.xlsx,09萬大泰雅語,432,,
ice,ata_pl,kori,excel,11-18,冰,,2026學習詞表-09萬大泰雅語.xlsx,09萬大泰雅語,433,,
stone,ata_pl,uṟatiʼ,excel,12-05,石頭,,2026學習詞表-09萬大泰雅語.xlsx,09萬大泰雅語,454,,
night,ata_pl,malahngan,excel,13-02,晚上,,2026學習詞表-09萬大泰雅語.xlsx,09萬大泰雅語,471,,
day,ata_pl,alen,excel,13-07,白天,,2026學習詞表-09萬大泰雅語.xlsx,09萬大泰雅語,476,,
night,ata_pl,bangiʼ,excel,13-22,夜,,2026學習詞表-09萬大泰雅語.xlsx,09萬大泰雅語,491,,
year,ata_pl,ingkaṟalan,excel,13-28,年,,2026學習詞表-09萬大泰雅語.xlsx,09萬大泰雅語,497,,
in,ata_pl,ṟik,excel,14-01,裡面,,2026學習詞表-09萬大泰雅語.xlsx,09萬大泰雅語,502,,
at,ata_pl,cel nak ...,excel,14-02,在某處,,2026學習詞表-09萬大泰雅語.xlsx,09萬大泰雅語,503,,
right,ata_pl,analiʼ,excel,14-10,右邊,,2026學習詞表-09萬大泰雅語.xlsx,09萬大泰雅語,511,,
left,ata_pl,il,excel,14-11,左邊,,2026學習詞表-09萬大泰雅語.xlsx,09萬大泰雅語,512,,
water,ata_pl,useʼ,excel,21-02,水,,2026學習詞表-09萬大泰雅語.xlsx,09萬大泰雅語,601,,
salt,ata_pl,timuʼ,excel,21-07,鹽,,2026學習詞表-09萬大泰雅語.xlsx,09萬大泰雅語,606,,
egg,ata_pl,baṟing,excel,21-09,蛋,,2026學習詞表-09萬大泰雅語.xlsx,09萬大泰雅語,608,,
white,ata_pl,malabuʼ,excel,22-01,白色的,,2026學習詞表-09萬大泰雅語.xlsx,09萬大泰雅語,626,,
black,ata_pl,makalux,excel,22-02,黑色的,,2026學習詞表-09萬大泰雅語.xlsx,09萬大泰雅語,627,,
red,ata_pl,matanah,excel,22-03,紅色的,,2026學習詞表-09萬大泰雅語.xlsx,09萬大泰雅語,628,,
yellow,ata_pl,magasuluʼ,excel,22-05,黃色的,,2026學習詞表-09萬大泰雅語.xlsx,09萬大泰雅語,630,,
green,ata_pl,magaṟaguʼ,excel,22-08,綠色的,,2026學習詞表-09萬大泰雅語.xlsx,09萬大泰雅語,633,,
give,ata_pl,mi’,excel,25-07,給,,2026學習詞表-09萬大泰雅語.xlsx,09萬大泰雅語,663,,
come,ata_pl,moh,excel,25-08,來,,2026學習詞表-09萬大泰雅語.xlsx,09萬大泰雅語,664,,
walk,ata_pl,maskakiy,excel,25-10,走路,,2026學習詞表-09萬大泰雅語.xlsx,09萬大泰雅語,666,,
fly,ata_pl,mulakaʼ,excel,25-12,飛,,2026學習詞表-09萬大泰雅語.xlsx,09萬大泰雅語,668,,
fall,ata_pl,marus,excel,25-26,(植物的果實)掉落,,2026學習詞表-09萬大泰雅語.xlsx,09萬大泰雅語,682,,
sit,ata_pl,matamaʼ,excel,25-43,坐著,,2026學習詞表-09萬大泰雅語.xlsx,09萬大泰雅語,699,,
stand,ata_pl,macaruw,excel,25-44,站著,,2026學習詞表-09萬大泰雅語.xlsx,09萬大泰雅語,700,,
sit,ata_pl,matatamaʼ,excel,26-03,坐下,,2026學習詞表-09萬大泰雅語.xlsx,09萬大泰雅語,712,,
hit,ata_pl,mahiy,excel,26-08,打(人),,2026學習詞表-09萬大泰雅語.xlsx,09萬大泰雅語,717,,
stab,ata_pl,metaʼ,excel,26-09,刺,,2026學習詞表-09萬大泰雅語.xlsx,09萬大泰雅語,718,,
push,ata_pl,gunraṟas,excel,26-13,推,,2026學習詞表-09萬大泰雅語.xlsx,09萬大泰雅語,722,,
scratch,ata_pl,kunkuy,excel,26-18,抓癢,,2026學習詞表-09萬大泰雅語.xlsx,09萬大泰雅語,727,,
lie,ata_pl,tarahyaʼ,excel,26-20,仰躺,,2026學習詞表-09萬大泰雅語.xlsx,09萬大泰雅語,729,,
blow,ata_pl,yumuk,excel,26-28,吹,,2026學習詞表-09萬大泰雅語.xlsx,09萬大泰雅語,737,,
dig,ata_pl,kumexul,excel,26-29,挖掘,,2026學習詞表-09萬大泰雅語.xlsx,09萬大泰雅語,738,,
cut,ata_pl,umak,excel,26-30,切,,2026學習詞表-09萬大泰雅語.xlsx,09萬大泰雅語,739,,
swim,ata_pl,lumanguy,excel,26-31,游泳,,2026學習詞表-09萬大泰雅語.xlsx,09萬大泰雅語,740,,
tie,ata_pl,bahlan/ binhul,excel,26-38,綁住(已綁),,2026學習詞表-09萬大泰雅語.xlsx,09萬大泰雅語,747,,
pull,ata_pl,humuluy,excel,26-39,拉,,2026學習詞表-09萬大泰雅語.xlsx,09萬大泰雅語,748,,
split,ata_pl,sunaw,excel,26-40,劈(木材),,2026學習詞表-09萬大泰雅語.xlsx,09萬大泰雅語,749,,
hold,ata_pl,rumiliʼ,excel,26-42,提著,,2026學習詞表-09萬大泰雅語.xlsx,09萬大泰雅語,751,,
hold,ata_pl,bingun,excel,26-43,握著,,2026學習詞表-09萬大泰雅語.xlsx,09萬大泰雅語,752,,
tie,ata_pl,mahul,excel,26-44,捆綁(正在),,2026學習詞表-09萬大泰雅語.xlsx,09萬大泰雅語,753,,
scratch,ata_pl,kungkuy,excel,26-56,搔癢,,2026學習詞表-09萬大泰雅語.xlsx,09萬大泰雅語,765,,
rub,ata_pl,gun_gaṟgaṟ,excel,26-85,揉搓(衣物),,2026學習詞表-09萬大泰雅語.xlsx,09萬大泰雅語,794,,
lie,ata_pl,mahkuṟ,excel,26-88,側臥,,2026學習詞表-09萬大泰雅語.xlsx,09萬大泰雅語,797,,
fight,ata_pl,mababahiy,excel,26-96,打架,,2026學習詞表-09萬大泰雅語.xlsx,09萬大泰雅語,805,,
squeeze,ata_pl,kunpit,excel,26-97,擠,,2026學習詞表-09萬大泰雅語.xlsx,09萬大泰雅語,806,,
dig,ata_pl,kumehul,excel,26-100,(用手)挖掘,,2026學習詞表-09萬大泰雅語.xlsx,09萬大泰雅語,809,,
stand,ata_pl,matuliʼ /matatuli’,excel,26-105,起立；站著,,2026學習詞表-09萬大泰雅語.xlsx,09萬大泰雅語,814,,
eat,ata_pl,maniʼ,excel,27-01,吃,,2026學習詞表-09萬大泰雅語.xlsx,09萬大泰雅語,816,,
suck,ata_pl,hunyak,excel,27-02,吸,,2026學習詞表-09萬大泰雅語.xlsx,09萬大泰雅語,817,,
drink,ata_pl,maʼabuʼ,excel,27-03,喝,,2026學習詞表-09萬大泰雅語.xlsx,09萬大泰雅語,818,,
vomit,ata_pl,mutaʼ,excel,27-04,吐,,2026學習詞表-09萬大泰雅語.xlsx,09萬大泰雅語,819,,
bite,ata_pl,kumat,excel,27-05,咬,,2026學習詞表-09萬大泰雅語.xlsx,09萬大泰雅語,820,,
eat,ata_pl,maniʼ,excel,27-15,吃(東西),,2026學習詞表-09萬大泰雅語.xlsx,09萬大泰雅語,830,,
know,ata_pl,baʼun,excel,28-02,知道,,2026學習詞表-09萬大泰雅語.xlsx,09萬大泰雅語,836,,
see,ata_pl,matox,excel,28-03,看,,2026學習詞表-09萬大泰雅語.xlsx,09萬大泰雅語,837,,
smell,ata_pl,sunkanux,excel,28-07,聞(如聞味道),,2026學習詞表-09萬大泰雅語.xlsx,09萬大泰雅語,841,,
hear,ata_pl,mung,excel,28-19,聽,,2026學習詞表-09萬大泰雅語.xlsx,09萬大泰雅語,853,,
think,ata_pl,lunglung,excel,28-25,想(思考),,2026學習詞表-09萬大泰雅語.xlsx,09萬大泰雅語,859,,
fear,ata_pl,mangunguʼ,excel,29-02,害怕,,2026學習詞表-09萬大泰雅語.xlsx,09萬大泰雅語,866,,
wash,ata_pl,mabahu’,excel,30-02,洗(衣物),,2026學習詞表-09萬大泰雅語.xlsx,09萬大泰雅語,876,,
sleep,ata_pl,mabel,excel,30-09,睡覺,,2026學習詞表-09萬大泰雅語.xlsx,09萬大泰雅語,883,,
kill,ata_pl,pakaruw,excel,30-10,殺(牲畜),,2026學習詞表-09萬大泰雅語.xlsx,09萬大泰雅語,884,,
lie,ata_pl,tarahyaʼ,excel,30-16,躺臥,,2026學習詞表-09萬大泰雅語.xlsx,09萬大泰雅語,890,,
burn,ata_pl,humit,excel,30-20,燒(如燒稻草),,2026學習詞表-09萬大泰雅語.xlsx,09萬大泰雅語,894,,
hunt,ata_pl,malung/ inluṟang,excel,30-25,陷獵,,2026學習詞表-09萬大泰雅語.xlsx,09萬大泰雅語,899,,
burn,ata_pl,maculing,excel,30-54,燃燒,,2026學習詞表-09萬大泰雅語.xlsx,09萬大泰雅語,928,,
drink,ata_pl,maʼabuʼ,excel,30-61,喝(水),,2026學習詞表-09萬大泰雅語.xlsx,09萬大泰雅語,935,,
sing,ata_pl,mawas,excel,30-64,唱歌,,2026學習詞表-09萬大泰雅語.xlsx,09萬大泰雅語,938,,
play,ata_pl,masalahaw,excel,30-65,玩耍,,2026學習詞表-09萬大泰雅語.xlsx,09萬大泰雅語,939,,
die,ata_pl,mahuʼil,excel,31-01,死亡,,2026學習詞表-09萬大泰雅語.xlsx,09萬大泰雅語,941,,
live,ata_pl,mayanux,excel,31-08,活的,,2026學習詞表-09萬大泰雅語.xlsx,09萬大泰雅語,948,,
heavy,ata_pl,aṟusuw,excel,32-02,重(重量),,2026學習詞表-09萬大泰雅語.xlsx,09萬大泰雅語,963,,
big,ata_pl,yotas/ yaba,excel,32-05,大的,,2026學習詞表-09萬大泰雅語.xlsx,09萬大泰雅語,966,,
cold,ata_pl,gahṟaʼ,excel,32-08,冷,,2026學習詞表-09萬大泰雅語.xlsx,09萬大泰雅語,969,,
small,ata_pl,yuyuk,excel,32-09,小的,,2026學習詞表-09萬大泰雅語.xlsx,09萬大泰雅語,970,,
many,ata_pl,payux/ tikuy/ hun_gel,excel,32-10,多,,2026學習詞表-09萬大泰雅語.xlsx,09萬大泰雅語,971,,
cold,ata_pl,gahṟaʼ,excel,32-12,冰冷,,2026學習詞表-09萬大泰雅語.xlsx,09萬大泰雅語,973,,
few,ata_pl,bilak,excel,32-14,少的,,2026學習詞表-09萬大泰雅語.xlsx,09萬大泰雅語,975,,
laugh,ata_pl,maseʼ,excel,32-16,笑,,2026學習詞表-09萬大泰雅語.xlsx,09萬大泰雅語,977,,
wet,ata_pl,mahuṟiʼ,excel,32-17,濕的,,2026學習詞表-09萬大泰雅語.xlsx,09萬大泰雅語,978,,
thick,ata_pl,kahmaṟ,excel,32-19,厚的,,2026學習詞表-09萬大泰雅語.xlsx,09萬大泰雅語,980,,
thin,ata_pl,lahmiʼ,excel,32-21,薄的,,2026學習詞表-09萬大泰雅語.xlsx,09萬大泰雅語,982,,
dirty,ata_pl,maṟukat,excel,32-22,髒,,2026學習詞表-09萬大泰雅語.xlsx,09萬大泰雅語,983,,
dry,ata_pl,maranguʼ,excel,32-28,乾的,,2026學習詞表-09萬大泰雅語.xlsx,09萬大泰雅語,989,,
new,ata_pl,gaʼaṟus,excel,32-31,新的,,2026學習詞表-09萬大泰雅語.xlsx,09萬大泰雅語,992,,
old,ata_pl,cacil,excel,32-32,舊的,,2026學習詞表-09萬大泰雅語.xlsx,09萬大泰雅語,993,,
near,ata_pl,subeh,excel,32-33,近,,2026學習詞表-09萬大泰雅語.xlsx,09萬大泰雅語,994,,
bad,ata_pl,mahiriʼ,excel,32-35,壞掉,,2026學習詞表-09萬大泰雅語.xlsx,09萬大泰雅語,996,,
far,ata_pl,tuhyaʼ,excel,32-37,遠,,2026學習詞表-09萬大泰雅語.xlsx,09萬大泰雅語,998,,
swell,ata_pl,tubabaʼ,excel,32-38,腫,,2026學習詞表-09萬大泰雅語.xlsx,09萬大泰雅語,999,,
smooth,ata_pl,tahṟutiʼ,excel,32-44,滑,,2026學習詞表-09萬大泰雅語.xlsx,09萬大泰雅語,1005,,
warm,ata_pl,hulhul,excel,32-56,暖和,,2026學習詞表-09萬大泰雅語.xlsx,09萬大泰雅語,1017,,
dull,ata_pl,iniʼ pihuṟiʼ,excel,32-57,鈍的,,2026學習詞表-09萬大泰雅語.xlsx,09萬大泰雅語,1018,,
straight,ata_pl,magaluʼing,excel,32-65,直,,2026學習詞表-09萬大泰雅語.xlsx,09萬大泰雅語,1026,,
full,ata_pl,paspun,excel,32-66,滿了,,2026學習詞表-09萬大泰雅語.xlsx,09萬大泰雅語,1027,,
wide,ata_pl,wastiʼ,excel,32-68,(空間)寬敞,,2026學習詞表-09萬大泰雅語.xlsx,09萬大泰雅語,1029,,
correct,ata_pl,caṟung/cubay,excel,32-69,正確,,2026學習詞表-09萬大泰雅語.xlsx,09萬大泰雅語,1030,,
warm,ata_pl,hulhul,excel,32-72,溫的(水),,2026學習詞表-09萬大泰雅語.xlsx,09萬大泰雅語,1033,,
long,ata_pl,unruṟux,excel,32-74,長,,2026學習詞表-09萬大泰雅語.xlsx,09萬大泰雅語,1035,,
short,ata_pl,purung,excel,32-76,短,,2026學習詞表-09萬大泰雅語.xlsx,09萬大泰雅語,1037,,
full,ata_pl,paspun,excel,32-79,滿滿,,2026學習詞表-09萬大泰雅語.xlsx,09萬大泰雅語,1040,,
wipe,ata_pl,umu’,excel,33-06,擦拭,,2026學習詞表-09萬大泰雅語.xlsx,09萬大泰雅語,1048,,
throw,ata_pl,pabuling,excel,34-19,丟棄,,2026學習詞表-09萬大泰雅語.xlsx,09萬大泰雅語,1069,,
count,ata_pl,lapuw,excel,34-29,數(計算),,2026學習詞表-09萬大泰雅語.xlsx,09萬大泰雅語,1079,,
good,ata_pl,ramas,excel,34-34,好,,2026學習詞表-09萬大泰雅語.xlsx,09萬大泰雅語,1084,,
not,ata_pl,aṟat,excel,35-03,不是(回答用),,2026學習詞表-09萬大泰雅語.xlsx,09萬大泰雅語,1092,,
because,ata_pl,yaka,excel,36-05,因為,,2026學習詞表-09萬大泰雅語.xlsx,09萬大泰雅語,1101,,
and,ata_pl,lu,excel,36-18,和,,2026學習詞表-09萬大泰雅語.xlsx,09萬大泰雅語,1114,,
if,ata_pl,minlu,excel,36-22,如果,,2026學習詞表-09萬大泰雅語.xlsx,09萬大泰雅語,1118,,
one,ata_sk,qutux,excel,01-01,一,,2026學習詞表-10四季泰雅語.xlsx,10四季泰雅語,5,,
two,ata_sk,saying,excel,01-02,二,,2026學習詞表-10四季泰雅語.xlsx,10四季泰雅語,6,,
three,ata_sk,tyugan,excel,01-03,三,,2026學習詞表-10四季泰雅語.xlsx,10四季泰雅語,7,,
four,ata_sk,payat,excel,01-04,四,,2026學習詞表-10四季泰雅語.xlsx,10四季泰雅語,8,,
five,ata_sk,magan,excel,01-05,五,,2026學習詞表-10四季泰雅語.xlsx,10四季泰雅語,9,,
six,ata_sk,mtiyu/mtuyu,excel,01-06,六,,2026學習詞表-10四季泰雅語.xlsx,10四季泰雅語,10,,
seven,ata_sk,mpitu,excel,01-07,七,,2026學習詞表-10四季泰雅語.xlsx,10四季泰雅語,11,,
eight,ata_sk,mspat,excel,01-08,八,,2026學習詞表-10四季泰雅語.xlsx,10四季泰雅語,12,,
nine,ata_sk,qesu/mqesu,excel,01-09,九,,2026學習詞表-10四季泰雅語.xlsx,10四季泰雅語,13,,
ten,ata_sk,mpux,excel,01-10,十,,2026學習詞表-10四季泰雅語.xlsx,10四季泰雅語,14,,
twenty,ata_sk,mpusal,excel,01-20,二十,,2026學習詞表-10四季泰雅語.xlsx,10四季泰雅語,24,,
hundred,ata_sk,kbhul,excel,01-34,百,,2026學習詞表-10四季泰雅語.xlsx,10四季泰雅語,38,,
hundred,ata_sk,qutux kbhul,excel,01-35,一百,,2026學習詞表-10四季泰雅語.xlsx,10四季泰雅語,39,,
some,ata_sk,ini kpiyux,excel,01-38,一些,,2026學習詞表-10四季泰雅語.xlsx,10四季泰雅語,42,,
all,ata_sk,qabax,excel,01-43,全部,,2026學習詞表-10四季泰雅語.xlsx,10四季泰雅語,47,,
few,ata_sk,cipaq,excel,01-44,一點點,,2026學習詞表-10四季泰雅語.xlsx,10四季泰雅語,48,,
you_singular,ata_sk,su/isu,excel,02-01,你,,2026學習詞表-10四季泰雅語.xlsx,10四季泰雅語,51,,
i,ata_sk,kingan,excel,02-02,我,,2026學習詞表-10四季泰雅語.xlsx,10四季泰雅語,52,kingan(主格),
he,ata_sk,hiya,excel,02-03,他,,2026學習詞表-10四季泰雅語.xlsx,10四季泰雅語,53,,
you_plural,ata_sk,cimu,excel,02-04,你們,,2026學習詞表-10四季泰雅語.xlsx,10四季泰雅語,54,,
we,ata_sk,cami/ta/ita,excel,02-05,我們,,2026學習詞表-10四季泰雅語.xlsx,10四季泰雅語,55,,
they,ata_sk,naha,excel,02-06,他們,,2026學習詞表-10四季泰雅語.xlsx,10四季泰雅語,56,,
we,ata_sk,cami,excel,02-13,我們(排除式),,2026學習詞表-10四季泰雅語.xlsx,10四季泰雅語,63,,
we,ata_sk,ita,excel,02-14,咱們(包含式),,2026學習詞表-10四季泰雅語.xlsx,10四季泰雅語,64,,
that,ata_sk,qaca,excel,02-16,那個,,2026學習詞表-10四季泰雅語.xlsx,10四季泰雅語,66,,
this,ata_sk,qani,excel,02-17,這個,,2026學習詞表-10四季泰雅語.xlsx,10四季泰雅語,67,,
here,ata_sk,cqani,excel,02-18,這裡,,2026學習詞表-10四季泰雅語.xlsx,10四季泰雅語,68,,
there,ata_sk,cqaca,excel,02-19,那裡,,2026學習詞表-10四季泰雅語.xlsx,10四季泰雅語,69,,
what,ata_sk,nanu,excel,03-02,什麼,,2026學習詞表-10四季泰雅語.xlsx,10四季泰雅語,73,,
how,ata_sk,pkusa,excel,03-03,如何,,2026學習詞表-10四季泰雅語.xlsx,10四季泰雅語,74,,
when,ata_sk,knwan,excel,03-04,何時(未發生),,2026學習詞表-10四季泰雅語.xlsx,10四季泰雅語,75,,
who,ata_sk,ima,excel,03-05,誰,,2026學習詞表-10四季泰雅語.xlsx,10四季泰雅語,76,,
where,ata_sk,inu,excel,03-07,哪裡,,2026學習詞表-10四季泰雅語.xlsx,10四季泰雅語,78,,
how,ata_sk,hmcwa,excel,03-09,怎麼,,2026學習詞表-10四季泰雅語.xlsx,10四季泰雅語,80,,
where,ata_sk,cqenu,excel,03-12,什麼地方,,2026學習詞表-10四季泰雅語.xlsx,10四季泰雅語,83,,
when,ata_sk,cknwan,excel,03-13,何時(已發生),,2026學習詞表-10四季泰雅語.xlsx,10四季泰雅語,84,,
father,ata_sk,yaba,excel,04-01,爸爸,,2026學習詞表-10四季泰雅語.xlsx,10四季泰雅語,87,,
mother,ata_sk,yaya,excel,04-02,媽媽,,2026學習詞表-10四季泰雅語.xlsx,10四季泰雅語,88,,
wife,ata_sk,bes,excel,04-07,配偶,,2026學習詞表-10四季泰雅語.xlsx,10四季泰雅語,93,,
husband,ata_sk,bes,excel,04-07,配偶,,2026學習詞表-10四季泰雅語.xlsx,10四季泰雅語,93,,
husband,ata_sk,mlikuy,excel,04-15,丈夫,,2026學習詞表-10四季泰雅語.xlsx,10四季泰雅語,101,,
name,ata_sk,lalu,excel,05-01,名字,,2026學習詞表-10四季泰雅語.xlsx,10四季泰雅語,114,,
child,ata_sk,laqi,excel,05-05,孩童,,2026學習詞表-10四季泰雅語.xlsx,10四季泰雅語,118,,
woman,ata_sk,kneril,excel,05-07,女性,,2026學習詞表-10四季泰雅語.xlsx,10四季泰雅語,120,,
man,ata_sk,mlikuy,excel,05-08,男性,,2026學習詞表-10四季泰雅語.xlsx,10四季泰雅語,121,,
person,ata_sk,cquliq/ tayal,excel,05-09,人,,2026學習詞表-10四季泰雅語.xlsx,10四季泰雅語,122,,
ear,ata_sk,papak,excel,06-01,耳朵,,2026學習詞表-10四季泰雅語.xlsx,10四季泰雅語,140,,
leg,ata_sk,muyi,excel,06-02,大腿,,2026學習詞表-10四季泰雅語.xlsx,10四季泰雅語,141,,
eye,ata_sk,royiq,excel,06-03,眼睛,,2026學習詞表-10四季泰雅語.xlsx,10四季泰雅語,142,,
mouth,ata_sk,nqwaq,excel,06-05,嘴巴,,2026學習詞表-10四季泰雅語.xlsx,10四季泰雅語,144,,
head,ata_sk,tunux,excel,06-06,頭,,2026學習詞表-10四季泰雅語.xlsx,10四季泰雅語,145,,
fingernail,ata_sk,kamil,excel,06-07,指甲,,2026學習詞表-10四季泰雅語.xlsx,10四季泰雅語,146,,
hand,ata_sk,qba,excel,06-08,手,,2026學習詞表-10四季泰雅語.xlsx,10四季泰雅語,147,,
nose,ata_sk,nguhux,excel,06-10,鼻子,,2026學習詞表-10四季泰雅語.xlsx,10四季泰雅語,149,,
foot,ata_sk,kakay,excel,06-11,腳,,2026學習詞表-10四季泰雅語.xlsx,10四季泰雅語,150,,
tooth,ata_sk,pniq,excel,06-12,牙齒,,2026學習詞表-10四季泰雅語.xlsx,10四季泰雅語,151,,
hair,ata_sk,snonux,excel,06-13,頭髮,,2026學習詞表-10四季泰雅語.xlsx,10四季泰雅語,152,,
blood,ata_sk,ramu,excel,06-14,血,,2026學習詞表-10四季泰雅語.xlsx,10四季泰雅語,153,,
meat,ata_sk,he,excel,06-15,肉；身體,,2026學習詞表-10四季泰雅語.xlsx,10四季泰雅語,154,,
belly,ata_sk,ktu,excel,06-17,肚子,,2026學習詞表-10四季泰雅語.xlsx,10四季泰雅語,156,,
breast,ata_sk,bubu,excel,06-18,乳房,,2026學習詞表-10四季泰雅語.xlsx,10四季泰雅語,157,,
back,ata_sk,turu,excel,06-22,背部,,2026學習詞表-10四季泰雅語.xlsx,10四季泰雅語,161,,
skin,ata_sk,kyahil,excel,06-23,皮,,2026學習詞表-10四季泰雅語.xlsx,10四季泰雅語,162,,
heart,ata_sk,yuhuk,excel,06-28,心臟,,2026學習詞表-10四季泰雅語.xlsx,10四季泰雅語,167,,
knee,ata_sk,tari,excel,06-31,膝蓋,,2026學習詞表-10四季泰雅語.xlsx,10四季泰雅語,170,,
liver,ata_sk,sik,excel,06-34,肝臟,,2026學習詞表-10四季泰雅語.xlsx,10四季泰雅語,173,,
fat,ata_sk,syam/ abura,excel,06-37,油脂,,2026學習詞表-10四季泰雅語.xlsx,10四季泰雅語,176,,
tongue,ata_sk,hmali,excel,06-42,舌頭,,2026學習詞表-10四季泰雅語.xlsx,10四季泰雅語,181,,
neck,ata_sk,qolu,excel,06-47,脖子,,2026學習詞表-10四季泰雅語.xlsx,10四季泰雅語,186,,
tail,ata_sk,ngungu,excel,07-01,尾巴,,2026學習詞表-10四季泰雅語.xlsx,10四季泰雅語,197,,
dog,ata_sk,hoyil,excel,07-03,狗,,2026學習詞表-10四季泰雅語.xlsx,10四季泰雅語,199,,
bird,ata_sk,qbhniq,excel,07-06,鳥,,2026學習詞表-10四季泰雅語.xlsx,10四季泰雅語,202,,
fish,ata_sk,qulih,excel,07-07,魚,,2026學習詞表-10四季泰雅語.xlsx,10四季泰雅語,203,,
snake,ata_sk,maqu,excel,07-19,蛇,,2026學習詞表-10四季泰雅語.xlsx,10四季泰雅語,215,,
louse,ata_sk,kuhing,excel,07-33,頭蝨,,2026學習詞表-10四季泰雅語.xlsx,10四季泰雅語,229,,
worm,ata_sk,byaq,excel,07-39,蚯蚓,,2026學習詞表-10四季泰雅語.xlsx,10四季泰雅語,235,,
wing,ata_sk,pali,excel,07-49,翅膀,,2026學習詞表-10四季泰雅語.xlsx,10四季泰雅語,245,,
horn,ata_sk,hquy,excel,07-64,(動物的)角,,2026學習詞表-10四季泰雅語.xlsx,10四季泰雅語,260,,
tree,ata_sk,qhoniq,excel,08-03,樹,,2026學習詞表-10四季泰雅語.xlsx,10四季泰雅語,265,,
leaf,ata_sk,abax,excel,08-06,葉子,,2026學習詞表-10四季泰雅語.xlsx,10四季泰雅語,268,,
flower,ata_sk,phpah,excel,08-09,花朵,,2026學習詞表-10四季泰雅語.xlsx,10四季泰雅語,271,,
stick,ata_sk,qara qhoniq,excel,08-15,樹枝,,2026學習詞表-10四季泰雅語.xlsx,10四季泰雅語,277,,
fruit,ata_sk,bway,excel,08-16,(植物的)果實,,2026學習詞表-10四季泰雅語.xlsx,10四季泰雅語,278,,
grass,ata_sk,kʼman,excel,08-20,草,,2026學習詞表-10四季泰雅語.xlsx,10四季泰雅語,282,,
fruit,ata_sk,bway qhoniq,excel,08-24,水果,,2026學習詞表-10四季泰雅語.xlsx,10四季泰雅語,286,,
root,ata_sk,gamil,excel,08-28,樹根,,2026學習詞表-10四季泰雅語.xlsx,10四季泰雅語,290,,
seed,ata_sk,ghap,excel,08-44,種子,,2026學習詞表-10四季泰雅語.xlsx,10四季泰雅語,306,,
rope,ata_sk,snyux,excel,09-15,繩索,,2026學習詞表-10四季泰雅語.xlsx,10四季泰雅語,335,,
stick,ata_sk,qara,excel,09-18,枝條,,2026學習詞表-10四季泰雅語.xlsx,10四季泰雅語,338,,
ash,ata_sk,qbuli,excel,09-49,炭灰,,2026學習詞表-10四季泰雅語.xlsx,10四季泰雅語,369,,
road,ata_sk,ryaniq,excel,10-01,道路,,2026學習詞表-10四季泰雅語.xlsx,10四季泰雅語,393,,
wind,ata_sk,behuy,excel,10-04,風,,2026學習詞表-10四季泰雅語.xlsx,10四季泰雅語,396,,
sand,ata_sk,bnaqi,excel,10-05,沙子,,2026學習詞表-10四季泰雅語.xlsx,10四季泰雅語,397,,
earth,ata_sk,roq,excel,10-06,泥土,,2026學習詞表-10四季泰雅語.xlsx,10四季泰雅語,398,,
river,ata_sk,llyung,excel,10-07,河流,,2026學習詞表-10四季泰雅語.xlsx,10四季泰雅語,399,,
lake,ata_sk,bcilung,excel,10-08,湖泊,,2026學習詞表-10四季泰雅語.xlsx,10四季泰雅語,400,,
forest,ata_sk,hhlahuy,excel,10-09,森林,,2026學習詞表-10四季泰雅語.xlsx,10四季泰雅語,401,,
sun,ata_sk,wagi,excel,11-02,太陽,,2026學習詞表-10四季泰雅語.xlsx,10四季泰雅語,417,,
moon,ata_sk,byaling,excel,11-03,月亮,,2026學習詞表-10四季泰雅語.xlsx,10四季泰雅語,418,,
sky,ata_sk,kayal,excel,11-04,天空,,2026學習詞表-10四季泰雅語.xlsx,10四季泰雅語,419,,
star,ata_sk,knituh,excel,11-05,星星,,2026學習詞表-10四季泰雅語.xlsx,10四季泰雅語,420,,
rain,ata_sk,qwalax,excel,11-06,雨,,2026學習詞表-10四季泰雅語.xlsx,10四季泰雅語,421,,
snow,ata_sk,hlaqi,excel,11-07,雪,,2026學習詞表-10四季泰雅語.xlsx,10四季泰雅語,422,,
smoke,ata_sk,heloq,excel,11-13,煙,,2026學習詞表-10四季泰雅語.xlsx,10四季泰雅語,428,,
fire,ata_sk,puniq,excel,11-17,火,,2026學習詞表-10四季泰雅語.xlsx,10四季泰雅語,432,,
ice,ata_sk,kori,excel,11-18,冰,,2026學習詞表-10四季泰雅語.xlsx,10四季泰雅語,433,,
stone,ata_sk,btunux,excel,12-05,石頭,,2026學習詞表-10四季泰雅語.xlsx,10四季泰雅語,454,,
night,ata_sk,gbyan,excel,13-02,晚上,,2026學習詞表-10四季泰雅語.xlsx,10四季泰雅語,471,,
day,ata_sk,qlyan,excel,13-07,白天,,2026學習詞表-10四季泰雅語.xlsx,10四季泰雅語,476,,
night,ata_sk,mhngan,excel,13-22,夜,,2026學習詞表-10四季泰雅語.xlsx,10四季泰雅語,491,,
year,ata_sk,kawas,excel,13-28,年,,2026學習詞表-10四季泰雅語.xlsx,10四季泰雅語,497,,
in,ata_sk,cka,excel,14-01,裡面,,2026學習詞表-10四季泰雅語.xlsx,10四季泰雅語,502,,
at,ata_sk,cyan maki kya,excel,14-02,在某處,,2026學習詞表-10四季泰雅語.xlsx,10四季泰雅語,503,,
right,ata_sk,glax,excel,14-10,右邊,,2026學習詞表-10四季泰雅語.xlsx,10四季泰雅語,511,,
left,ata_sk,iyil,excel,14-11,左邊,,2026學習詞表-10四季泰雅語.xlsx,10四季泰雅語,512,,
water,ata_sk,qsya,excel,21-02,水,,2026學習詞表-10四季泰雅語.xlsx,10四季泰雅語,601,,
salt,ata_sk,cimu’,excel,21-07,鹽,,2026學習詞表-10四季泰雅語.xlsx,10四季泰雅語,606,,
egg,ata_sk,batu,excel,21-09,蛋,,2026學習詞表-10四季泰雅語.xlsx,10四季泰雅語,608,,
white,ata_sk,mlabu,excel,22-01,白色的,,2026學習詞表-10四季泰雅語.xlsx,10四季泰雅語,626,,
black,ata_sk,mqatung,excel,22-02,黑色的,,2026學習詞表-10四季泰雅語.xlsx,10四季泰雅語,627,,
red,ata_sk,mtalah,excel,22-03,紅色的,,2026學習詞表-10四季泰雅語.xlsx,10四季泰雅語,628,,
yellow,ata_sk,mhebung,excel,22-05,黃色的,,2026學習詞表-10四季泰雅語.xlsx,10四季泰雅語,630,,
green,ata_sk,mtasiq,excel,22-08,綠色的,,2026學習詞表-10四季泰雅語.xlsx,10四季泰雅語,633,,
give,ata_sk,miq,excel,25-07,給,,2026學習詞表-10四季泰雅語.xlsx,10四季泰雅語,663,,
come,ata_sk,mwah,excel,25-08,來,,2026學習詞表-10四季泰雅語.xlsx,10四季泰雅語,664,,
walk,ata_sk,mhkangi,excel,25-10,走路,,2026學習詞表-10四季泰雅語.xlsx,10四季泰雅語,666,,
fly,ata_sk,mlaka,excel,25-12,飛,,2026學習詞表-10四季泰雅語.xlsx,10四季泰雅語,668,,
fall,ata_sk,mhoq,excel,25-26,(植物的果實)掉落,,2026學習詞表-10四季泰雅語.xlsx,10四季泰雅語,682,,
sit,ata_sk,mtama,excel,25-43,坐著,,2026學習詞表-10四季泰雅語.xlsx,10四季泰雅語,699,,
stand,ata_sk,mcqrux,excel,25-44,站著,,2026學習詞表-10四季泰雅語.xlsx,10四季泰雅語,700,,
sit,ata_sk,mtama,excel,26-03,坐下,,2026學習詞表-10四季泰雅語.xlsx,10四季泰雅語,712,,
hit,ata_sk,tmucing,excel,26-08,打(人),,2026學習詞表-10四季泰雅語.xlsx,10四季泰雅語,717,,
stab,ata_sk,hmap,excel,26-09,刺,,2026學習詞表-10四季泰雅語.xlsx,10四季泰雅語,718,,
push,ata_sk,mnos/ rmurux,excel,26-13,推,,2026學習詞表-10四季泰雅語.xlsx,10四季泰雅語,722,,
scratch,ata_sk,kmamil,excel,26-18,抓癢,,2026學習詞表-10四季泰雅語.xlsx,10四季泰雅語,727,,
lie,ata_sk,msrapa,excel,26-20,仰躺,,2026學習詞表-10四季泰雅語.xlsx,10四季泰雅語,729,,
blow,ata_sk,yupan,excel,26-28,吹,,2026學習詞表-10四季泰雅語.xlsx,10四季泰雅語,737,,
dig,ata_sk,qbunga,excel,26-29,挖掘,,2026學習詞表-10四季泰雅語.xlsx,10四季泰雅語,738,,
cut,ata_sk,hmobing,excel,26-30,切,,2026學習詞表-10四季泰雅語.xlsx,10四季泰雅語,739,,
swim,ata_sk,lmngyaq,excel,26-31,游泳,,2026學習詞表-10四季泰雅語.xlsx,10四季泰雅語,740,,
tie,ata_sk,bhlan,excel,26-38,綁住(已綁),,2026學習詞表-10四季泰雅語.xlsx,10四季泰雅語,747,,
pull,ata_sk,hmuluy,excel,26-39,拉,,2026學習詞表-10四季泰雅語.xlsx,10四季泰雅語,748,,
split,ata_sk,cmqax,excel,26-40,劈(木材),,2026學習詞表-10四季泰雅語.xlsx,10四季泰雅語,749,,
hold,ata_sk,lmeliq,excel,26-42,提著,,2026學習詞表-10四季泰雅語.xlsx,10四季泰雅語,751,,
hold,ata_sk,cuwakan,excel,26-43,握著,,2026學習詞表-10四季泰雅語.xlsx,10四季泰雅語,752,,
tie,ata_sk,mhul,excel,26-44,捆綁(正在),,2026學習詞表-10四季泰雅語.xlsx,10四季泰雅語,753,,
scratch,ata_sk,pskkuy,excel,26-56,搔癢,,2026學習詞表-10四季泰雅語.xlsx,10四季泰雅語,765,,
rub,ata_sk,gmit,excel,26-85,揉搓(衣物),,2026學習詞表-10四季泰雅語.xlsx,10四季泰雅語,794,,
lie,ata_sk,stakis/ stkis,excel,26-88,側臥,,2026學習詞表-10四季泰雅語.xlsx,10四季泰雅語,797,,
fight,ata_sk,ptucing,excel,26-96,打架,,2026學習詞表-10四季泰雅語.xlsx,10四季泰雅語,805,,
squeeze,ata_sk,psboq,excel,26-97,擠,,2026學習詞表-10四季泰雅語.xlsx,10四季泰雅語,806,psboq(擠奶),
dig,ata_sk,kmihuy,excel,26-100,(用手)挖掘,,2026學習詞表-10四季泰雅語.xlsx,10四季泰雅語,809,,
stand,ata_sk,tuliq,excel,26-105,起立；站著,,2026學習詞表-10四季泰雅語.xlsx,10四季泰雅語,814,,
eat,ata_sk,maniq,excel,27-01,吃,,2026學習詞表-10四季泰雅語.xlsx,10四季泰雅語,816,,
suck,ata_sk,shop,excel,27-02,吸,,2026學習詞表-10四季泰雅語.xlsx,10四季泰雅語,817,,
drink,ata_sk,mnbux,excel,27-03,喝,,2026學習詞表-10四季泰雅語.xlsx,10四季泰雅語,818,,
vomit,ata_sk,mutaq,excel,27-04,吐,,2026學習詞表-10四季泰雅語.xlsx,10四季泰雅語,819,,
bite,ata_sk,kmat,excel,27-05,咬,,2026學習詞表-10四季泰雅語.xlsx,10四季泰雅語,820,,
eat,ata_sk,maniq,excel,27-15,吃(東西),,2026學習詞表-10四季泰雅語.xlsx,10四季泰雅語,830,,
know,ata_sk,baqun,excel,28-02,知道,,2026學習詞表-10四季泰雅語.xlsx,10四季泰雅語,836,,
see,ata_sk,ktayux,excel,28-03,看,,2026學習詞表-10四季泰雅語.xlsx,10四季泰雅語,837,,
smell,ata_sk,smok,excel,28-07,聞(如聞味道),,2026學習詞表-10四季泰雅語.xlsx,10四季泰雅語,841,,
hear,ata_sk,mung,excel,28-19,聽,,2026學習詞表-10四季泰雅語.xlsx,10四季泰雅語,853,,
think,ata_sk,lmnglung,excel,28-25,想(思考),,2026學習詞表-10四季泰雅語.xlsx,10四季泰雅語,859,,
fear,ata_sk,mngungu,excel,29-02,害怕,,2026學習詞表-10四季泰雅語.xlsx,10四季泰雅語,866,,
wash,ata_sk,mahoq/ mahuq,excel,30-02,洗(衣物),,2026學習詞表-10四季泰雅語.xlsx,10四季泰雅語,876,,
sleep,ata_sk,mʼabi,excel,30-09,睡覺,,2026學習詞表-10四季泰雅語.xlsx,10四季泰雅語,883,,
kill,ata_sk,kmut,excel,30-10,殺(牲畜),,2026學習詞表-10四季泰雅語.xlsx,10四季泰雅語,884,,
lie,ata_sk,trahax,excel,30-16,躺臥,,2026學習詞表-10四季泰雅語.xlsx,10四季泰雅語,890,,
burn,ata_sk,lmom,excel,30-20,燒(如燒稻草),,2026學習詞表-10四季泰雅語.xlsx,10四季泰雅語,894,,
hunt,ata_sk,malung rusa,excel,30-25,陷獵,,2026學習詞表-10四季泰雅語.xlsx,10四季泰雅語,899,,
burn,ata_sk,mtlom,excel,30-54,燃燒,,2026學習詞表-10四季泰雅語.xlsx,10四季泰雅語,928,,
drink,ata_sk,mnbux,excel,30-61,喝(水),,2026學習詞表-10四季泰雅語.xlsx,10四季泰雅語,935,,
sing,ata_sk,mqwas qwas,excel,30-64,唱歌,,2026學習詞表-10四季泰雅語.xlsx,10四季泰雅語,938,,
play,ata_sk,qlinga mcisal,excel,30-65,玩耍,,2026學習詞表-10四季泰雅語.xlsx,10四季泰雅語,939,,
die,ata_sk,mnuqil,excel,31-01,死亡,,2026學習詞表-10四季泰雅語.xlsx,10四季泰雅語,941,,
live,ata_sk,mqyanux,excel,31-08,活的,,2026學習詞表-10四季泰雅語.xlsx,10四季泰雅語,948,,
heavy,ata_sk,qesux,excel,32-02,重(重量),,2026學習詞表-10四季泰雅語.xlsx,10四季泰雅語,963,,
big,ata_sk,tyaba/ hopa,excel,32-05,大的,,2026學習詞表-10四季泰雅語.xlsx,10四季泰雅語,966,,
cold,ata_sk,ltu/ hiyaq,excel,32-08,冷,,2026學習詞表-10四季泰雅語.xlsx,10四季泰雅語,969,,
small,ata_sk,cipaq/ cimang,excel,32-09,小的,,2026學習詞表-10四季泰雅語.xlsx,10四季泰雅語,970,,
many,ata_sk,piyux,excel,32-10,多,,2026學習詞表-10四季泰雅語.xlsx,10四季泰雅語,971,,
cold,ata_sk,tltu,excel,32-12,冰冷,,2026學習詞表-10四季泰雅語.xlsx,10四季泰雅語,973,,
few,ata_sk,cimang/ cipaq,excel,32-14,少的,,2026學習詞表-10四季泰雅語.xlsx,10四季泰雅語,975,,
laugh,ata_sk,msyaq,excel,32-16,笑,,2026學習詞表-10四季泰雅語.xlsx,10四季泰雅語,977,,
wet,ata_sk,mhoyiq,excel,32-17,濕的,,2026學習詞表-10四季泰雅語.xlsx,10四季泰雅語,978,,
thick,ata_sk,khmay,excel,32-19,厚的,,2026學習詞表-10四季泰雅語.xlsx,10四季泰雅語,980,,
thin,ata_sk,lhmiq,excel,32-21,薄的,,2026學習詞表-10四季泰雅語.xlsx,10四季泰雅語,982,,
dirty,ata_sk,mclaq/ mkalat,excel,32-22,髒,,2026學習詞表-10四季泰雅語.xlsx,10四季泰雅語,983,,
dry,ata_sk,mkiyay,excel,32-28,乾的,,2026學習詞表-10四季泰雅語.xlsx,10四季泰雅語,989,,
new,ata_sk,gqayus,excel,32-31,新的,,2026學習詞表-10四季泰雅語.xlsx,10四季泰雅語,992,,
old,ata_sk,smural,excel,32-32,舊的,,2026學習詞表-10四季泰雅語.xlsx,10四季泰雅語,993,,
near,ata_sk,sobih,excel,32-33,近,,2026學習詞表-10四季泰雅語.xlsx,10四季泰雅語,994,,
bad,ata_sk,mqutih/ theriq,excel,32-35,壞掉,,2026學習詞表-10四季泰雅語.xlsx,10四季泰雅語,996,,
far,ata_sk,thiyaq,excel,32-37,遠,,2026學習詞表-10四季泰雅語.xlsx,10四季泰雅語,998,,
swell,ata_sk,mbba,excel,32-38,腫,,2026學習詞表-10四季泰雅語.xlsx,10四季泰雅語,999,,
smooth,ata_sk,hyuci,excel,32-44,滑,,2026學習詞表-10四季泰雅語.xlsx,10四季泰雅語,1005,,
warm,ata_sk,hlhul,excel,32-56,暖和,,2026學習詞表-10四季泰雅語.xlsx,10四季泰雅語,1017,,
dull,ata_sk,mngahax,excel,32-57,鈍的,,2026學習詞表-10四季泰雅語.xlsx,10四季泰雅語,1018,,
straight,ata_sk,shiyu/ shoyu,excel,32-65,直,,2026學習詞表-10四季泰雅語.xlsx,10四季泰雅語,1026,,
full,ata_sk,soʼun,excel,32-66,滿了,,2026學習詞表-10四季泰雅語.xlsx,10四季泰雅語,1027,,
wide,ata_sk,glabang,excel,32-68,(空間)寬敞,,2026學習詞表-10四季泰雅語.xlsx,10四季泰雅語,1029,,
correct,ata_sk,cbalay,excel,32-69,正確,,2026學習詞表-10四季泰雅語.xlsx,10四季泰雅語,1030,,
warm,ata_sk,hlhol,excel,32-72,溫的(水),,2026學習詞表-10四季泰雅語.xlsx,10四季泰雅語,1033,,
long,ata_sk,qroyux,excel,32-74,長,,2026學習詞表-10四季泰雅語.xlsx,10四季泰雅語,1035,,
short,ata_sk,rʼtung,excel,32-76,短,,2026學習詞表-10四季泰雅語.xlsx,10四季泰雅語,1037,,
full,ata_sk,so’un,excel,32-79,滿滿,,2026學習詞表-10四季泰雅語.xlsx,10四季泰雅語,1040,,
wipe,ata_sk,cmon,excel,33-06,擦拭,,2026學習詞表-10四季泰雅語.xlsx,10四季泰雅語,1048,,
throw,ata_sk,mtaq,excel,34-19,丟棄,,2026學習詞表-10四季泰雅語.xlsx,10四季泰雅語,1069,,
count,ata_sk,lmpux,excel,34-29,數(計算),,2026學習詞表-10四季泰雅語.xlsx,10四季泰雅語,1079,,
good,ata_sk,blaq,excel,34-34,好,,2026學習詞表-10四季泰雅語.xlsx,10四季泰雅語,1084,,
not,ata_sk,iyat/ ini,excel,35-03,不是(回答用),,2026學習詞表-10四季泰雅語.xlsx,10四季泰雅語,1092,,
because,ata_sk,baha hmcwa,excel,36-05,因為,,2026學習詞表-10四季泰雅語.xlsx,10四季泰雅語,1101,,
and,ata_sk,ki/ru,excel,36-18,和,,2026學習詞表-10四季泰雅語.xlsx,10四季泰雅語,1114,,
if,ata_sk,maha ni,excel,36-22,如果,,2026學習詞表-10四季泰雅語.xlsx,10四季泰雅語,1118,,
one,ata_kl,utux,excel,01-01,一,,2026學習詞表-11宜蘭澤敖利泰雅語.xlsx,11宜蘭澤敖利泰雅語,5,,
two,ata_kl,sa’ing/ sazing,excel,01-02,二,,2026學習詞表-11宜蘭澤敖利泰雅語.xlsx,11宜蘭澤敖利泰雅語,6,sazing(眉原),
three,ata_kl,tugan,excel,01-03,三,,2026學習詞表-11宜蘭澤敖利泰雅語.xlsx,11宜蘭澤敖利泰雅語,7,,
four,ata_kl,payat,excel,01-04,四,,2026學習詞表-11宜蘭澤敖利泰雅語.xlsx,11宜蘭澤敖利泰雅語,8,,
five,ata_kl,magan,excel,01-05,五,,2026學習詞表-11宜蘭澤敖利泰雅語.xlsx,11宜蘭澤敖利泰雅語,9,,
six,ata_kl,mtiyu/mtyu,excel,01-06,六,,2026學習詞表-11宜蘭澤敖利泰雅語.xlsx,11宜蘭澤敖利泰雅語,10,mtyu(眉原),
seven,ata_kl,mpitu,excel,01-07,七,,2026學習詞表-11宜蘭澤敖利泰雅語.xlsx,11宜蘭澤敖利泰雅語,11,,
eight,ata_kl,mspat,excel,01-08,八,,2026學習詞表-11宜蘭澤敖利泰雅語.xlsx,11宜蘭澤敖利泰雅語,12,,
nine,ata_kl,m’esu/mesuw,excel,01-09,九,,2026學習詞表-11宜蘭澤敖利泰雅語.xlsx,11宜蘭澤敖利泰雅語,13,,
ten,ata_kl,mpu/ mopu,excel,01-10,十,,2026學習詞表-11宜蘭澤敖利泰雅語.xlsx,11宜蘭澤敖利泰雅語,14,,
twenty,ata_kl,mpusan,excel,01-20,二十,,2026學習詞表-11宜蘭澤敖利泰雅語.xlsx,11宜蘭澤敖利泰雅語,24,,
hundred,ata_kl,kbhun,excel,01-34,百,,2026學習詞表-11宜蘭澤敖利泰雅語.xlsx,11宜蘭澤敖利泰雅語,38,,
hundred,ata_kl,utux kbhun,excel,01-35,一百,,2026學習詞表-11宜蘭澤敖利泰雅語.xlsx,11宜蘭澤敖利泰雅語,39,,
some,ata_kl,cikah,excel,01-38,一些,,2026學習詞表-11宜蘭澤敖利泰雅語.xlsx,11宜蘭澤敖利泰雅語,42,cikey,
all,ata_kl,kwara,excel,01-43,全部,,2026學習詞表-11宜蘭澤敖利泰雅語.xlsx,11宜蘭澤敖利泰雅語,47,,
few,ata_kl,cikuy/ cikah,excel,01-44,一點點,,2026學習詞表-11宜蘭澤敖利泰雅語.xlsx,11宜蘭澤敖利泰雅語,48,cikah(眉原),
you_singular,ata_kl,isu/su,excel,02-01,你,,2026學習詞表-11宜蘭澤敖利泰雅語.xlsx,11宜蘭澤敖利泰雅語,51,,
i,ata_kl,kinang/ knan/ kun/ kuzing/ kwing,excel,02-02,我,,2026學習詞表-11宜蘭澤敖利泰雅語.xlsx,11宜蘭澤敖利泰雅語,52,kuzing(眉原),
he,ata_kl,heya/ hya,excel,02-03,他,,2026學習詞表-11宜蘭澤敖利泰雅語.xlsx,11宜蘭澤敖利泰雅語,53,hya(眉原),
you_plural,ata_kl,cimuw/ simu,excel,02-04,你們,,2026學習詞表-11宜蘭澤敖利泰雅語.xlsx,11宜蘭澤敖利泰雅語,54,simu(眉原),
we,ata_kl,cami/ ita/ sami,excel,02-05,我們,,2026學習詞表-11宜蘭澤敖利泰雅語.xlsx,11宜蘭澤敖利泰雅語,55,sami(眉原),
they,ata_kl,naha/ lha,excel,02-06,他們,,2026學習詞表-11宜蘭澤敖利泰雅語.xlsx,11宜蘭澤敖利泰雅語,56,lha(眉原),
we,ata_kl,cami/ sami,excel,02-13,我們(排除式),,2026學習詞表-11宜蘭澤敖利泰雅語.xlsx,11宜蘭澤敖利泰雅語,63,sami(眉原),
we,ata_kl,ita,excel,02-14,咱們(包含式),,2026學習詞表-11宜蘭澤敖利泰雅語.xlsx,11宜蘭澤敖利泰雅語,64,,
that,ata_kl,kwaca / kyaca / asa / yasa,excel,02-16,那個,,2026學習詞表-11宜蘭澤敖利泰雅語.xlsx,11宜蘭澤敖利泰雅語,66,asa(眉原) / yasa(眉原),
this,ata_kl,kwani / kwe / yi’a / c’a,excel,02-17,這個,,2026學習詞表-11宜蘭澤敖利泰雅語.xlsx,11宜蘭澤敖利泰雅語,67,yi’a(眉原) / c’a(眉原),
here,ata_kl,cahay / hani,excel,02-18,這裡,,2026學習詞表-11宜蘭澤敖利泰雅語.xlsx,11宜蘭澤敖利泰雅語,68,,
there,ata_kl,haca / hasa,excel,02-19,那裡,,2026學習詞表-11宜蘭澤敖利泰雅語.xlsx,11宜蘭澤敖利泰雅語,69,hasa(眉原),
what,ata_kl,laluw / nanu / nanya,excel,03-02,什麼,,2026學習詞表-11宜蘭澤敖利泰雅語.xlsx,11宜蘭澤敖利泰雅語,73,nanu(眉原) / nanya(眉原),
how,ata_kl,san kenu / son nanu / hswa’un,excel,03-03,如何,,2026學習詞表-11宜蘭澤敖利泰雅語.xlsx,11宜蘭澤敖利泰雅語,74,son nanu(眉原) / hswa’un(眉原),
when,ata_kl,knwan,excel,03-04,何時(未發生),,2026學習詞表-11宜蘭澤敖利泰雅語.xlsx,11宜蘭澤敖利泰雅語,75,,
who,ata_kl,ima,excel,03-05,誰,,2026學習詞表-11宜蘭澤敖利泰雅語.xlsx,11宜蘭澤敖利泰雅語,76,,
where,ata_kl,inu / henu,excel,03-07,哪裡,,2026學習詞表-11宜蘭澤敖利泰雅語.xlsx,11宜蘭澤敖利泰雅語,78,,
how,ata_kl,mcwa / mhswa / hmswa,excel,03-09,怎麼,,2026學習詞表-11宜蘭澤敖利泰雅語.xlsx,11宜蘭澤敖利泰雅語,80,mhswa(眉原) / hmswa(眉原),
where,ata_kl,beh inu/ inu,excel,03-12,什麼地方,,2026學習詞表-11宜蘭澤敖利泰雅語.xlsx,11宜蘭澤敖利泰雅語,83,inu(眉原),
when,ata_kl,knwan,excel,03-13,何時(已發生),,2026學習詞表-11宜蘭澤敖利泰雅語.xlsx,11宜蘭澤敖利泰雅語,84,,
father,ata_kl,yaba,excel,04-01,爸爸,,2026學習詞表-11宜蘭澤敖利泰雅語.xlsx,11宜蘭澤敖利泰雅語,87,,
mother,ata_kl,yaya,excel,04-02,媽媽,,2026學習詞表-11宜蘭澤敖利泰雅語.xlsx,11宜蘭澤敖利泰雅語,88,,
wife,ata_kl,bes / bes utux tnuxan,excel,04-07,配偶,,2026學習詞表-11宜蘭澤敖利泰雅語.xlsx,11宜蘭澤敖利泰雅語,93,,
husband,ata_kl,bes / bes utux tnuxan,excel,04-07,配偶,,2026學習詞表-11宜蘭澤敖利泰雅語.xlsx,11宜蘭澤敖利泰雅語,93,,
husband,ata_kl,likuy/ mlikuy / mlikuy utux tnuxan,excel,04-15,丈夫,,2026學習詞表-11宜蘭澤敖利泰雅語.xlsx,11宜蘭澤敖利泰雅語,101,mlikuy(眉原),
name,ata_kl,lalu,excel,05-01,名字,,2026學習詞表-11宜蘭澤敖利泰雅語.xlsx,11宜蘭澤敖利泰雅語,114,,
child,ata_kl,la’i cikuy/la’i cipuy/ la’i cikoh/ la’i cipok,excel,05-05,孩童,,2026學習詞表-11宜蘭澤敖利泰雅語.xlsx,11宜蘭澤敖利泰雅語,118,la’i cikoh(眉原)/ la’i cipok(眉原),
woman,ata_kl,knerin,excel,05-07,女性,,2026學習詞表-11宜蘭澤敖利泰雅語.xlsx,11宜蘭澤敖利泰雅語,120,,
man,ata_kl,mlikuy,excel,05-08,男性,,2026學習詞表-11宜蘭澤敖利泰雅語.xlsx,11宜蘭澤敖利泰雅語,121,,
person,ata_kl,c’oli/ c’uli / s’uli,excel,05-09,人,,2026學習詞表-11宜蘭澤敖利泰雅語.xlsx,11宜蘭澤敖利泰雅語,122,s’uli(眉原),
ear,ata_kl,papak,excel,06-01,耳朵,,2026學習詞表-11宜蘭澤敖利泰雅語.xlsx,11宜蘭澤敖利泰雅語,140,,
leg,ata_kl,muyi/ muzi,excel,06-02,大腿,,2026學習詞表-11宜蘭澤敖利泰雅語.xlsx,11宜蘭澤敖利泰雅語,141,muzi(眉原),
eye,ata_kl,royi/ rozi,excel,06-03,眼睛,,2026學習詞表-11宜蘭澤敖利泰雅語.xlsx,11宜蘭澤敖利泰雅語,142,rozi(眉原),
mouth,ata_kl,n’wa/ ng’wa,excel,06-05,嘴巴,,2026學習詞表-11宜蘭澤敖利泰雅語.xlsx,11宜蘭澤敖利泰雅語,144,ng’wa(眉原),
head,ata_kl,tunux,excel,06-06,頭,,2026學習詞表-11宜蘭澤敖利泰雅語.xlsx,11宜蘭澤敖利泰雅語,145,,
fingernail,ata_kl,kamit/ kamic,excel,06-07,指甲,,2026學習詞表-11宜蘭澤敖利泰雅語.xlsx,11宜蘭澤敖利泰雅語,146,kamic(眉原),
hand,ata_kl,ʼba,excel,06-08,手,,2026學習詞表-11宜蘭澤敖利泰雅語.xlsx,11宜蘭澤敖利泰雅語,147,,
nose,ata_kl,nguhu,excel,06-10,鼻子,,2026學習詞表-11宜蘭澤敖利泰雅語.xlsx,11宜蘭澤敖利泰雅語,149,,
foot,ata_kl,kakay/kakey,excel,06-11,腳,,2026學習詞表-11宜蘭澤敖利泰雅語.xlsx,11宜蘭澤敖利泰雅語,150,,
tooth,ata_kl,gʼnux,excel,06-12,牙齒,,2026學習詞表-11宜蘭澤敖利泰雅語.xlsx,11宜蘭澤敖利泰雅語,151,,
hair,ata_kl,snonux/ snunux,excel,06-13,頭髮,,2026學習詞表-11宜蘭澤敖利泰雅語.xlsx,11宜蘭澤敖利泰雅語,152,snunux(眉原),
blood,ata_kl,muyux/ ramu / rmuyux,excel,06-14,血,,2026學習詞表-11宜蘭澤敖利泰雅語.xlsx,11宜蘭澤敖利泰雅語,153,ramu(眉原) / rmuyux(眉原),
meat,ata_kl,he/ hi,excel,06-15,肉；身體,,2026學習詞表-11宜蘭澤敖利泰雅語.xlsx,11宜蘭澤敖利泰雅語,154,hi(眉原),
belly,ata_kl,ktu,excel,06-17,肚子,,2026學習詞表-11宜蘭澤敖利泰雅語.xlsx,11宜蘭澤敖利泰雅語,156,nbwas(腹部),
breast,ata_kl,bubu,excel,06-18,乳房,,2026學習詞表-11宜蘭澤敖利泰雅語.xlsx,11宜蘭澤敖利泰雅語,157,,
back,ata_kl,turu,excel,06-22,背部,,2026學習詞表-11宜蘭澤敖利泰雅語.xlsx,11宜蘭澤敖利泰雅語,161,,
skin,ata_kl,yula / kyahen / kyahing,excel,06-23,皮,,2026學習詞表-11宜蘭澤敖利泰雅語.xlsx,11宜蘭澤敖利泰雅語,162,yula皮(植物)/ kyahin皮(人) / kyahing(眉原),
heart,ata_kl,yurun/ bahat,excel,06-28,心臟,,2026學習詞表-11宜蘭澤敖利泰雅語.xlsx,11宜蘭澤敖利泰雅語,167,yurun/ bahat(眉原) /sinzyo,
knee,ata_kl,tari,excel,06-31,膝蓋,,2026學習詞表-11宜蘭澤敖利泰雅語.xlsx,11宜蘭澤敖利泰雅語,170,,
liver,ata_kl,sigit / sgigit / sgigic,excel,06-34,肝臟,,2026學習詞表-11宜蘭澤敖利泰雅語.xlsx,11宜蘭澤敖利泰雅語,173,sgigit (眉原)/ sgigic(眉原),
fat,ata_kl,’nu / abura / suyaw,excel,06-37,油脂,,2026學習詞表-11宜蘭澤敖利泰雅語.xlsx,11宜蘭澤敖利泰雅語,176,abura(眉原) / suyaw(眉原),
tongue,ata_kl,hma’uy/ hmali,excel,06-42,舌頭,,2026學習詞表-11宜蘭澤敖利泰雅語.xlsx,11宜蘭澤敖利泰雅語,181,hmali(眉原),
neck,ata_kl,olu / olu btakan,excel,06-47,脖子,,2026學習詞表-11宜蘭澤敖利泰雅語.xlsx,11宜蘭澤敖利泰雅語,186,olu btakan (眉原),
tail,ata_kl,ngungu/singo,excel,07-01,尾巴,,2026學習詞表-11宜蘭澤敖利泰雅語.xlsx,11宜蘭澤敖利泰雅語,197,,
dog,ata_kl,hoyin/ huzin,excel,07-03,狗,,2026學習詞表-11宜蘭澤敖利泰雅語.xlsx,11宜蘭澤敖利泰雅語,199,huzin(眉原),
bird,ata_kl,piyit/ pzit,excel,07-06,鳥,,2026學習詞表-11宜蘭澤敖利泰雅語.xlsx,11宜蘭澤敖利泰雅語,202,pzit(眉原),
fish,ata_kl,’cyux/ ulih,excel,07-07,魚,,2026學習詞表-11宜蘭澤敖利泰雅語.xlsx,11宜蘭澤敖利泰雅語,203,ulih(眉原),
snake,ata_kl,mʼu,excel,07-19,蛇,,2026學習詞表-11宜蘭澤敖利泰雅語.xlsx,11宜蘭澤敖利泰雅語,215,m’ow,
louse,ata_kl,kuhing,excel,07-33,頭蝨,,2026學習詞表-11宜蘭澤敖利泰雅語.xlsx,11宜蘭澤敖利泰雅語,229,另作lumi,
worm,ata_kl,bicyu/ bisyu,excel,07-39,蚯蚓,,2026學習詞表-11宜蘭澤敖利泰雅語.xlsx,11宜蘭澤敖利泰雅語,235,bisyu(眉原),
wing,ata_kl,aleh/paleh,excel,07-49,翅膀,,2026學習詞表-11宜蘭澤敖利泰雅語.xlsx,11宜蘭澤敖利泰雅語,245,,
horn,ata_kl,ihuy,excel,07-64,(動物的)角,,2026學習詞表-11宜蘭澤敖利泰雅語.xlsx,11宜蘭澤敖利泰雅語,260,,
tree,ata_kl,khoni/ khuni,excel,08-03,樹,,2026學習詞表-11宜蘭澤敖利泰雅語.xlsx,11宜蘭澤敖利泰雅語,265,khuni(眉原),
leaf,ata_kl,abaw / lbak,excel,08-06,葉子,,2026學習詞表-11宜蘭澤敖利泰雅語.xlsx,11宜蘭澤敖利泰雅語,268,lbak(大葉) (眉原),
flower,ata_kl,phpah / kaka,excel,08-09,花朵,,2026學習詞表-11宜蘭澤敖利泰雅語.xlsx,11宜蘭澤敖利泰雅語,271,kaka(眉原),
stick,ata_kl,ara khoni/ ’ara / araw khuni,excel,08-15,樹枝,,2026學習詞表-11宜蘭澤敖利泰雅語.xlsx,11宜蘭澤敖利泰雅語,277,’ara(眉原) / araw khuni (眉原),
fruit,ata_kl,bway/bwey,excel,08-16,(植物的)果實,,2026學習詞表-11宜蘭澤敖利泰雅語.xlsx,11宜蘭澤敖利泰雅語,278,,
grass,ata_kl,kʼman,excel,08-20,草,,2026學習詞表-11宜蘭澤敖利泰雅語.xlsx,11宜蘭澤敖利泰雅語,282,ayax,
fruit,ata_kl,bbway ni’un/ bbway,excel,08-24,水果,,2026學習詞表-11宜蘭澤敖利泰雅語.xlsx,11宜蘭澤敖利泰雅語,286,bbway (眉原),
root,ata_kl,ugin khoni/ gamin khoni/ gamin khuni,excel,08-28,樹根,,2026學習詞表-11宜蘭澤敖利泰雅語.xlsx,11宜蘭澤敖利泰雅語,290,gamin khuni(眉原),
seed,ata_kl,giya/ ghak,excel,08-44,種子,,2026學習詞表-11宜蘭澤敖利泰雅語.xlsx,11宜蘭澤敖利泰雅語,306,ghak(眉原),
rope,ata_kl,snyu/snyuw,excel,09-15,繩索,,2026學習詞表-11宜蘭澤敖利泰雅語.xlsx,11宜蘭澤敖利泰雅語,335,,
stick,ata_kl,ara,excel,09-18,枝條,,2026學習詞表-11宜蘭澤敖利泰雅語.xlsx,11宜蘭澤敖利泰雅語,338,,
ash,ata_kl,bulit/ ’bulit,excel,09-49,炭灰,,2026學習詞表-11宜蘭澤敖利泰雅語.xlsx,11宜蘭澤敖利泰雅語,369,’bulit(眉原),
road,ata_kl,tuʼi,excel,10-01,道路,,2026學習詞表-11宜蘭澤敖利泰雅語.xlsx,11宜蘭澤敖利泰雅語,393,,
wind,ata_kl,behuy,excel,10-04,風,,2026學習詞表-11宜蘭澤敖利泰雅語.xlsx,11宜蘭澤敖利泰雅語,396,,
sand,ata_kl,suna/ bna’i,excel,10-05,沙子,,2026學習詞表-11宜蘭澤敖利泰雅語.xlsx,11宜蘭澤敖利泰雅語,397,suna/ bna’i(眉原),
earth,ata_kl,uraw/urow,excel,10-06,泥土,,2026學習詞表-11宜蘭澤敖利泰雅語.xlsx,11宜蘭澤敖利泰雅語,398,,
river,ata_kl,llyung,excel,10-07,河流,,2026學習詞表-11宜蘭澤敖利泰雅語.xlsx,11宜蘭澤敖利泰雅語,399,,
lake,ata_kl,cilung/ bcilung/ bsilung,excel,10-08,湖泊,,2026學習詞表-11宜蘭澤敖利泰雅語.xlsx,11宜蘭澤敖利泰雅語,400,bcilung(眉原)/ bsilung(眉原),
forest,ata_kl,rgyax kkhoni / hlahuy kkhoni,excel,10-09,森林,,2026學習詞表-11宜蘭澤敖利泰雅語.xlsx,11宜蘭澤敖利泰雅語,401,,
sun,ata_kl,wagi,excel,11-02,太陽,,2026學習詞表-11宜蘭澤敖利泰雅語.xlsx,11宜蘭澤敖利泰雅語,417,,
moon,ata_kl,byacing/byating,excel,11-03,月亮,,2026學習詞表-11宜蘭澤敖利泰雅語.xlsx,11宜蘭澤敖利泰雅語,418,,
sky,ata_kl,kayan,excel,11-04,天空,,2026學習詞表-11宜蘭澤敖利泰雅語.xlsx,11宜蘭澤敖利泰雅語,419,,
star,ata_kl,bengah,excel,11-05,星星,,2026學習詞表-11宜蘭澤敖利泰雅語.xlsx,11宜蘭澤敖利泰雅語,420,,
rain,ata_kl,walax/ ’walax,excel,11-06,雨,,2026學習詞表-11宜蘭澤敖利泰雅語.xlsx,11宜蘭澤敖利泰雅語,421,’walax(眉原),
snow,ata_kl,hlaʼi,excel,11-07,雪,,2026學習詞表-11宜蘭澤敖利泰雅語.xlsx,11宜蘭澤敖利泰雅語,422,,
smoke,ata_kl,ghelu/ ghilu,excel,11-13,煙,,2026學習詞表-11宜蘭澤敖利泰雅語.xlsx,11宜蘭澤敖利泰雅語,428,ghilu(眉原),
fire,ata_kl,puni,excel,11-17,火,,2026學習詞表-11宜蘭澤敖利泰雅語.xlsx,11宜蘭澤敖利泰雅語,432,,
ice,ata_kl,kori/ kyapeng,excel,11-18,冰,,2026學習詞表-11宜蘭澤敖利泰雅語.xlsx,11宜蘭澤敖利泰雅語,433,kyapeng(眉原),
stone,ata_kl,btunux,excel,12-05,石頭,,2026學習詞表-11宜蘭澤敖利泰雅語.xlsx,11宜蘭澤敖利泰雅語,454,,
night,ata_kl,gbyan/ lhngan,excel,13-02,晚上,,2026學習詞表-11宜蘭澤敖利泰雅語.xlsx,11宜蘭澤敖利泰雅語,471,lhngan(眉原),
day,ata_kl,’lyan/ ryax,excel,13-07,白天,,2026學習詞表-11宜蘭澤敖利泰雅語.xlsx,11宜蘭澤敖利泰雅語,476,ryax(眉原),
night,ata_kl,gbyan/ lhngan,excel,13-22,夜,,2026學習詞表-11宜蘭澤敖利泰雅語.xlsx,11宜蘭澤敖利泰雅語,491,lhngan(眉原),
year,ata_kl,kawas,excel,13-28,年,,2026學習詞表-11宜蘭澤敖利泰雅語.xlsx,11宜蘭澤敖利泰雅語,497,,
in,ata_kl,iyik/ cahuy/ zik,excel,14-01,裡面,,2026學習詞表-11宜蘭澤敖利泰雅語.xlsx,11宜蘭澤敖利泰雅語,502,zik(眉原),
at,ata_kl,beh kya/ cyu kya / te kya,excel,14-02,在某處,,2026學習詞表-11宜蘭澤敖利泰雅語.xlsx,11宜蘭澤敖利泰雅語,503,te kya(眉原),
right,ata_kl,llaw,excel,14-10,右邊,,2026學習詞表-11宜蘭澤敖利泰雅語.xlsx,11宜蘭澤敖利泰雅語,511,,
left,ata_kl,esi/ mesi/ ’zin,excel,14-11,左邊,,2026學習詞表-11宜蘭澤敖利泰雅語.xlsx,11宜蘭澤敖利泰雅語,512,’zin(眉原),
water,ata_kl,ʼsya,excel,21-02,水,,2026學習詞表-11宜蘭澤敖利泰雅語.xlsx,11宜蘭澤敖利泰雅語,601,,
salt,ata_kl,cimu/timu,excel,21-07,鹽,,2026學習詞表-11宜蘭澤敖利泰雅語.xlsx,11宜蘭澤敖利泰雅語,606,,
egg,ata_kl,baying,excel,21-09,蛋,,2026學習詞表-11宜蘭澤敖利泰雅語.xlsx,11宜蘭澤敖利泰雅語,608,bgax(眉原),
white,ata_kl,mlabu,excel,22-01,白色的,,2026學習詞表-11宜蘭澤敖利泰雅語.xlsx,11宜蘭澤敖利泰雅語,626,mlabu(眉原),
black,ata_kl,mkalux,excel,22-02,黑色的,,2026學習詞表-11宜蘭澤敖利泰雅語.xlsx,11宜蘭澤敖利泰雅語,627,,
red,ata_kl,mtalah,excel,22-03,紅色的,,2026學習詞表-11宜蘭澤敖利泰雅語.xlsx,11宜蘭澤敖利泰雅語,628,,
yellow,ata_kl,m’ryaw/ mhibung,excel,22-05,黃色的,,2026學習詞表-11宜蘭澤敖利泰雅語.xlsx,11宜蘭澤敖利泰雅語,630,mhibung(眉原),
green,ata_kl,msgheru / mwasi k’man / mwasi /mwasik,excel,22-08,綠色的,,2026學習詞表-11宜蘭澤敖利泰雅語.xlsx,11宜蘭澤敖利泰雅語,633,mwasi (眉原)/mwasik(眉原),
give,ata_kl,me/ be / mi / bi’iy / bi’an,excel,25-07,給,,2026學習詞表-11宜蘭澤敖利泰雅語.xlsx,11宜蘭澤敖利泰雅語,663,mi(眉原),
come,ata_kl,mwah,excel,25-08,來,,2026學習詞表-11宜蘭澤敖利泰雅語.xlsx,11宜蘭澤敖利泰雅語,664,,
walk,ata_kl,mkhani/ mhkangi,excel,25-10,走路,,2026學習詞表-11宜蘭澤敖利泰雅語.xlsx,11宜蘭澤敖利泰雅語,666,mhkangi(眉原),
fly,ata_kl,mlaka,excel,25-12,飛,,2026學習詞表-11宜蘭澤敖利泰雅語.xlsx,11宜蘭澤敖利泰雅語,668,,
fall,ata_kl,shotaw / mshotaw/ mhutaw/ shutaw,excel,25-26,(植物的果實)掉落,,2026學習詞表-11宜蘭澤敖利泰雅語.xlsx,11宜蘭澤敖利泰雅語,682,mhutaw(眉原)/ shutaw(眉原),
sit,ata_kl,mtama/ mthoyuk,excel,25-43,坐著,,2026學習詞表-11宜蘭澤敖利泰雅語.xlsx,11宜蘭澤敖利泰雅語,699,mthoyuk(眉原),
stand,ata_kl,mc’rux,excel,25-44,站著,,2026學習詞表-11宜蘭澤敖利泰雅語.xlsx,11宜蘭澤敖利泰雅語,700,,
sit,ata_kl,tama/ thyuk,excel,26-03,坐下,,2026學習詞表-11宜蘭澤敖利泰雅語.xlsx,11宜蘭澤敖利泰雅語,712,thyuk(眉原),
hit,ata_kl,mahi,excel,26-08,打(人),,2026學習詞表-11宜蘭澤敖利泰雅語.xlsx,11宜蘭澤敖利泰雅語,717,,
stab,ata_kl,meta,excel,26-09,刺,,2026學習詞表-11宜蘭澤敖利泰雅語.xlsx,11宜蘭澤敖利泰雅語,718,,
push,ata_kl,gmuruw/ rmuru,excel,26-13,推,,2026學習詞表-11宜蘭澤敖利泰雅語.xlsx,11宜蘭澤敖利泰雅語,722,rmuru(眉原),
scratch,ata_kl,kmamin,excel,26-18,抓癢,,2026學習詞表-11宜蘭澤敖利泰雅語.xlsx,11宜蘭澤敖利泰雅語,727,,
lie,ata_kl,msrapa,excel,26-20,仰躺,,2026學習詞表-11宜蘭澤敖利泰雅語.xlsx,11宜蘭澤敖利泰雅語,729,,
blow,ata_kl,ymuk / yupan,excel,26-28,吹,,2026學習詞表-11宜蘭澤敖利泰雅語.xlsx,11宜蘭澤敖利泰雅語,737,yupan(眉原),
dig,ata_kl,kmenah / kmehuy,excel,26-29,挖掘,,2026學習詞表-11宜蘭澤敖利泰雅語.xlsx,11宜蘭澤敖利泰雅語,738,kmoyah/ kmyoh(眉原),
cut,ata_kl,hmobing/ cmka/ hobing,excel,26-30,切,,2026學習詞表-11宜蘭澤敖利泰雅語.xlsx,11宜蘭澤敖利泰雅語,739,hobing(眉原),
swim,ata_kl,mlngya,excel,26-31,游泳,,2026學習詞表-11宜蘭澤敖利泰雅語.xlsx,11宜蘭澤敖利泰雅語,740,,
tie,ata_kl,bnhlan/ bnhun/ mhun,excel,26-38,綁住(已綁),,2026學習詞表-11宜蘭澤敖利泰雅語.xlsx,11宜蘭澤敖利泰雅語,747,mhun(眉原),
pull,ata_kl,hmoluy/ holuy / hloyun / hmuluy,excel,26-39,拉,,2026學習詞表-11宜蘭澤敖利泰雅語.xlsx,11宜蘭澤敖利泰雅語,748,hmuluy(眉原) / msklet(拉緊) (眉原),
split,ata_kl,sm’aw/ ’mak / mka,excel,26-40,劈(木材),,2026學習詞表-11宜蘭澤敖利泰雅語.xlsx,11宜蘭澤敖利泰雅語,749,’mak(眉原) / mka(眉原),
hold,ata_kl,meli/ lmeli,excel,26-42,提著,,2026學習詞表-11宜蘭澤敖利泰雅語.xlsx,11宜蘭澤敖利泰雅語,751,lmeli(眉原),
hold,ata_kl,ming,excel,26-43,握著,,2026學習詞表-11宜蘭澤敖利泰雅語.xlsx,11宜蘭澤敖利泰雅語,752,,
tie,ata_kl,mhon/ mhun,excel,26-44,捆綁(正在),,2026學習詞表-11宜蘭澤敖利泰雅語.xlsx,11宜蘭澤敖利泰雅語,753,mhon/ mhun(眉原),
scratch,ata_kl,kmamin,excel,26-56,搔癢,,2026學習詞表-11宜蘭澤敖利泰雅語.xlsx,11宜蘭澤敖利泰雅語,765,,
rub,ata_kl,kmgu / grgan / kg’an,excel,26-85,揉搓(衣物),,2026學習詞表-11宜蘭澤敖利泰雅語.xlsx,11宜蘭澤敖利泰雅語,794,kg’an(用腳),
lie,ata_kl,tmbang m’abi/ tkki m’abi,excel,26-88,側臥,,2026學習詞表-11宜蘭澤敖利泰雅語.xlsx,11宜蘭澤敖利泰雅語,797,mtkki m’abi(眉原),
fight,ata_kl,mciri/ pbahiy / mtciri,excel,26-96,打架,,2026學習詞表-11宜蘭澤敖利泰雅語.xlsx,11宜蘭澤敖利泰雅語,805,mtciri(眉原),
squeeze,ata_kl,psbu/ pbu’an/ hmbok,excel,26-97,擠,,2026學習詞表-11宜蘭澤敖利泰雅語.xlsx,11宜蘭澤敖利泰雅語,806,hmbok(眉原),
dig,ata_kl,kmoyah/ kmyoh,excel,26-100,(用手)挖掘,,2026學習詞表-11宜蘭澤敖利泰雅語.xlsx,11宜蘭澤敖利泰雅語,809,kmyoh(眉原),
stand,ata_kl,tuli,excel,26-105,起立；站著,,2026學習詞表-11宜蘭澤敖利泰雅語.xlsx,11宜蘭澤敖利泰雅語,814,,
eat,ata_kl,mani,excel,27-01,吃,,2026學習詞表-11宜蘭澤敖利泰雅語.xlsx,11宜蘭澤敖利泰雅語,816,,
suck,ata_kl,mchot / choban / cbit / mshop,excel,27-02,吸,,2026學習詞表-11宜蘭澤敖利泰雅語.xlsx,11宜蘭澤敖利泰雅語,817,mshop(眉原),
drink,ata_kl,mnbuw/ mnbu / gubun / gubiy,excel,27-03,喝,,2026學習詞表-11宜蘭澤敖利泰雅語.xlsx,11宜蘭澤敖利泰雅語,818,mnbu(眉原),
vomit,ata_kl,muta/ mutak,excel,27-04,吐,,2026學習詞表-11宜蘭澤敖利泰雅語.xlsx,11宜蘭澤敖利泰雅語,819,mutak(眉原),
bite,ata_kl,kmat,excel,27-05,咬,,2026學習詞表-11宜蘭澤敖利泰雅語.xlsx,11宜蘭澤敖利泰雅語,820,,
eat,ata_kl,mani,excel,27-15,吃(東西),,2026學習詞表-11宜蘭澤敖利泰雅語.xlsx,11宜蘭澤敖利泰雅語,830,,
know,ata_kl,baʼun,excel,28-02,知道,,2026學習詞表-11宜蘭澤敖利泰雅語.xlsx,11宜蘭澤敖利泰雅語,836,,
see,ata_kl,mita,excel,28-03,看,,2026學習詞表-11宜蘭澤敖利泰雅語.xlsx,11宜蘭澤敖利泰雅語,837,,
smell,ata_kl,smok,excel,28-07,聞(如聞味道),,2026學習詞表-11宜蘭澤敖利泰雅語.xlsx,11宜蘭澤敖利泰雅語,841,,
hear,ata_kl,mung,excel,28-19,聽,,2026學習詞表-11宜蘭澤敖利泰雅語.xlsx,11宜蘭澤敖利泰雅語,853,,
think,ata_kl,lmnglung,excel,28-25,想(思考),,2026學習詞表-11宜蘭澤敖利泰雅語.xlsx,11宜蘭澤敖利泰雅語,859,,
fear,ata_kl,mngungu,excel,29-02,害怕,,2026學習詞表-11宜蘭澤敖利泰雅語.xlsx,11宜蘭澤敖利泰雅語,866,,
wash,ata_kl,mahu,excel,30-02,洗(衣物),,2026學習詞表-11宜蘭澤敖利泰雅語.xlsx,11宜蘭澤敖利泰雅語,876,,
sleep,ata_kl,mʼabi,excel,30-09,睡覺,,2026學習詞表-11宜蘭澤敖利泰雅語.xlsx,11宜蘭澤敖利泰雅語,883,,
kill,ata_kl,kmut/ mwak,excel,30-10,殺(牲畜),,2026學習詞表-11宜蘭澤敖利泰雅語.xlsx,11宜蘭澤敖利泰雅語,884,mwak(眉原),
lie,ata_kl,msyahaw/ trahaw/ msrapa m’abi,excel,30-16,躺臥,,2026學習詞表-11宜蘭澤敖利泰雅語.xlsx,11宜蘭澤敖利泰雅語,890,msrapa m’abi(眉原),
burn,ata_kl,lmong,excel,30-20,燒(如燒稻草),,2026學習詞表-11宜蘭澤敖利泰雅語.xlsx,11宜蘭澤敖利泰雅語,894,,
hunt,ata_kl,tm’oya/ t’uya,excel,30-25,陷獵,,2026學習詞表-11宜蘭澤敖利泰雅語.xlsx,11宜蘭澤敖利泰雅語,899,t’uya(眉原),
burn,ata_kl,mtlong,excel,30-54,燃燒,,2026學習詞表-11宜蘭澤敖利泰雅語.xlsx,11宜蘭澤敖利泰雅語,928,,
drink,ata_kl,mnbuw/ nbu,excel,30-61,喝(水),,2026學習詞表-11宜蘭澤敖利泰雅語.xlsx,11宜蘭澤敖利泰雅語,935,nbu(眉原),
sing,ata_kl,mʼwas,excel,30-64,唱歌,,2026學習詞表-11宜蘭澤敖利泰雅語.xlsx,11宜蘭澤敖利泰雅語,938,,
play,ata_kl,mtisan/ gmno/ mcisan,excel,30-65,玩耍,,2026學習詞表-11宜蘭澤敖利泰雅語.xlsx,11宜蘭澤敖利泰雅語,939,mcisan(眉原),
die,ata_kl,mho’in/ mhu’in,excel,31-01,死亡,,2026學習詞表-11宜蘭澤敖利泰雅語.xlsx,11宜蘭澤敖利泰雅語,941,mhu’in(眉原),
live,ata_kl,mkyanux/ myanux/ m’yanux,excel,31-08,活的,,2026學習詞表-11宜蘭澤敖利泰雅語.xlsx,11宜蘭澤敖利泰雅語,948,m’yanux(眉原),
heavy,ata_kl,r’su/ ye’su,excel,32-02,重(重量),,2026學習詞表-11宜蘭澤敖利泰雅語.xlsx,11宜蘭澤敖利泰雅語,963,ye’su(眉原),
big,ata_kl,hopa/tyaba,excel,32-05,大的,,2026學習詞表-11宜蘭澤敖利泰雅語.xlsx,11宜蘭澤敖利泰雅語,966,,
cold,ata_kl,skinut / l’tu,excel,32-08,冷,,2026學習詞表-11宜蘭澤敖利泰雅語.xlsx,11宜蘭澤敖利泰雅語,969,tl’tu(眉原),
small,ata_kl,uyuk / cikuy / cikoh/ cipok,excel,32-09,小的,,2026學習詞表-11宜蘭澤敖利泰雅語.xlsx,11宜蘭澤敖利泰雅語,970,cikoh (眉原)/ cipok(眉原),
many,ata_kl,piyux,excel,32-10,多,,2026學習詞表-11宜蘭澤敖利泰雅語.xlsx,11宜蘭澤敖利泰雅語,971,,
cold,ata_kl,tl’tu,excel,32-12,冰冷,,2026學習詞表-11宜蘭澤敖利泰雅語.xlsx,11宜蘭澤敖利泰雅語,973,,
few,ata_kl,cipuy / cikah/ cikoh,excel,32-14,少的,,2026學習詞表-11宜蘭澤敖利泰雅語.xlsx,11宜蘭澤敖利泰雅語,975,cikoh(眉原),
laugh,ata_kl,msya,excel,32-16,笑,,2026學習詞表-11宜蘭澤敖利泰雅語.xlsx,11宜蘭澤敖利泰雅語,977,,
wet,ata_kl,mhoyi/ mhuzi,excel,32-17,濕的,,2026學習詞表-11宜蘭澤敖利泰雅語.xlsx,11宜蘭澤敖利泰雅語,978,mhuzi(眉原),
thick,ata_kl,khmay,excel,32-19,厚的,,2026學習詞表-11宜蘭澤敖利泰雅語.xlsx,11宜蘭澤敖利泰雅語,980,,
thin,ata_kl,lhmi,excel,32-21,薄的,,2026學習詞表-11宜蘭澤敖利泰雅語.xlsx,11宜蘭澤敖利泰雅語,982,,
dirty,ata_kl,cla/ m’uraw/ mcla,excel,32-22,髒,,2026學習詞表-11宜蘭澤敖利泰雅語.xlsx,11宜蘭澤敖利泰雅語,983,m’uraw(眉原)/ mcla(眉原),
dry,ata_kl,mkiyay/ mkyay,excel,32-28,乾的,,2026學習詞表-11宜蘭澤敖利泰雅語.xlsx,11宜蘭澤敖利泰雅語,989,mkyay(眉原),
new,ata_kl,g’anus/ gi’as,excel,32-31,新的,,2026學習詞表-11宜蘭澤敖利泰雅語.xlsx,11宜蘭澤敖利泰雅語,992,gi’as(眉原),
old,ata_kl,smuran,excel,32-32,舊的,,2026學習詞表-11宜蘭澤敖利泰雅語.xlsx,11宜蘭澤敖利泰雅語,993,,
near,ata_kl,sobeh,excel,32-33,近,,2026學習詞表-11宜蘭澤敖利泰雅語.xlsx,11宜蘭澤敖利泰雅語,994,,
bad,ata_kl,theri/ ya’eh/ mthiri,excel,32-35,壞掉,,2026學習詞表-11宜蘭澤敖利泰雅語.xlsx,11宜蘭澤敖利泰雅語,996,mthiri(眉原),
far,ata_kl,theya / thya,excel,32-37,遠,,2026學習詞表-11宜蘭澤敖利泰雅語.xlsx,11宜蘭澤敖利泰雅語,998,thya(眉原)/ yatux(眉原),
swell,ata_kl,b’ba/ m’ba,excel,32-38,腫,,2026學習詞表-11宜蘭澤敖利泰雅語.xlsx,11宜蘭澤敖利泰雅語,999,m’ba(眉原),
smooth,ata_kl,hyuti/ hyuci,excel,32-44,滑,,2026學習詞表-11宜蘭澤敖利泰雅語.xlsx,11宜蘭澤敖利泰雅語,1005,hyuci(眉原),
warm,ata_kl,hlhun,excel,32-56,暖和,,2026學習詞表-11宜蘭澤敖利泰雅語.xlsx,11宜蘭澤敖利泰雅語,1017,,
dull,ata_kl,mngahaw/ mhika,excel,32-57,鈍的,,2026學習詞表-11宜蘭澤敖利泰雅語.xlsx,11宜蘭澤敖利泰雅語,1018,mhika(眉原),
straight,ata_kl,slux/ mshyu / mslux,excel,32-65,直,,2026學習詞表-11宜蘭澤敖利泰雅語.xlsx,11宜蘭澤敖利泰雅語,1026,mshyu(眉原) / mslux(眉原),
full,ata_kl,spun/ spunan/ ms’un,excel,32-66,滿了,,2026學習詞表-11宜蘭澤敖利泰雅語.xlsx,11宜蘭澤敖利泰雅語,1027,ms’un(眉原),
wide,ata_kl,hlabang/glahang,excel,32-68,(空間)寬敞,,2026學習詞表-11宜蘭澤敖利泰雅語.xlsx,11宜蘭澤敖利泰雅語,1029,,
correct,ata_kl,calay / aw / balay bay,excel,32-69,正確,,2026學習詞表-11宜蘭澤敖利泰雅語.xlsx,11宜蘭澤敖利泰雅語,1030,balay bay(眉原),
warm,ata_kl,bahak / mbhak / l’tu hayi / kilux hayi,excel,32-72,溫的(水),,2026學習詞表-11宜蘭澤敖利泰雅語.xlsx,11宜蘭澤敖利泰雅語,1033,mbhak(眉原),
long,ata_kl,ruyux/ ’royux,excel,32-74,長,,2026學習詞表-11宜蘭澤敖利泰雅語.xlsx,11宜蘭澤敖利泰雅語,1035,’royux(眉原),
short,ata_kl,r’tung/ ’rtung,excel,32-76,短,,2026學習詞表-11宜蘭澤敖利泰雅語.xlsx,11宜蘭澤敖利泰雅語,1037,’rtung(眉原),
full,ata_kl,mspun/ spunan/ ms’un,excel,32-79,滿滿,,2026學習詞表-11宜蘭澤敖利泰雅語.xlsx,11宜蘭澤敖利泰雅語,1040,ms’un(眉原),
wipe,ata_kl,cmong/ coman / smong,excel,33-06,擦拭,,2026學習詞表-11宜蘭澤敖利泰雅語.xlsx,11宜蘭澤敖利泰雅語,1048,smong(眉原),
throw,ata_kl,muling,excel,34-19,丟棄,,2026學習詞表-11宜蘭澤敖利泰雅語.xlsx,11宜蘭澤敖利泰雅語,1069,buling,
count,ata_kl,lmpuw/ lmpu,excel,34-29,數(計算),,2026學習詞表-11宜蘭澤敖利泰雅語.xlsx,11宜蘭澤敖利泰雅語,1079,lmpu (眉原),
good,ata_kl,myasa/ ble/ bla,excel,34-34,好,,2026學習詞表-11宜蘭澤敖利泰雅語.xlsx,11宜蘭澤敖利泰雅語,1084,bla(眉原),
not,ata_kl,iyat,excel,35-03,不是(回答用),,2026學習詞表-11宜蘭澤敖利泰雅語.xlsx,11宜蘭澤敖利泰雅語,1092,ka(眉原) / laxi(眉原) / ta(眉原),
because,ata_kl,baha mcwa/ baha hmswa,excel,36-05,因為,,2026學習詞表-11宜蘭澤敖利泰雅語.xlsx,11宜蘭澤敖利泰雅語,1101,baha hmswa(眉原),
and,ata_kl,ru,excel,36-18,和,,2026學習詞表-11宜蘭澤敖利泰雅語.xlsx,11宜蘭澤敖利泰雅語,1114,,
if,ata_kl,maha / siga,excel,36-22,如果,,2026學習詞表-11宜蘭澤敖利泰雅語.xlsx,11宜蘭澤敖利泰雅語,1118,atuni(眉原),
one,say,ʼaehaeʼ,excel,01-01,一,,2026學習詞表-13賽夏語.xlsx,13賽夏語,5,,
two,say,roSaʼ,excel,01-02,二,,2026學習詞表-13賽夏語.xlsx,13賽夏語,6,,
three,say,to:oʼ,excel,01-03,三,,2026學習詞表-13賽夏語.xlsx,13賽夏語,7,,
four,say,Sopat,excel,01-04,四,,2026學習詞表-13賽夏語.xlsx,13賽夏語,8,,
five,say,haseb,excel,01-05,五,,2026學習詞表-13賽夏語.xlsx,13賽夏語,9,,
six,say,SayboSi:,excel,01-06,六,,2026學習詞表-13賽夏語.xlsx,13賽夏語,10,,
seven,say,SayboSi: o ʼaehaeʼ,excel,01-07,七,,2026學習詞表-13賽夏語.xlsx,13賽夏語,11,yohae’ / yahae’,
eight,say,maykaSpat,excel,01-08,八,,2026學習詞表-13賽夏語.xlsx,13賽夏語,12,,
nine,say,haeʼhaeʼ,excel,01-09,九,,2026學習詞表-13賽夏語.xlsx,13賽夏語,13,tae’hae’,
ten,say,lampez,excel,01-10,十,,2026學習詞表-13賽夏語.xlsx,13賽夏語,14,langpez,
twenty,say,Samʼiyaeh,excel,01-20,二十,,2026學習詞表-13賽夏語.xlsx,13賽夏語,24,,
hundred,say,kaboehoel,excel,01-34,百,,2026學習詞表-13賽夏語.xlsx,13賽夏語,38,,
hundred,say,ʼaehaeʼ kinkaboehoel,excel,01-35,一百,,2026學習詞表-13賽夏語.xlsx,13賽夏語,39,,
some,say,pizpizaʼ / ʼititiʼan,excel,01-38,一些,,2026學習詞表-13賽夏語.xlsx,13賽夏語,42,,
all,say,hahi:il/sabsaboeh,excel,01-43,全部,,2026學習詞表-13賽夏語.xlsx,13賽夏語,47,hahi:il,
few,say,ʼitʼitiʼan,excel,01-44,一點點,,2026學習詞表-13賽夏語.xlsx,13賽夏語,48,sowisowiti’,
you_singular,say,Soʼo,excel,02-01,你,,2026學習詞表-13賽夏語.xlsx,13賽夏語,51,,
i,say,yako,excel,02-02,我,,2026學習詞表-13賽夏語.xlsx,13賽夏語,52,ya:o,
he,say,siya,excel,02-03,他,,2026學習詞表-13賽夏語.xlsx,13賽夏語,53,,
you_plural,say,moyo,excel,02-04,你們,,2026學習詞表-13賽夏語.xlsx,13賽夏語,54,,
we,say,yami,excel,02-05,我們,,2026學習詞表-13賽夏語.xlsx,13賽夏語,55,,
they,say,lasiya,excel,02-06,他們,,2026學習詞表-13賽夏語.xlsx,13賽夏語,56,,
we,say,yami,excel,02-13,我們(排除式),,2026學習詞表-13賽夏語.xlsx,13賽夏語,63,,
we,say,ʼitaʼ,excel,02-14,我們(包含式),,2026學習詞表-13賽夏語.xlsx,13賽夏語,64,mita’,
that,say,hiza,excel,02-16,那個,,2026學習詞表-13賽夏語.xlsx,13賽夏語,66,,
this,say,hini,excel,02-17,這個,,2026學習詞表-13賽夏語.xlsx,13賽夏語,67,,
here,say,rini,excel,02-18,這裡,,2026學習詞表-13賽夏語.xlsx,13賽夏語,68,hini / hani / hiSon,
there,say,riza/haSon,excel,02-19,那裡,,2026學習詞表-13賽夏語.xlsx,13賽夏語,69,hiza hato/haSon不可見,
what,say,kanoʼ,excel,03-02,什麼,,2026學習詞表-13賽夏語.xlsx,13賽夏語,73,,
how,say,nakʼinoʼ,excel,03-03,如何,,2026學習詞表-13賽夏語.xlsx,13賽夏語,74,powa’aw(又能如何),
when,say,ʼinowan,excel,03-04,何時(未發生),,2026學習詞表-13賽夏語.xlsx,13賽夏語,75,ka’inowan （表過去）,
who,say,hiyaʼ,excel,03-05,誰,,2026學習詞表-13賽夏語.xlsx,13賽夏語,76,,
where,say,haynoʼ / raynoʼ,excel,03-07,哪裡,,2026學習詞表-13賽夏語.xlsx,13賽夏語,78,,
how,say,ʼampowaʼ /nakʼinoʼ,excel,03-09,怎麼,,2026學習詞表-13賽夏語.xlsx,13賽夏語,80,,
where,say,haynoʼ,excel,03-12,什麼地方,,2026學習詞表-13賽夏語.xlsx,13賽夏語,83,rayno’,
when,say,kaʼinowan,excel,03-13,何時(已發生),,2026學習詞表-13賽夏語.xlsx,13賽夏語,84,,
father,say,yabaʼ,excel,04-01,爸爸,,2026學習詞表-13賽夏語.xlsx,13賽夏語,87,tamaeh,
mother,say,ʼoyaʼ,excel,04-02,媽媽,,2026學習詞表-13賽夏語.xlsx,13賽夏語,88,tinaeh,
wife,say,ba:iS,excel,04-07,配偶,,2026學習詞表-13賽夏語.xlsx,13賽夏語,93,,
husband,say,ba:iS,excel,04-07,配偶,,2026學習詞表-13賽夏語.xlsx,13賽夏語,93,,
husband,say,tatamaʼ maʼan / kamamanra:an maʼan,excel,04-15,丈夫,,2026學習詞表-13賽夏語.xlsx,13賽夏語,101,要加上ma’an才有丈夫的概念,
name,say,raro:oʼ,excel,05-01,名字,,2026學習詞表-13賽夏語.xlsx,13賽夏語,114,,
child,say,korkoring,excel,05-05,孩童,,2026學習詞表-13賽夏語.xlsx,13賽夏語,118,,
woman,say,minkoringan,excel,05-07,女性,,2026學習詞表-13賽夏語.xlsx,13賽夏語,120,,
man,say,kamamanra:an,excel,05-08,男性,,2026學習詞表-13賽夏語.xlsx,13賽夏語,121,,
person,say,maeʼiyaeh,excel,05-09,人,,2026學習詞表-13賽夏語.xlsx,13賽夏語,122,,
ear,say,saleʼe: / saliʼi:,excel,06-01,耳朵,,2026學習詞表-13賽夏語.xlsx,13賽夏語,140,,
leg,say,rinkelan,excel,06-02,大腿,,2026學習詞表-13賽夏語.xlsx,13賽夏語,141,,
eye,say,masaʼ,excel,06-03,眼睛,,2026學習詞表-13賽夏語.xlsx,13賽夏語,142,,
mouth,say,ngabas,excel,06-05,嘴巴,,2026學習詞表-13賽夏語.xlsx,13賽夏語,144,,
head,say,taʼoeloeh,excel,06-06,頭,,2026學習詞表-13賽夏語.xlsx,13賽夏語,145,,
fingernail,say,kaklokoeh,excel,06-07,指甲,,2026學習詞表-13賽夏語.xlsx,13賽夏語,146,,
hand,say,himaʼ,excel,06-08,手,,2026學習詞表-13賽夏語.xlsx,13賽夏語,147,,
nose,say,kangeselan,excel,06-10,鼻子,,2026學習詞表-13賽夏語.xlsx,13賽夏語,149,,
foot,say,ʼaeʼay,excel,06-11,腳,,2026學習詞表-13賽夏語.xlsx,13賽夏語,150,tatakay（動物用詞）,
tooth,say,nepen / ngepen,excel,06-12,牙齒,,2026學習詞表-13賽夏語.xlsx,13賽夏語,151,,
hair,say,bekeS / bokeS,excel,06-13,頭髮,,2026學習詞表-13賽夏語.xlsx,13賽夏語,152,,
blood,say,ramoʼ,excel,06-14,血,,2026學習詞表-13賽夏語.xlsx,13賽夏語,153,,
meat,say,bori:,excel,06-15,肉,,2026學習詞表-13賽夏語.xlsx,13賽夏語,154,’ayam,
belly,say,tiyal,excel,06-17,肚子,,2026學習詞表-13賽夏語.xlsx,13賽夏語,156,polo’,
breast,say,hoehoeʼ,excel,06-18,乳房,,2026學習詞表-13賽夏語.xlsx,13賽夏語,157,,
back,say,hikor,excel,06-22,背部,,2026學習詞表-13賽夏語.xlsx,13賽夏語,161,,
skin,say,bangeS,excel,06-23,皮,,2026學習詞表-13賽夏語.xlsx,13賽夏語,162,,
heart,say,ʼae:oʼ,excel,06-28,心臟,,2026學習詞表-13賽夏語.xlsx,13賽夏語,167,,
knee,say,poeʼoeʼ,excel,06-31,膝蓋,,2026學習詞表-13賽夏語.xlsx,13賽夏語,170,,
liver,say,raeʼael,excel,06-34,肝臟,,2026學習詞表-13賽夏語.xlsx,13賽夏語,173,,
fat,say,pa’iː,excel,06-37,油脂,,2026學習詞表-13賽夏語.xlsx,13賽夏語,176,:zazalas，翅膀  翅(羽毛)與膀(肉)是不同字,
tongue,say,kaehmaʼ,excel,06-42,舌頭,,2026學習詞表-13賽夏語.xlsx,13賽夏語,181,,
neck,say,wareng,excel,06-47,脖子,,2026學習詞表-13賽夏語.xlsx,13賽夏語,186,,
neck,say,wareng,excel,06-52,頸子,,2026學習詞表-13賽夏語.xlsx,13賽夏語,191,,
tail,say,kiko:,excel,07-01,尾巴,,2026學習詞表-13賽夏語.xlsx,13賽夏語,197,,
dog,say,ʼaehoeʼ,excel,07-03,狗,,2026學習詞表-13賽夏語.xlsx,13賽夏語,199,,
bird,say,kabkabaehae:,excel,07-06,鳥,,2026學習詞表-13賽夏語.xlsx,13賽夏語,202,,
fish,say,ʼaelaw,excel,07-07,魚,,2026學習詞表-13賽夏語.xlsx,13賽夏語,203,,
snake,say,Siba:iʼ,excel,07-19,蛇,,2026學習詞表-13賽夏語.xlsx,13賽夏語,215,,
louse,say,kosoʼ,excel,07-33,頭蝨,,2026學習詞表-13賽夏語.xlsx,13賽夏語,229,,
worm,say,hewel / hoewel,excel,07-39,蚯蚓,,2026學習詞表-13賽夏語.xlsx,13賽夏語,235,,
wing,say,palir,excel,07-49,翅膀,,2026學習詞表-13賽夏語.xlsx,13賽夏語,245,’ae’az翅羽,
horn,say,kahʼong,excel,07-64,(動物的)角,,2026學習詞表-13賽夏語.xlsx,13賽夏語,260,,
tree,say,kaehoy,excel,08-03,樹,,2026學習詞表-13賽夏語.xlsx,13賽夏語,265,,
leaf,say,biyaeʼ,excel,08-06,葉子,,2026學習詞表-13賽夏語.xlsx,13賽夏語,268,,
flower,say,pongaeh,excel,08-09,花朵,,2026學習詞表-13賽夏語.xlsx,13賽夏語,271,,
stick,say,noka kaehoy hawaw,excel,08-15,樹枝,,2026學習詞表-13賽夏語.xlsx,13賽夏語,277,panga’ 樹幹分岔處,
fruit,say,boway,excel,08-16,(植物的)果實,,2026學習詞表-13賽夏語.xlsx,13賽夏語,278,,
grass,say,hinbetel,excel,08-20,草,,2026學習詞表-13賽夏語.xlsx,13賽夏語,282,,
fruit,say,boway,excel,08-24,水果,,2026學習詞表-13賽夏語.xlsx,13賽夏語,286,,
root,say,hames,excel,08-28,樹根,,2026學習詞表-13賽夏語.xlsx,13賽夏語,290,,
seed,say,binSiʼ,excel,08-44,種子,,2026學習詞表-13賽夏語.xlsx,13賽夏語,306,tatokoeh / pipis,
rope,say,Sina:iS,excel,09-15,繩索,,2026學習詞表-13賽夏語.xlsx,13賽夏語,335,,
stick,say,hawaw,excel,09-18,枝條,,2026學習詞表-13賽夏語.xlsx,13賽夏語,338,panga’,
ash,say,ʼaboʼ,excel,09-49,炭灰,,2026學習詞表-13賽夏語.xlsx,13賽夏語,369,,
road,say,ra:an / kapanra:anan,excel,10-01,道路,,2026學習詞表-13賽夏語.xlsx,13賽夏語,393,tinaewae’an,
wind,say,ba:iʼ,excel,10-04,風,,2026學習詞表-13賽夏語.xlsx,13賽夏語,396,,
sand,say,bonaz,excel,10-05,沙子,,2026學習詞表-13賽夏語.xlsx,13賽夏語,397,,
earth,say,ra:iʼ,excel,10-06,泥土,,2026學習詞表-13賽夏語.xlsx,13賽夏語,398,,
river,say,ba:laʼ,excel,10-07,河流,,2026學習詞表-13賽夏語.xlsx,13賽夏語,399,,
lake,say,waswasal,excel,10-08,湖泊,,2026學習詞表-13賽夏語.xlsx,13賽夏語,400,,
forest,say,kaehkaehoyan,excel,10-09,森林,,2026學習詞表-13賽夏語.xlsx,13賽夏語,401,bangol,
sun,say,hahila:,excel,11-02,太陽,,2026學習詞表-13賽夏語.xlsx,13賽夏語,417,,
moon,say,ʼilaS,excel,11-03,月亮,,2026學習詞表-13賽夏語.xlsx,13賽夏語,418,,
sky,say,kawaS,excel,11-04,天空,,2026學習詞表-13賽夏語.xlsx,13賽夏語,419,,
star,say,bintoeʼan,excel,11-05,星星,,2026學習詞表-13賽夏語.xlsx,13賽夏語,420,,
rain,say,ʼaʼoral,excel,11-06,雨,,2026學習詞表-13賽夏語.xlsx,13賽夏語,421,,
snow,say,haholaʼ,excel,11-07,雪,,2026學習詞表-13賽夏語.xlsx,13賽夏語,422,,
cloud,say,homom,excel,11-12,雲,,2026學習詞表-13賽夏語.xlsx,13賽夏語,427,,
smoke,say,kasbol,excel,11-13,煙,,2026學習詞表-13賽夏語.xlsx,13賽夏語,428,,
fire,say,hapoy,excel,11-17,火,,2026學習詞表-13賽夏語.xlsx,13賽夏語,432,,
ice,say,haholaʼ,excel,11-18,冰,,2026學習詞表-13賽夏語.xlsx,13賽夏語,433,,
stone,say,batoʼ,excel,12-05,石頭,,2026學習詞表-13賽夏語.xlsx,13賽夏語,454,,
night,say,hae:wan,excel,13-02,晚上,,2026學習詞表-13賽夏語.xlsx,13賽夏語,471,,
day,say,hila:an,excel,13-07,白天,,2026學習詞表-13賽夏語.xlsx,13賽夏語,476,,
night,say,hae:wan,excel,13-22,夜,,2026學習詞表-13賽夏語.xlsx,13賽夏語,491,,
year,say,tinalʼoemaeh,excel,13-28,年,,2026學習詞表-13賽夏語.xlsx,13賽夏語,497,,
in,say,ʼi:zoʼ,excel,14-01,裡面,,2026學習詞表-13賽夏語.xlsx,13賽夏語,502,’abo’,
at,say,ha:aw,excel,14-02,在某處,,2026學習詞表-13賽夏語.xlsx,13賽夏語,503,ila ha:aw,
right,say,kaʼnal,excel,14-10,右邊,,2026學習詞表-13賽夏語.xlsx,13賽夏語,511,,
left,say,kayiʼ,excel,14-11,左邊,,2026學習詞表-13賽夏語.xlsx,13賽夏語,512,,
water,say,ralom,excel,21-02,水,,2026學習詞表-13賽夏語.xlsx,13賽夏語,601,,
salt,say,timoʼ,excel,21-07,鹽,,2026學習詞表-13賽夏語.xlsx,13賽夏語,606,,
egg,say,ʼoesizo:,excel,21-09,蛋,,2026學習詞表-13賽夏語.xlsx,13賽夏語,608,,
white,say,bolalasan,excel,22-01,白色,,2026學習詞表-13賽夏語.xlsx,13賽夏語,626,,
black,say,ʼelngihan,excel,22-02,黑色,,2026學習詞表-13賽夏語.xlsx,13賽夏語,627,,
red,say,ngangilaehan,excel,22-03,紅色,,2026學習詞表-13賽夏語.xlsx,13賽夏語,628,,
yellow,say,habiyalan,excel,22-05,黃色的,,2026學習詞表-13賽夏語.xlsx,13賽夏語,630,,
green,say,hesʼezan,excel,22-08,綠色,,2026學習詞表-13賽夏語.xlsx,13賽夏語,633,,
give,say,be:ay,excel,25-07,給,,2026學習詞表-13賽夏語.xlsx,13賽夏語,663,bo:ay,
come,say,wa:iʼ,excel,25-08,來,,2026學習詞表-13賽夏語.xlsx,13賽夏語,664,,
walk,say,panra:an,excel,25-10,走路,,2026學習詞表-13賽夏語.xlsx,13賽夏語,666,,
fly,say,homayap,excel,25-12,飛,,2026學習詞表-13賽夏語.xlsx,13賽夏語,668,,
fall,say,mehes,excel,25-26,(植物的果實)掉落,,2026學習詞表-13賽夏語.xlsx,13賽夏語,682,,
sit,say,minaSa:eng,excel,25-43,坐著,,2026學習詞表-13賽夏語.xlsx,13賽夏語,699,,
stand,say,miniriri:iʼ,excel,25-44,站著,,2026學習詞表-13賽夏語.xlsx,13賽夏語,700,,
sit,say,Sa:eng,excel,26-03,坐下,,2026學習詞表-13賽夏語.xlsx,13賽夏語,712,,
hit,say,Sembet,excel,26-08,打(人),,2026學習詞表-13賽夏語.xlsx,13賽夏語,717,Sombet,
stab,say,hazab,excel,26-09,刺,,2026學習詞表-13賽夏語.xlsx,13賽夏語,718,,
push,say,kontotol,excel,26-13,推,,2026學習詞表-13賽夏語.xlsx,13賽夏語,722,,
scratch,say,kaka:aw,excel,26-18,抓癢,,2026學習詞表-13賽夏語.xlsx,13賽夏語,727,,
lie,say,paywawa:ak,excel,26-20,躺,,2026學習詞表-13賽夏語.xlsx,13賽夏語,729,,
blow,say,hiyop,excel,26-28,吹,,2026學習詞表-13賽夏語.xlsx,13賽夏語,737,,
dig,say,kowih,excel,26-29,挖掘,,2026學習詞表-13賽夏語.xlsx,13賽夏語,738,,
cut,say,hiwaʼ,excel,26-30,切,,2026學習詞表-13賽夏語.xlsx,13賽夏語,739,,
swim,say,lalangoy,excel,26-31,游泳,,2026學習詞表-13賽夏語.xlsx,13賽夏語,740,,
tie,say,botoeʼ,excel,26-38,綁住,,2026學習詞表-13賽夏語.xlsx,13賽夏語,747,,
pull,say,hoehoeh,excel,26-39,拉,,2026學習詞表-13賽夏語.xlsx,13賽夏語,748,,
split,say,laehae:,excel,26-40,劈(木材),,2026學習詞表-13賽夏語.xlsx,13賽夏語,749,,
hold,say,sisil,excel,26-42,提著,,2026學習詞表-13賽夏語.xlsx,13賽夏語,751,tilhaya:,
hold,say,pakme:,excel,26-43,握著,,2026學習詞表-13賽夏語.xlsx,13賽夏語,752,,
tie,say,botoeʼ,excel,26-44,捆綁,,2026學習詞表-13賽夏語.xlsx,13賽夏語,753,,
scratch,say,zikzik,excel,26-56,搔癢,,2026學習詞表-13賽夏語.xlsx,13賽夏語,765,kaka:aw抓癢,
rub,say,poepoe:oeh,excel,26-85,揉搓(衣物),,2026學習詞表-13賽夏語.xlsx,13賽夏語,794,,
lie,say,maSkirkiri:,excel,26-88,側臥,,2026學習詞表-13賽夏語.xlsx,13賽夏語,797,,
fight,say,kakoring,excel,26-96,打架,,2026學習詞表-13賽夏語.xlsx,13賽夏語,805,babilis,
squeeze,say,kakonʼesʼes / kepe:,excel,26-97,擠,,2026學習詞表-13賽夏語.xlsx,13賽夏語,806,,
dig,say,kowih,excel,26-100,(用手)挖掘,,2026學習詞表-13賽夏語.xlsx,13賽夏語,809,,
stand,say,ʼinʼitol,excel,26-105,起立,,2026學習詞表-13賽夏語.xlsx,13賽夏語,814,,
eat,say,siʼael,excel,27-01,吃,,2026學習詞表-13賽夏語.xlsx,13賽夏語,816,,
suck,say,ʼoesʼoes,excel,27-02,吸,,2026學習詞表-13賽夏語.xlsx,13賽夏語,817,,
drink,say,raeʼoe:,excel,27-03,喝,,2026學習詞表-13賽夏語.xlsx,13賽夏語,818,,
vomit,say,moetaeʼ,excel,27-04,吐,,2026學習詞表-13賽夏語.xlsx,13賽夏語,819,tomopeS,
bite,say,ka:as,excel,27-05,咬,,2026學習詞表-13賽夏語.xlsx,13賽夏語,820,,
eat,say,somiʼael,excel,27-15,吃(東西),,2026學習詞表-13賽夏語.xlsx,13賽夏語,830,,
know,say,ra:am,excel,28-02,知道,,2026學習詞表-13賽夏語.xlsx,13賽夏語,836,,
see,say,kitaʼ,excel,28-03,看,,2026學習詞表-13賽夏語.xlsx,13賽夏語,837,,
say,say,payaka:iʼ,excel,28-04,說,,2026學習詞表-13賽夏語.xlsx,13賽夏語,838,panabih,
smell,say,sazek,excel,28-07,聞(如聞味道),,2026學習詞表-13賽夏語.xlsx,13賽夏語,841,,
hear,say,bazaeʼ,excel,28-19,聽,,2026學習詞表-13賽夏語.xlsx,13賽夏語,853,,
think,say,maʼazʼazem,excel,28-25,想(思考),,2026學習詞表-13賽夏語.xlsx,13賽夏語,859,,
fear,say,tikot,excel,29-02,害怕,,2026學習詞表-13賽夏語.xlsx,13賽夏語,866,,
wash,say,baehiʼ,excel,30-02,洗(衣物),,2026學習詞表-13賽夏語.xlsx,13賽夏語,876,,
sleep,say,paeʼrem,excel,30-09,睡覺,,2026學習詞表-13賽夏語.xlsx,13賽夏語,883,,
kill,say,pal-,excel,30-10,殺牲畜,,2026學習詞表-13賽夏語.xlsx,13賽夏語,884,pal-(接動物名),
lie,say,maywawa:ak,excel,30-16,躺臥,,2026學習詞表-13賽夏語.xlsx,13賽夏語,890,,
burn,say,basoʼ,excel,30-20,燒(如燒稻草),,2026學習詞表-13賽夏語.xlsx,13賽夏語,894,Sahoe’,
hunt,say,baseng,excel,30-25,陷獵,,2026學習詞表-13賽夏語.xlsx,13賽夏語,899,,
burn,say,Sahoeʼ,excel,30-54,燃燒,,2026學習詞表-13賽夏語.xlsx,13賽夏語,928,,
drink,say,raeʼoe:,excel,30-61,喝(水),,2026學習詞表-13賽夏語.xlsx,13賽夏語,935,,
sing,say,ma:tol,excel,30-64,唱歌,,2026學習詞表-13賽夏語.xlsx,13賽夏語,938,,
play,say,makakSiyaeʼ,excel,30-65,玩耍,,2026學習詞表-13賽夏語.xlsx,13賽夏語,939,,
die,say,masay,excel,31-01,死亡,,2026學習詞表-13賽夏語.xlsx,13賽夏語,941,,
live,say,ʼiʼiyaeh,excel,31-08,活的,,2026學習詞表-13賽夏語.xlsx,13賽夏語,948,,
heavy,say,Silʼi:,excel,32-02,重(重量),,2026學習詞表-13賽夏語.xlsx,13賽夏語,963,,
big,say,sopaloy / sobae:oeh,excel,32-05,大的,,2026學習詞表-13賽夏語.xlsx,13賽夏語,966,,
cold,say,maskes,excel,32-08,冷,,2026學習詞表-13賽夏語.xlsx,13賽夏語,969,’iya’zaw涼,
small,say,’ol’olae’an,excel,32-09,小的,,2026學習詞表-13賽夏語.xlsx,13賽夏語,970,,
many,say,ʼakoey,excel,32-10,多,,2026學習詞表-13賽夏語.xlsx,13賽夏語,971,,
cold,say,maskes,excel,32-12,冰冷,,2026學習詞表-13賽夏語.xlsx,13賽夏語,973,,
few,say,ʼitʼitiʼan,excel,32-14,少的,,2026學習詞表-13賽夏語.xlsx,13賽夏語,975,,
laugh,say,sawaʼ,excel,32-16,笑,,2026學習詞表-13賽夏語.xlsx,13賽夏語,977,,
wet,say,misʼoeh,excel,32-17,濕的,,2026學習詞表-13賽夏語.xlsx,13賽夏語,978,,
thick,say,karpa:,excel,32-19,厚的,,2026學習詞表-13賽夏語.xlsx,13賽夏語,980,,
thin,say,lihlihpihan,excel,32-21,薄的,,2026學習詞表-13賽夏語.xlsx,13賽夏語,982,,
dirty,say,hara:iʼ,excel,32-22,髒,,2026學習詞表-13賽夏語.xlsx,13賽夏語,983,,
dry,say,’ae:’ae:aew,excel,32-28,乾的,,2026學習詞表-13賽夏語.xlsx,13賽夏語,989,,
new,say,SaSoʼ,excel,32-31,新的,,2026學習詞表-13賽夏語.xlsx,13賽夏語,992,,
old,say,tatiniʼ,excel,32-32,舊的,,2026學習詞表-13賽夏語.xlsx,13賽夏語,993,,
near,say,ʼalʼalihan,excel,32-33,近,,2026學習詞表-13賽夏語.xlsx,13賽夏語,994,,
bad,say,ʼaewhay,excel,32-35,壞掉,,2026學習詞表-13賽夏語.xlsx,13賽夏語,996,,
far,say,ra:waS,excel,32-37,遠,,2026學習詞表-13賽夏語.xlsx,13賽夏語,998,,
swell,say,ma:riyaeʼ,excel,32-38,腫,,2026學習詞表-13賽夏語.xlsx,13賽夏語,999,,
smooth,say,haloehan,excel,32-44,滑,,2026學習詞表-13賽夏語.xlsx,13賽夏語,1005,,
warm,say,ha:olhoel,excel,32-56,暖和,,2026學習詞表-13賽夏語.xlsx,13賽夏語,1017,,
dull,say,toSpokan,excel,32-57,鈍的,,2026學習詞表-13賽夏語.xlsx,13賽夏語,1018,’okik soma:om,
straight,say,leheh,excel,32-65,直,,2026學習詞表-13賽夏語.xlsx,13賽夏語,1026,lihih,
full,say,mayhaʼhaʼ ila,excel,32-66,滿了,,2026學習詞表-13賽夏語.xlsx,13賽夏語,1027,,
wide,say,mowahil,excel,32-68,(空間)寬敞,,2026學習詞表-13賽夏語.xlsx,13賽夏語,1029,,
correct,say,maylalʼoz,excel,32-69,正確,,2026學習詞表-13賽夏語.xlsx,13賽夏語,1030,,
warm,say,nabnaban,excel,32-72,溫的(水),,2026學習詞表-13賽夏語.xlsx,13賽夏語,1033,,
long,say,ʼinaroʼ,excel,32-74,長,,2026學習詞表-13賽夏語.xlsx,13賽夏語,1035,,
short,say,ʼitoSan,excel,32-76,短,,2026學習詞表-13賽夏語.xlsx,13賽夏語,1037,,
full,say,mayhaʼhaʼ,excel,32-79,滿滿,,2026學習詞表-13賽夏語.xlsx,13賽夏語,1040,,
wipe,say,ti:iS,excel,33-06,擦拭,,2026學習詞表-13賽夏語.xlsx,13賽夏語,1048,,
throw,say,boeloe’,excel,34-19,丟棄,,2026學習詞表-13賽夏語.xlsx,13賽夏語,1069,,
count,say,Sepe:,excel,34-29,數(計算),,2026學習詞表-13賽夏語.xlsx,13賽夏語,1079,,
good,say,kayzaeh,excel,34-34,好的,,2026學習詞表-13賽夏語.xlsx,13賽夏語,1084,,
not,say,ʼokaʼ,excel,35-03,不是(回答用),,2026學習詞表-13賽夏語.xlsx,13賽夏語,1092,,
because,say,ʼisa:aʼ,excel,36-05,因為,,2026學習詞表-13賽夏語.xlsx,13賽夏語,1101,,
and,say,ki / kil,excel,36-18,和,,2026學習詞表-13賽夏語.xlsx,13賽夏語,1114,,
if,say,So:,excel,36-22,如果,,2026學習詞表-13賽夏語.xlsx,13賽夏語,1118,,
one,tha,tata,excel,01-01,一,,2026學習詞表-14邵語.xlsx,14邵語,5,另作taha，數數時用latata,
two,tha,tusha,excel,01-02,二,,2026學習詞表-14邵語.xlsx,14邵語,6,數數時用latusha,
three,tha,turu,excel,01-03,三,,2026學習詞表-14邵語.xlsx,14邵語,7,數數時用laturu,
four,tha,shpaat,excel,01-04,四,,2026學習詞表-14邵語.xlsx,14邵語,8,數數時用lashpaat,
five,tha,tarima,excel,01-05,五,,2026學習詞表-14邵語.xlsx,14邵語,9,,
six,tha,katuru,excel,01-06,六,,2026學習詞表-14邵語.xlsx,14邵語,10,,
seven,tha,pitu,excel,01-07,七,,2026學習詞表-14邵語.xlsx,14邵語,11,,
eight,tha,kashpat,excel,01-08,八,,2026學習詞表-14邵語.xlsx,14邵語,12,,
nine,tha,tanathu,excel,01-09,九,,2026學習詞表-14邵語.xlsx,14邵語,13,,
ten,tha,makthin,excel,01-10,十,,2026學習詞表-14邵語.xlsx,14邵語,14,,
twenty,tha,mapushaz,excel,01-20,二十,,2026學習詞表-14邵語.xlsx,14邵語,24,,
hundred,tha,shaba,excel,01-34,百,,2026學習詞表-14邵語.xlsx,14邵語,38,,
hundred,tha,tata shaba,excel,01-35,一百,,2026學習詞表-14邵語.xlsx,14邵語,39,,
some,tha,ladadu,excel,01-38,一些,,2026學習詞表-14邵語.xlsx,14邵語,42,,
all,tha,mulhthkiz,excel,01-43,全部,,2026學習詞表-14邵語.xlsx,14邵語,47,,
few,tha,ladadu,excel,01-44,一點點,,2026學習詞表-14邵語.xlsx,14邵語,48,,
you_singular,tha,ihu,excel,02-01,你,,2026學習詞表-14邵語.xlsx,14邵語,51,,
i,tha,iaku,excel,02-02,我,,2026學習詞表-14邵語.xlsx,14邵語,52,,
he,tha,thithu,excel,02-03,他,,2026學習詞表-14邵語.xlsx,14邵語,53,另作他的,
you_plural,tha,maniun,excel,02-04,你們,,2026學習詞表-14邵語.xlsx,14邵語,54,另作你們的,
we,tha,ita/iamin,excel,02-05,我們,,2026學習詞表-14邵語.xlsx,14邵語,55,ita (包含式) iamin (排除式),
they,tha,thaithuy,excel,02-06,他們,,2026學習詞表-14邵語.xlsx,14邵語,56,另作他們的,
we,tha,iamin,excel,02-13,我們(排除式),,2026學習詞表-14邵語.xlsx,14邵語,63,,
we,tha,ita,excel,02-14,咱們(包含式),,2026學習詞表-14邵語.xlsx,14邵語,64,,
that,tha,huya,excel,02-16,那個,,2026學習詞表-14邵語.xlsx,14邵語,66,,
this,tha,haya,excel,02-17,這個,,2026學習詞表-14邵語.xlsx,14邵語,67,,
here,tha,inai,excel,02-18,這裡,,2026學習詞表-14邵語.xlsx,14邵語,68,,
there,tha,isui,excel,02-19,那裡,,2026學習詞表-14邵語.xlsx,14邵語,69,,
what,tha,numa,excel,03-02,什麼,,2026學習詞表-14邵語.xlsx,14邵語,73,,
how,tha,miakuza,excel,03-03,如何,,2026學習詞表-14邵語.xlsx,14邵語,74,,
when,tha,alhakaiza,excel,03-04,何時(未發生),,2026學習詞表-14邵語.xlsx,14邵語,75,,
who,tha,tima,excel,03-05,誰,,2026學習詞表-14邵語.xlsx,14邵語,76,,
how,tha,minu,excel,03-09,怎麼,,2026學習詞表-14邵語.xlsx,14邵語,80,,
where,tha,intua,excel,03-12,在什麼地方,,2026學習詞表-14邵語.xlsx,14邵語,83,,
when,tha,kaiza,excel,03-13,何時(已發生),,2026學習詞表-14邵語.xlsx,14邵語,84,,
father,tha,ama,excel,04-01,爸爸,,2026學習詞表-14邵語.xlsx,14邵語,87,,
mother,tha,ina,excel,04-02,媽媽,,2026學習詞表-14邵語.xlsx,14邵語,88,,
husband,tha,ayuzi,excel,04-15,丈夫,,2026學習詞表-14邵語.xlsx,14邵語,101,,
name,tha,lhanaz,excel,05-01,名字,,2026學習詞表-14邵語.xlsx,14邵語,114,,
child,tha,azazak,excel,05-05,孩童,,2026學習詞表-14邵語.xlsx,14邵語,118,,
woman,tha,binanauʼaz,excel,05-07,女性,,2026學習詞表-14邵語.xlsx,14邵語,120,,
man,tha,ayuzi,excel,05-08,男性,,2026學習詞表-14邵語.xlsx,14邵語,121,,
person,tha,thau,excel,05-09,人,,2026學習詞表-14邵語.xlsx,14邵語,122,,
ear,tha,lharina,excel,06-01,耳朵,,2026學習詞表-14邵語.xlsx,14邵語,140,,
leg,tha,bantath,excel,06-02,大腿,,2026學習詞表-14邵語.xlsx,14邵語,141,,
eye,tha,matha,excel,06-03,眼睛,,2026學習詞表-14邵語.xlsx,14邵語,142,,
mouth,tha,ruzith,excel,06-05,嘴巴,,2026學習詞表-14邵語.xlsx,14邵語,144,,
head,tha,punuq,excel,06-06,頭,,2026學習詞表-14邵語.xlsx,14邵語,145,,
fingernail,tha,kuku,excel,06-07,指甲,,2026學習詞表-14邵語.xlsx,14邵語,146,,
hand,tha,rima,excel,06-08,手,,2026學習詞表-14邵語.xlsx,14邵語,147,,
nose,tha,muzin,excel,06-10,鼻子,,2026學習詞表-14邵語.xlsx,14邵語,149,,
foot,tha,kuskus,excel,06-11,腳,,2026學習詞表-14邵語.xlsx,14邵語,150,,
tooth,tha,nipin,excel,06-12,牙齒,,2026學習詞表-14邵語.xlsx,14邵語,151,,
hair,tha,fukish,excel,06-13,頭髮,,2026學習詞表-14邵語.xlsx,14邵語,152,,
blood,tha,talhum,excel,06-14,血,,2026學習詞表-14邵語.xlsx,14邵語,153,,
meat,tha,bunlhaz,excel,06-15,肉,,2026學習詞表-14邵語.xlsx,14邵語,154,,
belly,tha,tiaz,excel,06-17,肚子,,2026學習詞表-14邵語.xlsx,14邵語,156,,
breast,tha,tutu,excel,06-18,乳房,,2026學習詞表-14邵語.xlsx,14邵語,157,,
back,tha,rikus,excel,06-22,背部,,2026學習詞表-14邵語.xlsx,14邵語,161,,
skin,tha,shapa,excel,06-23,皮,,2026學習詞表-14邵語.xlsx,14邵語,162,,
heart,tha,shnaw,excel,06-28,心臟,,2026學習詞表-14邵語.xlsx,14邵語,167,,
knee,tha,qaruf,excel,06-31,膝蓋,,2026學習詞表-14邵語.xlsx,14邵語,170,,
liver,tha,rishi,excel,06-34,肝臟,,2026學習詞表-14邵語.xlsx,14邵語,173,,
fat,tha,lhimash,excel,06-37,油脂,,2026學習詞表-14邵語.xlsx,14邵語,176,,
tongue,tha,zama,excel,06-42,舌頭,,2026學習詞表-14邵語.xlsx,14邵語,181,,
neck,tha,buqtur,excel,06-47,脖子,,2026學習詞表-14邵語.xlsx,14邵語,186,,
tail,tha,wawishwish,excel,07-01,尾巴,,2026學習詞表-14邵語.xlsx,14邵語,197,,
dog,tha,atu,excel,07-03,狗,,2026學習詞表-14邵語.xlsx,14邵語,199,,
bird,tha,rumfaz,excel,07-06,鳥,,2026學習詞表-14邵語.xlsx,14邵語,202,,
fish,tha,rusaw,excel,07-07,魚,,2026學習詞表-14邵語.xlsx,14邵語,203,,
snake,tha,qlhuran,excel,07-19,蛇,,2026學習詞表-14邵語.xlsx,14邵語,215,,
louse,tha,kuthu,excel,07-33,頭蝨,,2026學習詞表-14邵語.xlsx,14邵語,229,,
worm,tha,qatidauluq,excel,07-39,蚯蚓,,2026學習詞表-14邵語.xlsx,14邵語,235,,
wing,tha,pali,excel,07-49,翅膀,,2026學習詞表-14邵語.xlsx,14邵語,245,,
horn,tha,waqa,excel,07-64,(動物的)角,,2026學習詞表-14邵語.xlsx,14邵語,260,另作公牛,
tree,tha,ribush,excel,08-03,樹,,2026學習詞表-14邵語.xlsx,14邵語,265,,
leaf,tha,filhaq,excel,08-06,葉子,,2026學習詞表-14邵語.xlsx,14邵語,268,,
flower,tha,bukay,excel,08-09,花朵,,2026學習詞表-14邵語.xlsx,14邵語,271,,
stick,tha,pana,excel,08-15,樹枝,,2026學習詞表-14邵語.xlsx,14邵語,277,,
fruit,tha,ribush a bunlhaz,excel,08-16,(植物的)果實,,2026學習詞表-14邵語.xlsx,14邵語,278,,
grass,tha,lhmir,excel,08-20,草,,2026學習詞表-14邵語.xlsx,14邵語,282,,
fruit,tha,ribush a bunlhaz,excel,08-24,水果,,2026學習詞表-14邵語.xlsx,14邵語,286,,
root,tha,lhamith,excel,08-28,樹根,,2026學習詞表-14邵語.xlsx,14邵語,290,統稱,
seed,tha,fafinshiq,excel,08-44,種子,,2026學習詞表-14邵語.xlsx,14邵語,306,,
rope,tha,klhiw,excel,09-15,繩索,,2026學習詞表-14邵語.xlsx,14邵語,335,,
stick,tha,pana,excel,09-18,枝條,,2026學習詞表-14邵語.xlsx,14邵語,338,,
ash,tha,qihaw,excel,09-49,炭灰,,2026學習詞表-14邵語.xlsx,14邵語,369,,
road,tha,saran,excel,10-01,道路,,2026學習詞表-14邵語.xlsx,14邵語,393,,
wind,tha,fari,excel,10-04,風,,2026學習詞表-14邵語.xlsx,14邵語,396,,
sand,tha,bunaz,excel,10-05,沙子,,2026學習詞表-14邵語.xlsx,14邵語,397,,
earth,tha,pruq,excel,10-06,泥土,,2026學習詞表-14邵語.xlsx,14邵語,398,,
river,tha,waqrath,excel,10-07,河流,,2026學習詞表-14邵語.xlsx,14邵語,399,waqrath比falhaza大,
lake,tha,wazaqan,excel,10-08,湖泊,,2026學習詞表-14邵語.xlsx,14邵語,400,,
forest,tha,tuqash,excel,10-09,森林,,2026學習詞表-14邵語.xlsx,14邵語,401,,
sun,tha,tilhaz,excel,11-02,太陽,,2026學習詞表-14邵語.xlsx,14邵語,417,,
moon,tha,furaz,excel,11-03,月亮,,2026學習詞表-14邵語.xlsx,14邵語,418,,
sky,tha,qali,excel,11-04,天空,,2026學習詞表-14邵語.xlsx,14邵語,419,,
star,tha,kilhpuz,excel,11-05,星星,,2026學習詞表-14邵語.xlsx,14邵語,420,,
rain,tha,qusaz,excel,11-06,雨,,2026學習詞表-14邵語.xlsx,14邵語,421,,
snow,tha,ulhza,excel,11-07,雪,,2026學習詞表-14邵語.xlsx,14邵語,422,,
cloud,tha,urum,excel,11-12,雲,,2026學習詞表-14邵語.xlsx,14邵語,427,,
smoke,tha,qumbu,excel,11-13,煙,,2026學習詞表-14邵語.xlsx,14邵語,428,,
fire,tha,apuy,excel,11-17,火,,2026學習詞表-14邵語.xlsx,14邵語,432,,
ice,tha,ulhza,excel,11-18,冰,,2026學習詞表-14邵語.xlsx,14邵語,433,另作霜,
stone,tha,fatu,excel,12-05,石頭,,2026學習詞表-14邵語.xlsx,14邵語,454,,
night,tha,tanlhuan,excel,13-02,晚上,,2026學習詞表-14邵語.xlsx,14邵語,471,,
day,tha,qali,excel,13-07,白天,,2026學習詞表-14邵語.xlsx,14邵語,476,另作天,
night,tha,tanlhuan,excel,13-22,夜,,2026學習詞表-14邵語.xlsx,14邵語,491,,
year,tha,kawash,excel,13-28,年,,2026學習詞表-14邵語.xlsx,14邵語,497,,
in,tha,itmaz,excel,14-01,裡面,,2026學習詞表-14邵語.xlsx,14邵語,502,,
at,tha,intua,excel,14-02,在某處,,2026學習詞表-14邵語.xlsx,14邵語,503,,
right,tha,tanaduu,excel,14-10,右邊,,2026學習詞表-14邵語.xlsx,14邵語,511,,
left,tha,tanaʼailhi,excel,14-11,左邊,,2026學習詞表-14邵語.xlsx,14邵語,512,,
water,tha,sazum,excel,21-02,水,,2026學習詞表-14邵語.xlsx,14邵語,601,,
salt,tha,qtilha,excel,21-07,鹽,,2026學習詞表-14邵語.xlsx,14邵語,606,,
egg,tha,qarithuy,excel,21-09,蛋,,2026學習詞表-14邵語.xlsx,14邵語,608,,
white,tha,mapuzipuzi,excel,22-01,白色,,2026學習詞表-14邵語.xlsx,14邵語,626,,
black,tha,maqusuqusum,excel,22-02,黑色,,2026學習詞表-14邵語.xlsx,14邵語,627,,
red,tha,maqulhaqulha,excel,22-03,紅色,,2026學習詞表-14邵語.xlsx,14邵語,628,,
yellow,tha,shadunan,excel,22-05,黃色的,,2026學習詞表-14邵語.xlsx,14邵語,630,,
green,tha,madishlum,excel,22-08,綠色,,2026學習詞表-14邵語.xlsx,14邵語,633,,
give,tha,lhai,excel,25-07,給,,2026學習詞表-14邵語.xlsx,14邵語,663,,
come,tha,munai,excel,25-08,來,,2026學習詞表-14邵語.xlsx,14邵語,664,,
walk,tha,mundadaan,excel,25-10,走路,,2026學習詞表-14邵語.xlsx,14邵語,666,,
fly,tha,marfaz,excel,25-12,飛,,2026學習詞表-14邵語.xlsx,14邵語,668,,
fall,tha,mathathak,excel,25-26,(植物的果實)掉落,,2026學習詞表-14邵語.xlsx,14邵語,682,,
sit,tha,milhungqu,excel,25-43,坐著,,2026學習詞表-14邵語.xlsx,14邵語,699,,
stand,tha,milhalhilhi,excel,25-44,站著,,2026學習詞表-14邵語.xlsx,14邵語,700,,
sit,tha,milhungqu,excel,26-03,坐下,,2026學習詞表-14邵語.xlsx,14邵語,712,,
hit,tha,kmaitunu,excel,26-08,打(人),,2026學習詞表-14邵語.xlsx,14邵語,717,,
stab,tha,kmutafalh,excel,26-09,刺,,2026學習詞表-14邵語.xlsx,14邵語,718,,
push,tha,shmukuth,excel,26-13,推,,2026學習詞表-14邵語.xlsx,14邵語,722,,
scratch,tha,kmulhaw,excel,26-18,抓癢,,2026學習詞表-14邵語.xlsx,14邵語,727,,
lie,tha,miataknaknar,excel,26-20,躺,,2026學習詞表-14邵語.xlsx,14邵語,729,,
blow,tha,miup,excel,26-28,吹,,2026學習詞表-14邵語.xlsx,14邵語,737,,
dig,tha,kmari,excel,26-29,挖掘,,2026學習詞表-14邵語.xlsx,14邵語,738,,
cut,tha,kunlhit,excel,26-30,切,,2026學習詞表-14邵語.xlsx,14邵語,739,,
swim,tha,mrauz,excel,26-31,游泳,,2026學習詞表-14邵語.xlsx,14邵語,740,,
tie,tha,qmuthquth,excel,26-38,綁住,,2026學習詞表-14邵語.xlsx,14邵語,747,,
pull,tha,shmuruz,excel,26-39,拉,,2026學習詞表-14邵語.xlsx,14邵語,748,,
split,tha,tmalhtalh,excel,26-40,劈(木材),,2026學習詞表-14邵語.xlsx,14邵語,749,,
hold,tha,kmathu,excel,26-42,提著,,2026學習詞表-14邵語.xlsx,14邵語,751,,
hold,tha,hmadu,excel,26-43,握著,,2026學習詞表-14邵語.xlsx,14邵語,752,,
tie,tha,qmuthquth,excel,26-44,捆綁,,2026學習詞表-14邵語.xlsx,14邵語,753,,
scratch,tha,kmulhaw,excel,26-56,搔癢,,2026學習詞表-14邵語.xlsx,14邵語,765,另作搔扒,
rub,tha,mrunsuz,excel,26-85,揉搓(衣物),,2026學習詞表-14邵語.xlsx,14邵語,794,,
lie,tha,makiwar pantatnar,excel,26-88,側臥,,2026學習詞表-14邵語.xlsx,14邵語,797,,
fight,tha,mapathay,excel,26-96,打架,,2026學習詞表-14邵語.xlsx,14邵語,805,,
squeeze,tha,pitpit,excel,26-97,擠,,2026學習詞表-14邵語.xlsx,14邵語,806,,
dig,tha,kmari,excel,26-100,(用手)挖掘,,2026學習詞表-14邵語.xlsx,14邵語,809,統稱,
stand,tha,milhilhi,excel,26-105,起立,,2026學習詞表-14邵語.xlsx,14邵語,814,,
eat,tha,kmaan,excel,27-01,吃,,2026學習詞表-14邵語.xlsx,14邵語,816,,
suck,tha,shmiʼuthʼuth,excel,27-02,吸,,2026學習詞表-14邵語.xlsx,14邵語,817,,
drink,tha,miqilha,excel,27-03,喝,,2026學習詞表-14邵語.xlsx,14邵語,818,,
vomit,tha,mutaq,excel,27-04,吐,,2026學習詞表-14邵語.xlsx,14邵語,819,,
bite,tha,qmirqir,excel,27-05,咬,,2026學習詞表-14邵語.xlsx,14邵語,820,,
eat,tha,kmaan,excel,27-15,吃(東西),,2026學習詞表-14邵語.xlsx,14邵語,830,,
know,tha,mafazaq,excel,28-02,知道,,2026學習詞表-14邵語.xlsx,14邵語,836,,
see,tha,mriqaz,excel,28-03,看,,2026學習詞表-14邵語.xlsx,14邵語,837,,
say,tha,malhinuna,excel,28-04,說,,2026學習詞表-14邵語.xlsx,14邵語,838,,
smell,tha,shmazik,excel,28-07,聞(如聞味道),,2026學習詞表-14邵語.xlsx,14邵語,841,,
hear,tha,tunmaza,excel,28-19,聽,,2026學習詞表-14邵語.xlsx,14邵語,853,,
think,tha,mangqtu,excel,28-25,想(思考),,2026學習詞表-14邵語.xlsx,14邵語,859,,
fear,tha,shungkash,excel,29-02,害怕,,2026學習詞表-14邵語.xlsx,14邵語,866,,
wash,tha,flhuq,excel,30-02,洗(衣物),,2026學習詞表-14邵語.xlsx,14邵語,876,,
sleep,tha,malhus,excel,30-09,睡覺,,2026學習詞表-14邵語.xlsx,14邵語,883,,
kill,tha,kmaipathay,excel,30-10,殺牲畜,,2026學習詞表-14邵語.xlsx,14邵語,884,廣義-殺,
lie,tha,pantaknar,excel,30-16,躺臥,,2026學習詞表-14邵語.xlsx,14邵語,890,,
burn,tha,pashnara,excel,30-20,燒(如燒稻草),,2026學習詞表-14邵語.xlsx,14邵語,894,,
hunt,tha,daqa,excel,30-25,陷獵,,2026學習詞表-14邵語.xlsx,14邵語,899,大型壓陷,
burn,tha,shunara,excel,30-54,燃燒,,2026學習詞表-14邵語.xlsx,14邵語,928,,
drink,tha,miqilha,excel,30-61,喝(水),,2026學習詞表-14邵語.xlsx,14邵語,935,,
sing,tha,maqaquyash,excel,30-64,唱歌,,2026學習詞表-14邵語.xlsx,14邵語,938,,
play,tha,malhalhiqash,excel,30-65,玩耍,,2026學習詞表-14邵語.xlsx,14邵語,939,,
die,tha,mathay,excel,31-01,死亡,,2026學習詞表-14邵語.xlsx,14邵語,941,,
live,tha,maqalhtash,excel,31-08,活的,,2026學習詞表-14邵語.xlsx,14邵語,948,,
heavy,tha,mabrith,excel,32-02,重(重量),,2026學習詞表-14邵語.xlsx,14邵語,963,,
big,tha,maraʼin,excel,32-05,大的,,2026學習詞表-14邵語.xlsx,14邵語,966,,
cold,tha,mashimzaw,excel,32-08,冷,,2026學習詞表-14邵語.xlsx,14邵語,969,,
small,tha,langqisusay,excel,32-09,小的,,2026學習詞表-14邵語.xlsx,14邵語,970,,
many,tha,manasha,excel,32-10,多,,2026學習詞表-14邵語.xlsx,14邵語,971,,
cold,tha,matithi,excel,32-12,冰冷,,2026學習詞表-14邵語.xlsx,14邵語,973,,
few,tha,ladadu,excel,32-14,少的,,2026學習詞表-14邵語.xlsx,14邵語,975,,
laugh,tha,mathathawa,excel,32-16,笑,,2026學習詞表-14邵語.xlsx,14邵語,977,,
wet,tha,matubu,excel,32-17,濕的,,2026學習詞表-14邵語.xlsx,14邵語,978,,
thick,tha,makushtur,excel,32-19,厚的,,2026學習詞表-14邵語.xlsx,14邵語,980,,
thin,tha,mabazay,excel,32-21,薄的,,2026學習詞表-14邵語.xlsx,14邵語,982,,
dirty,tha,maradaradak,excel,32-22,髒,,2026學習詞表-14邵語.xlsx,14邵語,983,,
dry,tha,maqalhiw,excel,32-28,乾的,,2026學習詞表-14邵語.xlsx,14邵語,989,,
new,tha,faqlhu,excel,32-31,新的,,2026學習詞表-14邵語.xlsx,14邵語,992,,
old,tha,sasaz,excel,32-32,舊的,,2026學習詞表-14邵語.xlsx,14邵語,993,,
near,tha,iqualh,excel,32-33,近,,2026學習詞表-14邵語.xlsx,14邵語,994,,
bad,tha,kurubuzin,excel,32-35,壞掉,,2026學習詞表-14邵語.xlsx,14邵語,996,壞掉了,
far,tha,ihazish,excel,32-37,遠,,2026學習詞表-14邵語.xlsx,14邵語,998,,
swell,tha,lhumfawa,excel,32-38,腫,,2026學習詞表-14邵語.xlsx,14邵語,999,,
smooth,tha,madaqri,excel,32-44,滑,,2026學習詞表-14邵語.xlsx,14邵語,1005,,
warm,tha,maqalhuuz,excel,32-56,暖和,,2026學習詞表-14邵語.xlsx,14邵語,1017,,
dull,tha,matarithtith,excel,32-57,鈍的,,2026學習詞表-14邵語.xlsx,14邵語,1018,,
straight,tha,malunduz,excel,32-65,直,,2026學習詞表-14邵語.xlsx,14邵語,1026,,
full,tha,mapunish,excel,32-66,滿了,,2026學習詞表-14邵語.xlsx,14邵語,1027,,
wide,tha,maharan,excel,32-68,(空間)寬敞,,2026學習詞表-14邵語.xlsx,14邵語,1029,,
correct,tha,dadu,excel,32-69,正確,,2026學習詞表-14邵語.xlsx,14邵語,1030,,
warm,tha,maqalhuuz,excel,32-72,溫的(水),,2026學習詞表-14邵語.xlsx,14邵語,1033,,
long,tha,maquliush,excel,32-74,長,,2026學習詞表-14邵語.xlsx,14邵語,1035,,
short,tha,luish,excel,32-76,短,,2026學習詞表-14邵語.xlsx,14邵語,1037,,
full,tha,mapunish,excel,32-79,滿滿,,2026學習詞表-14邵語.xlsx,14邵語,1040,,
wipe,tha,tmitish,excel,33-06,擦拭,,2026學習詞表-14邵語.xlsx,14邵語,1048,,
throw,tha,qauriwa,excel,34-19,丟棄,,2026學習詞表-14邵語.xlsx,14邵語,1069,,
count,tha,lhmupish,excel,34-29,數(計算),,2026學習詞表-14邵語.xlsx,14邵語,1079,,
good,tha,maqitan,excel,34-34,好,,2026學習詞表-14邵語.xlsx,14邵語,1084,,
not,tha,ani,excel,35-03,不是(回答用),,2026學習詞表-14邵語.xlsx,14邵語,1092,,
because,tha,maqa,excel,36-05,因為,,2026學習詞表-14邵語.xlsx,14邵語,1101,,
and,tha,masa,excel,36-18,和,,2026學習詞表-14邵語.xlsx,14邵語,1114,,
if,tha,ya,excel,36-22,如果,,2026學習詞表-14邵語.xlsx,14邵語,1118,,
one,sed_to,kingal,excel,01-01,一,,2026學習詞表-15都達賽德克語.xlsx,15都達賽德克語,5,,
two,sed_to,dha,excel,01-02,二,,2026學習詞表-15都達賽德克語.xlsx,15都達賽德克語,6,,
three,sed_to,turu,excel,01-03,三,,2026學習詞表-15都達賽德克語.xlsx,15都達賽德克語,7,,
four,sed_to,spac,excel,01-04,四,,2026學習詞表-15都達賽德克語.xlsx,15都達賽德克語,8,,
five,sed_to,rima,excel,01-05,五,,2026學習詞表-15都達賽德克語.xlsx,15都達賽德克語,9,,
six,sed_to,mturu,excel,01-06,六,,2026學習詞表-15都達賽德克語.xlsx,15都達賽德克語,10,,
seven,sed_to,mpitu,excel,01-07,七,,2026學習詞表-15都達賽德克語.xlsx,15都達賽德克語,11,,
eight,sed_to,mspac,excel,01-08,八,,2026學習詞表-15都達賽德克語.xlsx,15都達賽德克語,12,,
nine,sed_to,mngari,excel,01-09,九,,2026學習詞表-15都達賽德克語.xlsx,15都達賽德克語,13,,
ten,sed_to,maxal,excel,01-10,十,,2026學習詞表-15都達賽德克語.xlsx,15都達賽德克語,14,,
twenty,sed_to,mpusal,excel,01-20,二十,,2026學習詞表-15都達賽德克語.xlsx,15都達賽德克語,24,,
hundred,sed_to,kbkuy,excel,01-34,百,,2026學習詞表-15都達賽德克語.xlsx,15都達賽德克語,38,,
hundred,sed_to,kingal kbkuy,excel,01-35,一百,,2026學習詞表-15都達賽德克語.xlsx,15都達賽德克語,39,,
some,sed_to,tikuh,excel,01-38,一些些,,2026學習詞表-15都達賽德克語.xlsx,15都達賽德克語,42,tipiq,
all,sed_to,kana,excel,01-43,全部,,2026學習詞表-15都達賽德克語.xlsx,15都達賽德克語,47,,
few,sed_to,tipiq,excel,01-44,一點點,,2026學習詞表-15都達賽德克語.xlsx,15都達賽德克語,48,,
you_singular,sed_to,isu,excel,02-01,你,,2026學習詞表-15都達賽德克語.xlsx,15都達賽德克語,51,,
i,sed_to,yaku,excel,02-02,我,,2026學習詞表-15都達賽德克語.xlsx,15都達賽德克語,52,,
he,sed_to,hiya,excel,02-03,他,,2026學習詞表-15都達賽德克語.xlsx,15都達賽德克語,53,,
you_plural,sed_to,yamu,excel,02-04,你們,,2026學習詞表-15都達賽德克語.xlsx,15都達賽德克語,54,,
we,sed_to,yami,excel,02-05,我們,,2026學習詞表-15都達賽德克語.xlsx,15都達賽德克語,55,,
they,sed_to,dhiya,excel,02-06,他們,,2026學習詞表-15都達賽德克語.xlsx,15都達賽德克語,56,,
we,sed_to,yami,excel,02-13,我們(排除式),,2026學習詞表-15都達賽德克語.xlsx,15都達賽德克語,63,,
we,sed_to,ita,excel,02-14,咱們(包含式),,2026學習詞表-15都達賽德克語.xlsx,15都達賽德克語,64,,
that,sed_to,way,excel,02-16,那個,,2026學習詞表-15都達賽德克語.xlsx,15都達賽德克語,66,wa那個,
this,sed_to,ni,excel,02-17,這個,,2026學習詞表-15都達賽德克語.xlsx,15都達賽德克語,67,,
here,sed_to,hini,excel,02-18,這裡,,2026學習詞表-15都達賽德克語.xlsx,15都達賽德克語,68,niyi hini這裡,
there,sed_to,hiya,excel,02-19,那裡,,2026學習詞表-15都達賽德克語.xlsx,15都達賽德克語,69,wa ha那裡,
what,sed_to,manu,excel,03-02,什麼,,2026學習詞表-15都達賽德克語.xlsx,15都達賽德克語,73,,
how,sed_to,mphuya,excel,03-03,如何,,2026學習詞表-15都達賽德克語.xlsx,15都達賽德克語,74,nchuya/hyaun如何,
when,sed_to,knuwan,excel,03-04,何時(未發生),,2026學習詞表-15都達賽德克語.xlsx,15都達賽德克語,75,,
who,sed_to,ima,excel,03-05,誰,,2026學習詞表-15都達賽德克語.xlsx,15都達賽德克語,76,,
where,sed_to,inu,excel,03-07,哪裡,,2026學習詞表-15都達賽德克語.xlsx,15都達賽德克語,78,wa inu哪裡,
how,sed_to,hmuya,excel,03-09,怎麼,,2026學習詞表-15都達賽德克語.xlsx,15都達賽德克語,80,,
where,sed_to,inu,excel,03-12,什麼地方,,2026學習詞表-15都達賽德克語.xlsx,15都達賽德克語,83,,
when,sed_to,cnuwan,excel,03-13,何時(已發生),,2026學習詞表-15都達賽德克語.xlsx,15都達賽德克語,84,,
father,sed_to,tama,excel,04-01,爸爸,,2026學習詞表-15都達賽德克語.xlsx,15都達賽德克語,87,,
mother,sed_to,bubu,excel,04-02,媽媽,,2026學習詞表-15都達賽德克語.xlsx,15都達賽德克語,88,,
wife,sed_to,snaw/qridin,excel,04-07,配偶(先生/太太),,2026學習詞表-15都達賽德克語.xlsx,15都達賽德克語,93,,
husband,sed_to,snaw/qridin,excel,04-07,配偶(先生/太太),,2026學習詞表-15都達賽德克語.xlsx,15都達賽德克語,93,,
husband,sed_to,snaw,excel,04-15,丈夫,,2026學習詞表-15都達賽德克語.xlsx,15都達賽德克語,101,,
name,sed_to,hangan,excel,05-01,名字,,2026學習詞表-15都達賽德克語.xlsx,15都達賽德克語,114,,
child,sed_to,laqi,excel,05-05,孩童,,2026學習詞表-15都達賽德克語.xlsx,15都達賽德克語,118,,
woman,sed_to,qridin,excel,05-07,女性,,2026學習詞表-15都達賽德克語.xlsx,15都達賽德克語,120,,
man,sed_to,snaw,excel,05-08,男性,,2026學習詞表-15都達賽德克語.xlsx,15都達賽德克語,121,,
person,sed_to,sediq,excel,05-09,人,,2026學習詞表-15都達賽德克語.xlsx,15都達賽德克語,122,Sediq賽德克族,
ear,sed_to,birac,excel,06-01,耳朵,,2026學習詞表-15都達賽德克語.xlsx,15都達賽德克語,140,,
leg,sed_to,btriq,excel,06-02,大腿,,2026學習詞表-15都達賽德克語.xlsx,15都達賽德克語,141,,
eye,sed_to,doriq,excel,06-03,眼睛,,2026學習詞表-15都達賽德克語.xlsx,15都達賽德克語,142,,
mouth,sed_to,quwaq,excel,06-05,嘴巴,,2026學習詞表-15都達賽德克語.xlsx,15都達賽德克語,144,,
head,sed_to,tunux,excel,06-06,頭,,2026學習詞表-15都達賽德克語.xlsx,15都達賽德克語,145,,
fingernail,sed_to,kukuh,excel,06-07,指甲,,2026學習詞表-15都達賽德克語.xlsx,15都達賽德克語,146,,
hand,sed_to,bawa,excel,06-08,手,,2026學習詞表-15都達賽德克語.xlsx,15都達賽德克語,147,,
nose,sed_to,muhing,excel,06-10,鼻子,,2026學習詞表-15都達賽德克語.xlsx,15都達賽德克語,149,,
foot,sed_to,qaqay,excel,06-11,腳,,2026學習詞表-15都達賽德克語.xlsx,15都達賽德克語,150,,
tooth,sed_to,rupun,excel,06-12,牙齒,,2026學習詞表-15都達賽德克語.xlsx,15都達賽德克語,151,,
hair,sed_to,snunux,excel,06-13,頭髮,,2026學習詞表-15都達賽德克語.xlsx,15都達賽德克語,152,,
blood,sed_to,dara,excel,06-14,血,,2026學習詞表-15都達賽德克語.xlsx,15都達賽德克語,153,,
meat,sed_to,wawa,excel,06-15,肉,,2026學習詞表-15都達賽德克語.xlsx,15都達賽德克語,154,hiyi肉,
belly,sed_to,buyas,excel,06-17,肚子,,2026學習詞表-15都達賽德克語.xlsx,15都達賽德克語,156,nbuyas肚子; 腹部,
breast,sed_to,nunuh,excel,06-18,乳房,,2026學習詞表-15都達賽德克語.xlsx,15都達賽德克語,157,,
back,sed_to,bukuy,excel,06-22,背部,,2026學習詞表-15都達賽德克語.xlsx,15都達賽德克語,161,,
skin,sed_to,qraqil,excel,06-23,皮,,2026學習詞表-15都達賽德克語.xlsx,15都達賽德克語,162,,
heart,sed_to,tama baraq,excel,06-28,心臟,,2026學習詞表-15都達賽德克語.xlsx,15都達賽德克語,167,,
knee,sed_to,pungu qaqay,excel,06-31,膝蓋,,2026學習詞表-15都達賽德克語.xlsx,15都達賽德克語,170,bqlic膝蓋窩,
liver,sed_to,rumul,excel,06-34,肝臟,,2026學習詞表-15都達賽德克語.xlsx,15都達賽德克語,173,,
fat,sed_to,ricuh,excel,06-37,油脂,,2026學習詞表-15都達賽德克語.xlsx,15都達賽德克語,176,msiyang,
tongue,sed_to,hma,excel,06-42,舌頭,,2026學習詞表-15都達賽德克語.xlsx,15都達賽德克語,181,,
neck,sed_to,waru,excel,06-47,脖子,,2026學習詞表-15都達賽德克語.xlsx,15都達賽德克語,186,,
neck,sed_to,qilu,excel,06-52,頸子,,2026學習詞表-15都達賽德克語.xlsx,15都達賽德克語,191,,
tail,sed_to,ngungu,excel,07-01,尾巴,,2026學習詞表-15都達賽德克語.xlsx,15都達賽德克語,197,,
dog,sed_to,huling,excel,07-03,狗,,2026學習詞表-15都達賽德克語.xlsx,15都達賽德克語,199,,
bird,sed_to,qduda,excel,07-06,鳥,,2026學習詞表-15都達賽德克語.xlsx,15都達賽德克語,202,qbhni/qbni鳥,
fish,sed_to,qcurux,excel,07-07,魚,,2026學習詞表-15都達賽德克語.xlsx,15都達賽德克語,203,,
snake,sed_to,quyu,excel,07-19,蛇,,2026學習詞表-15都達賽德克語.xlsx,15都達賽德克語,215,,
louse,sed_to,quhing,excel,07-33,頭蝨,,2026學習詞表-15都達賽德克語.xlsx,15都達賽德克語,229,,
worm,sed_to,bicur,excel,07-39,蚯蚓,,2026學習詞表-15都達賽德克語.xlsx,15都達賽德克語,235,,
wing,sed_to,palic,excel,07-49,翅膀,,2026學習詞表-15都達賽德克語.xlsx,15都達賽德克語,245,,
horn,sed_to,urung,excel,07-64,(動物的)角,,2026學習詞表-15都達賽德克語.xlsx,15都達賽德克語,260,urung牛角、老鹿茸、羊角、羌角; tnguraw rqnux幼鹿茸,
tree,sed_to,qhuni,excel,08-03,樹,,2026學習詞表-15都達賽德克語.xlsx,15都達賽德克語,265,,
leaf,sed_to,wasaw,excel,08-06,葉子,,2026學習詞表-15都達賽德克語.xlsx,15都達賽德克語,268,,
flower,sed_to,phpah,excel,08-09,花朵,,2026學習詞表-15都達賽德克語.xlsx,15都達賽德克語,271,,
stick,sed_to,cida,excel,08-15,樹枝,,2026學習詞表-15都達賽德克語.xlsx,15都達賽德克語,277,,
fruit,sed_to,hiyi pnwalang,excel,08-16,(植物的)果實,,2026學習詞表-15都達賽德克語.xlsx,15都達賽德克語,278,,
grass,sed_to,spriq,excel,08-20,草,,2026學習詞表-15都達賽德克語.xlsx,15都達賽德克語,282,,
fruit,sed_to,hiyi qhuni,excel,08-24,水果,,2026學習詞表-15都達賽德克語.xlsx,15都達賽德克語,286,,
root,sed_to,wamil,excel,08-28,樹根,,2026學習詞表-15都達賽德克語.xlsx,15都達賽德克語,290,,
seed,sed_to,rhak,excel,08-44,種子,,2026學習詞表-15都達賽德克語.xlsx,15都達賽德克語,306,,
rope,sed_to,wasil,excel,09-15,繩索,,2026學習詞表-15都達賽德克語.xlsx,15都達賽德克語,335,,
stick,sed_to,qrti,excel,09-18,枝條,,2026學習詞表-15都達賽德克語.xlsx,15都達賽德克語,338,,
ash,sed_to,qbulic,excel,09-49,炭灰,,2026學習詞表-15都達賽德克語.xlsx,15都達賽德克語,369,,
road,sed_to,elu,excel,10-01,道路,,2026學習詞表-15都達賽德克語.xlsx,15都達賽德克語,393,,
forest,sed_to,bbuyu,excel,10-02,森林,,2026學習詞表-15都達賽德克語.xlsx,15都達賽德克語,394,,
wind,sed_to,bwihur,excel,10-04,風,,2026學習詞表-15都達賽德克語.xlsx,15都達賽德克語,396,,
sand,sed_to,bnaqi,excel,10-05,沙子,,2026學習詞表-15都達賽德克語.xlsx,15都達賽德克語,397,,
earth,sed_to,dxral,excel,10-06,泥土,,2026學習詞表-15都達賽德克語.xlsx,15都達賽德克語,398,,
river,sed_to,yayung,excel,10-07,河流,,2026學習詞表-15都達賽德克語.xlsx,15都達賽德克語,399,,
lake,sed_to,langu,excel,10-08,湖泊,,2026學習詞表-15都達賽德克語.xlsx,15都達賽德克語,400,,
sun,sed_to,hidaw,excel,11-02,太陽,,2026學習詞表-15都達賽德克語.xlsx,15都達賽德克語,417,,
moon,sed_to,idas,excel,11-03,月亮,,2026學習詞表-15都達賽德克語.xlsx,15都達賽德克語,418,,
sky,sed_to,karac,excel,11-04,天空,,2026學習詞表-15都達賽德克語.xlsx,15都達賽德克語,419,,
star,sed_to,pngerah,excel,11-05,星星,,2026學習詞表-15都達賽德克語.xlsx,15都達賽德克語,420,碗,
rain,sed_to,quyux,excel,11-06,雨,,2026學習詞表-15都達賽德克語.xlsx,15都達賽德克語,421,,
snow,sed_to,huda,excel,11-07,雪,,2026學習詞表-15都達賽德克語.xlsx,15都達賽德克語,422,,
cloud,sed_to,rulung,excel,11-12,雲,,2026學習詞表-15都達賽德克語.xlsx,15都達賽德克語,427,,
smoke,sed_to,qrngul,excel,11-13,煙,,2026學習詞表-15都達賽德克語.xlsx,15都達賽德克語,428,,
fire,sed_to,puniq,excel,11-17,火,,2026學習詞表-15都達賽德克語.xlsx,15都達賽德克語,432,,
ice,sed_to,huda,excel,11-18,冰,,2026學習詞表-15都達賽德克語.xlsx,15都達賽德克語,433,,
stone,sed_to,btunux,excel,12-05,石頭,,2026學習詞表-15都達賽德克語.xlsx,15都達賽德克語,454,單手可拿起的,
night,sed_to,kman,excel,13-02,晚上,,2026學習詞表-15都達賽德克語.xlsx,15都達賽德克語,471,,
day,sed_to,diyan,excel,13-07,白天,,2026學習詞表-15都達賽德克語.xlsx,15都達賽德克語,476,,
night,sed_to,kman,excel,13-22,夜,,2026學習詞表-15都達賽德克語.xlsx,15都達賽德克語,491,cka rabi午夜；半夜,
year,sed_to,kngkawas,excel,13-28,年,,2026學習詞表-15都達賽德克語.xlsx,15都達賽德克語,497,kngkwasan,
in,sed_to,ruma,excel,14-01,裡面,,2026學習詞表-15都達賽德克語.xlsx,15都達賽德克語,502,,
at,sed_to,wa ha,excel,14-02,在某處,,2026學習詞表-15都達賽德克語.xlsx,15都達賽德克語,503,wa hiya在那裏,
right,sed_to,narac,excel,14-10,右邊,,2026學習詞表-15都達賽德克語.xlsx,15都達賽德克語,511,,
left,sed_to,iwil,excel,14-11,左邊,,2026學習詞表-15都達賽德克語.xlsx,15都達賽德克語,512,iril,
water,sed_to,qsiya,excel,21-02,水,,2026學習詞表-15都達賽德克語.xlsx,15都達賽德克語,601,,
salt,sed_to,timu,excel,21-07,鹽,,2026學習詞表-15都達賽德克語.xlsx,15都達賽德克語,606,,
egg,sed_to,balung,excel,21-09,蛋,,2026學習詞表-15都達賽德克語.xlsx,15都達賽德克語,608,,
white,sed_to,bhuway,excel,22-01,白色,,2026學習詞表-15都達賽德克語.xlsx,15都達賽德克語,626,mbhuway,
black,sed_to,mqalux,excel,22-02,黑色,,2026學習詞表-15都達賽德克語.xlsx,15都達賽德克語,627,,
red,sed_to,mbanah,excel,22-03,紅色,,2026學習詞表-15都達賽德克語.xlsx,15都達賽德克語,628,,
yellow,sed_to,mcayis,excel,22-05,黃色,,2026學習詞表-15都達賽德克語.xlsx,15都達賽德克語,630,,
green,sed_to,msama,excel,22-08,綠色,,2026學習詞表-15都達賽德克語.xlsx,15都達賽德克語,633,,
give,sed_to,bqani,excel,25-07,給,,2026學習詞表-15都達賽德克語.xlsx,15都達賽德克語,663,biqi; muway給,
come,sed_to,miyah,excel,25-08,來,,2026學習詞表-15都達賽德克語.xlsx,15都達賽德克語,664,,
walk,sed_to,mksa,excel,25-10,走路,,2026學習詞表-15都達賽德克語.xlsx,15都達賽德克語,666,,
fly,sed_to,skaya,excel,25-12,飛,,2026學習詞表-15都達賽德克語.xlsx,15都達賽德克語,668,,
fall,sed_to,mhhur,excel,25-26,(植物的果實)掉落,,2026學習詞表-15都達賽德克語.xlsx,15都達賽德克語,682,,
sit,sed_to,tlung,excel,25-43,坐著,,2026學習詞表-15都達賽德克語.xlsx,15都達賽德克語,699,,
stand,sed_to,mhiyu,excel,25-44,站著,,2026學習詞表-15都達賽德克語.xlsx,15都達賽德克語,700,,
sit,sed_to,tlung,excel,26-03,坐下,,2026學習詞表-15都達賽德克語.xlsx,15都達賽德克語,712,,
hit,sed_to,smbuc,excel,26-08,打(人),,2026學習詞表-15都達賽德克語.xlsx,15都達賽德克語,717,cmbu打;射; ptuluk揍,
stab,sed_to,meytaq,excel,26-09,刺,,2026學習詞表-15都達賽德克語.xlsx,15都達賽德克語,718,cmuqi刺,
push,sed_to,cmikul,excel,26-13,推,,2026學習詞表-15都達賽德克語.xlsx,15都達賽德克語,722,,
scratch,sed_to,kmawah,excel,26-18,抓癢,,2026學習詞表-15都達賽德克語.xlsx,15都達賽德克語,727,,
lie,sed_to,tqraq,excel,26-20,躺,,2026學習詞表-15都達賽德克語.xlsx,15都達賽德克語,729,ksaraw躺,
blow,sed_to,miyuk,excel,26-28,吹,,2026學習詞表-15都達賽德克語.xlsx,15都達賽德克語,737,,
dig,sed_to,kmari,excel,26-29,挖掘,,2026學習詞表-15都達賽德克語.xlsx,15都達賽德克語,738,,
cut,sed_to,mbuh,excel,26-30,切,,2026學習詞表-15都達賽德克語.xlsx,15都達賽德克語,739,mbing; kmuruc,
swim,sed_to,tmapaq qsiya,excel,26-31,游泳,,2026學習詞表-15都達賽德克語.xlsx,15都達賽德克語,740,,
tie,sed_to,bkuy,excel,26-38,綁住,,2026學習詞表-15都達賽德克語.xlsx,15都達賽德克語,747,,
pull,sed_to,blbil,excel,26-39,拉,,2026學習詞表-15都達賽德克語.xlsx,15都達賽德克語,748,dmulus拖著,
split,sed_to,cmax,excel,26-40,劈(木材),,2026學習詞表-15都達賽德克語.xlsx,15都達賽德克語,749,,
hold,sed_to,dmidil,excel,26-42,提著,,2026學習詞表-15都達賽德克語.xlsx,15都達賽德克語,751,,
hold,sed_to,dmuwi,excel,26-43,握著,,2026學習詞表-15都達賽德克語.xlsx,15都達賽德克語,752,,
tie,sed_to,mkuy,excel,26-44,捆綁,,2026學習詞表-15都達賽德克語.xlsx,15都達賽德克語,753,bkiyan綑綁,
scratch,sed_to,kmkaw,excel,26-56,搔癢,,2026學習詞表-15都達賽德克語.xlsx,15都達賽德克語,765,,
rub,sed_to,rndruc,excel,26-85,揉搓(衣物),,2026學習詞表-15都達賽德克語.xlsx,15都達賽德克語,794,dmruc,
lie,sed_to,sbang,excel,26-88,側臥,,2026學習詞表-15都達賽德克語.xlsx,15都達賽德克語,797,,
fight,sed_to,tdiyal,excel,26-96,打架,,2026學習詞表-15都達賽德克語.xlsx,15都達賽德克語,805,tlayan,
squeeze,sed_to,muruc,excel,26-97,擠,,2026學習詞表-15都達賽德克語.xlsx,15都達賽德克語,806,,
dig,sed_to,kmari,excel,26-100,(用手)挖掘,,2026學習詞表-15都達賽德克語.xlsx,15都達賽德克語,809,,
stand,sed_to,tutuy,excel,26-105,起立,,2026學習詞表-15都達賽德克語.xlsx,15都達賽德克語,814,hiyu,
eat,sed_to,mkan,excel,27-01,吃,,2026學習詞表-15都達賽德克語.xlsx,15都達賽德克語,816,qi; uqi; kan吃,
suck,sed_to,mhuc,excel,27-02,吸,,2026學習詞表-15都達賽德克語.xlsx,15都達賽德克語,817,,
drink,sed_to,mimah,excel,27-03,喝,,2026學習詞表-15都達賽德克語.xlsx,15都達賽德克語,818,mahi喝,
vomit,sed_to,pbrih,excel,27-04,吐,,2026學習詞表-15都達賽德克語.xlsx,15都達賽德克語,819,brih吐; tmuyuq吐口水,
bite,sed_to,qmiyuc,excel,27-05,咬,,2026學習詞表-15都達賽德克語.xlsx,15都達賽德克語,820,qyuti咬,
eat,sed_to,mkan,excel,27-15,吃(東西),,2026學習詞表-15都達賽德克語.xlsx,15都達賽德克語,830,kan; qi; uqi吃,
know,sed_to,mkla,excel,28-02,知道,,2026學習詞表-15都達賽德克語.xlsx,15都達賽德克語,836,klaun,
see,sed_to,qmita,excel,28-03,看,,2026學習詞表-15都達賽德克語.xlsx,15都達賽德克語,837,,
say,sed_to,rmngaw,excel,28-04,說,,2026學習詞表-15都達賽德克語.xlsx,15都達賽德克語,838,rngaw,
smell,sed_to,snknux,excel,28-07,聞(如聞味道),,2026學習詞表-15都達賽德克語.xlsx,15都達賽德克語,841,smknux,
hear,sed_to,mbahang,excel,28-19,聽,,2026學習詞表-15都達賽德克語.xlsx,15都達賽德克語,853,qbahang,
think,sed_to,lmngelung,excel,28-25,想(思考),,2026學習詞表-15都達賽德克語.xlsx,15都達賽德克語,859,lnglungi; lmlung想(思考),
fear,sed_to,micu,excel,29-02,害怕,,2026學習詞表-15都達賽德克語.xlsx,15都達賽德克語,866,,
wash,sed_to,mahu,excel,30-02,洗(衣物),,2026學習詞表-15都達賽德克語.xlsx,15都達賽德克語,876,,
sleep,sed_to,mtaqi,excel,30-09,睡覺,,2026學習詞表-15都達賽德克語.xlsx,15都達賽德克語,883,,
kill,sed_to,smipaq,excel,30-10,殺牲畜,,2026學習詞表-15都達賽德克語.xlsx,15都達賽德克語,884,umuyak殺豬; phuqil殺死,
lie,sed_to,tqraq,excel,30-16,躺臥,,2026學習詞表-15都達賽德克語.xlsx,15都達賽德克語,890,sbang躺臥,
burn,sed_to,psqama,excel,30-20,燒(如燒稻草),,2026學習詞表-15都達賽德克語.xlsx,15都達賽德克語,894,mtahu生火; psramaq起火燃燒; hmudur/hmudung燒,
hunt,sed_to,durang,excel,30-25,陷獵,,2026學習詞表-15都達賽德克語.xlsx,15都達賽德克語,899,dmangar,
burn,sed_to,sqama,excel,30-54,燃燒,,2026學習詞表-15都達賽德克語.xlsx,15都達賽德克語,928,,
drink,sed_to,mimah,excel,30-61,喝(水),,2026學習詞表-15都達賽德克語.xlsx,15都達賽德克語,935,,
sing,sed_to,muyas uyas,excel,30-64,唱歌,,2026學習詞表-15都達賽德克語.xlsx,15都達賽德克語,938,muyas sapah pyasan在學校上課,
play,sed_to,mpulah,excel,30-65,玩耍,,2026學習詞表-15都達賽德克語.xlsx,15都達賽德克語,939,,
die,sed_to,mhuqil,excel,31-01,死亡,,2026學習詞表-15都達賽德克語.xlsx,15都達賽德克語,941,huqil指所有生物的死亡; mrdang單指人類的死亡,
live,sed_to,mudus,excel,31-08,活的,,2026學習詞表-15都達賽德克語.xlsx,15都達賽德克語,948,,
heavy,sed_to,chdil,excel,32-02,重(重量),,2026學習詞表-15都達賽德克語.xlsx,15都達賽德克語,963,,
big,sed_to,beyhing,excel,32-05,大的,,2026學習詞表-15都達賽德克語.xlsx,15都達賽德克語,966,beyhing無限大的(泛指所有一切); beyring大的(指生物); beyki大的(指物體); paru一般大小(泛指所有),
cold,sed_to,mskuy,excel,32-08,冷,,2026學習詞表-15都達賽德克語.xlsx,15都達賽德克語,969,,
small,sed_to,tiping,excel,32-09,小的,,2026學習詞表-15都達賽德克語.xlsx,15都達賽德克語,970,"tipiq小的, 一點; tiring更小的",
many,sed_to,ou,excel,32-10,多,,2026學習詞表-15都達賽德克語.xlsx,15都達賽德克語,971,kari bay,
cold,sed_to,tltu,excel,32-12,冰冷,,2026學習詞表-15都達賽德克語.xlsx,15都達賽德克語,973,,
few,sed_to,tikuh,excel,32-14,少的,,2026學習詞表-15都達賽德克語.xlsx,15都達賽德克語,975,tipiq少的(指物品或食物),
laugh,sed_to,mhulis,excel,32-16,笑,,2026學習詞表-15都達賽德克語.xlsx,15都達賽德克語,977,,
wet,sed_to,mhuriq,excel,32-17,濕的,,2026學習詞表-15都達賽德克語.xlsx,15都達賽德克語,978,,
thick,sed_to,kndux,excel,32-19,厚的,,2026學習詞表-15都達賽德克語.xlsx,15都達賽德克語,980,,
thin,sed_to,mpux,excel,32-21,薄的,,2026學習詞表-15都達賽德克語.xlsx,15都達賽德克語,982,hlpis單薄的,
dirty,sed_to,rutiq,excel,32-22,髒,,2026學習詞表-15都達賽德克語.xlsx,15都達賽德克語,983,,
dry,sed_to,mdngu,excel,32-28,乾的,,2026學習詞表-15都達賽德克語.xlsx,15都達賽德克語,989,,
new,sed_to,burah,excel,32-31,新的,,2026學習詞表-15都達賽德克語.xlsx,15都達賽德克語,992,,
old,sed_to,smudal,excel,32-32,舊的,,2026學習詞表-15都達賽德克語.xlsx,15都達賽德克語,993,,
near,sed_to,dalih,excel,32-33,近,,2026學習詞表-15都達賽德克語.xlsx,15都達賽德克語,994,,
bad,sed_to,naqah,excel,32-35,壞掉,,2026學習詞表-15都達賽德克語.xlsx,15都達賽德克語,996,,
far,sed_to,thiyaq,excel,32-37,遠,,2026學習詞表-15都達賽德克語.xlsx,15都達賽德克語,998,,
swell,sed_to,mlabu,excel,32-38,腫,,2026學習詞表-15都達賽德克語.xlsx,15都達賽德克語,999,,
smooth,sed_to,sdhriq,excel,32-44,滑,,2026學習詞表-15都達賽德克語.xlsx,15都達賽德克語,1005,,
warm,sed_to,muxul,excel,32-56,暖和,,2026學習詞表-15都達賽德克語.xlsx,15都達賽德克語,1017,,
dull,sed_to,muapung,excel,32-57,鈍的,,2026學習詞表-15都達賽德克語.xlsx,15都達賽德克語,1018,ini ekan; ini khungun指刀不鋒利,
straight,sed_to,sdurux,excel,32-65,直,,2026學習詞表-15都達賽德克語.xlsx,15都達賽德克語,1026,,
full,sed_to,thngay da,excel,32-66,滿了,,2026學習詞表-15都達賽德克語.xlsx,15都達賽德克語,1027,,
wide,sed_to,thdiq,excel,32-68,(空間)寬敞,,2026學習詞表-15都達賽德克語.xlsx,15都達賽德克語,1029,llabang寬敞; ini tkiyux不會擁擠,
correct,sed_to,mndungus,excel,32-69,正確,,2026學習詞表-15都達賽德克語.xlsx,15都達賽德克語,1030,balay babay真正的; nduwa balay真實的; ini qnuqu沒有錯誤,
warm,sed_to,muxul,excel,32-72,溫的(水),,2026學習詞表-15都達賽德克語.xlsx,15都達賽德克語,1033,mtltu冷的,
long,sed_to,qndiwan,excel,32-74,長,,2026學習詞表-15都達賽德克語.xlsx,15都達賽德克語,1035,bbaraw,
short,sed_to,llbu,excel,32-76,短,,2026學習詞表-15都達賽德克語.xlsx,15都達賽德克語,1037,butun短,
full,sed_to,htngay,excel,32-79,滿滿,,2026學習詞表-15都達賽德克語.xlsx,15都達賽德克語,1040,,
wipe,sed_to,smurus,excel,33-06,擦拭,,2026學習詞表-15都達賽德克語.xlsx,15都達賽德克語,1048,,
throw,sed_to,qmada,excel,34-19,丟棄,,2026學習詞表-15都達賽德克語.xlsx,15都達賽德克語,1069,qdani丟棄(祈使句),
count,sed_to,smpu,excel,34-29,數(計算),,2026學習詞表-15都達賽德克語.xlsx,15都達賽德克語,1079,snpuwan數過的,
good,sed_to,malu,excel,34-34,好的,,2026學習詞表-15都達賽德克語.xlsx,15都達賽德克語,1084,iyaq,
not,sed_to,uxay,excel,35-03,不是(回答用),,2026學習詞表-15都達賽德克語.xlsx,15都達賽德克語,1092,,
because,sed_to,alaw,excel,36-05,因為,,2026學習詞表-15都達賽德克語.xlsx,15都達賽德克語,1101,adaw; anaw因為,
and,sed_to,mi,excel,36-18,和,,2026學習詞表-15都達賽德克語.xlsx,15都達賽德克語,1114,dha以及; 二,
if,sed_to,nasi,excel,36-22,如果,,2026學習詞表-15都達賽德克語.xlsx,15都達賽德克語,1118,,
one,sed_tg,kingal,excel,01-01,一,,2026學習詞表-16德固達雅賽德克語.xlsx,16德固達雅賽德克語,5,,
two,sed_tg,daha,excel,01-02,二,,2026學習詞表-16德固達雅賽德克語.xlsx,16德固達雅賽德克語,6,,
three,sed_tg,teru,excel,01-03,三,,2026學習詞表-16德固達雅賽德克語.xlsx,16德固達雅賽德克語,7,,
four,sed_tg,sepac,excel,01-04,四,,2026學習詞表-16德固達雅賽德克語.xlsx,16德固達雅賽德克語,8,,
five,sed_tg,rima,excel,01-05,五,,2026學習詞表-16德固達雅賽德克語.xlsx,16德固達雅賽德克語,9,,
six,sed_tg,mmteru,excel,01-06,六,,2026學習詞表-16德固達雅賽德克語.xlsx,16德固達雅賽德克語,10,,
seven,sed_tg,mpitu,excel,01-07,七,,2026學習詞表-16德固達雅賽德克語.xlsx,16德固達雅賽德克語,11,,
eight,sed_tg,mmsepac,excel,01-08,八,,2026學習詞表-16德固達雅賽德克語.xlsx,16德固達雅賽德克語,12,,
nine,sed_tg,mngari,excel,01-09,九,,2026學習詞表-16德固達雅賽德克語.xlsx,16德固達雅賽德克語,13,,
ten,sed_tg,maxal,excel,01-10,十,,2026學習詞表-16德固達雅賽德克語.xlsx,16德固達雅賽德克語,14,,
twenty,sed_tg,mpusal,excel,01-20,二十,,2026學習詞表-16德固達雅賽德克語.xlsx,16德固達雅賽德克語,24,,
hundred,sed_tg,kbekuy,excel,01-34,百,,2026學習詞表-16德固達雅賽德克語.xlsx,16德固達雅賽德克語,38,,
hundred,sed_tg,kingal kbekuy,excel,01-35,一百,,2026學習詞表-16德固達雅賽德克語.xlsx,16德固達雅賽德克語,39,,
some,sed_tg,tikuh,excel,01-38,一些些,,2026學習詞表-16德固達雅賽德克語.xlsx,16德固達雅賽德克語,42,,
all,sed_tg,kana,excel,01-43,全部,,2026學習詞表-16德固達雅賽德克語.xlsx,16德固達雅賽德克語,47,,
few,sed_tg,tikuh,excel,01-44,一點點,,2026學習詞表-16德固達雅賽德克語.xlsx,16德固達雅賽德克語,48,,
you_singular,sed_tg,isu,excel,02-01,你,,2026學習詞表-16德固達雅賽德克語.xlsx,16德固達雅賽德克語,51,,
i,sed_tg,yaku,excel,02-02,我,,2026學習詞表-16德固達雅賽德克語.xlsx,16德固達雅賽德克語,52,,
he,sed_tg,heya,excel,02-03,他,,2026學習詞表-16德固達雅賽德克語.xlsx,16德固達雅賽德克語,53,,
you_plural,sed_tg,yamu,excel,02-04,你們,,2026學習詞表-16德固達雅賽德克語.xlsx,16德固達雅賽德克語,54,,
we,sed_tg,yami,excel,02-05,我們,,2026學習詞表-16德固達雅賽德克語.xlsx,16德固達雅賽德克語,55,,
they,sed_tg,dheya,excel,02-06,他們,,2026學習詞表-16德固達雅賽德克語.xlsx,16德固達雅賽德克語,56,,
we,sed_tg,yami,excel,02-13,我們(排除式),,2026學習詞表-16德固達雅賽德克語.xlsx,16德固達雅賽德克語,63,miyan,
we,sed_tg,nita,excel,02-14,咱們(包含式),,2026學習詞表-16德固達雅賽德克語.xlsx,16德固達雅賽德克語,64,,
that,sed_tg,gaga,excel,02-16,那個,,2026學習詞表-16德固達雅賽德克語.xlsx,16德固達雅賽德克語,66,,
this,sed_tg,nii,excel,02-17,這個,,2026學習詞表-16德固達雅賽德克語.xlsx,16德固達雅賽德克語,67,,
here,sed_tg,hini,excel,02-18,這裡,,2026學習詞表-16德固達雅賽德克語.xlsx,16德固達雅賽德克語,68,,
there,sed_tg,hiya,excel,02-19,那裡,,2026學習詞表-16德固達雅賽德克語.xlsx,16德固達雅賽德克語,69,,
what,sed_tg,maanu,excel,03-02,什麼,,2026學習詞表-16德固達雅賽德克語.xlsx,16德固達雅賽德克語,73,,
how,sed_tg,hmuwa,excel,03-03,如何,,2026學習詞表-16德固達雅賽德克語.xlsx,16德固達雅賽德克語,74,,
when,sed_tg,knuwan,excel,03-04,何時(未發生),,2026學習詞表-16德固達雅賽德克語.xlsx,16德固達雅賽德克語,75,,
who,sed_tg,ima,excel,03-05,誰,,2026學習詞表-16德固達雅賽德克語.xlsx,16德固達雅賽德克語,76,,
where,sed_tg,inu,excel,03-07,哪裡,,2026學習詞表-16德固達雅賽德克語.xlsx,16德固達雅賽德克語,78,,
how,sed_tg,hmuwa,excel,03-09,怎麼,,2026學習詞表-16德固達雅賽德克語.xlsx,16德固達雅賽德克語,80,,
where,sed_tg,inu,excel,03-12,什麼地方,,2026學習詞表-16德固達雅賽德克語.xlsx,16德固達雅賽德克語,83,,
when,sed_tg,knuwan,excel,03-13,何時(已發生),,2026學習詞表-16德固達雅賽德克語.xlsx,16德固達雅賽德克語,84,,
father,sed_tg,tama,excel,04-01,爸爸,,2026學習詞表-16德固達雅賽德克語.xlsx,16德固達雅賽德克語,87,,
mother,sed_tg,bubu,excel,04-02,媽媽,,2026學習詞表-16德固達雅賽德克語.xlsx,16德固達雅賽德克語,88,,
wife,sed_tg,seno/qedil,excel,04-07,配偶(先生/太太),,2026學習詞表-16德固達雅賽德克語.xlsx,16德固達雅賽德克語,93,,
husband,sed_tg,seno/qedil,excel,04-07,配偶(先生/太太),,2026學習詞表-16德固達雅賽德克語.xlsx,16德固達雅賽德克語,93,,
husband,sed_tg,seno,excel,04-15,丈夫,,2026學習詞表-16德固達雅賽德克語.xlsx,16德固達雅賽德克語,101,,
name,sed_tg,ngayan,excel,05-01,名字,,2026學習詞表-16德固達雅賽德克語.xlsx,16德固達雅賽德克語,114,,
child,sed_tg,laqi,excel,05-05,孩童,,2026學習詞表-16德固達雅賽德克語.xlsx,16德固達雅賽德克語,118,,
woman,sed_tg,mqedil,excel,05-07,女性,,2026學習詞表-16德固達雅賽德克語.xlsx,16德固達雅賽德克語,120,,
man,sed_tg,rseno,excel,05-08,男性,,2026學習詞表-16德固達雅賽德克語.xlsx,16德固達雅賽德克語,121,,
person,sed_tg,seediq,excel,05-09,人,,2026學習詞表-16德固達雅賽德克語.xlsx,16德固達雅賽德克語,122,Seediq賽德克族,
ear,sed_tg,birac,excel,06-01,耳朵,,2026學習詞表-16德固達雅賽德克語.xlsx,16德固達雅賽德克語,140,,
leg,sed_tg,bteriq,excel,06-02,大腿,,2026學習詞表-16德固達雅賽德克語.xlsx,16德固達雅賽德克語,141,,
eye,sed_tg,doriq,excel,06-03,眼睛,,2026學習詞表-16德固達雅賽德克語.xlsx,16德固達雅賽德克語,142,,
mouth,sed_tg,quwaq,excel,06-05,嘴巴,,2026學習詞表-16德固達雅賽德克語.xlsx,16德固達雅賽德克語,144,,
head,sed_tg,tunux,excel,06-06,頭,,2026學習詞表-16德固達雅賽德克語.xlsx,16德固達雅賽德克語,145,,
fingernail,sed_tg,kukuh,excel,06-07,指甲,,2026學習詞表-16德固達雅賽德克語.xlsx,16德固達雅賽德克語,146,,
hand,sed_tg,baga,excel,06-08,手,,2026學習詞表-16德固達雅賽德克語.xlsx,16德固達雅賽德克語,147,,
nose,sed_tg,muhing,excel,06-10,鼻子,,2026學習詞表-16德固達雅賽德克語.xlsx,16德固達雅賽德克語,149,,
foot,sed_tg,papak,excel,06-11,腳,,2026學習詞表-16德固達雅賽德克語.xlsx,16德固達雅賽德克語,150,,
tooth,sed_tg,rupun,excel,06-12,牙齒,,2026學習詞表-16德固達雅賽德克語.xlsx,16德固達雅賽德克語,151,,
hair,sed_tg,snuunux,excel,06-13,頭髮,,2026學習詞表-16德固達雅賽德克語.xlsx,16德固達雅賽德克語,152,,
blood,sed_tg,dara,excel,06-14,血,,2026學習詞表-16德固達雅賽德克語.xlsx,16德固達雅賽德克語,153,,
meat,sed_tg,wawa,excel,06-15,肉,,2026學習詞表-16德固達雅賽德克語.xlsx,16德固達雅賽德克語,154,,
belly,sed_tg,nbuyas,excel,06-17,肚子,,2026學習詞表-16德固達雅賽德克語.xlsx,16德固達雅賽德克語,156,,
breast,sed_tg,nunuh,excel,06-18,乳房,,2026學習詞表-16德固達雅賽德克語.xlsx,16德固達雅賽德克語,157,,
back,sed_tg,bukuy,excel,06-22,背部,,2026學習詞表-16德固達雅賽德克語.xlsx,16德固達雅賽德克語,161,,
skin,sed_tg,qraqil,excel,06-23,皮,,2026學習詞表-16德固達雅賽德克語.xlsx,16德固達雅賽德克語,162,,
heart,sed_tg,toma bahak,excel,06-28,心臟,,2026學習詞表-16德固達雅賽德克語.xlsx,16德固達雅賽德克語,167,,
knee,sed_tg,pungu papak,excel,06-31,膝蓋,,2026學習詞表-16德固達雅賽德克語.xlsx,16德固達雅賽德克語,170,,
liver,sed_tg,rumun,excel,06-34,肝臟,,2026學習詞表-16德固達雅賽德克語.xlsx,16德固達雅賽德克語,173,,
fat,sed_tg,daruk,excel,06-37,油脂,,2026學習詞表-16德固達雅賽德克語.xlsx,16德固達雅賽德克語,176,,
tongue,sed_tg,hema,excel,06-42,舌頭,,2026學習詞表-16德固達雅賽德克語.xlsx,16德固達雅賽德克語,181,,
neck,sed_tg,nduyung,excel,06-47,脖子,,2026學習詞表-16德固達雅賽德克語.xlsx,16德固達雅賽德克語,186,,
neck,sed_tg,qilu,excel,06-52,頸子,,2026學習詞表-16德固達雅賽德克語.xlsx,16德固達雅賽德克語,191,,
tail,sed_tg,ngungu,excel,07-01,尾巴,,2026學習詞表-16德固達雅賽德克語.xlsx,16德固達雅賽德克語,197,,
dog,sed_tg,huling,excel,07-03,狗,,2026學習詞表-16德固達雅賽德克語.xlsx,16德固達雅賽德克語,199,,
bird,sed_tg,qbheni,excel,07-06,鳥,,2026學習詞表-16德固達雅賽德克語.xlsx,16德固達雅賽德克語,202,,
fish,sed_tg,qcurux,excel,07-07,魚,,2026學習詞表-16德固達雅賽德克語.xlsx,16德固達雅賽德克語,203,,
snake,sed_tg,quyu,excel,07-19,蛇,,2026學習詞表-16德固達雅賽德克語.xlsx,16德固達雅賽德克語,215,,
louse,sed_tg,quhing,excel,07-33,頭蝨,,2026學習詞表-16德固達雅賽德克語.xlsx,16德固達雅賽德克語,229,,
worm,sed_tg,bicun,excel,07-39,蚯蚓,,2026學習詞表-16德固達雅賽德克語.xlsx,16德固達雅賽德克語,235,,
wing,sed_tg,palic,excel,07-49,翅膀,,2026學習詞表-16德固達雅賽德克語.xlsx,16德固達雅賽德克語,245,,
horn,sed_tg,urung,excel,07-64,(動物的)角,,2026學習詞表-16德固達雅賽德克語.xlsx,16德固達雅賽德克語,260,,
tree,sed_tg,qhuni,excel,08-03,樹,,2026學習詞表-16德固達雅賽德克語.xlsx,16德固達雅賽德克語,265,,
leaf,sed_tg,waso,excel,08-06,葉子,,2026學習詞表-16德固達雅賽德克語.xlsx,16德固達雅賽德克語,268,,
flower,sed_tg,phepah,excel,08-09,花朵,,2026學習詞表-16德固達雅賽德克語.xlsx,16德固達雅賽德克語,271,,
stick,sed_tg,cida qhuni,excel,08-15,樹枝,,2026學習詞表-16德固達雅賽德克語.xlsx,16德固達雅賽德克語,277,,
fruit,sed_tg,hei qhuni,excel,08-16,(植物的)果實,,2026學習詞表-16德固達雅賽德克語.xlsx,16德固達雅賽德克語,278,,
grass,sed_tg,speriq,excel,08-20,草,,2026學習詞表-16德固達雅賽德克語.xlsx,16德固達雅賽德克語,282,,
fruit,sed_tg,hei qhuni,excel,08-24,水果,,2026學習詞表-16德固達雅賽德克語.xlsx,16德固達雅賽德克語,286,,
root,sed_tg,gamil qhuni,excel,08-28,樹根,,2026學習詞表-16德固達雅賽德克語.xlsx,16德固達雅賽德克語,290,,
seed,sed_tg,rehak,excel,08-44,種子,,2026學習詞表-16德固達雅賽德克語.xlsx,16德固達雅賽德克語,306,,
rope,sed_tg,negul,excel,09-15,繩索,,2026學習詞表-16德固達雅賽德克語.xlsx,16德固達雅賽德克語,335,,
stick,sed_tg,qreti,excel,09-18,枝條,,2026學習詞表-16德固達雅賽德克語.xlsx,16德固達雅賽德克語,338,,
ash,sed_tg,qbulic,excel,09-49,炭灰,,2026學習詞表-16德固達雅賽德克語.xlsx,16德固達雅賽德克語,369,,
road,sed_tg,eluw,excel,10-01,道路,,2026學習詞表-16德固達雅賽德克語.xlsx,16德固達雅賽德克語,393,,
forest,sed_tg,bbuyu,excel,10-02,森林,,2026學習詞表-16德固達雅賽德克語.xlsx,16德固達雅賽德克語,394,,
wind,sed_tg,bgihur,excel,10-04,風,,2026學習詞表-16德固達雅賽德克語.xlsx,16德固達雅賽德克語,396,,
sand,sed_tg,bnaquy,excel,10-05,沙子,,2026學習詞表-16德固達雅賽德克語.xlsx,16德固達雅賽德克語,397,,
earth,sed_tg,dheran,excel,10-06,泥土,,2026學習詞表-16德固達雅賽德克語.xlsx,16德固達雅賽德克語,398,,
river,sed_tg,yayung,excel,10-07,河流,,2026學習詞表-16德固達雅賽德克語.xlsx,16德固達雅賽德克語,399,,
lake,sed_tg,rcilung,excel,10-08,湖泊,,2026學習詞表-16德固達雅賽德克語.xlsx,16德固達雅賽德克語,400,,
sun,sed_tg,hido,excel,11-02,太陽,,2026學習詞表-16德固達雅賽德克語.xlsx,16德固達雅賽德克語,417,,
moon,sed_tg,idas,excel,11-03,月亮,,2026學習詞表-16德固達雅賽德克語.xlsx,16德固達雅賽德克語,418,,
sky,sed_tg,karac,excel,11-04,天空,,2026學習詞表-16德固達雅賽德克語.xlsx,16德固達雅賽德克語,419,,
star,sed_tg,pngerah,excel,11-05,星星,,2026學習詞表-16德固達雅賽德克語.xlsx,16德固達雅賽德克語,420,碗,
rain,sed_tg,quyux,excel,11-06,雨,,2026學習詞表-16德固達雅賽德克語.xlsx,16德固達雅賽德克語,421,,
snow,sed_tg,huda,excel,11-07,雪,,2026學習詞表-16德固達雅賽德克語.xlsx,16德固達雅賽德克語,422,,
cloud,sed_tg,plabu,excel,11-12,雲,,2026學習詞表-16德固達雅賽德克語.xlsx,16德固達雅賽德克語,427,,
smoke,sed_tg,qrengun,excel,11-13,煙,,2026學習詞表-16德固達雅賽德克語.xlsx,16德固達雅賽德克語,428,,
fire,sed_tg,puniq,excel,11-17,火,,2026學習詞表-16德固達雅賽德克語.xlsx,16德固達雅賽德克語,432,,
ice,sed_tg,huda,excel,11-18,冰,,2026學習詞表-16德固達雅賽德克語.xlsx,16德固達雅賽德克語,433,,
stone,sed_tg,btunux,excel,12-05,石頭,,2026學習詞表-16德固達雅賽德克語.xlsx,16德固達雅賽德克語,454,,
night,sed_tg,keeman,excel,13-02,晚上,,2026學習詞表-16德固達雅賽德克語.xlsx,16德固達雅賽德克語,471,,
day,sed_tg,diyan,excel,13-07,白天,,2026學習詞表-16德固達雅賽德克語.xlsx,16德固達雅賽德克語,476,,
night,sed_tg,keeman,excel,13-22,夜,,2026學習詞表-16德固達雅賽德克語.xlsx,16德固達雅賽德克語,491,,
year,sed_tg,knkawas,excel,13-28,年,,2026學習詞表-16德固達雅賽德克語.xlsx,16德固達雅賽德克語,497,,
in,sed_tg,truma,excel,14-01,裡面,,2026學習詞表-16德固達雅賽德克語.xlsx,16德固達雅賽德克語,502,,
at,sed_tg,ga hiya,excel,14-02,在某處,,2026學習詞表-16德固達雅賽德克語.xlsx,16德固達雅賽德克語,503,,
right,sed_tg,narac,excel,14-10,右邊,,2026學習詞表-16德固達雅賽德克語.xlsx,16德固達雅賽德克語,511,,
left,sed_tg,iril,excel,14-11,左邊,,2026學習詞表-16德固達雅賽德克語.xlsx,16德固達雅賽德克語,512,,
water,sed_tg,qsiya,excel,21-02,水,,2026學習詞表-16德固達雅賽德克語.xlsx,16德固達雅賽德克語,601,,
salt,sed_tg,timu,excel,21-07,鹽,,2026學習詞表-16德固達雅賽德克語.xlsx,16德固達雅賽德克語,606,,
egg,sed_tg,balung,excel,21-09,蛋,,2026學習詞表-16德固達雅賽德克語.xlsx,16德固達雅賽德克語,608,,
white,sed_tg,bhege,excel,22-01,白色,,2026學習詞表-16德固達雅賽德克語.xlsx,16德固達雅賽德克語,626,,
black,sed_tg,qalux,excel,22-02,黑色,,2026學習詞表-16德固達雅賽德克語.xlsx,16德固達雅賽德克語,627,,
red,sed_tg,tanah,excel,22-03,紅色,,2026學習詞表-16德固達雅賽德克語.xlsx,16德固達雅賽德克語,628,,
yellow,sed_tg,mgceyas,excel,22-05,黃色,,2026學習詞表-16德固達雅賽德克語.xlsx,16德固達雅賽德克語,630,,
green,sed_tg,mgsama,excel,22-08,綠色,,2026學習詞表-16德固達雅賽德克語.xlsx,16德固達雅賽德克語,633,,
give,sed_tg,ege/biqi,excel,25-07,給,,2026學習詞表-16德固達雅賽德克語.xlsx,16德固達雅賽德克語,663,,
come,sed_tg,meyah,excel,25-08,來,,2026學習詞表-16德固達雅賽德克語.xlsx,16德固達雅賽德克語,664,eyah,
walk,sed_tg,kkesa,excel,25-10,走路,,2026學習詞表-16德固達雅賽德克語.xlsx,16德固達雅賽德克語,666,,
fly,sed_tg,skiya,excel,25-12,飛,,2026學習詞表-16德固達雅賽德克語.xlsx,16德固達雅賽德克語,668,,
fall,sed_tg,mhrehun,excel,25-26,(植物的果實)掉落,,2026學習詞表-16德固達雅賽德克語.xlsx,16德固達雅賽德克語,682,,
sit,sed_tg,tloung,excel,25-43,坐著,,2026學習詞表-16德固達雅賽德克語.xlsx,16德固達雅賽德克語,699,,
stand,sed_tg,heyu,excel,25-44,站著,,2026學習詞表-16德固達雅賽德克語.xlsx,16德固達雅賽德克語,700,,
sit,sed_tg,tloung,excel,26-03,坐下,,2026學習詞表-16德固達雅賽德克語.xlsx,16德固達雅賽德克語,712,,
hit,sed_tg,beebu,excel,26-08,打(人),,2026學習詞表-16德固達雅賽德克語.xlsx,16德固達雅賽德克語,717,,
stab,sed_tg,betaq,excel,26-09,刺,,2026學習詞表-16德固達雅賽德克語.xlsx,16德固達雅賽德克語,718,,
push,sed_tg,cmikul,excel,26-13,推,,2026學習詞表-16德固達雅賽德克語.xlsx,16德固達雅賽德克語,722,,
scratch,sed_tg,kmaguh,excel,26-18,抓癢,,2026學習詞表-16德固達雅賽德克語.xlsx,16德固達雅賽德克語,727,,
lie,sed_tg,trqeraq,excel,26-20,躺,,2026學習詞表-16德固達雅賽德克語.xlsx,16德固達雅賽德克語,729,,
blow,sed_tg,miyuk,excel,26-28,吹,,2026學習詞表-16德固達雅賽德克語.xlsx,16德固達雅賽德克語,737,,
dig,sed_tg,kmari,excel,26-29,挖掘,,2026學習詞表-16德固達雅賽德克語.xlsx,16德固達雅賽德克語,738,,
cut,sed_tg,kmeruc,excel,26-30,切,,2026學習詞表-16德固達雅賽德克語.xlsx,16德固達雅賽德克語,739,,
swim,sed_tg,lmanguy,excel,26-31,游泳,,2026學習詞表-16德固達雅賽德克語.xlsx,16德固達雅賽德克語,740,,
tie,sed_tg,mekuy,excel,26-38,綁住,,2026學習詞表-16德固達雅賽德克語.xlsx,16德固達雅賽德克語,747,,
pull,sed_tg,bbili,excel,26-39,拉,,2026學習詞表-16德固達雅賽德克語.xlsx,16德固達雅賽德克語,748,,
split,sed_tg,ceexi,excel,26-40,劈(木材),,2026學習詞表-16德固達雅賽德克語.xlsx,16德固達雅賽德克語,749,,
hold,sed_tg,dmidil,excel,26-42,提著,,2026學習詞表-16德固達雅賽德克語.xlsx,16德固達雅賽德克語,751,,
hold,sed_tg,dmoi,excel,26-43,握著,,2026學習詞表-16德固達雅賽德克語.xlsx,16德固達雅賽德克語,752,,
tie,sed_tg,bnkeyan,excel,26-44,捆綁,,2026學習詞表-16德固達雅賽德克語.xlsx,16德固達雅賽德克語,753,,
scratch,sed_tg,qnquduq,excel,26-56,搔癢,,2026學習詞表-16德固達雅賽德克語.xlsx,16德固達雅賽德克語,765,,
rub,sed_tg,rmteruc,excel,26-85,揉搓(衣物),,2026學習詞表-16德固達雅賽德克語.xlsx,16德固達雅賽德克語,794,,
lie,sed_tg,sbbaang mtaqi,excel,26-88,側臥,,2026學習詞表-16德固達雅賽德克語.xlsx,16德固達雅賽德克語,797,,
fight,sed_tg,tgdiyal,excel,26-96,打架,,2026學習詞表-16德固達雅賽德克語.xlsx,16德固達雅賽德克語,805,,
squeeze,sed_tg,mepux,excel,26-97,擠,,2026學習詞表-16德固達雅賽德克語.xlsx,16德固達雅賽德克語,806,,
dig,sed_tg,kmari,excel,26-100,(用手)挖掘,,2026學習詞表-16德固達雅賽德克語.xlsx,16德固達雅賽德克語,809,,
stand,sed_tg,tutuy,excel,26-105,起立,,2026學習詞表-16德固達雅賽德克語.xlsx,16德固達雅賽德克語,814,,
eat,sed_tg,ekan,excel,27-01,吃,,2026學習詞表-16德固達雅賽德克語.xlsx,16德固達雅賽德克語,816,,
suck,sed_tg,hgeti,excel,27-02,吸,,2026學習詞表-16德固達雅賽德克語.xlsx,16德固達雅賽德克語,817,,
drink,sed_tg,mimah,excel,27-03,喝,,2026學習詞表-16德固達雅賽德克語.xlsx,16德固達雅賽德克語,818,,
vomit,sed_tg,pberih,excel,27-04,吐,,2026學習詞表-16德固達雅賽德克語.xlsx,16德固達雅賽德克語,819,,
bite,sed_tg,qmiyuc,excel,27-05,咬,,2026學習詞表-16德固達雅賽德克語.xlsx,16德固達雅賽德克語,820,,
eat,sed_tg,mekan,excel,27-15,吃(東西),,2026學習詞表-16德固達雅賽德克語.xlsx,16德固達雅賽德克語,830,,
know,sed_tg,mkela,excel,28-02,知道,,2026學習詞表-16德固達雅賽德克語.xlsx,16德固達雅賽德克語,836,,
see,sed_tg,qmita,excel,28-03,看,,2026學習詞表-16德固達雅賽德克語.xlsx,16德固達雅賽德克語,837,,
say,sed_tg,rengo,excel,28-04,說,,2026學習詞表-16德固達雅賽德克語.xlsx,16德固達雅賽德克語,838,,
smell,sed_tg,smkenux,excel,28-07,聞(如聞味道),,2026學習詞表-16德固達雅賽德克語.xlsx,16德固達雅賽德克語,841,,
hear,sed_tg,mbahang,excel,28-19,聽,,2026學習詞表-16德固達雅賽德克語.xlsx,16德固達雅賽德克語,853,,
think,sed_tg,lmngelung,excel,28-25,想(思考),,2026學習詞表-16德固達雅賽德克語.xlsx,16德固達雅賽德克語,859,,
fear,sed_tg,miicu,excel,29-02,害怕,,2026學習詞表-16德固達雅賽德克語.xlsx,16德固達雅賽德克語,866,mngungu,
wash,sed_tg,mahu,excel,30-02,洗(衣物),,2026學習詞表-16德固達雅賽德克語.xlsx,16德固達雅賽德克語,876,,
sleep,sed_tg,mtaqi,excel,30-09,睡覺,,2026學習詞表-16德固達雅賽德克語.xlsx,16德固達雅賽德克語,883,,
kill,sed_tg,smeeliq tnbugan,excel,30-10,殺牲畜,,2026學習詞表-16德固達雅賽德克語.xlsx,16德固達雅賽德克語,884,,
lie,sed_tg,tqeraq,excel,30-16,躺臥,,2026學習詞表-16德固達雅賽德克語.xlsx,16德固達雅賽德克語,890,,
burn,sed_tg,psqama,excel,30-20,燒(如燒稻草),,2026學習詞表-16德固達雅賽德克語.xlsx,16德固達雅賽德克語,894,hmudur,
hunt,sed_tg,dmurang,excel,30-25,陷獵,,2026學習詞表-16德固達雅賽德克語.xlsx,16德固達雅賽德克語,899,,
burn,sed_tg,sqama,excel,30-54,燃燒,,2026學習詞表-16德固達雅賽德克語.xlsx,16德固達雅賽德克語,928,,
drink,sed_tg,mimah,excel,30-61,喝(水),,2026學習詞表-16德固達雅賽德克語.xlsx,16德固達雅賽德克語,935,,
sing,sed_tg,muuyas uyas,excel,30-64,唱歌,,2026學習詞表-16德固達雅賽德克語.xlsx,16德固達雅賽德克語,938,,
play,sed_tg,mtheyaq,excel,30-65,玩耍,,2026學習詞表-16德固達雅賽德克語.xlsx,16德固達雅賽德克語,939,,
die,sed_tg,huqil,excel,31-01,死亡,,2026學習詞表-16德固達雅賽德克語.xlsx,16德固達雅賽德克語,941,,
live,sed_tg,muudus,excel,31-08,活的,,2026學習詞表-16德固達雅賽德克語.xlsx,16德固達雅賽德克語,948,,
heavy,sed_tg,chedil,excel,32-02,重(重量),,2026學習詞表-16德固達雅賽德克語.xlsx,16德固達雅賽德克語,963,,
big,sed_tg,paru,excel,32-05,大的,,2026學習詞表-16德固達雅賽德克語.xlsx,16德固達雅賽德克語,966,polaq,
cold,sed_tg,msekuy,excel,32-08,冷,,2026學習詞表-16德固達雅賽德克語.xlsx,16德固達雅賽德克語,969,,
small,sed_tg,biciq,excel,32-09,小的,,2026學習詞表-16德固達雅賽德克語.xlsx,16德固達雅賽德克語,970,,
many,sed_tg,egu,excel,32-10,多,,2026學習詞表-16德固達雅賽德克語.xlsx,16德固達雅賽德克語,971,,
cold,sed_tg,tleetu,excel,32-12,冰冷,,2026學習詞表-16德固達雅賽德克語.xlsx,16德固達雅賽德克語,973,,
few,sed_tg,tikuh,excel,32-14,少的,,2026學習詞表-16德固達雅賽德克語.xlsx,16德固達雅賽德克語,975,,
laugh,sed_tg,hulis,excel,32-16,笑,,2026學習詞表-16德固達雅賽德克語.xlsx,16德固達雅賽德克語,977,,
wet,sed_tg,huriq,excel,32-17,濕的,,2026學習詞表-16德固達雅賽德克語.xlsx,16德固達雅賽德克語,978,,
thick,sed_tg,mknedux,excel,32-19,厚的,,2026學習詞表-16德固達雅賽德克語.xlsx,16德固達雅賽德克語,980,,
thin,sed_tg,epux,excel,32-21,薄的,,2026學習詞表-16德固達雅賽德克語.xlsx,16德固達雅賽德克語,982,,
dirty,sed_tg,rutiq,excel,32-22,髒,,2026學習詞表-16德固達雅賽德克語.xlsx,16德固達雅賽德克語,983,,
dry,sed_tg,mdengu,excel,32-28,乾的,,2026學習詞表-16德固達雅賽德克語.xlsx,16德固達雅賽德克語,989,,
new,sed_tg,bgurah,excel,32-31,新的,,2026學習詞表-16德固達雅賽德克語.xlsx,16德固達雅賽德克語,992,,
old,sed_tg,cmucac,excel,32-32,舊的,,2026學習詞表-16德固達雅賽德克語.xlsx,16德固達雅賽德克語,993,,
near,sed_tg,daling,excel,32-33,近,,2026學習詞表-16德固達雅賽德克語.xlsx,16德固達雅賽德克語,994,,
bad,sed_tg,naqah,excel,32-35,壞掉,,2026學習詞表-16德固達雅賽德克語.xlsx,16德固達雅賽德克語,996,,
far,sed_tg,theya,excel,32-37,遠,,2026學習詞表-16德固達雅賽德克語.xlsx,16德固達雅賽德克語,998,,
swell,sed_tg,mbeeba,excel,32-38,腫,,2026學習詞表-16德固達雅賽德克語.xlsx,16德固達雅賽德克語,999,,
smooth,sed_tg,mdheriq,excel,32-44,滑,,2026學習詞表-16德固達雅賽德克語.xlsx,16德固達雅賽德克語,1005,,
warm,sed_tg,muuxun,excel,32-56,暖和,,2026學習詞表-16德固達雅賽德克語.xlsx,16德固達雅賽德克語,1017,,
dull,sed_tg,mngapan,excel,32-57,鈍的,,2026學習詞表-16德固達雅賽德克語.xlsx,16德固達雅賽德克語,1018,,
straight,sed_tg,msderux,excel,32-65,直,,2026學習詞表-16德固達雅賽德克語.xlsx,16德固達雅賽德克語,1026,,
full,sed_tg,stenge,excel,32-66,滿了,,2026學習詞表-16德固達雅賽德克語.xlsx,16德固達雅賽德克語,1027,,
wide,sed_tg,glahang,excel,32-68,(空間)寬敞,,2026學習詞表-16德固達雅賽德克語.xlsx,16德固達雅賽德克語,1029,,
correct,sed_tg,mndungus,excel,32-69,正確,,2026學習詞表-16德固達雅賽德克語.xlsx,16德固達雅賽德克語,1030,,
warm,sed_tg,muuxul,excel,32-72,溫的(水),,2026學習詞表-16德固達雅賽德克語.xlsx,16德固達雅賽德克語,1033,,
long,sed_tg,qnedis,excel,32-74,長,,2026學習詞表-16德固達雅賽德克語.xlsx,16德固達雅賽德克語,1035,,
short,sed_tg,puto,excel,32-76,短,,2026學習詞表-16德固達雅賽德克語.xlsx,16德固達雅賽德克語,1037,,
full,sed_tg,stenge riyung,excel,32-79,滿滿,,2026學習詞表-16德固達雅賽德克語.xlsx,16德固達雅賽德克語,1040,,
wipe,sed_tg,smerus,excel,33-06,擦拭,,2026學習詞表-16德固達雅賽德克語.xlsx,16德固達雅賽德克語,1048,,
throw,sed_tg,qdani,excel,34-19,丟棄,,2026學習詞表-16德固達雅賽德克語.xlsx,16德固達雅賽德克語,1069,,
count,sed_tg,sepu,excel,34-29,數(計算),,2026學習詞表-16德固達雅賽德克語.xlsx,16德固達雅賽德克語,1079,,
good,sed_tg,malu,excel,34-34,好的,,2026學習詞表-16德固達雅賽德克語.xlsx,16德固達雅賽德克語,1084,,
not,sed_tg,uxe,excel,35-03,不是(回答用),,2026學習詞表-16德固達雅賽德克語.xlsx,16德固達雅賽德克語,1092,,
because,sed_tg,ado,excel,36-05,因為,,2026學習詞表-16德固達雅賽德克語.xlsx,16德固達雅賽德克語,1101,,
and,sed_tg,daha ka,excel,36-18,和,,2026學習詞表-16德固達雅賽德克語.xlsx,16德固達雅賽德克語,1114,ma,
if,sed_tg,netun,excel,36-22,如果,,2026學習詞表-16德固達雅賽德克語.xlsx,16德固達雅賽德克語,1118,,
one,sed_tr,kingal,excel,01-01,一,,2026學習詞表-17德鹿谷賽德克語.xlsx,17德鹿谷賽德克語,5,,
two,sed_tr,dha,excel,01-02,二,,2026學習詞表-17德鹿谷賽德克語.xlsx,17德鹿谷賽德克語,6,,
three,sed_tr,tru,excel,01-03,三,,2026學習詞表-17德鹿谷賽德克語.xlsx,17德鹿谷賽德克語,7,,
four,sed_tr,spac,excel,01-04,四,,2026學習詞表-17德鹿谷賽德克語.xlsx,17德鹿谷賽德克語,8,,
five,sed_tr,rima,excel,01-05,五,,2026學習詞表-17德鹿谷賽德克語.xlsx,17德鹿谷賽德克語,9,,
six,sed_tr,mtoru / mtru,excel,01-06,六,,2026學習詞表-17德鹿谷賽德克語.xlsx,17德鹿谷賽德克語,10,,
seven,sed_tr,empitu,excel,01-07,七,,2026學習詞表-17德鹿谷賽德克語.xlsx,17德鹿谷賽德克語,11,,
eight,sed_tr,mspac,excel,01-08,八,,2026學習詞表-17德鹿谷賽德克語.xlsx,17德鹿谷賽德克語,12,,
nine,sed_tr,mngari,excel,01-09,九,,2026學習詞表-17德鹿谷賽德克語.xlsx,17德鹿谷賽德克語,13,,
ten,sed_tr,maxal,excel,01-10,十,,2026學習詞表-17德鹿谷賽德克語.xlsx,17德鹿谷賽德克語,14,,
twenty,sed_tr,empusal,excel,01-20,二十,,2026學習詞表-17德鹿谷賽德克語.xlsx,17德鹿谷賽德克語,24,,
hundred,sed_tr,kbkuy,excel,01-34,百,,2026學習詞表-17德鹿谷賽德克語.xlsx,17德鹿谷賽德克語,38,,
hundred,sed_tr,kingal kbkuy,excel,01-35,一百,,2026學習詞表-17德鹿谷賽德克語.xlsx,17德鹿谷賽德克語,39,,
some,sed_tr,ciway,excel,01-38,一些些,,2026學習詞表-17德鹿谷賽德克語.xlsx,17德鹿谷賽德克語,42,cipiq,
all,sed_tr,kana,excel,01-43,全部,,2026學習詞表-17德鹿谷賽德克語.xlsx,17德鹿谷賽德克語,47,,
few,sed_tr,cipiq,excel,01-44,一點點,,2026學習詞表-17德鹿谷賽德克語.xlsx,17德鹿谷賽德克語,48,,
you_singular,sed_tr,isu,excel,02-01,你,,2026學習詞表-17德鹿谷賽德克語.xlsx,17德鹿谷賽德克語,51,,
i,sed_tr,yaku,excel,02-02,我,,2026學習詞表-17德鹿谷賽德克語.xlsx,17德鹿谷賽德克語,52,,
he,sed_tr,hiya,excel,02-03,他,,2026學習詞表-17德鹿谷賽德克語.xlsx,17德鹿谷賽德克語,53,,
you_plural,sed_tr,yamu,excel,02-04,你們,,2026學習詞表-17德鹿谷賽德克語.xlsx,17德鹿谷賽德克語,54,,
we,sed_tr,yami,excel,02-05,我們,,2026學習詞表-17德鹿谷賽德克語.xlsx,17德鹿谷賽德克語,55,,
they,sed_tr,dhiya,excel,02-06,他們,,2026學習詞表-17德鹿谷賽德克語.xlsx,17德鹿谷賽德克語,56,,
we,sed_tr,yami,excel,02-13,我們(排除式),,2026學習詞表-17德鹿谷賽德克語.xlsx,17德鹿谷賽德克語,63,,
we,sed_tr,ita,excel,02-14,咱們(包含式),,2026學習詞表-17德鹿谷賽德克語.xlsx,17德鹿谷賽德克語,64,,
that,sed_tr,gaga,excel,02-16,那個,,2026學習詞表-17德鹿谷賽德克語.xlsx,17德鹿谷賽德克語,66,,
this,sed_tr,nii,excel,02-17,這個,,2026學習詞表-17德鹿谷賽德克語.xlsx,17德鹿谷賽德克語,67,,
here,sed_tr,hini,excel,02-18,這裡,,2026學習詞表-17德鹿谷賽德克語.xlsx,17德鹿谷賽德克語,68,,
there,sed_tr,hiya,excel,02-19,那裡,,2026學習詞表-17德鹿谷賽德克語.xlsx,17德鹿谷賽德克語,69,,
what,sed_tr,manu,excel,03-02,什麼,,2026學習詞表-17德鹿谷賽德克語.xlsx,17德鹿谷賽德克語,73,,
how,sed_tr,shuya,excel,03-03,如何,,2026學習詞表-17德鹿谷賽德克語.xlsx,17德鹿谷賽德克語,74,,
when,sed_tr,knuwan,excel,03-04,何時(未發生),,2026學習詞表-17德鹿谷賽德克語.xlsx,17德鹿谷賽德克語,75,,
who,sed_tr,ima,excel,03-05,誰,,2026學習詞表-17德鹿谷賽德克語.xlsx,17德鹿谷賽德克語,76,,
where,sed_tr,inu,excel,03-07,哪裡,,2026學習詞表-17德鹿谷賽德克語.xlsx,17德鹿谷賽德克語,78,,
how,sed_tr,hmuya,excel,03-09,怎麼,,2026學習詞表-17德鹿谷賽德克語.xlsx,17德鹿谷賽德克語,80,,
where,sed_tr,inu,excel,03-12,什麼地方,,2026學習詞表-17德鹿谷賽德克語.xlsx,17德鹿谷賽德克語,83,,
when,sed_tr,snuwan,excel,03-13,何時(已發生),,2026學習詞表-17德鹿谷賽德克語.xlsx,17德鹿谷賽德克語,84,,
father,sed_tr,tama,excel,04-01,爸爸,,2026學習詞表-17德鹿谷賽德克語.xlsx,17德鹿谷賽德克語,87,,
mother,sed_tr,bubu,excel,04-02,媽媽,,2026學習詞表-17德鹿谷賽德克語.xlsx,17德鹿谷賽德克語,88,,
wife,sed_tr,snaw/qrijil,excel,04-07,配偶(先生/太太),,2026學習詞表-17德鹿谷賽德克語.xlsx,17德鹿谷賽德克語,93,,
husband,sed_tr,snaw/qrijil,excel,04-07,配偶(先生/太太),,2026學習詞表-17德鹿谷賽德克語.xlsx,17德鹿谷賽德克語,93,,
husband,sed_tr,snaw,excel,04-15,丈夫,,2026學習詞表-17德鹿谷賽德克語.xlsx,17德鹿谷賽德克語,101,,
name,sed_tr,hangan,excel,05-01,名字,,2026學習詞表-17德鹿谷賽德克語.xlsx,17德鹿谷賽德克語,114,,
child,sed_tr,laqi,excel,05-05,孩童,,2026學習詞表-17德鹿谷賽德克語.xlsx,17德鹿谷賽德克語,118,,
woman,sed_tr,qrijil,excel,05-07,女性,,2026學習詞表-17德鹿谷賽德克語.xlsx,17德鹿谷賽德克語,120,,
man,sed_tr,snaw,excel,05-08,男性,,2026學習詞表-17德鹿谷賽德克語.xlsx,17德鹿谷賽德克語,121,,
person,sed_tr,sejiq,excel,05-09,人,,2026學習詞表-17德鹿谷賽德克語.xlsx,17德鹿谷賽德克語,122,Sejiq賽德克族,
ear,sed_tr,birac,excel,06-01,耳朵,,2026學習詞表-17德鹿谷賽德克語.xlsx,17德鹿谷賽德克語,140,,
leg,sed_tr,btriq,excel,06-02,大腿,,2026學習詞表-17德鹿谷賽德克語.xlsx,17德鹿谷賽德克語,141,,
eye,sed_tr,dowriq,excel,06-03,眼睛,,2026學習詞表-17德鹿谷賽德克語.xlsx,17德鹿谷賽德克語,142,,
mouth,sed_tr,quwaq,excel,06-05,嘴巴,,2026學習詞表-17德鹿谷賽德克語.xlsx,17德鹿谷賽德克語,144,,
head,sed_tr,tunux,excel,06-06,頭,,2026學習詞表-17德鹿谷賽德克語.xlsx,17德鹿谷賽德克語,145,,
fingernail,sed_tr,kukuh,excel,06-07,指甲,,2026學習詞表-17德鹿谷賽德克語.xlsx,17德鹿谷賽德克語,146,,
hand,sed_tr,baga,excel,06-08,手,,2026學習詞表-17德鹿谷賽德克語.xlsx,17德鹿谷賽德克語,147,,
nose,sed_tr,muhing,excel,06-10,鼻子,,2026學習詞表-17德鹿谷賽德克語.xlsx,17德鹿谷賽德克語,149,,
foot,sed_tr,qaqay,excel,06-11,腳,,2026學習詞表-17德鹿谷賽德克語.xlsx,17德鹿谷賽德克語,150,,
tooth,sed_tr,gupun,excel,06-12,牙齒,,2026學習詞表-17德鹿谷賽德克語.xlsx,17德鹿谷賽德克語,151,,
hair,sed_tr,snunux,excel,06-13,頭髮,,2026學習詞表-17德鹿谷賽德克語.xlsx,17德鹿谷賽德克語,152,,
blood,sed_tr,dara,excel,06-14,血,,2026學習詞表-17德鹿谷賽德克語.xlsx,17德鹿谷賽德克語,153,,
meat,sed_tr,wawa,excel,06-15,肉,,2026學習詞表-17德鹿谷賽德克語.xlsx,17德鹿谷賽德克語,154,另作hiyi,
belly,sed_tr,buyas,excel,06-17,肚子,,2026學習詞表-17德鹿谷賽德克語.xlsx,17德鹿谷賽德克語,156,,
breast,sed_tr,unuh,excel,06-18,乳房,,2026學習詞表-17德鹿谷賽德克語.xlsx,17德鹿谷賽德克語,157,,
back,sed_tr,bukuy,excel,06-22,背部,,2026學習詞表-17德鹿谷賽德克語.xlsx,17德鹿谷賽德克語,161,,
skin,sed_tr,qraqil,excel,06-23,皮,,2026學習詞表-17德鹿谷賽德克語.xlsx,17德鹿谷賽德克語,162,,
heart,sed_tr,tama baraq,excel,06-28,心臟,,2026學習詞表-17德鹿谷賽德克語.xlsx,17德鹿谷賽德克語,167,,
knee,sed_tr,pungu qaqay,excel,06-31,膝蓋,,2026學習詞表-17德鹿谷賽德克語.xlsx,17德鹿谷賽德克語,170,pungu bqlic,
liver,sed_tr,rumul,excel,06-34,肝臟,,2026學習詞表-17德鹿谷賽德克語.xlsx,17德鹿谷賽德克語,173,,
fat,sed_tr,msiyang,excel,06-37,油脂,,2026學習詞表-17德鹿谷賽德克語.xlsx,17德鹿谷賽德克語,176,,
tongue,sed_tr,hma,excel,06-42,舌頭,,2026學習詞表-17德鹿谷賽德克語.xlsx,17德鹿谷賽德克語,181,,
neck,sed_tr,waru,excel,06-47,脖子,,2026學習詞表-17德鹿谷賽德克語.xlsx,17德鹿谷賽德克語,186,,
neck,sed_tr,glu,excel,06-52,頸子,,2026學習詞表-17德鹿谷賽德克語.xlsx,17德鹿谷賽德克語,191,,
tail,sed_tr,ngungu,excel,07-01,尾巴,,2026學習詞表-17德鹿谷賽德克語.xlsx,17德鹿谷賽德克語,197,,
dog,sed_tr,huling,excel,07-03,狗,,2026學習詞表-17德鹿谷賽德克語.xlsx,17德鹿谷賽德克語,199,,
bird,sed_tr,qduda,excel,07-06,鳥,,2026學習詞表-17德鹿谷賽德克語.xlsx,17德鹿谷賽德克語,202,qbhni,
fish,sed_tr,qsurux,excel,07-07,魚,,2026學習詞表-17德鹿谷賽德克語.xlsx,17德鹿谷賽德克語,203,,
snake,sed_tr,quyu,excel,07-19,蛇,,2026學習詞表-17德鹿谷賽德克語.xlsx,17德鹿谷賽德克語,215,,
louse,sed_tr,quhing,excel,07-33,頭蝨,,2026學習詞表-17德鹿谷賽德克語.xlsx,17德鹿谷賽德克語,229,,
worm,sed_tr,bisur,excel,07-39,蚯蚓,,2026學習詞表-17德鹿谷賽德克語.xlsx,17德鹿谷賽德克語,235,,
wing,sed_tr,trak,excel,07-49,翅膀,,2026學習詞表-17德鹿谷賽德克語.xlsx,17德鹿谷賽德克語,245,亦稱palic,
horn,sed_tr,urung,excel,07-64,(動物的)角,,2026學習詞表-17德鹿谷賽德克語.xlsx,17德鹿谷賽德克語,260,,
tree,sed_tr,pusu qhuni,excel,08-03,樹,,2026學習詞表-17德鹿谷賽德克語.xlsx,17德鹿谷賽德克語,265,,
leaf,sed_tr,wasaw,excel,08-06,葉子,,2026學習詞表-17德鹿谷賽德克語.xlsx,17德鹿谷賽德克語,268,,
flower,sed_tr,phpah,excel,08-09,花朵,,2026學習詞表-17德鹿谷賽德克語.xlsx,17德鹿谷賽德克語,271,,
stick,sed_tr,sida,excel,08-15,樹枝,,2026學習詞表-17德鹿谷賽德克語.xlsx,17德鹿谷賽德克語,277,,
fruit,sed_tr,hiyi qhuni,excel,08-16,(植物的)果實,,2026學習詞表-17德鹿谷賽德克語.xlsx,17德鹿谷賽德克語,278,,
grass,sed_tr,spriq,excel,08-20,草,,2026學習詞表-17德鹿谷賽德克語.xlsx,17德鹿谷賽德克語,282,,
fruit,sed_tr,hiyi qhuni,excel,08-24,水果,,2026學習詞表-17德鹿谷賽德克語.xlsx,17德鹿谷賽德克語,286,,
root,sed_tr,gamil,excel,08-28,樹根,,2026學習詞表-17德鹿谷賽德克語.xlsx,17德鹿谷賽德克語,290,,
seed,sed_tr,ghak,excel,08-44,種子,,2026學習詞表-17德鹿谷賽德克語.xlsx,17德鹿谷賽德克語,306,,
rope,sed_tr,gasil,excel,09-15,繩索,,2026學習詞表-17德鹿谷賽德克語.xlsx,17德鹿谷賽德克語,335,,
stick,sed_tr,qrci,excel,09-18,枝條,,2026學習詞表-17德鹿谷賽德克語.xlsx,17德鹿谷賽德克語,338,qaraw,
ash,sed_tr,qbulic,excel,09-49,炭灰,,2026學習詞表-17德鹿谷賽德克語.xlsx,17德鹿谷賽德克語,369,,
road,sed_tr,elug,excel,10-01,道路,,2026學習詞表-17德鹿谷賽德克語.xlsx,17德鹿谷賽德克語,393,,
forest,sed_tr,bbuyu,excel,10-02,森林,,2026學習詞表-17德鹿谷賽德克語.xlsx,17德鹿谷賽德克語,394,,
wind,sed_tr,bgihur,excel,10-04,風,,2026學習詞表-17德鹿谷賽德克語.xlsx,17德鹿谷賽德克語,396,,
sand,sed_tr,bnaqig,excel,10-05,沙子,,2026學習詞表-17德鹿谷賽德克語.xlsx,17德鹿谷賽德克語,397,hagay借日語,
earth,sed_tr,dxgal,excel,10-06,泥土,,2026學習詞表-17德鹿谷賽德克語.xlsx,17德鹿谷賽德克語,398,,
river,sed_tr,yayung,excel,10-07,河流,,2026學習詞表-17德鹿谷賽德克語.xlsx,17德鹿谷賽德克語,399,,
lake,sed_tr,langu,excel,10-08,湖泊,,2026學習詞表-17德鹿谷賽德克語.xlsx,17德鹿谷賽德克語,400,,
sun,sed_tr,hidaw,excel,11-02,太陽,,2026學習詞表-17德鹿谷賽德克語.xlsx,17德鹿谷賽德克語,417,,
moon,sed_tr,idas,excel,11-03,月亮,,2026學習詞表-17德鹿谷賽德克語.xlsx,17德鹿谷賽德克語,418,,
sky,sed_tr,karac,excel,11-04,天空,,2026學習詞表-17德鹿谷賽德克語.xlsx,17德鹿谷賽德克語,419,,
star,sed_tr,ppngrah,excel,11-05,星星,,2026學習詞表-17德鹿谷賽德克語.xlsx,17德鹿谷賽德克語,420,,
rain,sed_tr,quyux,excel,11-06,雨,,2026學習詞表-17德鹿谷賽德克語.xlsx,17德鹿谷賽德克語,421,,
snow,sed_tr,huda,excel,11-07,雪,,2026學習詞表-17德鹿谷賽德克語.xlsx,17德鹿谷賽德克語,422,,
cloud,sed_tr,rulung,excel,11-12,雲,,2026學習詞表-17德鹿谷賽德克語.xlsx,17德鹿谷賽德克語,427,,
smoke,sed_tr,qrngul,excel,11-13,煙,,2026學習詞表-17德鹿谷賽德克語.xlsx,17德鹿谷賽德克語,428,,
fire,sed_tr,puniq,excel,11-17,火,,2026學習詞表-17德鹿谷賽德克語.xlsx,17德鹿谷賽德克語,432,,
ice,sed_tr,huda,excel,11-18,冰,,2026學習詞表-17德鹿谷賽德克語.xlsx,17德鹿谷賽德克語,433,kyapeyng借台語,
stone,sed_tr,btunux,excel,12-05,石頭,,2026學習詞表-17德鹿谷賽德克語.xlsx,17德鹿谷賽德克語,454,,
night,sed_tr,keman,excel,13-02,晚上,,2026學習詞表-17德鹿谷賽德克語.xlsx,17德鹿谷賽德克語,471,,
day,sed_tr,jiyan,excel,13-07,白天,,2026學習詞表-17德鹿谷賽德克語.xlsx,17德鹿谷賽德克語,476,,
night,sed_tr,rabi,excel,13-22,夜,,2026學習詞表-17德鹿谷賽德克語.xlsx,17德鹿谷賽德克語,491,,
year,sed_tr,hngkawas,excel,13-28,年,,2026學習詞表-17德鹿谷賽德克語.xlsx,17德鹿谷賽德克語,497,,
in,sed_tr,ruwan,excel,14-01,裡面,,2026學習詞表-17德鹿谷賽德克語.xlsx,17德鹿谷賽德克語,502,,
at,sed_tr,gaga…,excel,14-02,在某處,,2026學習詞表-17德鹿谷賽德克語.xlsx,17德鹿谷賽德克語,503,,
right,sed_tr,narac,excel,14-10,右邊,,2026學習詞表-17德鹿谷賽德克語.xlsx,17德鹿谷賽德克語,511,,
left,sed_tr,igi,excel,14-11,左邊,,2026學習詞表-17德鹿谷賽德克語.xlsx,17德鹿谷賽德克語,512,,
water,sed_tr,qsiya,excel,21-02,水,,2026學習詞表-17德鹿谷賽德克語.xlsx,17德鹿谷賽德克語,601,,
salt,sed_tr,cimu,excel,21-07,鹽,,2026學習詞表-17德鹿谷賽德克語.xlsx,17德鹿谷賽德克語,606,,
egg,sed_tr,balung,excel,21-09,蛋,,2026學習詞表-17德鹿谷賽德克語.xlsx,17德鹿谷賽德克語,608,,
white,sed_tr,bhgay,excel,22-01,白色,,2026學習詞表-17德鹿谷賽德克語.xlsx,17德鹿谷賽德克語,626,embhgay,
black,sed_tr,qalux,excel,22-02,黑色,,2026學習詞表-17德鹿谷賽德克語.xlsx,17德鹿谷賽德克語,627,,
red,sed_tr,banah,excel,22-03,紅色,,2026學習詞表-17德鹿谷賽德克語.xlsx,17德鹿谷賽德克語,628,,
yellow,sed_tr,msagas,excel,22-05,黃色,,2026學習詞表-17德鹿谷賽德克語.xlsx,17德鹿谷賽德克語,630,msaas,
green,sed_tr,mgsama,excel,22-08,綠色,,2026學習詞表-17德鹿谷賽德克語.xlsx,17德鹿谷賽德克語,633,亦稱empajiq,
give,sed_tr,bqani,excel,25-07,給,,2026學習詞表-17德鹿谷賽德克語.xlsx,17德鹿谷賽德克語,663,biqi,
come,sed_tr,miyah,excel,25-08,來,,2026學習詞表-17德鹿谷賽德克語.xlsx,17德鹿谷賽德克語,664,,
walk,sed_tr,mksa,excel,25-10,走路,,2026學習詞表-17德鹿谷賽德克語.xlsx,17德鹿谷賽德克語,666,,
fly,sed_tr,skaya,excel,25-12,飛,,2026學習詞表-17德鹿谷賽德克語.xlsx,17德鹿谷賽德克語,668,,
fall,sed_tr,mhrhur,excel,25-26,(植物的果實)掉落,,2026學習詞表-17德鹿谷賽德克語.xlsx,17德鹿谷賽德克語,682,mtucing,
sit,sed_tr,tluung,excel,25-43,坐著,,2026學習詞表-17德鹿谷賽德克語.xlsx,17德鹿谷賽德克語,699,,
stand,sed_tr,hiyug,excel,25-44,站著,,2026學習詞表-17德鹿谷賽德克語.xlsx,17德鹿谷賽德克語,700,,
sit,sed_tr,tluung,excel,26-03,坐下,,2026學習詞表-17德鹿谷賽德克語.xlsx,17德鹿谷賽德克語,712,,
hit,sed_tr,smbu,excel,26-08,打(人),,2026學習詞表-17德鹿谷賽德克語.xlsx,17德鹿谷賽德克語,717,,
stab,sed_tr,meytaq,excel,26-09,刺,,2026學習詞表-17德鹿谷賽德克語.xlsx,17德鹿谷賽德克語,718,mqi,
push,sed_tr,smikul,excel,26-13,推,,2026學習詞表-17德鹿谷賽德克語.xlsx,17德鹿谷賽德克語,722,spaux翻倒,
scratch,sed_tr,kmaguh,excel,26-18,抓癢,,2026學習詞表-17德鹿谷賽德克語.xlsx,17德鹿谷賽德克語,727,,
lie,sed_tr,sdahaw,excel,26-20,躺,,2026學習詞表-17德鹿谷賽德克語.xlsx,17德鹿谷賽德克語,729,,
blow,sed_tr,muyuk,excel,26-28,吹,,2026學習詞表-17德鹿谷賽德克語.xlsx,17德鹿谷賽德克語,737,亦用miyuk,
dig,sed_tr,kmarig,excel,26-29,挖掘,,2026學習詞表-17德鹿谷賽德克語.xlsx,17德鹿谷賽德克語,738,,
cut,sed_tr,kmuruc,excel,26-30,切,,2026學習詞表-17德鹿谷賽德克語.xlsx,17德鹿谷賽德克語,739,gmbing,
swim,sed_tr,tmapaq qsiya,excel,26-31,游泳,,2026學習詞表-17德鹿谷賽德克語.xlsx,17德鹿谷賽德克語,740,,
tie,sed_tr,mgul,excel,26-38,綁住,,2026學習詞表-17德鹿谷賽德克語.xlsx,17德鹿谷賽德克語,747,mkuy,
pull,sed_tr,blbil,excel,26-39,拉,,2026學習詞表-17德鹿谷賽德克語.xlsx,17德鹿谷賽德克語,748,brbil/ bnbil,
split,sed_tr,smaax,excel,26-40,劈(木材),,2026學習詞表-17德鹿谷賽德克語.xlsx,17德鹿谷賽德克語,749,smaux,
hold,sed_tr,dmijil,excel,26-42,提著,,2026學習詞表-17德鹿谷賽德克語.xlsx,17德鹿谷賽德克語,751,,
hold,sed_tr,dmuuy,excel,26-43,握著,,2026學習詞表-17德鹿谷賽德克語.xlsx,17德鹿谷賽德克語,752,,
tie,sed_tr,bnkiyan,excel,26-44,捆綁,,2026學習詞表-17德鹿谷賽德克語.xlsx,17德鹿谷賽德克語,753,,
scratch,sed_tr,kmkaw,excel,26-56,搔癢,,2026學習詞表-17德鹿谷賽德克語.xlsx,17德鹿谷賽德克語,765,,
rub,sed_tr,dmruc,excel,26-85,揉搓(衣物),,2026學習詞表-17德鹿谷賽德克語.xlsx,17德鹿谷賽德克語,794,,
lie,sed_tr,sbaang,excel,26-88,側臥,,2026學習詞表-17德鹿谷賽德克語.xlsx,17德鹿谷賽德克語,797,亦稱tkbaang,
fight,sed_tr,tjiyal,excel,26-96,打架,,2026學習詞表-17德鹿谷賽德克語.xlsx,17德鹿谷賽德克語,805,,
squeeze,sed_tr,qpiyun,excel,26-97,擠,,2026學習詞表-17德鹿谷賽德克語.xlsx,17德鹿谷賽德克語,806,,
dig,sed_tr,kmarig,excel,26-100,(用手)挖掘,,2026學習詞表-17德鹿谷賽德克語.xlsx,17德鹿谷賽德克語,809,,
stand,sed_tr,hiyug,excel,26-105,起立,,2026學習詞表-17德鹿谷賽德克語.xlsx,17德鹿谷賽德克語,814,,
eat,sed_tr,mkan,excel,27-01,吃,,2026學習詞表-17德鹿谷賽德克語.xlsx,17德鹿谷賽德克語,816,,
suck,sed_tr,hguc,excel,27-02,吸,,2026學習詞表-17德鹿谷賽德克語.xlsx,17德鹿谷賽德克語,817,,
drink,sed_tr,mimah,excel,27-03,喝,,2026學習詞表-17德鹿谷賽德克語.xlsx,17德鹿谷賽德克語,818,,
vomit,sed_tr,tbrih,excel,27-04,吐,,2026學習詞表-17德鹿谷賽德克語.xlsx,17德鹿谷賽德克語,819,,
bite,sed_tr,qyutan,excel,27-05,咬,,2026學習詞表-17德鹿谷賽德克語.xlsx,17德鹿谷賽德克語,820,,
eat,sed_tr,mkan,excel,27-15,吃(東西),,2026學習詞表-17德鹿谷賽德克語.xlsx,17德鹿谷賽德克語,830,,
know,sed_tr,mkla,excel,28-02,知道,,2026學習詞表-17德鹿谷賽德克語.xlsx,17德鹿谷賽德克語,836,klaun,
see,sed_tr,qmita,excel,28-03,看,,2026學習詞表-17德鹿谷賽德克語.xlsx,17德鹿谷賽德克語,837,,
say,sed_tr,rmngaw,excel,28-04,說,,2026學習詞表-17德鹿谷賽德克語.xlsx,17德鹿谷賽德克語,838,,
smell,sed_tr,smknux,excel,28-07,聞(如聞味道),,2026學習詞表-17德鹿谷賽德克語.xlsx,17德鹿谷賽德克語,841,sknxan,
hear,sed_tr,qnbahang,excel,28-19,聽,,2026學習詞表-17德鹿谷賽德克語.xlsx,17德鹿谷賽德克語,853,,
think,sed_tr,lmnglung,excel,28-25,想(思考),,2026學習詞表-17德鹿谷賽德克語.xlsx,17德鹿谷賽德克語,859,,
fear,sed_tr,misug,excel,29-02,害怕,,2026學習詞表-17德鹿谷賽德克語.xlsx,17德鹿谷賽德克語,866,mngungu,
wash,sed_tr,mahu,excel,30-02,洗(衣物),,2026學習詞表-17德鹿谷賽德克語.xlsx,17德鹿谷賽德克語,876,,
sleep,sed_tr,mtaqi,excel,30-09,睡覺,,2026學習詞表-17德鹿谷賽德克語.xlsx,17德鹿谷賽德克語,883,,
kill,sed_tr,smipaq,excel,30-10,殺牲畜,,2026學習詞表-17德鹿谷賽德克語.xlsx,17德鹿谷賽德克語,884,亦用phuqil；gmdara,
lie,sed_tr,sbaang,excel,30-16,躺臥,,2026學習詞表-17德鹿谷賽德克語.xlsx,17德鹿谷賽德克語,890,,
burn,sed_tr,psqama,excel,30-20,燒(如燒稻草),,2026學習詞表-17德鹿谷賽德克語.xlsx,17德鹿谷賽德克語,894,hmudung,
hunt,sed_tr,pusa gasil,excel,30-25,陷獵,,2026學習詞表-17德鹿谷賽德克語.xlsx,17德鹿谷賽德克語,899,,
burn,sed_tr,sqama,excel,30-54,燃燒,,2026學習詞表-17德鹿谷賽德克語.xlsx,17德鹿谷賽德克語,928,,
drink,sed_tr,mimah,excel,30-61,喝(水),,2026學習詞表-17德鹿谷賽德克語.xlsx,17德鹿谷賽德克語,935,mahi,
sing,sed_tr,meuyas uyas,excel,30-64,唱歌,,2026學習詞表-17德鹿谷賽德克語.xlsx,17德鹿谷賽德克語,938,,
play,sed_tr,hmrapas,excel,30-65,玩耍,,2026學習詞表-17德鹿谷賽德克語.xlsx,17德鹿谷賽德克語,939,,
die,sed_tr,mhuqil,excel,31-01,死亡,,2026學習詞表-17德鹿谷賽德克語.xlsx,17德鹿谷賽德克語,941,,
live,sed_tr,mudus,excel,31-08,活的,,2026學習詞表-17德鹿谷賽德克語.xlsx,17德鹿谷賽德克語,948,,
heavy,sed_tr,shjil,excel,32-02,重(重量),,2026學習詞表-17德鹿谷賽德克語.xlsx,17德鹿谷賽德克語,963,,
big,sed_tr,paru,excel,32-05,大的,,2026學習詞表-17德鹿谷賽德克語.xlsx,17德鹿谷賽德克語,966,,
cold,sed_tr,mskuy,excel,32-08,冷,,2026學習詞表-17德鹿谷賽德克語.xlsx,17德鹿谷賽德克語,969,,
small,sed_tr,ciway,excel,32-09,小的,,2026學習詞表-17德鹿谷賽德克語.xlsx,17德鹿谷賽德克語,970,,
many,sed_tr,egu,excel,32-10,多,,2026學習詞表-17德鹿谷賽德克語.xlsx,17德鹿谷賽德克語,971,,
cold,sed_tr,tltu,excel,32-12,冰冷,,2026學習詞表-17德鹿谷賽德克語.xlsx,17德鹿谷賽德克語,973,,
few,sed_tr,cikuh,excel,32-14,少的,,2026學習詞表-17德鹿谷賽德克語.xlsx,17德鹿谷賽德克語,975,,
laugh,sed_tr,mhulis,excel,32-16,笑,,2026學習詞表-17德鹿谷賽德克語.xlsx,17德鹿谷賽德克語,977,,
wet,sed_tr,mhuriq,excel,32-17,濕的,,2026學習詞表-17德鹿谷賽德克語.xlsx,17德鹿谷賽德克語,978,,
thick,sed_tr,kndux,excel,32-19,厚的,,2026學習詞表-17德鹿谷賽德克語.xlsx,17德鹿谷賽德克語,980,,
thin,sed_tr,hlpis,excel,32-21,薄的,,2026學習詞表-17德鹿谷賽德克語.xlsx,17德鹿谷賽德克語,982,,
dirty,sed_tr,ruciq,excel,32-22,髒,,2026學習詞表-17德鹿谷賽德克語.xlsx,17德鹿谷賽德克語,983,,
dry,sed_tr,mdngu,excel,32-28,乾的,,2026學習詞表-17德鹿谷賽德克語.xlsx,17德鹿谷賽德克語,989,,
new,sed_tr,bgurah,excel,32-31,新的,,2026學習詞表-17德鹿谷賽德克語.xlsx,17德鹿谷賽德克語,992,,
old,sed_tr,smudal,excel,32-32,舊的,,2026學習詞表-17德鹿谷賽德克語.xlsx,17德鹿谷賽德克語,993,,
near,sed_tr,sdalih,excel,32-33,近,,2026學習詞表-17德鹿谷賽德克語.xlsx,17德鹿谷賽德克語,994,,
bad,sed_tr,naqih,excel,32-35,壞掉,,2026學習詞表-17德鹿谷賽德克語.xlsx,17德鹿谷賽德克語,996,,
far,sed_tr,dhiyaq,excel,32-37,遠,,2026學習詞表-17德鹿谷賽德克語.xlsx,17德鹿谷賽德克語,998,,
swell,sed_tr,mlabu,excel,32-38,腫,,2026學習詞表-17德鹿谷賽德克語.xlsx,17德鹿谷賽德克語,999,,
smooth,sed_tr,sdhriq,excel,32-44,滑,,2026學習詞表-17德鹿谷賽德克語.xlsx,17德鹿谷賽德克語,1005,,
warm,sed_tr,muxul,excel,32-56,暖和,,2026學習詞表-17德鹿谷賽德克語.xlsx,17德鹿谷賽德克語,1017,,
dull,sed_tr,mngapar,excel,32-57,鈍的,,2026學習詞表-17德鹿谷賽德克語.xlsx,17德鹿谷賽德克語,1018,,
straight,sed_tr,luqi,excel,32-65,直,,2026學習詞表-17德鹿谷賽德克語.xlsx,17德鹿谷賽德克語,1026,,
full,sed_tr,thngay da,excel,32-66,滿了,,2026學習詞表-17德鹿谷賽德克語.xlsx,17德鹿谷賽德克語,1027,,
wide,sed_tr,llabang,excel,32-68,(空間)寬敞,,2026學習詞表-17德鹿谷賽德克語.xlsx,17德鹿谷賽德克語,1029,,
correct,sed_tr,dungus,excel,32-69,正確,,2026學習詞表-17德鹿谷賽德克語.xlsx,17德鹿谷賽德克語,1030,亦可用balay bi,
warm,sed_tr,muxul,excel,32-72,溫的(水),,2026學習詞表-17德鹿谷賽德克語.xlsx,17德鹿谷賽德克語,1033,,
long,sed_tr,bbaraw,excel,32-74,長,,2026學習詞表-17德鹿谷賽德克語.xlsx,17德鹿谷賽德克語,1035,,
short,sed_tr,putuh,excel,32-76,短,,2026學習詞表-17德鹿谷賽德克語.xlsx,17德鹿谷賽德克語,1037,,
full,sed_tr,htngay,excel,32-79,滿滿,,2026學習詞表-17德鹿谷賽德克語.xlsx,17德鹿谷賽德克語,1040,,
wipe,sed_tr,smrus,excel,33-06,擦拭,,2026學習詞表-17德鹿谷賽德克語.xlsx,17德鹿谷賽德克語,1048,,
throw,sed_tr,qmada,excel,34-19,丟棄,,2026學習詞表-17德鹿谷賽德克語.xlsx,17德鹿谷賽德克語,1069,,
count,sed_tr,smpug,excel,34-29,數(計算),,2026學習詞表-17德鹿谷賽德克語.xlsx,17德鹿谷賽德克語,1079,,
good,sed_tr,malu,excel,34-34,好的,,2026學習詞表-17德鹿谷賽德克語.xlsx,17德鹿谷賽德克語,1084,,
not,sed_tr,uxay,excel,35-03,不是(回答用),,2026學習詞表-17德鹿谷賽德克語.xlsx,17德鹿谷賽德克語,1092,,
because,sed_tr,yasa,excel,36-05,因為,,2026學習詞表-17德鹿谷賽德克語.xlsx,17德鹿谷賽德克語,1101,ada ka,
and,sed_tr,ni,excel,36-18,和,,2026學習詞表-17德鹿谷賽德克語.xlsx,17德鹿谷賽德克語,1114,,
if,sed_tr,nasi,excel,36-22,如果,,2026學習詞表-17德鹿谷賽德克語.xlsx,17德鹿谷賽德克語,1118,,
one,bun_td,taʼa,excel,01-01,一,,2026學習詞表-18卓群布農語.xlsx,18卓群布農語,5,亦可稱：tas’a,
two,bun_td,dusaʼ,excel,01-02,二,,2026學習詞表-18卓群布農語.xlsx,18卓群布農語,6,,
three,bun_td,taau,excel,01-03,三,,2026學習詞表-18卓群布農語.xlsx,18卓群布農語,7,,
four,bun_td,paat,excel,01-04,四,,2026學習詞表-18卓群布農語.xlsx,18卓群布農語,8,,
five,bun_td,himaʼ,excel,01-05,五,,2026學習詞表-18卓群布農語.xlsx,18卓群布農語,9,,
six,bun_td,nuum,excel,01-06,六,,2026學習詞表-18卓群布農語.xlsx,18卓群布農語,10,,
seven,bun_td,pituʼ,excel,01-07,七,,2026學習詞表-18卓群布農語.xlsx,18卓群布農語,11,,
eight,bun_td,vaauʼ,excel,01-08,八,,2026學習詞表-18卓群布農語.xlsx,18卓群布農語,12,,
nine,bun_td,sivaʼ,excel,01-09,九,,2026學習詞表-18卓群布農語.xlsx,18卓群布農語,13,,
ten,bun_td,macʼan,excel,01-10,十,,2026學習詞表-18卓群布農語.xlsx,18卓群布農語,14,,
twenty,bun_td,mapusan,excel,01-20,二十,,2026學習詞表-18卓群布農語.xlsx,18卓群布農語,24,,
hundred,bun_td,saba,excel,01-34,百,,2026學習詞表-18卓群布農語.xlsx,18卓群布農語,38,tatsaba,
hundred,bun_td,tatsaba,excel,01-35,一百,,2026學習詞表-18卓群布農語.xlsx,18卓群布農語,39,,
some,bun_td,tukuc,excel,01-38,一些,,2026學習詞表-18卓群布農語.xlsx,18卓群布農語,42,tikic少,
all,bun_td,muʼamin,excel,01-43,全部,,2026學習詞表-18卓群布農語.xlsx,18卓群布農語,47,都是,
few,bun_td,takiuc,excel,01-44,一點點,,2026學習詞表-18卓群布農語.xlsx,18卓群布農語,48,,
you_singular,bun_td,asu/suʼu,excel,02-01,你,,2026學習詞表-18卓群布農語.xlsx,18卓群布農語,51,主格/屬格,
i,bun_td,azak/caak/zaku,excel,02-02,我,,2026學習詞表-18卓群布農語.xlsx,18卓群布農語,52,主格/屬格,
he,bun_td,cia,excel,02-03,他,,2026學習詞表-18卓群布農語.xlsx,18卓群布農語,53,主格/屬格,
you_plural,bun_td,amu/muʼu,excel,02-04,你們,,2026學習詞表-18卓群布農語.xlsx,18卓群布農語,54,主格/屬格,
we,bun_td,azam/ata/zami,excel,02-05,我們,,2026學習詞表-18卓群布農語.xlsx,18卓群布農語,55,主格/屬格azam/ata/zami/ita,
they,bun_td,nai,excel,02-06,他們,,2026學習詞表-18卓群布農語.xlsx,18卓群布農語,56,主格/屬格,
we,bun_td,azam,excel,02-13,我們(排除式),,2026學習詞表-18卓群布農語.xlsx,18卓群布農語,63,主格,
we,bun_td,ita /ata,excel,02-14,咱們(包含式),,2026學習詞表-18卓群布農語.xlsx,18卓群布農語,64,主格 / 賓格,
that,bun_td,aiza,excel,02-16,那個,,2026學習詞表-18卓群布農語.xlsx,18卓群布農語,66,aiza/mackaʼ/naipaʼ,
this,bun_td,dii,excel,02-17,這個,,2026學習詞表-18卓群布農語.xlsx,18卓群布農語,67,,
here,bun_td,haan dii / haʼan dii,excel,02-18,這裡,,2026學習詞表-18卓群布農語.xlsx,18卓群布農語,68,在這裡ihaan dii / ihaʼan dii,
there,bun_td,haan aiza / haʼan aiza,excel,02-19,那裡,,2026學習詞表-18卓群布農語.xlsx,18卓群布農語,69,同ihaan aiza./iha’an aiza.,
what,bun_td,maʼaz,excel,03-02,什麼,,2026學習詞表-18卓群布農語.xlsx,18卓群布農語,73,,
how,bun_td,makua,excel,03-03,如何,,2026學習詞表-18卓群布農語.xlsx,18卓群布農語,74,,
when,bun_td,lakua,excel,03-04,何時(未發生),,2026學習詞表-18卓群布農語.xlsx,18卓群布農語,75,,
who,bun_td,cima,excel,03-05,誰,,2026學習詞表-18卓群布農語.xlsx,18卓群布農語,76,,
where,bun_td,ica,excel,03-07,哪裡,,2026學習詞表-18卓群布農語.xlsx,18卓群布農語,78,,
how,bun_td,mikua,excel,03-09,怎麼,,2026學習詞表-18卓群布農語.xlsx,18卓群布農語,80,mikua怎麼了/makua怎樣，如何,
where,bun_td,ica,excel,03-12,什麼地方,,2026學習詞表-18卓群布農語.xlsx,18卓群布農語,83,亦可稱：i’ica哪裡,
when,bun_td,lakua,excel,03-13,何時(已發生),,2026學習詞表-18卓群布農語.xlsx,18卓群布農語,84,,
father,bun_td,tama,excel,04-01,爸爸,,2026學習詞表-18卓群布農語.xlsx,18卓群布農語,87,,
mother,bun_td,tina,excel,04-02,媽媽,,2026學習詞表-18卓群布農語.xlsx,18卓群布農語,88,,
wife,bun_td,dingalan,excel,04-07,配偶,,2026學習詞表-18卓群布農語.xlsx,18卓群布農語,93,,
husband,bun_td,dingalan,excel,04-07,配偶,,2026學習詞表-18卓群布農語.xlsx,18卓群布農語,93,,
husband,bun_td,bananaz,excel,04-15,丈夫,,2026學習詞表-18卓群布農語.xlsx,18卓群布農語,101,bananaz是男人/丈夫,
name,bun_td,ngaan,excel,05-01,名字,,2026學習詞表-18卓群布農語.xlsx,18卓群布農語,114,,
child,bun_td,uvaʼaz,excel,05-05,孩童,,2026學習詞表-18卓群布農語.xlsx,18卓群布農語,118,,
woman,bun_td,binanauʼaz,excel,05-07,女性,,2026學習詞表-18卓群布農語.xlsx,18卓群布農語,120,,
man,bun_td,bananaz,excel,05-08,男性,,2026學習詞表-18卓群布農語.xlsx,18卓群布農語,121,,
person,bun_td,bunun,excel,05-09,人,,2026學習詞表-18卓群布農語.xlsx,18卓群布農語,122,,
ear,bun_td,tainga,excel,06-01,耳朵,,2026學習詞表-18卓群布農語.xlsx,18卓群布農語,140,,
leg,bun_td,vain,excel,06-02,大腿,,2026學習詞表-18卓群布農語.xlsx,18卓群布農語,141,,
eye,bun_td,mataʼ,excel,06-03,眼睛,,2026學習詞表-18卓群布農語.xlsx,18卓群布農語,142,,
mouth,bun_td,ngulus,excel,06-05,嘴巴,,2026學習詞表-18卓群布農語.xlsx,18卓群布農語,144,,
head,bun_td,bungu,excel,06-06,頭,,2026學習詞表-18卓群布農語.xlsx,18卓群布農語,145,,
fingernail,bun_td,kuskus,excel,06-07,指甲,,2026學習詞表-18卓群布農語.xlsx,18卓群布農語,146,,
hand,bun_td,ima,excel,06-08,手,,2026學習詞表-18卓群布農語.xlsx,18卓群布農語,147,,
nose,bun_td,ngutuc,excel,06-10,鼻子,,2026學習詞表-18卓群布農語.xlsx,18卓群布農語,149,,
foot,bun_td,bantac,excel,06-11,腳,,2026學習詞表-18卓群布農語.xlsx,18卓群布農語,150,,
tooth,bun_td,nipun,excel,06-12,牙齒,,2026學習詞表-18卓群布農語.xlsx,18卓群布農語,151,,
hair,bun_td,qulbu,excel,06-13,頭髮,,2026學習詞表-18卓群布農語.xlsx,18卓群布農語,152,,
blood,bun_td,tiquc,excel,06-14,血,,2026學習詞表-18卓群布農語.xlsx,18卓群布農語,153,,
meat,bun_td,laac,excel,06-15,肉,,2026學習詞表-18卓群布農語.xlsx,18卓群布農語,154,果實,
belly,bun_td,tian,excel,06-17,肚子,,2026學習詞表-18卓群布農語.xlsx,18卓群布農語,156,,
breast,bun_td,cucuʼ,excel,06-18,乳房,,2026學習詞表-18卓群布農語.xlsx,18卓群布農語,157,,
back,bun_td,hikuʼ,excel,06-22,背部,,2026學習詞表-18卓群布農語.xlsx,18卓群布農語,161,,
skin,bun_td,kahung,excel,06-23,皮,,2026學習詞表-18卓群布農語.xlsx,18卓群布農語,162,,
heart,bun_td,qumun,excel,06-28,心臟,,2026學習詞表-18卓群布農語.xlsx,18卓群布農語,167,,
knee,bun_td,qaaʼ,excel,06-31,膝蓋,,2026學習詞表-18卓群布農語.xlsx,18卓群布農語,170,,
liver,bun_td,takiʼngadaq,excel,06-34,肝臟,,2026學習詞表-18卓群布農語.xlsx,18卓群布農語,173,,
fat,bun_td,bizuq,excel,06-37,油脂,,2026學習詞表-18卓群布農語.xlsx,18卓群布農語,176,,
tongue,bun_td,mama,excel,06-42,舌頭,,2026學習詞表-18卓群布農語.xlsx,18卓群布農語,181,,
neck,bun_td,qungqungan,excel,06-47,脖子,,2026學習詞表-18卓群布農語.xlsx,18卓群布農語,186,,
neck,bun_td,cukcuk,excel,06-52,頸子,,2026學習詞表-18卓群布農語.xlsx,18卓群布農語,191,,
tail,bun_td,visvis,excel,07-01,尾巴,,2026學習詞表-18卓群布農語.xlsx,18卓群布農語,197,,
dog,bun_td,acuʼ,excel,07-03,狗,,2026學習詞表-18卓群布農語.xlsx,18卓群布農語,199,,
bird,bun_td,luqaiʼ,excel,07-06,鳥,,2026學習詞表-18卓群布農語.xlsx,18卓群布農語,202,,
fish,bun_td,kaan,excel,07-07,魚,,2026學習詞表-18卓群布農語.xlsx,18卓群布農語,203,,
snake,bun_td,ivut,excel,07-19,蛇,,2026學習詞表-18卓群布農語.xlsx,18卓群布農語,215,,
louse,bun_td,kutu,excel,07-33,頭蝨,,2026學習詞表-18卓群布農語.xlsx,18卓群布農語,229,,
worm,bun_td,takidauluq,excel,07-39,蚯蚓,,2026學習詞表-18卓群布農語.xlsx,18卓群布農語,235,,
wing,bun_td,paniʼ,excel,07-49,翅膀,,2026學習詞表-18卓群布農語.xlsx,18卓群布農語,245,,
horn,bun_td,vaqaʼ,excel,07-64,(動物的)角,,2026學習詞表-18卓群布農語.xlsx,18卓群布農語,260,,
tree,bun_td,lukic,excel,08-03,樹,,2026學習詞表-18卓群布農語.xlsx,18卓群布農語,265,,
leaf,bun_td,lisav,excel,08-06,葉子,,2026學習詞表-18卓群布農語.xlsx,18卓群布農語,268,muut草,
flower,bun_td,puaq,excel,08-09,花朵,,2026學習詞表-18卓群布農語.xlsx,18卓群布農語,271,,
stick,bun_td,ciqaiʼ,excel,08-15,樹枝,,2026學習詞表-18卓群布農語.xlsx,18卓群布農語,277,,
fruit,bun_td,laac,excel,08-16,(植物的)果實,,2026學習詞表-18卓群布農語.xlsx,18卓群布農語,278,,
grass,bun_td,muut,excel,08-20,草,,2026學習詞表-18卓群布農語.xlsx,18卓群布農語,282,,
fruit,bun_td,kukutdaqun,excel,08-24,水果,,2026學習詞表-18卓群布農語.xlsx,18卓群布農語,286,,
root,bun_td,lamis,excel,08-28,樹根,,2026學習詞表-18卓群布農語.xlsx,18卓群布農語,290,,
seed,bun_td,qauqsa,excel,08-44,種子,,2026學習詞表-18卓群布農語.xlsx,18卓群布農語,306,katuuc是南瓜子等大之種子。,
rope,bun_td,duun,excel,09-15,繩索,,2026學習詞表-18卓群布農語.xlsx,18卓群布農語,335,,
stick,bun_td,qacqac,excel,09-18,枝條,,2026學習詞表-18卓群布農語.xlsx,18卓群布農語,338,qacqac可農物用。 ciqai’係稱樹枝。,
ash,bun_td,qabu,excel,09-49,炭灰,,2026學習詞表-18卓群布農語.xlsx,18卓群布農語,369,,
road,bun_td,daan,excel,10-01,道路,,2026學習詞表-18卓群布農語.xlsx,18卓群布農語,393,,
wind,bun_td,hivhiv,excel,10-04,風,,2026學習詞表-18卓群布農語.xlsx,18卓群布農語,396,,
sand,bun_td,bunuk,excel,10-05,沙子,,2026學習詞表-18卓群布農語.xlsx,18卓群布農語,397,,
earth,bun_td,dalaq,excel,10-06,泥土,,2026學習詞表-18卓群布農語.xlsx,18卓群布農語,398,pusqu’塵土,
river,bun_td,haul,excel,10-07,河流,,2026學習詞表-18卓群布農語.xlsx,18卓群布農語,399,vaqlac是指河床、小溪地帶。,
lake,bun_td,taingul,excel,10-08,湖泊,,2026學習詞表-18卓群布農語.xlsx,18卓群布農語,400,"積水之小水潭taingul,樹洞的積水tuqaiv",
forest,bun_td,libus,excel,10-09,森林,,2026學習詞表-18卓群布農語.xlsx,18卓群布農語,401,,
sun,bun_td,vali,excel,11-02,太陽,,2026學習詞表-18卓群布農語.xlsx,18卓群布農語,417,,
moon,bun_td,buan,excel,11-03,月亮,,2026學習詞表-18卓群布農語.xlsx,18卓群布農語,418,,
sky,bun_td,diqanin,excel,11-04,天空,,2026學習詞表-18卓群布農語.xlsx,18卓群布農語,419,,
star,bun_td,bintuqan,excel,11-05,星星,,2026學習詞表-18卓群布農語.xlsx,18卓群布農語,420,,
rain,bun_td,qudan,excel,11-06,雨,,2026學習詞表-18卓群布農語.xlsx,18卓群布農語,421,,
snow,bun_td,paav,excel,11-07,雪,,2026學習詞表-18卓群布農語.xlsx,18卓群布農語,422,,
cloud,bun_td,luhum,excel,11-12,雲,,2026學習詞表-18卓群布農語.xlsx,18卓群布農語,427,kuhum霧,
smoke,bun_td,qumbu,excel,11-13,煙,,2026學習詞表-18卓群布農語.xlsx,18卓群布農語,428,,
fire,bun_td,sapuz,excel,11-17,火,,2026學習詞表-18卓群布農語.xlsx,18卓群布農語,432,,
ice,bun_td,paav,excel,11-18,冰,,2026學習詞表-18卓群布農語.xlsx,18卓群布農語,433,,
stone,bun_td,lakdaʼ,excel,12-05,石頭,,2026學習詞表-18卓群布農語.xlsx,18卓群布農語,454,,
night,bun_td,sanavan,excel,13-02,晚上,,2026學習詞表-18卓群布農語.xlsx,18卓群布農語,471,maqmut夜晚,
day,bun_td,qaniʼan,excel,13-07,白天,,2026學習詞表-18卓群布農語.xlsx,18卓群布農語,476,,
night,bun_td,maqmut,excel,13-22,夜,,2026學習詞表-18卓群布農語.xlsx,18卓群布農語,491,,
year,bun_td,qamisan,excel,13-28,年,,2026學習詞表-18卓群布農語.xlsx,18卓群布農語,497,qamisan年歲,
in,bun_td,kumbuʼ,excel,14-01,裡面,,2026學習詞表-18卓群布農語.xlsx,18卓群布農語,502,ikumbu’在裡面,
at,bun_td,naiʼantaʼ,excel,14-02,在某處,,2026學習詞表-18卓群布農語.xlsx,18卓群布農語,503,ihaanta’/ iha’anta’在那裡（位置）,
right,bun_td,tavanan,excel,14-10,右邊,,2026學習詞表-18卓群布農語.xlsx,18卓群布農語,511,,
left,bun_td,tavili,excel,14-11,左邊,,2026學習詞表-18卓群布農語.xlsx,18卓群布農語,512,,
water,bun_td,danum,excel,21-02,水,,2026學習詞表-18卓群布農語.xlsx,18卓群布農語,601,,
salt,bun_td,qacila,excel,21-07,鹽,,2026學習詞表-18卓群布農語.xlsx,18卓群布農語,606,,
egg,bun_td,qaipuan,excel,21-09,蛋,,2026學習詞表-18卓群布農語.xlsx,18卓群布農語,608,,
white,bun_td,maduqlac,excel,22-01,白色,,2026學習詞表-18卓群布農語.xlsx,18卓群布農語,626,,
black,bun_td,mataqdung,excel,22-02,黑色,,2026學習詞表-18卓群布農語.xlsx,18卓群布農語,627,,
red,bun_td,madangqac,excel,22-03,紅色,,2026學習詞表-18卓群布農語.xlsx,18卓群布農語,628,,
yellow,bun_td,mabulav,excel,22-05,黃色的,,2026學習詞表-18卓群布農語.xlsx,18卓群布農語,630,,
green,bun_td,masanglav,excel,22-08,綠色,,2026學習詞表-18卓群布農語.xlsx,18卓群布農語,633,Maqaihav暗藍色、黑紫色; Masanlav綠色、藍色、青色,
give,bun_td,macaiv,excel,25-07,給,,2026學習詞表-18卓群布農語.xlsx,18卓群布農語,663,ma’aiv給,
come,bun_td,nuqan,excel,25-08,來,,2026學習詞表-18卓群布農語.xlsx,18卓群布農語,664,muncaan dii移到這裡，muncana dii移動到這裡（命令句），nuqan過來。,
walk,bun_td,tanʼanak,excel,25-10,走路,,2026學習詞表-18卓群布農語.xlsx,18卓群布農語,666,tan’anak指徒步走路 ; mudadaan是逛一逛,
fly,bun_td,kusbai,excel,25-12,飛,,2026學習詞表-18卓群布農語.xlsx,18卓群布農語,668,,
fall,bun_td,muqalqal,excel,25-26,(植物的果實)掉落,,2026學習詞表-18卓群布農語.xlsx,18卓群布農語,682,muqasqas多量的掉落,
sit,bun_td,malʼanungquʼ,excel,25-43,坐著,,2026學習詞表-18卓群布農語.xlsx,18卓群布農語,699,mal’anungqu坐著（正保持狀態）,
stand,bun_td,maladuldul,excel,25-44,站著,,2026學習詞表-18卓群布農語.xlsx,18卓群布農語,700,,
sit,bun_td,mulungqu,excel,26-03,坐下,,2026學習詞表-18卓群布農語.xlsx,18卓群布農語,712,,
hit,bun_td,maludaq,excel,26-08,打(人),,2026學習詞表-18卓群布農語.xlsx,18卓群布農語,717,maludaq拍打 ; ma’anak 打；揍,
stab,bun_td,malaupa,excel,26-09,刺,,2026學習詞表-18卓群布農語.xlsx,18卓群布農語,718,,
push,bun_td,malintuaz,excel,26-13,推,,2026學習詞表-18卓群布農語.xlsx,18卓群布農語,722,,
scratch,bun_td,makalav,excel,26-18,抓癢,,2026學習詞表-18卓群布農語.xlsx,18卓群布農語,727,,
lie,bun_td,malkauʼnaz,excel,26-20,躺,,2026學習詞表-18卓群布農語.xlsx,18卓群布農語,729,,
blow,bun_td,maʼiup,excel,26-28,吹,,2026學習詞表-18卓群布農語.xlsx,18卓群布農語,737,i’iup 吹（火）筒，吹氣筒 ; pululuut哨子,
dig,bun_td,makai,excel,26-29,挖掘,,2026學習詞表-18卓群布農語.xlsx,18卓群布農語,738,,
cut,bun_td,makulut,excel,26-30,切,,2026學習詞表-18卓群布農語.xlsx,18卓群布農語,739,"makulut切割,鋸",
swim,bun_td,tunhapav,excel,26-31,游泳,,2026學習詞表-18卓群布農語.xlsx,18卓群布農語,740,,
tie,bun_td,maluquc,excel,26-38,綁住,,2026學習詞表-18卓群布農語.xlsx,18卓群布農語,747,mapaskuc拴綁,
pull,bun_td,sibutbut,excel,26-39,拉,,2026學習詞表-18卓群布農語.xlsx,18卓群布農語,748,mahalak牽,
split,bun_td,matua,excel,26-40,劈(木材),,2026學習詞表-18卓群布農語.xlsx,18卓群布農語,749,matua開（門，窗，瓶蓋）,
hold,bun_td,angkuc,excel,26-42,提著,,2026學習詞表-18卓群布農語.xlsx,18卓群布農語,751,angkuc 提著 ; ancaqan 以肩抬著,
hold,bun_td,malidikuc,excel,26-43,握著,,2026學習詞表-18卓群布農語.xlsx,18卓群布農語,752,,
tie,bun_td,maluquc,excel,26-44,捆綁,,2026學習詞表-18卓群布農語.xlsx,18卓群布農語,753,,
scratch,bun_td,picunghaʼ,excel,26-56,搔癢,,2026學習詞表-18卓群布農語.xlsx,18卓群布農語,765,makalav用手抓癢,
rub,bun_td,malucluc,excel,26-85,揉搓(衣物),,2026學習詞表-18卓群布農語.xlsx,18卓群布農語,794,mamucmuc,
lie,bun_td,malcimukuz,excel,26-88,側臥,,2026學習詞表-18卓群布農語.xlsx,18卓群布農語,797,側臥;彎曲,
fight,bun_td,paʼanak,excel,26-96,打架,,2026學習詞表-18卓群布農語.xlsx,18卓群布農語,805,,
squeeze,bun_td,pasiʼaicqaz,excel,26-97,擠,,2026學習詞表-18卓群布農語.xlsx,18卓群布農語,806,,
dig,bun_td,makai,excel,26-100,(用手)挖掘,,2026學習詞表-18卓群布農語.xlsx,18卓群布農語,809,,
stand,bun_td,mindangkaz,excel,26-105,起立,,2026學習詞表-18卓群布農語.xlsx,18卓群布農語,814,mindangkaz起身，起床 ; minkailaz醒來,
eat,bun_td,maʼun,excel,27-01,吃,,2026學習詞表-18卓群布農語.xlsx,18卓群布農語,816,,
suck,bun_td,sicupcup,excel,27-02,吸,,2026學習詞表-18卓群布農語.xlsx,18卓群布農語,817,sicupcup/sibuqtuc 吸；抽取,
drink,bun_td,quuʼ,excel,27-03,喝,,2026學習詞表-18卓群布農語.xlsx,18卓群布農語,818,,
vomit,bun_td,mutaq,excel,27-04,吐,,2026學習詞表-18卓群布農語.xlsx,18卓群布農語,819,,
bite,bun_td,kalat,excel,27-05,咬,,2026學習詞表-18卓群布農語.xlsx,18卓群布農語,820,,
eat,bun_td,maʼun,excel,27-15,吃(東西),,2026學習詞表-18卓群布農語.xlsx,18卓群布農語,830,ma’un吃 kaunun食用，食物,
know,bun_td,maqanciap,excel,28-02,知道,,2026學習詞表-18卓群布農語.xlsx,18卓群布農語,836,,
see,bun_td,saduu,excel,28-03,看,,2026學習詞表-18卓群布農語.xlsx,18卓群布農語,837,,
say,bun_td,tupa,excel,28-04,說,,2026學習詞表-18卓群布農語.xlsx,18卓群布農語,838,"taqu告訴, 教 tupa 說，講",
smell,bun_td,saak,excel,28-07,聞(如聞味道),,2026學習詞表-18卓群布農語.xlsx,18卓群布農語,841,saak/tahun 聞；味道,
hear,bun_td,tanʼa,excel,28-19,聽,,2026學習詞表-18卓群布農語.xlsx,18卓群布農語,853,,
think,bun_td,pismantuk,excel,28-25,想(思考),,2026學習詞表-18卓群布農語.xlsx,18卓群布農語,859,,
fear,bun_td,mapising,excel,29-02,害怕,,2026學習詞表-18卓群布農語.xlsx,18卓群布農語,866,,
wash,bun_td,mapacʼaq,excel,30-02,洗(衣物),,2026學習詞表-18卓群布農語.xlsx,18卓群布農語,876,,
sleep,bun_td,masabaq,excel,30-09,睡覺,,2026學習詞表-18卓群布農語.xlsx,18卓群布農語,883,,
kill,bun_td,matunu,excel,30-10,殺牲畜,,2026學習詞表-18卓群布農語.xlsx,18卓群布農語,884,mapataz sinaipuk殺牲畜;matunu火燒物之意,
lie,bun_td,malkakauʼnaz,excel,30-16,躺臥,,2026學習詞表-18卓群布農語.xlsx,18卓群布農語,890,mul’uu休息; malkakau’naz躺臥,
burn,bun_td,pistaba,excel,30-20,燒(如燒稻草),,2026學習詞表-18卓群布農語.xlsx,18卓群布農語,894,Malusapuz生火 ; pisdua燒,
hunt,bun_td,mahaqu,excel,30-25,陷獵,,2026學習詞表-18卓群布農語.xlsx,18卓群布農語,899,tishaqu 被陷獵,
burn,bun_td,mistaba,excel,30-54,燃燒,,2026學習詞表-18卓群布農語.xlsx,18卓群布農語,928,,
drink,bun_td,quuʼ,excel,30-61,喝(水),,2026學習詞表-18卓群布農語.xlsx,18卓群布農語,935,,
sing,bun_td,tusasauc,excel,30-64,唱歌,,2026學習詞表-18卓群布農語.xlsx,18卓群布農語,938,,
play,bun_td,kavivilaʼ,excel,30-65,玩耍,,2026學習詞表-18卓群布農語.xlsx,18卓群布農語,939,,
die,bun_td,mataz,excel,31-01,死亡,,2026學習詞表-18卓群布農語.xlsx,18卓群布農語,941,"uka’in沒有了,已歿,已往",
live,bun_td,miqumic,excel,31-08,活的,,2026學習詞表-18卓群布農語.xlsx,18卓群布農語,948,,
heavy,bun_td,masauqbung,excel,32-02,重(重量),,2026學習詞表-18卓群布農語.xlsx,18卓群布農語,963,,
big,bun_td,madaing,excel,32-05,大的,,2026學習詞表-18卓群布農語.xlsx,18卓群布農語,966,,
cold,bun_td,makazhav,excel,32-08,冷,,2026學習詞表-18卓群布農語.xlsx,18卓群布農語,969,makazhav涼,
small,bun_td,atikic,excel,32-09,小的,,2026學習詞表-18卓群布農語.xlsx,18卓群布農語,970,,
many,bun_td,madiaʼ,excel,32-10,多,,2026學習詞表-18卓群布農語.xlsx,18卓群布農語,971,,
cold,bun_td,macisʼit,excel,32-12,冰冷,,2026學習詞表-18卓群布農語.xlsx,18卓群布農語,973,,
few,bun_td,takiuc,excel,32-14,少的,,2026學習詞表-18卓群布農語.xlsx,18卓群布農語,975,"takiuc小 ,少 ; atikic小 ; mavai’ 少, 不足",
laugh,bun_td,maqainan,excel,32-16,笑,,2026學習詞表-18卓群布農語.xlsx,18卓群布農語,977,,
wet,bun_td,luvuc,excel,32-17,濕的,,2026學習詞表-18卓群布農語.xlsx,18卓群布農語,978,,
thick,bun_td,makatpal,excel,32-19,厚的,,2026學習詞表-18卓群布農語.xlsx,18卓群布農語,980,,
thin,bun_td,mangisbic,excel,32-21,薄的,,2026學習詞表-18卓群布農語.xlsx,18卓群布農語,982,"mavis’ik物細小, 身瘦小; makuis瘦",
dirty,bun_td,mataqdung,excel,32-22,髒,,2026學習詞表-18卓群布農語.xlsx,18卓群布農語,983,mataqdung黑色,
dry,bun_td,mabulcuk,excel,32-28,乾的,,2026學習詞表-18卓群布農語.xlsx,18卓群布農語,989,,
new,bun_td,baqlu,excel,32-31,新的,,2026學習詞表-18卓群布農語.xlsx,18卓群布農語,992,,
old,bun_td,kulaliʼ,excel,32-32,舊的,,2026學習詞表-18卓群布農語.xlsx,18卓群布農語,993,"takiqabas古時的, 以前的",
near,bun_td,machuan,excel,32-33,近,,2026學習詞表-18卓群布農語.xlsx,18卓群布農語,994,Muchu靠近; Muchuan靠近點,
bad,bun_td,madiklaʼ,excel,32-35,壞掉,,2026學習詞表-18卓群布農語.xlsx,18卓群布農語,996,minuma壞掉了,
far,bun_td,daqvisan,excel,32-37,遠,,2026學習詞表-18卓群布農語.xlsx,18卓群布農語,998,,
swell,bun_td,tismuq,excel,32-38,腫,,2026學習詞表-18卓群布農語.xlsx,18卓群布農語,999,,
smooth,bun_td,maqsian,excel,32-44,滑,,2026學習詞表-18卓群布農語.xlsx,18卓群布農語,1005,,
warm,bun_td,manangqat,excel,32-56,暖和,,2026學習詞表-18卓群布農語.xlsx,18卓群布農語,1017,,
dull,bun_td,maqutngu,excel,32-57,鈍的,,2026學習詞表-18卓群布農語.xlsx,18卓群布農語,1018,,
straight,bun_td,masansan,excel,32-65,直,,2026學習詞表-18卓群布農語.xlsx,18卓群布農語,1026,,
full,bun_td,matmuz,excel,32-66,滿了,,2026學習詞表-18卓群布農語.xlsx,18卓群布農語,1027,,
wide,bun_td,mangazʼaq,excel,32-68,(空間)寬敞,,2026學習詞表-18卓群布農語.xlsx,18卓群布農語,1029,,
correct,bun_td,matukutuku,excel,32-69,正確,,2026學習詞表-18卓群布農語.xlsx,18卓群布農語,1030,"mamantuk實在,確實",
warm,bun_td,manamiʼ,excel,32-72,溫的(水),,2026學習詞表-18卓群布農語.xlsx,18卓群布農語,1033,,
long,bun_td,madauqpus,excel,32-74,長,,2026學習詞表-18卓群布農語.xlsx,18卓群布農語,1035,,
short,bun_td,maputul,excel,32-76,短,,2026學習詞表-18卓群布農語.xlsx,18卓群布農語,1037,maputul指物的短小，如手指頭; mapuchu也可指無形之事，如時間的短暫。,
full,bun_td,matmuz,excel,32-79,滿滿,,2026學習詞表-18卓群布農語.xlsx,18卓群布農語,1040,macinqauzu’是指已滿且高過了器皿。,
wipe,bun_td,maqaisqais,excel,33-06,擦拭,,2026學習詞表-18卓群布農語.xlsx,18卓群布農語,1048,isqaqaisqais 擦拭、橡皮擦,
throw,bun_td,matakunav,excel,34-19,丟棄,,2026學習詞表-18卓群布農語.xlsx,18卓群布農語,1069,mavail移物丟棄,
count,bun_td,masipul,excel,34-29,數(計算),,2026學習詞表-18卓群布農語.xlsx,18卓群布農語,1079,,
good,bun_td,macial,excel,34-34,好的,,2026學習詞表-18卓群布農語.xlsx,18卓群布農語,1084,macial asuu你好,
not,bun_td,niiʼ,excel,35-03,不是(回答用),,2026學習詞表-18卓群布農語.xlsx,18卓群布農語,1092,,
because,bun_td,maupaqut,excel,36-05,因為,,2026學習詞表-18卓群布農語.xlsx,18卓群布農語,1101,"maupa’i因為,maupa像似",
and,bun_td,ciin,excel,36-18,和,,2026學習詞表-18卓群布農語.xlsx,18卓群布農語,1114,ciin由他，換他（斜格人稱）；muskun在一起,
if,bun_td,maca,excel,36-22,如果,,2026學習詞表-18卓群布農語.xlsx,18卓群布農語,1118,maca如果 ；uuca 要是,
one,bun_bh,tasʼa,excel,01-01,一,,2026學習詞表-19卡群布農語.xlsx,19卡群布農語,5,,
two,bun_bh,dusaʼ,excel,01-02,二,,2026學習詞表-19卡群布農語.xlsx,19卡群布農語,6,,
three,bun_bh,tau,excel,01-03,三,,2026學習詞表-19卡群布農語.xlsx,19卡群布農語,7,,
four,bun_bh,pat,excel,01-04,四,,2026學習詞表-19卡群布農語.xlsx,19卡群布農語,8,,
five,bun_bh,himaʼ,excel,01-05,五,,2026學習詞表-19卡群布農語.xlsx,19卡群布農語,9,,
six,bun_bh,num,excel,01-06,六,,2026學習詞表-19卡群布農語.xlsx,19卡群布農語,10,,
seven,bun_bh,pituʼ,excel,01-07,七,,2026學習詞表-19卡群布農語.xlsx,19卡群布農語,11,,
eight,bun_bh,vauʼ,excel,01-08,八,,2026學習詞表-19卡群布農語.xlsx,19卡群布農語,12,,
nine,bun_bh,sivaʼ,excel,01-09,九,,2026學習詞表-19卡群布農語.xlsx,19卡群布農語,13,,
ten,bun_bh,macʼan,excel,01-10,十,,2026學習詞表-19卡群布農語.xlsx,19卡群布農語,14,,
twenty,bun_bh,mapusan,excel,01-20,二十,,2026學習詞表-19卡群布農語.xlsx,19卡群布農語,24,,
hundred,bun_bh,saba,excel,01-34,百,,2026學習詞表-19卡群布農語.xlsx,19卡群布農語,38,,
hundred,bun_bh,tacsaba/tatsaba,excel,01-35,一百,,2026學習詞表-19卡群布農語.xlsx,19卡群布農語,39,,
some,bun_bh,tikic,excel,01-38,一些,,2026學習詞表-19卡群布農語.xlsx,19卡群布農語,42,,
all,bun_bh,amin / cikopa,excel,01-43,全部,,2026學習詞表-19卡群布農語.xlsx,19卡群布農語,47,都是/也,
few,bun_bh,tikic,excel,01-44,一點點,,2026學習詞表-19卡群布農語.xlsx,19卡群布農語,48,,
you_singular,bun_bh,asu/suʼu/suʼ,excel,02-01,你,,2026學習詞表-19卡群布農語.xlsx,19卡群布農語,51,,
i,bun_bh,azak,excel,02-02,我,,2026學習詞表-19卡群布農語.xlsx,19卡群布農語,52,cak / zaku(主格) zaku(受格),
he,bun_bh,mackiʼ,excel,02-03,他,,2026學習詞表-19卡群布農語.xlsx,19卡群布農語,53,naip(主格) naipi(近)naipun(中)naipa(遠)cia(受格) ciadi(近)ciatun(中)ciata(遠),
you_plural,bun_bh,muʼu/amu/mu,excel,02-04,你們,,2026學習詞表-19卡群布農語.xlsx,19卡群布農語,54,,
we,bun_bh,ita,excel,02-05,我們,,2026學習詞表-19卡群布農語.xlsx,19卡群布農語,55,(包含)ata/ita/cata(排他) azam/cam/zami,
they,bun_bh,mangkaʼ,excel,02-06,他們,,2026學習詞表-19卡群布農語.xlsx,19卡群布農語,56,mangkiʼ(近)mangkun(中)mangkaʼ(遠),
we,bun_bh,ita,excel,02-13,我們(排除式),,2026學習詞表-19卡群布農語.xlsx,19卡群布農語,63,,
we,bun_bh,ata,excel,02-14,咱們(包含式),,2026學習詞表-19卡群布農語.xlsx,19卡群布農語,64,,
that,bun_bh,mackaʼ/eza,excel,02-16,那個,,2026學習詞表-19卡群布農語.xlsx,19卡群布農語,66,,
this,bun_bh,mackiʼ/di,excel,02-17,這個,,2026學習詞表-19卡群布農語.xlsx,19卡群布農語,67,,
here,bun_bh,diki,excel,02-18,這裡,,2026學習詞表-19卡群布農語.xlsx,19卡群布農語,68,,
there,bun_bh,mackaʼ/eza/deza,excel,02-19,那裡,,2026學習詞表-19卡群布農語.xlsx,19卡群布農語,69,,
what,bun_bh,maq/maʼaq/maz/maʼaz,excel,03-02,什麼,,2026學習詞表-19卡群布農語.xlsx,19卡群布農語,73,,
how,bun_bh,makuaq,excel,03-03,如何,,2026學習詞表-19卡群布農語.xlsx,19卡群布農語,74,,
when,bun_bh,lakuaq,excel,03-04,何時(未發生),,2026學習詞表-19卡群布農語.xlsx,19卡群布農語,75,,
who,bun_bh,cimaq/cima,excel,03-05,誰,,2026學習詞表-19卡群布農語.xlsx,19卡群布農語,76,,
where,bun_bh,icaq/ica,excel,03-07,哪裡,,2026學習詞表-19卡群布農語.xlsx,19卡群布農語,78,,
how,bun_bh,makuaq/makua,excel,03-09,怎麼,,2026學習詞表-19卡群布農語.xlsx,19卡群布農語,80,,
where,bun_bh,icaq/ica,excel,03-12,什麼地方,,2026學習詞表-19卡群布農語.xlsx,19卡群布農語,83,,
when,bun_bh,lakuaq/lakua,excel,03-13,何時(已發生),,2026學習詞表-19卡群布農語.xlsx,19卡群布農語,84,,
father,bun_bh,tama,excel,04-01,爸爸,,2026學習詞表-19卡群布農語.xlsx,19卡群布農語,87,,
mother,bun_bh,tina,excel,04-02,媽媽,,2026學習詞表-19卡群布農語.xlsx,19卡群布農語,88,,
wife,bun_bh,pakatuszang,excel,04-07,配偶,,2026學習詞表-19卡群布農語.xlsx,19卡群布農語,93,,
husband,bun_bh,pakatuszang,excel,04-07,配偶,,2026學習詞表-19卡群布農語.xlsx,19卡群布農語,93,,
husband,bun_bh,bananaz,excel,04-15,丈夫,,2026學習詞表-19卡群布農語.xlsx,19卡群布農語,101,,
name,bun_bh,ngan,excel,05-01,名字,,2026學習詞表-19卡群布農語.xlsx,19卡群布農語,114,,
child,bun_bh,uzvaʼaz,excel,05-05,孩童,,2026學習詞表-19卡群布農語.xlsx,19卡群布農語,118,,
woman,bun_bh,binanoʼaz,excel,05-07,女性,,2026學習詞表-19卡群布農語.xlsx,19卡群布農語,120,,
man,bun_bh,bananaz,excel,05-08,男性,,2026學習詞表-19卡群布農語.xlsx,19卡群布農語,121,,
person,bun_bh,bunun,excel,05-09,人,,2026學習詞表-19卡群布農語.xlsx,19卡群布農語,122,,
ear,bun_bh,tenga,excel,06-01,耳朵,,2026學習詞表-19卡群布農語.xlsx,19卡群布農語,140,,
leg,bun_bh,vain,excel,06-02,大腿,,2026學習詞表-19卡群布農語.xlsx,19卡群布農語,141,,
eye,bun_bh,mataʼ,excel,06-03,眼睛,,2026學習詞表-19卡群布農語.xlsx,19卡群布農語,142,,
mouth,bun_bh,ngulus,excel,06-05,嘴巴,,2026學習詞表-19卡群布農語.xlsx,19卡群布農語,144,,
head,bun_bh,bungu,excel,06-06,頭,,2026學習詞表-19卡群布農語.xlsx,19卡群布農語,145,,
fingernail,bun_bh,kuskus,excel,06-07,指甲,,2026學習詞表-19卡群布農語.xlsx,19卡群布農語,146,,
hand,bun_bh,ima,excel,06-08,手,,2026學習詞表-19卡群布農語.xlsx,19卡群布農語,147,,
nose,bun_bh,ngutuc,excel,06-10,鼻子,,2026學習詞表-19卡群布農語.xlsx,19卡群布農語,149,,
foot,bun_bh,bantac,excel,06-11,腳,,2026學習詞表-19卡群布農語.xlsx,19卡群布農語,150,,
tooth,bun_bh,nipun,excel,06-12,牙齒,,2026學習詞表-19卡群布農語.xlsx,19卡群布農語,151,,
hair,bun_bh,qulbu,excel,06-13,頭髮,,2026學習詞表-19卡群布農語.xlsx,19卡群布農語,152,,
blood,bun_bh,qedang/tequc,excel,06-14,血,,2026學習詞表-19卡群布農語.xlsx,19卡群布農語,153,,
meat,bun_bh,lac,excel,06-15,肉,,2026學習詞表-19卡群布農語.xlsx,19卡群布農語,154,titi可食用的肉,
belly,bun_bh,tian,excel,06-17,肚子,,2026學習詞表-19卡群布農語.xlsx,19卡群布農語,156,,
breast,bun_bh,cucuʼ,excel,06-18,乳房,,2026學習詞表-19卡群布農語.xlsx,19卡群布農語,157,,
back,bun_bh,hikuʼ,excel,06-22,背部,,2026學習詞表-19卡群布農語.xlsx,19卡群布農語,161,,
skin,bun_bh,kahung,excel,06-23,皮,,2026學習詞表-19卡群布農語.xlsx,19卡群布農語,162,,
heart,bun_bh,qumun,excel,06-28,心臟,,2026學習詞表-19卡群布農語.xlsx,19卡群布農語,167,,
knee,bun_bh,qaʼ,excel,06-31,膝蓋,,2026學習詞表-19卡群布農語.xlsx,19卡群布農語,170,,
liver,bun_bh,qataz,excel,06-34,肝臟,,2026學習詞表-19卡群布農語.xlsx,19卡群布農語,173,,
fat,bun_bh,simal,excel,06-37,油脂,,2026學習詞表-19卡群布農語.xlsx,19卡群布農語,176,,
tongue,bun_bh,mamah,excel,06-42,舌頭,,2026學習詞表-19卡群布農語.xlsx,19卡群布農語,181,,
neck,bun_bh,mumuʼdan,excel,06-47,脖子,,2026學習詞表-19卡群布農語.xlsx,19卡群布農語,186,,
neck,bun_bh,cukcuk,excel,06-52,頸子,,2026學習詞表-19卡群布農語.xlsx,19卡群布農語,191,,
tail,bun_bh,visvis/ikul,excel,07-01,尾巴,,2026學習詞表-19卡群布農語.xlsx,19卡群布農語,197,,
dog,bun_bh,acuʼ,excel,07-03,狗,,2026學習詞表-19卡群布農語.xlsx,19卡群布農語,199,,
bird,bun_bh,loqeʼ,excel,07-06,鳥,,2026學習詞表-19卡群布農語.xlsx,19卡群布農語,202,,
fish,bun_bh,iskan/kan,excel,07-07,魚,,2026學習詞表-19卡群布農語.xlsx,19卡群布農語,203,,
snake,bun_bh,ivut,excel,07-19,蛇,,2026學習詞表-19卡群布農語.xlsx,19卡群布農語,215,,
louse,bun_bh,kutu,excel,07-33,頭蝨,,2026學習詞表-19卡群布農語.xlsx,19卡群布農語,229,,
worm,bun_bh,tandoloq /takidoloq/doloq,excel,07-39,蚯蚓,,2026學習詞表-19卡群布農語.xlsx,19卡群布農語,235,,
wing,bun_bh,paniʼ,excel,07-49,翅膀,,2026學習詞表-19卡群布農語.xlsx,19卡群布農語,245,,
horn,bun_bh,vaqaʼ,excel,07-64,(動物的)角,,2026學習詞表-19卡群布農語.xlsx,19卡群布農語,260,,
tree,bun_bh,lukic,excel,08-03,樹,,2026學習詞表-19卡群布農語.xlsx,19卡群布農語,265,,
leaf,bun_bh,lisav,excel,08-06,葉子,,2026學習詞表-19卡群布農語.xlsx,19卡群布農語,268,,
flower,bun_bh,puaq,excel,08-09,花朵,,2026學習詞表-19卡群布農語.xlsx,19卡群布農語,271,,
stick,bun_bh,ceqeʼ,excel,08-15,樹枝,,2026學習詞表-19卡群布農語.xlsx,19卡群布農語,277,,
fruit,bun_bh,lac,excel,08-16,(植物的)果實,,2026學習詞表-19卡群布農語.xlsx,19卡群布農語,278,,
grass,bun_bh,ismut,excel,08-20,草,,2026學習詞表-19卡群布農語.xlsx,19卡群布農語,282,,
fruit,bun_bh,kakaunun,excel,08-24,水果,,2026學習詞表-19卡群布農語.xlsx,19卡群布農語,286,,
root,bun_bh,lamis,excel,08-28,樹根,,2026學習詞表-19卡群布農語.xlsx,19卡群布農語,290,,
seed,bun_bh,qoqsa’/taniʼ,excel,08-44,種子,,2026學習詞表-19卡群布農語.xlsx,19卡群布農語,306,,
rope,bun_bh,dun,excel,09-15,繩索,,2026學習詞表-19卡群布農語.xlsx,19卡群布農語,335,,
stick,bun_bh,qulesvaʼ,excel,09-18,枝條,,2026學習詞表-19卡群布農語.xlsx,19卡群布農語,338,,
ash,bun_bh,qabuʼ,excel,09-49,炭灰,,2026學習詞表-19卡群布農語.xlsx,19卡群布農語,369,,
road,bun_bh,dan,excel,10-01,道路,,2026學習詞表-19卡群布農語.xlsx,19卡群布農語,393,,
wind,bun_bh,luvluv,excel,10-04,風,,2026學習詞表-19卡群布農語.xlsx,19卡群布農語,396,,
sand,bun_bh,bunuk,excel,10-05,沙子,,2026學習詞表-19卡群布農語.xlsx,19卡群布農語,397,bunuk(沙子) loqsaz(砂石),
earth,bun_bh,dalaq,excel,10-06,泥土,,2026學習詞表-19卡群布農語.xlsx,19卡群布農語,398,,
river,bun_bh,vanglaz,excel,10-07,河流,,2026學習詞表-19卡群布農語.xlsx,19卡群布農語,399,,
lake,bun_bh,ningʼav,excel,10-08,湖泊,,2026學習詞表-19卡群布農語.xlsx,19卡群布農語,400,,
forest,bun_bh,libus,excel,10-09,森林,,2026學習詞表-19卡群布農語.xlsx,19卡群布農語,401,,
sun,bun_bh,valiʼ,excel,11-02,太陽,,2026學習詞表-19卡群布農語.xlsx,19卡群布農語,417,,
moon,bun_bh,buan,excel,11-03,月亮,,2026學習詞表-19卡群布農語.xlsx,19卡群布農語,418,,
sky,bun_bh,diqanin,excel,11-04,天空,,2026學習詞表-19卡群布農語.xlsx,19卡群布農語,419,,
star,bun_bh,bintuqan,excel,11-05,星星,,2026學習詞表-19卡群布農語.xlsx,19卡群布農語,420,,
rain,bun_bh,qudan,excel,11-06,雨,,2026學習詞表-19卡群布農語.xlsx,19卡群布農語,421,,
snow,bun_bh,pav,excel,11-07,雪,,2026學習詞表-19卡群布農語.xlsx,19卡群布農語,422,,
cloud,bun_bh,luhum,excel,11-12,雲,,2026學習詞表-19卡群布農語.xlsx,19卡群布農語,427,,
smoke,bun_bh,qucʼul/qumbu,excel,11-13,煙,,2026學習詞表-19卡群布農語.xlsx,19卡群布農語,428,,
fire,bun_bh,sapuz,excel,11-17,火,,2026學習詞表-19卡群布農語.xlsx,19卡群布農語,432,,
ice,bun_bh,kaping,excel,11-18,冰,,2026學習詞表-19卡群布農語.xlsx,19卡群布農語,433,,
stone,bun_bh,lakdaʼ,excel,12-05,石頭,,2026學習詞表-19卡群布農語.xlsx,19卡群布農語,454,,
night,bun_bh,sanavan,excel,13-02,晚上,,2026學習詞表-19卡群布農語.xlsx,19卡群布農語,471,,
day,bun_bh,qaniʼan,excel,13-07,白天,,2026學習詞表-19卡群布農語.xlsx,19卡群布農語,476,,
night,bun_bh,maqmut,excel,13-22,夜,,2026學習詞表-19卡群布農語.xlsx,19卡群布農語,491,,
year,bun_bh,qamisan/ puncanan,excel,13-28,年,,2026學習詞表-19卡群布農語.xlsx,19卡群布農語,497,,
in,bun_bh,kumbuʼ,excel,14-01,裡面,,2026學習詞表-19卡群布農語.xlsx,19卡群布農語,502,,
at,bun_bh,ihan,excel,14-02,在某處,,2026學習詞表-19卡群布農語.xlsx,19卡群布農語,503,,
right,bun_bh,vanan,excel,14-10,右邊,,2026學習詞表-19卡群布農語.xlsx,19卡群布農語,511,,
left,bun_bh,vili,excel,14-11,左邊,,2026學習詞表-19卡群布農語.xlsx,19卡群布農語,512,,
water,bun_bh,danum,excel,21-02,水,,2026學習詞表-19卡群布農語.xlsx,19卡群布農語,601,,
salt,bun_bh,qacilaʼ,excel,21-07,鹽,,2026學習詞表-19卡群布農語.xlsx,19卡群布農語,606,,
egg,bun_bh,qapuan,excel,21-09,蛋,,2026學習詞表-19卡群布農語.xlsx,19卡群布農語,608,,
white,bun_bh,madoqlac,excel,22-01,白色,,2026學習詞表-19卡群布農語.xlsx,19卡群布農語,626,,
black,bun_bh,mataqdung,excel,22-02,黑色,,2026學習詞表-19卡群布農語.xlsx,19卡群布農語,627,,
red,bun_bh,madangqac,excel,22-03,紅色,,2026學習詞表-19卡群布農語.xlsx,19卡群布農語,628,,
yellow,bun_bh,macinhav / mabulav,excel,22-05,黃色的,,2026學習詞表-19卡群布農語.xlsx,19卡群布農語,630,,
green,bun_bh,masanglav,excel,22-08,綠色,,2026學習詞表-19卡群布農語.xlsx,19卡群布農語,633,藍色,
give,bun_bh,maʼaiv/macaiv,excel,25-07,給,,2026學習詞表-19卡群布農語.xlsx,19卡群布農語,663,,
come,bun_bh,hanuin/ kula,excel,25-08,來,,2026學習詞表-19卡群布農語.xlsx,19卡群布農語,664,,
walk,bun_bh,mudadan/tanʼanak,excel,25-10,走路,,2026學習詞表-19卡群布農語.xlsx,19卡群布農語,666,,
fly,bun_bh,kusbai,excel,25-12,飛,,2026學習詞表-19卡群布農語.xlsx,19卡群布農語,668,,
fall,bun_bh,muqasqas,excel,25-26,(植物的果實)掉落,,2026學習詞表-19卡群布農語.xlsx,19卡群布農語,682,,
sit,bun_bh,longqu/malʼanoqu,excel,25-43,坐著,,2026學習詞表-19卡群布農語.xlsx,19卡群布農語,699,,
stand,bun_bh,tiduldul/dangkaz,excel,25-44,站著,,2026學習詞表-19卡群布農語.xlsx,19卡群布農語,700,,
sit,bun_bh,mulongqu,excel,26-03,坐下,,2026學習詞表-19卡群布農語.xlsx,19卡群布農語,712,,
hit,bun_bh,maludaq,excel,26-08,打(人),,2026學習詞表-19卡群布農語.xlsx,19卡群布農語,717,,
stab,bun_bh,malopa',excel,26-09,刺,,2026學習詞表-19卡群布農語.xlsx,19卡群布農語,718,,
push,bun_bh,malintuaz/maʼencun/malecun,excel,26-13,推,,2026學習詞表-19卡群布農語.xlsx,19卡群布農語,722,maʼincun,
scratch,bun_bh,makalav,excel,26-18,抓癢,,2026學習詞表-19卡群布農語.xlsx,19卡群布農語,727,,
lie,bun_bh,koʼnaz/takzang/lukmu,excel,26-20,躺,,2026學習詞表-19卡群布農語.xlsx,19卡群布農語,729,,
blow,bun_bh,maʼiup,excel,26-28,吹,,2026學習詞表-19卡群布農語.xlsx,19卡群布農語,737,,
dig,bun_bh,makai/matangtang,excel,26-29,挖掘,,2026學習詞表-19卡群布農語.xlsx,19卡群布農語,738,,
cut,bun_bh,makulut,excel,26-30,切,,2026學習詞表-19卡群布農語.xlsx,19卡群布農語,739,,
swim,bun_bh,taldanav/lingqaul/micuʼaviʼ,excel,26-31,游泳,,2026學習詞表-19卡群布農語.xlsx,19卡群布農語,740,,
tie,bun_bh,maloqoc,excel,26-38,綁住,,2026學習詞表-19卡群布農語.xlsx,19卡群布農語,747,,
pull,bun_bh,sibutbut/silulu,excel,26-39,拉,,2026學習詞表-19卡群布農語.xlsx,19卡群布農語,748,,
split,bun_bh,mapiceq/matua,excel,26-40,劈(木材),,2026學習詞表-19卡群布農語.xlsx,19卡群布農語,749,,
hold,bun_bh,ancaqan,excel,26-42,提著,,2026學習詞表-19卡群布農語.xlsx,19卡群布農語,751,,
hold,bun_bh,angkuc,excel,26-43,握著,,2026學習詞表-19卡群布農語.xlsx,19卡群布農語,752,,
tie,bun_bh,maloqoc,excel,26-44,捆綁,,2026學習詞表-19卡群布農語.xlsx,19卡群布農語,753,,
scratch,bun_bh,makalav,excel,26-56,搔癢,,2026學習詞表-19卡群布農語.xlsx,19卡群布農語,765,,
rub,bun_bh,malucluc,excel,26-85,揉搓(衣物),,2026學習詞表-19卡群布農語.xlsx,19卡群布農語,794,mapacʼaq洗衣服,
lie,bun_bh,macedaz/masicala',excel,26-88,側臥,,2026學習詞表-19卡群布農語.xlsx,19卡群布農語,797,,
fight,bun_bh,paʼanak,excel,26-96,打架,,2026學習詞表-19卡群布農語.xlsx,19卡群布農語,805,,
squeeze,bun_bh,maqtic,excel,26-97,擠,,2026學習詞表-19卡群布農語.xlsx,19卡群布農語,806,,
dig,bun_bh,makai,excel,26-100,(用手)挖掘,,2026學習詞表-19卡群布農語.xlsx,19卡群布農語,809,,
stand,bun_bh,mindangkaz/minduldul,excel,26-105,起立,,2026學習詞表-19卡群布農語.xlsx,19卡群布農語,814,,
eat,bun_bh,maʼun,excel,27-01,吃,,2026學習詞表-19卡群布農語.xlsx,19卡群布農語,816,,
suck,bun_bh,sicupcup,excel,27-02,吸,,2026學習詞表-19卡群布農語.xlsx,19卡群布農語,817,,
drink,bun_bh,quʼ,excel,27-03,喝,,2026學習詞表-19卡群布農語.xlsx,19卡群布農語,818,,
vomit,bun_bh,mutaq,excel,27-04,吐,,2026學習詞表-19卡群布農語.xlsx,19卡群布農語,819,,
bite,bun_bh,kalat,excel,27-05,咬,,2026學習詞表-19卡群布農語.xlsx,19卡群布農語,820,,
eat,bun_bh,maʼun,excel,27-15,吃(東西),,2026學習詞表-19卡群布農語.xlsx,19卡群布農語,830,,
know,bun_bh,maqanciap,excel,28-02,知道,,2026學習詞表-19卡群布農語.xlsx,19卡群布農語,836,,
see,bun_bh,sadu,excel,28-03,看,,2026學習詞表-19卡群布農語.xlsx,19卡群布農語,837,,
say,bun_bh,bazbaz/tupa,excel,28-04,說,,2026學習詞表-19卡群布農語.xlsx,19卡群布農語,838,,
smell,bun_bh,sak,excel,28-07,聞(如聞味道),,2026學習詞表-19卡群布農語.xlsx,19卡群布農語,841,,
hear,bun_bh,tanʼa,excel,28-19,聽,,2026學習詞表-19卡群布農語.xlsx,19卡群布農語,853,,
think,bun_bh,milickin,excel,28-25,想(思考),,2026學習詞表-19卡群布農語.xlsx,19卡群布農語,859,,
fear,bun_bh,pising,excel,29-02,害怕,,2026學習詞表-19卡群布農語.xlsx,19卡群布農語,866,,
wash,bun_bh,mapacʼaq,excel,30-02,洗(衣物),,2026學習詞表-19卡群布農語.xlsx,19卡群布農語,876,,
sleep,bun_bh,masabaq,excel,30-09,睡覺,,2026學習詞表-19卡群布農語.xlsx,19卡群布農語,883,,
kill,bun_bh,mapataz,excel,30-10,殺牲畜,,2026學習詞表-19卡群布農語.xlsx,19卡群布農語,884,,
lie,bun_bh,takzang/malkakoʼnaz,excel,30-16,躺臥,,2026學習詞表-19卡群布農語.xlsx,19卡群布農語,890,,
burn,bun_bh,pistaba,excel,30-20,燒(如燒稻草),,2026學習詞表-19卡群布農語.xlsx,19卡群布農語,894,,
hunt,bun_bh,malhaqu/mahaqu,excel,30-25,陷獵,,2026學習詞表-19卡群布農語.xlsx,19卡群布農語,899,,
burn,bun_bh,mistaba,excel,30-54,燃燒,,2026學習詞表-19卡群布農語.xlsx,19卡群布農語,928,,
drink,bun_bh,quʼ(danum),excel,30-61,喝(水),,2026學習詞表-19卡群布農語.xlsx,19卡群布農語,935,,
sing,bun_bh,tusauc,excel,30-64,唱歌,,2026學習詞表-19卡群布農語.xlsx,19卡群布農語,938,,
play,bun_bh,kavilaʼ/paqenan,excel,30-65,玩耍,,2026學習詞表-19卡群布農語.xlsx,19卡群布農語,939,,
die,bun_bh,mataz,excel,31-01,死亡,,2026學習詞表-19卡群布農語.xlsx,19卡群布農語,941,,
live,bun_bh,miqumic/qumic,excel,31-08,活的,,2026學習詞表-19卡群布農語.xlsx,19卡群布農語,948,,
heavy,bun_bh,masoqbung,excel,32-02,重(重量),,2026學習詞表-19卡群布農語.xlsx,19卡群布農語,963,,
big,bun_bh,madaing,excel,32-05,大的,,2026學習詞表-19卡群布農語.xlsx,19卡群布農語,966,,
cold,bun_bh,makazhav,excel,32-08,冷,,2026學習詞表-19卡群布農語.xlsx,19卡群布農語,969,,
small,bun_bh,atikic,excel,32-09,小的,,2026學習詞表-19卡群布農語.xlsx,19卡群布農語,970,,
many,bun_bh,madiaʼ,excel,32-10,多,,2026學習詞表-19卡群布農語.xlsx,19卡群布農語,971,,
cold,bun_bh,makazhav,excel,32-12,冰冷,,2026學習詞表-19卡群布農語.xlsx,19卡群布農語,973,,
few,bun_bh,mavaiʼ/tukiuc,excel,32-14,少的,,2026學習詞表-19卡群布農語.xlsx,19卡群布農語,975,,
laugh,bun_bh,maqenan,excel,32-16,笑,,2026學習詞表-19卡群布農語.xlsx,19卡群布農語,977,,
wet,bun_bh,luvuc,excel,32-17,濕的,,2026學習詞表-19卡群布農語.xlsx,19卡群布農語,978,,
thick,bun_bh,makanbav,excel,32-19,厚的,,2026學習詞表-19卡群布農語.xlsx,19卡群布農語,980,,
thin,bun_bh,manisbic,excel,32-21,薄的,,2026學習詞表-19卡群布農語.xlsx,19卡群布農語,982,,
dirty,bun_bh,mataqdung,excel,32-22,髒,,2026學習詞表-19卡群布農語.xlsx,19卡群布農語,983,,
dry,bun_bh,mabulcuk,excel,32-28,乾的,,2026學習詞表-19卡群布農語.xlsx,19卡群布農語,989,,
new,bun_bh,baqlu,excel,32-31,新的,,2026學習詞表-19卡群布農語.xlsx,19卡群布農語,992,,
old,bun_bh,kulali/taktiqabas/qetmal,excel,32-32,舊的,,2026學習詞表-19卡群布農語.xlsx,19卡群布農語,993,,
near,bun_bh,michuan,excel,32-33,近,,2026學習詞表-19卡群布農語.xlsx,19卡群布農語,994,,
bad,bun_bh,mindiklaʼ,excel,32-35,壞掉,,2026學習詞表-19卡群布農語.xlsx,19卡群布農語,996,,
far,bun_bh,daqvisan,excel,32-37,遠,,2026學習詞表-19卡群布農語.xlsx,19卡群布農語,998,,
swell,bun_bh,minbalva/tismoq,excel,32-38,腫,,2026學習詞表-19卡群布農語.xlsx,19卡群布農語,999,,
smooth,bun_bh,maqsaim/maqsain,excel,32-44,滑,,2026學習詞表-19卡群布農語.xlsx,19卡群布農語,1005,,
warm,bun_bh,manangqat,excel,32-56,暖和,,2026學習詞表-19卡群布農語.xlsx,19卡群布農語,1017,,
dull,bun_bh,mangustuʼ,excel,32-57,鈍的,,2026學習詞表-19卡群布農語.xlsx,19卡群布農語,1018,,
straight,bun_bh,masansan,excel,32-65,直,,2026學習詞表-19卡群布農語.xlsx,19卡群布農語,1026,,
full,bun_bh,matmuzin,excel,32-66,滿了,,2026學習詞表-19卡群布農語.xlsx,19卡群布農語,1027,,
wide,bun_bh,mangazʼaq,excel,32-68,(空間)寬敞,,2026學習詞表-19卡群布農語.xlsx,19卡群布農語,1029,,
correct,bun_bh,tutuzaʼ / mamantuk,excel,32-69,正確,,2026學習詞表-19卡群布農語.xlsx,19卡群布農語,1030,,
warm,bun_bh,manamiʼ,excel,32-72,溫的(水),,2026學習詞表-19卡群布農語.xlsx,19卡群布農語,1033,manami’ (溫水)/ malasmabaqaic(有點熱),
long,bun_bh,madoqpus,excel,32-74,長,,2026學習詞表-19卡群布農語.xlsx,19卡群布農語,1035,,
short,bun_bh,maputul,excel,32-76,短,,2026學習詞表-19卡群布農語.xlsx,19卡群布農語,1037,,
full,bun_bh,matmuz,excel,32-79,滿滿,,2026學習詞表-19卡群布農語.xlsx,19卡群布農語,1040,,
wipe,bun_bh,maqesqes,excel,33-06,擦拭,,2026學習詞表-19卡群布農語.xlsx,19卡群布農語,1048,,
throw,bun_bh,matakunav,excel,34-19,丟棄,,2026學習詞表-19卡群布農語.xlsx,19卡群布農語,1069,,
count,bun_bh,kisang/masipul,excel,34-29,數(計算),,2026學習詞表-19卡群布農語.xlsx,19卡群布農語,1079,,
good,bun_bh,macihal,excel,34-34,好的,,2026學習詞表-19卡群布農語.xlsx,19卡群布農語,1084,,
not,bun_bh,ni,excel,35-03,不是(回答用),,2026學習詞表-19卡群布農語.xlsx,19卡群布農語,1092,,
because,bun_bh,opa / opa'i,excel,36-05,因為,,2026學習詞表-19卡群布農語.xlsx,19卡群布農語,1101,,
and,bun_bh,cin,excel,36-18,和,,2026學習詞表-19卡群布農語.xlsx,19卡群布農語,1114,,
if,bun_bh,maqe/maca,excel,36-22,如果,,2026學習詞表-19卡群布農語.xlsx,19卡群布農語,1118,,
one,bun_vt,tasʼa,excel,01-01,一,,2026學習詞表-20丹群布農語.xlsx,20丹群布農語,5,,
two,bun_vt,dusa,excel,01-02,二,,2026學習詞表-20丹群布農語.xlsx,20丹群布農語,6,,
three,bun_vt,tau,excel,01-03,三,,2026學習詞表-20丹群布農語.xlsx,20丹群布農語,7,,
four,bun_vt,paat,excel,01-04,四,,2026學習詞表-20丹群布農語.xlsx,20丹群布農語,8,,
five,bun_vt,hima,excel,01-05,五,,2026學習詞表-20丹群布農語.xlsx,20丹群布農語,9,,
six,bun_vt,nuum,excel,01-06,六,,2026學習詞表-20丹群布農語.xlsx,20丹群布農語,10,,
seven,bun_vt,pitu,excel,01-07,七,,2026學習詞表-20丹群布農語.xlsx,20丹群布農語,11,,
eight,bun_vt,vau,excel,01-08,八,,2026學習詞表-20丹群布農語.xlsx,20丹群布農語,12,,
nine,bun_vt,siva,excel,01-09,九,,2026學習詞表-20丹群布農語.xlsx,20丹群布農語,13,,
ten,bun_vt,masʼan,excel,01-10,十,,2026學習詞表-20丹群布農語.xlsx,20丹群布農語,14,,
twenty,bun_vt,mapusan,excel,01-20,二十,,2026學習詞表-20丹群布農語.xlsx,20丹群布農語,24,,
hundred,bun_vt,saba,excel,01-34,百,,2026學習詞表-20丹群布農語.xlsx,20丹群布農語,38,,
hundred,bun_vt,tasʼasaba,excel,01-35,一百,,2026學習詞表-20丹群布農語.xlsx,20丹群布農語,39,,
some,bun_vt,atikis,excel,01-38,一些,,2026學習詞表-20丹群布農語.xlsx,20丹群布農語,42,另一nii tu pia,
all,bun_vt,amin,excel,01-43,全部,,2026學習詞表-20丹群布農語.xlsx,20丹群布農語,47,都是、也是,
few,bun_vt,kamatikis,excel,01-44,一點點,,2026學習詞表-20丹群布農語.xlsx,20丹群布農語,48,,
you_singular,bun_vt,aas/suʼu,excel,02-01,你,,2026學習詞表-20丹群布農語.xlsx,20丹群布農語,51,,
i,bun_vt,aak/zaku,excel,02-02,我,,2026學習詞表-20丹群布農語.xlsx,20丹群布農語,52,主格aak/saak，受格 zaku,
he,bun_vt,aipa,excel,02-03,他,,2026學習詞表-20丹群布農語.xlsx,20丹群布農語,53,主格aipa/naipa，受格 istaa/siata,
you_plural,bun_vt,amuu,excel,02-04,你們,,2026學習詞表-20丹群布農語.xlsx,20丹群布農語,54,muu/amuu/samu/mu’u,
we,bun_vt,aam,excel,02-05,我們,,2026學習詞表-20丹群布農語.xlsx,20丹群布農語,55,"(包含)主格ata/mita/ita/sata, (排他)zami/aam/saam",
they,bun_vt,aingka,excel,02-06,他們,,2026學習詞表-20丹群布農語.xlsx,20丹群布農語,56,"主格naingkun/aingkun(中),naingka/aingka(遠),受格intaa,",
we,bun_vt,aam,excel,02-13,我們(排除式),,2026學習詞表-20丹群布農語.xlsx,20丹群布農語,63,,
we,bun_vt,mita,excel,02-14,咱們(包含式),,2026學習詞表-20丹群布農語.xlsx,20丹群布農語,64,mita/ata/ita/sata,
that,bun_vt,siata/naipa/daiza,excel,02-16,那個,,2026學習詞表-20丹群布農語.xlsx,20丹群布農語,66,,
this,bun_vt,siati/siadii/aipi,excel,02-17,這個,,2026學習詞表-20丹群布農語.xlsx,20丹群布農語,67,dii/dikun,
here,bun_vt,iti/haandii,excel,02-18,這裡,,2026學習詞表-20丹群布農語.xlsx,20丹群布農語,68,,
there,bun_vt,daiza,excel,02-19,那裡,,2026學習詞表-20丹群布農語.xlsx,20丹群布農語,69,,
what,bun_vt,maʼaq/maaq,excel,03-02,什麼,,2026學習詞表-20丹群布農語.xlsx,20丹群布農語,73,,
how,bun_vt,makuaq tu,excel,03-03,如何,,2026學習詞表-20丹群布農語.xlsx,20丹群布農語,74,,
when,bun_vt,lakuaq,excel,03-04,何時(未發生),,2026學習詞表-20丹群布農語.xlsx,20丹群布農語,75,,
who,bun_vt,simaq,excel,03-05,誰,,2026學習詞表-20丹群布農語.xlsx,20丹群布農語,76,,
where,bun_vt,isaq,excel,03-07,哪裡,,2026學習詞表-20丹群布農語.xlsx,20丹群布農語,78,,
how,bun_vt,makuaq,excel,03-09,怎麼,,2026學習詞表-20丹群布農語.xlsx,20丹群布農語,80,,
where,bun_vt,isaq,excel,03-12,什麼地方,,2026學習詞表-20丹群布農語.xlsx,20丹群布農語,83,iʼisaq,
when,bun_vt,lakuaq,excel,03-13,何時(已發生),,2026學習詞表-20丹群布農語.xlsx,20丹群布農語,84,,
father,bun_vt,tama,excel,04-01,爸爸,,2026學習詞表-20丹群布農語.xlsx,20丹群布農語,87,,
mother,bun_vt,tina,excel,04-02,媽媽,,2026學習詞表-20丹群布農語.xlsx,20丹群布農語,88,,
wife,bun_vt,pakatuszang,excel,04-07,配偶,,2026學習詞表-20丹群布農語.xlsx,20丹群布農語,93,,
husband,bun_vt,pakatuszang,excel,04-07,配偶,,2026學習詞表-20丹群布農語.xlsx,20丹群布農語,93,,
husband,bun_vt,bananaz,excel,04-15,丈夫,,2026學習詞表-20丹群布農語.xlsx,20丹群布農語,101,男生,
name,bun_vt,ngaan,excel,05-01,名字,,2026學習詞表-20丹群布農語.xlsx,20丹群布農語,114,,
child,bun_vt,uvazʼaz,excel,05-05,孩童,,2026學習詞表-20丹群布農語.xlsx,20丹群布農語,118,,
woman,bun_vt,binanauʼaz,excel,05-07,女性,,2026學習詞表-20丹群布農語.xlsx,20丹群布農語,120,,
man,bun_vt,bananaz,excel,05-08,男性,,2026學習詞表-20丹群布農語.xlsx,20丹群布農語,121,,
person,bun_vt,Bunun,excel,05-09,人,,2026學習詞表-20丹群布農語.xlsx,20丹群布農語,122,,
ear,bun_vt,tainga,excel,06-01,耳朵,,2026學習詞表-20丹群布農語.xlsx,20丹群布農語,140,,
leg,bun_vt,pinasaq,excel,06-02,大腿,,2026學習詞表-20丹群布農語.xlsx,20丹群布農語,141,,
eye,bun_vt,mata,excel,06-03,眼睛,,2026學習詞表-20丹群布農語.xlsx,20丹群布農語,142,,
mouth,bun_vt,ngulus,excel,06-05,嘴巴,,2026學習詞表-20丹群布農語.xlsx,20丹群布農語,144,,
head,bun_vt,bunguh,excel,06-06,頭,,2026學習詞表-20丹群布農語.xlsx,20丹群布農語,145,,
fingernail,bun_vt,kuskus,excel,06-07,指甲,,2026學習詞表-20丹群布農語.xlsx,20丹群布農語,146,,
hand,bun_vt,ima,excel,06-08,手,,2026學習詞表-20丹群布農語.xlsx,20丹群布農語,147,,
nose,bun_vt,ngutus,excel,06-10,鼻子,,2026學習詞表-20丹群布農語.xlsx,20丹群布農語,149,,
foot,bun_vt,bantas,excel,06-11,腳,,2026學習詞表-20丹群布農語.xlsx,20丹群布農語,150,,
tooth,bun_vt,nipun,excel,06-12,牙齒,,2026學習詞表-20丹群布農語.xlsx,20丹群布農語,151,,
hair,bun_vt,qulbu,excel,06-13,頭髮,,2026學習詞表-20丹群布農語.xlsx,20丹群布農語,152,,
blood,bun_vt,qaidang/tiequs,excel,06-14,血,,2026學習詞表-20丹群布農語.xlsx,20丹群布農語,153,,
meat,bun_vt,laas,excel,06-15,肉,,2026學習詞表-20丹群布農語.xlsx,20丹群布農語,154,"laas肌肉/瘦肉, 另說法titiʼ肉",
belly,bun_vt,tian,excel,06-17,肚子,,2026學習詞表-20丹群布農語.xlsx,20丹群布農語,156,,
breast,bun_vt,susuʼ,excel,06-18,乳房,,2026學習詞表-20丹群布農語.xlsx,20丹群布農語,157,,
back,bun_vt,hiku,excel,06-22,背部,,2026學習詞表-20丹群布農語.xlsx,20丹群布農語,161,,
skin,bun_vt,kahung,excel,06-23,皮,,2026學習詞表-20丹群布農語.xlsx,20丹群布農語,162,,
heart,bun_vt,qumun,excel,06-28,心臟,,2026學習詞表-20丹群布農語.xlsx,20丹群布農語,167,,
knee,bun_vt,qaa,excel,06-31,膝蓋,,2026學習詞表-20丹群布農語.xlsx,20丹群布農語,170,,
liver,bun_vt,qataz,excel,06-34,肝臟,,2026學習詞表-20丹群布農語.xlsx,20丹群布農語,173,,
fat,bun_vt,bizuq/nuqus,excel,06-37,油脂,,2026學習詞表-20丹群布農語.xlsx,20丹群布農語,176,,
tongue,bun_vt,mamah,excel,06-42,舌頭,,2026學習詞表-20丹群布農語.xlsx,20丹群布農語,181,,
neck,bun_vt,mumudan,excel,06-47,脖子,,2026學習詞表-20丹群布農語.xlsx,20丹群布農語,186,,
neck,bun_vt,suksuk,excel,06-52,頸子,,2026學習詞表-20丹群布農語.xlsx,20丹群布農語,191,,
tail,bun_vt,ikul,excel,07-01,尾巴,,2026學習詞表-20丹群布農語.xlsx,20丹群布農語,197,,
dog,bun_vt,asu,excel,07-03,狗,,2026學習詞表-20丹群布農語.xlsx,20丹群布農語,199,,
bird,bun_vt,luqei,excel,07-06,鳥,,2026學習詞表-20丹群布農語.xlsx,20丹群布農語,202,,
fish,bun_vt,iskaan,excel,07-07,魚,,2026學習詞表-20丹群布農語.xlsx,20丹群布農語,203,,
snake,bun_vt,ivut,excel,07-19,蛇,,2026學習詞表-20丹群布農語.xlsx,20丹群布農語,215,,
louse,bun_vt,kutuh,excel,07-33,頭蝨,,2026學習詞表-20丹群布農語.xlsx,20丹群布農語,229,,
worm,bun_vt,dauluq,excel,07-39,蚯蚓,,2026學習詞表-20丹群布農語.xlsx,20丹群布農語,235,,
wing,bun_vt,pani,excel,07-49,翅膀,,2026學習詞表-20丹群布農語.xlsx,20丹群布農語,245,,
horn,bun_vt,vaqa,excel,07-64,(動物的)角,,2026學習詞表-20丹群布農語.xlsx,20丹群布農語,260,,
tree,bun_vt,lukis,excel,08-03,樹,,2026學習詞表-20丹群布農語.xlsx,20丹群布農語,265,,
leaf,bun_vt,lisav,excel,08-06,葉子,,2026學習詞表-20丹群布農語.xlsx,20丹群布農語,268,,
flower,bun_vt,puaq,excel,08-09,花朵,,2026學習詞表-20丹群布農語.xlsx,20丹群布農語,271,,
stick,bun_vt,sieqei,excel,08-15,樹枝,,2026學習詞表-20丹群布農語.xlsx,20丹群布農語,277,,
fruit,bun_vt,laas,excel,08-16,(植物的)果實,,2026學習詞表-20丹群布農語.xlsx,20丹群布農語,278,,
grass,bun_vt,ismuut,excel,08-20,草,,2026學習詞表-20丹群布農語.xlsx,20丹群布農語,282,,
fruit,bun_vt,ququtʼaqun,excel,08-24,水果,,2026學習詞表-20丹群布農語.xlsx,20丹群布農語,286,,
root,bun_vt,lamis,excel,08-28,樹根,,2026學習詞表-20丹群布農語.xlsx,20丹群布農語,290,,
seed,bun_vt,tuus/tani,excel,08-44,種子,,2026學習詞表-20丹群布農語.xlsx,20丹群布農語,306,,
rope,bun_vt,duun,excel,09-15,繩索,,2026學習詞表-20丹群布農語.xlsx,20丹群布農語,335,,
stick,bun_vt,siqei,excel,09-18,枝條,,2026學習詞表-20丹群布農語.xlsx,20丹群布農語,338,,
ash,bun_vt,qabu,excel,09-49,炭灰,,2026學習詞表-20丹群布農語.xlsx,20丹群布農語,369,,
road,bun_vt,daan,excel,10-01,道路,,2026學習詞表-20丹群布農語.xlsx,20丹群布農語,393,,
wind,bun_vt,luvluv,excel,10-04,風,,2026學習詞表-20丹群布農語.xlsx,20丹群布農語,396,,
sand,bun_vt,bunuk,excel,10-05,沙子,,2026學習詞表-20丹群布農語.xlsx,20丹群布農語,397,,
earth,bun_vt,dalaq,excel,10-06,泥土,,2026學習詞表-20丹群布農語.xlsx,20丹群布農語,398,,
river,bun_vt,vanglaz,excel,10-07,河流,,2026學習詞表-20丹群布農語.xlsx,20丹群布農語,399,,
lake,bun_vt,bunulningav,excel,10-08,湖泊,,2026學習詞表-20丹群布農語.xlsx,20丹群布農語,400,,
forest,bun_vt,libus,excel,10-09,森林,,2026學習詞表-20丹群布農語.xlsx,20丹群布農語,401,,
sun,bun_vt,vali,excel,11-02,太陽,,2026學習詞表-20丹群布農語.xlsx,20丹群布農語,417,,
moon,bun_vt,buan,excel,11-03,月亮,,2026學習詞表-20丹群布農語.xlsx,20丹群布農語,418,,
sky,bun_vt,diqanin,excel,11-04,天空,,2026學習詞表-20丹群布農語.xlsx,20丹群布農語,419,,
star,bun_vt,bintuqan,excel,11-05,星星,,2026學習詞表-20丹群布農語.xlsx,20丹群布農語,420,,
rain,bun_vt,qudan,excel,11-06,雨,,2026學習詞表-20丹群布農語.xlsx,20丹群布農語,421,,
snow,bun_vt,paav,excel,11-07,雪,,2026學習詞表-20丹群布農語.xlsx,20丹群布農語,422,,
cloud,bun_vt,luhum,excel,11-12,雲,,2026學習詞表-20丹群布農語.xlsx,20丹群布農語,427,,
smoke,bun_vt,tibu/qusʼul,excel,11-13,煙,,2026學習詞表-20丹群布農語.xlsx,20丹群布農語,428,,
fire,bun_vt,sapuz,excel,11-17,火,,2026學習詞表-20丹群布農語.xlsx,20丹群布農語,432,,
ice,bun_vt,kuliʼ,excel,11-18,冰,,2026學習詞表-20丹群布農語.xlsx,20丹群布農語,433,,
stone,bun_vt,batu,excel,12-05,石頭,,2026學習詞表-20丹群布農語.xlsx,20丹群布農語,454,,
night,bun_vt,sanavan,excel,13-02,晚上,,2026學習詞表-20丹群布農語.xlsx,20丹群布農語,471,,
day,bun_vt,qaniʼan,excel,13-07,白天,,2026學習詞表-20丹群布農語.xlsx,20丹群布農語,476,,
night,bun_vt,sanavan,excel,13-22,夜,,2026學習詞表-20丹群布農語.xlsx,20丹群布農語,491,,
year,bun_vt,painsanan/qamisan,excel,13-28,年,,2026學習詞表-20丹群布農語.xlsx,20丹群布農語,497,,
in,bun_vt,kumbu/ngadaq,excel,14-01,裡面,,2026學習詞表-20丹群布農語.xlsx,20丹群布農語,502,,
at,bun_vt,idiip,excel,14-02,在某處,,2026學習詞表-20丹群布農語.xlsx,20丹群布農語,503,,
right,bun_vt,tanavanan,excel,14-10,右邊,,2026學習詞表-20丹群布農語.xlsx,20丹群布農語,511,,
left,bun_vt,tanavilih,excel,14-11,左邊,,2026學習詞表-20丹群布農語.xlsx,20丹群布農語,512,,
water,bun_vt,danum,excel,21-02,水,,2026學習詞表-20丹群布農語.xlsx,20丹群布農語,601,,
salt,bun_vt,qasila,excel,21-07,鹽,,2026學習詞表-20丹群布農語.xlsx,20丹群布農語,606,,
egg,bun_vt,nibuh,excel,21-09,蛋,,2026學習詞表-20丹群布農語.xlsx,20丹群布農語,608,另作tama’ngu,
white,bun_vt,maduqlas,excel,22-01,白色,,2026學習詞表-20丹群布農語.xlsx,20丹群布農語,626,,
black,bun_vt,mataqdung,excel,22-02,黑色,,2026學習詞表-20丹群布農語.xlsx,20丹群布農語,627,,
red,bun_vt,madangqas,excel,22-03,紅色,,2026學習詞表-20丹群布農語.xlsx,20丹群布農語,628,,
yellow,bun_vt,masinhav,excel,22-05,黃色的,,2026學習詞表-20丹群布農語.xlsx,20丹群布農語,630,,
green,bun_vt,masanglav,excel,22-08,綠色,,2026學習詞表-20丹群布農語.xlsx,20丹群布農語,633,,
give,bun_vt,masaiv,excel,25-07,給,,2026學習詞表-20丹群布農語.xlsx,20丹群布農語,663,,
come,bun_vt,minsuma,excel,25-08,來,,2026學習詞表-20丹群布農語.xlsx,20丹群布農語,664,,
walk,bun_vt,tanʼanak,excel,25-10,走路,,2026學習詞表-20丹群布農語.xlsx,20丹群布農語,666,,
fly,bun_vt,kusbai,excel,25-12,飛,,2026學習詞表-20丹群布農語.xlsx,20丹群布農語,668,,
fall,bun_vt,muqalqal,excel,25-26,(植物的果實)掉落,,2026學習詞表-20丹群布農語.xlsx,20丹群布農語,682,,
sit,bun_vt,malungqu,excel,25-43,坐著,,2026學習詞表-20丹群布農語.xlsx,20丹群布農語,699,,
stand,bun_vt,makandangkaz/makanduldul,excel,25-44,站著,,2026學習詞表-20丹群布農語.xlsx,20丹群布農語,700,,
sit,bun_vt,malungqu,excel,26-03,坐下,,2026學習詞表-20丹群布農語.xlsx,20丹群布農語,712,,
hit,bun_vt,maludaq,excel,26-08,打(人),,2026學習詞表-20丹群布農語.xlsx,20丹群布農語,717,,
stab,bun_vt,malaupa,excel,26-09,刺,,2026學習詞表-20丹群布農語.xlsx,20丹群布農語,718,,
push,bun_vt,maʼinsun/malintuuaz,excel,26-13,推,,2026學習詞表-20丹群布農語.xlsx,20丹群布農語,722,,
scratch,bun_vt,makalav,excel,26-18,抓癢,,2026學習詞表-20丹群布農語.xlsx,20丹群布農語,727,,
lie,bun_vt,takzang,excel,26-20,躺,,2026學習詞表-20丹群布農語.xlsx,20丹群布農語,729,,
blow,bun_vt,maʼiup,excel,26-28,吹,,2026學習詞表-20丹群布農語.xlsx,20丹群布農語,737,,
dig,bun_vt,makai/makazkaz,excel,26-29,挖掘,,2026學習詞表-20丹群布農語.xlsx,20丹群布農語,738,,
cut,bun_vt,makulut,excel,26-30,切,,2026學習詞表-20丹群布農語.xlsx,20丹群布農語,739,makulut另二種說法為鉅與割,
swim,bun_vt,tunʼapap,excel,26-31,游泳,,2026學習詞表-20丹群布農語.xlsx,20丹群布農語,740,另作lingqaul,
tie,bun_vt,mapaskus,excel,26-38,綁住,,2026學習詞表-20丹群布農語.xlsx,20丹群布農語,747,另一說法maluqus,
pull,bun_vt,siluluh,excel,26-39,拉,,2026學習詞表-20丹群布農語.xlsx,20丹群布農語,748,另一說法sibutbut,
split,bun_vt,matua/mataplaq,excel,26-40,劈(木材),,2026學習詞表-20丹群布農語.xlsx,20丹群布農語,749,,
hold,bun_vt,angkus,excel,26-42,提著,,2026學習詞表-20丹群布農語.xlsx,20丹群布農語,751,ansaqan扛著,
hold,bun_vt,maldikus,excel,26-43,握著,,2026學習詞表-20丹群布農語.xlsx,20丹群布農語,752,,
tie,bun_vt,maluqus,excel,26-44,捆綁,,2026學習詞表-20丹群布農語.xlsx,20丹群布農語,753,,
scratch,bun_vt,makusu,excel,26-56,搔癢,,2026學習詞表-20丹群布農語.xlsx,20丹群布農語,765,,
rub,bun_vt,maluslus,excel,26-85,揉搓(衣物),,2026學習詞表-20丹群布農語.xlsx,20丹群布農語,794,,
lie,bun_vt,makansala,excel,26-88,側臥,,2026學習詞表-20丹群布農語.xlsx,20丹群布農語,797,,
fight,bun_vt,paʼaʼanak,excel,26-96,打架,,2026學習詞表-20丹群布農語.xlsx,20丹群布農語,805,"另二說法paluludaq互相打,pakahau互相罵",
squeeze,bun_vt,maqtis,excel,26-97,擠,,2026學習詞表-20丹群布農語.xlsx,20丹群布農語,806,,
dig,bun_vt,makai,excel,26-100,(用手)挖掘,,2026學習詞表-20丹群布農語.xlsx,20丹群布農語,809,,
stand,bun_vt,mindangkaz,excel,26-105,起立,,2026學習詞表-20丹群布農語.xlsx,20丹群布農語,814,,
eat,bun_vt,maʼun,excel,27-01,吃,,2026學習詞表-20丹群布農語.xlsx,20丹群布農語,816,另作maun,
suck,bun_vt,siszup,excel,27-02,吸,,2026學習詞表-20丹群布農語.xlsx,20丹群布農語,817,另作supsup,
drink,bun_vt,quu,excel,27-03,喝,,2026學習詞表-20丹群布農語.xlsx,20丹群布農語,818,,
vomit,bun_vt,pusʼaq/mutaq,excel,27-04,吐,,2026學習詞表-20丹群布農語.xlsx,20丹群布農語,819,,
bite,bun_vt,kalat,excel,27-05,咬,,2026學習詞表-20丹群布農語.xlsx,20丹群布農語,820,,
eat,bun_vt,mamaʼun,excel,27-15,吃(東西),,2026學習詞表-20丹群布農語.xlsx,20丹群布農語,830,,
know,bun_vt,maqansiap/niap,excel,28-02,知道,,2026學習詞表-20丹群布農語.xlsx,20丹群布農語,836,,
see,bun_vt,saduu,excel,28-03,看,,2026學習詞表-20丹群布農語.xlsx,20丹群布農語,837,,
say,bun_vt,tupa,excel,28-04,說,,2026學習詞表-20丹群布農語.xlsx,20丹群布農語,838,,
smell,bun_vt,saak,excel,28-07,聞(如聞味道),,2026學習詞表-20丹群布農語.xlsx,20丹群布農語,841,,
hear,bun_vt,tanʼa,excel,28-19,聽,,2026學習詞表-20丹群布農語.xlsx,20丹群布農語,853,,
think,bun_vt,minliskin,excel,28-25,想(思考),,2026學習詞表-20丹群布農語.xlsx,20丹群布農語,859,,
fear,bun_vt,mapising,excel,29-02,害怕,,2026學習詞表-20丹群布農語.xlsx,20丹群布農語,866,,
wash,bun_vt,mapasʼaq,excel,30-02,洗(衣物),,2026學習詞表-20丹群布農語.xlsx,20丹群布農語,876,,
sleep,bun_vt,masabaq,excel,30-09,睡覺,,2026學習詞表-20丹群布農語.xlsx,20丹群布農語,883,,
kill,bun_vt,mapataz,excel,30-10,殺牲畜,,2026學習詞表-20丹群布農語.xlsx,20丹群布農語,884,,
lie,bun_vt,maltakzang,excel,30-16,躺臥,,2026學習詞表-20丹群布農語.xlsx,20丹群布農語,890,,
burn,bun_vt,Pistabah,excel,30-20,燒(如燒稻草),,2026學習詞表-20丹群布農語.xlsx,20丹群布農語,894,,
hunt,bun_vt,malhaqu,excel,30-25,陷獵,,2026學習詞表-20丹群布農語.xlsx,20丹群布農語,899,,
burn,bun_vt,mistaba,excel,30-54,燃燒,,2026學習詞表-20丹群布農語.xlsx,20丹群布農語,928,,
drink,bun_vt,quu,excel,30-61,喝(水),,2026學習詞表-20丹群布農語.xlsx,20丹群布農語,935,,
sing,bun_vt,tusasaus,excel,30-64,唱歌,,2026學習詞表-20丹群布農語.xlsx,20丹群布農語,938,,
play,bun_vt,pisqaitmal,excel,30-65,玩耍,,2026學習詞表-20丹群布農語.xlsx,20丹群布農語,939,,
die,bun_vt,mataz,excel,31-01,死亡,,2026學習詞表-20丹群布農語.xlsx,20丹群布農語,941,,
live,bun_vt,miqumis,excel,31-08,活的,,2026學習詞表-20丹群布農語.xlsx,20丹群布農語,948,,
heavy,bun_vt,masauqbung,excel,32-02,重(重量),,2026學習詞表-20丹群布農語.xlsx,20丹群布農語,963,,
big,bun_vt,madaing,excel,32-05,大的,,2026學習詞表-20丹群布農語.xlsx,20丹群布農語,966,,
cold,bun_vt,makazhav,excel,32-08,冷,,2026學習詞表-20丹群布農語.xlsx,20丹群布農語,969,,
small,bun_vt,atikis,excel,32-09,小的,,2026學習詞表-20丹群布農語.xlsx,20丹群布農語,970,,
many,bun_vt,madia/laqzang,excel,32-10,多,,2026學習詞表-20丹群布農語.xlsx,20丹群布農語,971,,
cold,bun_vt,kazhavdaingaz,excel,32-12,冰冷,,2026學習詞表-20丹群布農語.xlsx,20丹群布農語,973,,
few,bun_vt,mavai,excel,32-14,少的,,2026學習詞表-20丹群布農語.xlsx,20丹群布農語,975,,
laugh,bun_vt,maqainan,excel,32-16,笑,,2026學習詞表-20丹群布農語.xlsx,20丹群布農語,977,,
wet,bun_vt,luvus,excel,32-17,濕的,,2026學習詞表-20丹群布農語.xlsx,20丹群布農語,978,,
thick,bun_vt,makatpal,excel,32-19,厚的,,2026學習詞表-20丹群布農語.xlsx,20丹群布農語,980,,
thin,bun_vt,nisbis,excel,32-21,薄的,,2026學習詞表-20丹群布農語.xlsx,20丹群布農語,982,,
dirty,bun_vt,taqdung,excel,32-22,髒,,2026學習詞表-20丹群布農語.xlsx,20丹群布農語,983,isnaq髒到噁心,
dry,bun_vt,mabulsuk/makanit,excel,32-28,乾的,,2026學習詞表-20丹群布農語.xlsx,20丹群布農語,989,,
new,bun_vt,baqlu,excel,32-31,新的,,2026學習詞表-20丹群布農語.xlsx,20丹群布農語,992,,
old,bun_vt,tatuʼun,excel,32-32,舊的,,2026學習詞表-20丹群布農語.xlsx,20丹群布農語,993,另作kulali舊物,
near,bun_vt,mishuan,excel,32-33,近,,2026學習詞表-20丹群布農語.xlsx,20丹群布農語,994,,
bad,bun_vt,mindikla,excel,32-35,壞掉,,2026學習詞表-20丹群布農語.xlsx,20丹群布農語,996,,
far,bun_vt,daqvisan,excel,32-37,遠,,2026學習詞表-20丹群布農語.xlsx,20丹群布農語,998,,
swell,bun_vt,mabalva,excel,32-38,腫,,2026學習詞表-20丹群布農語.xlsx,20丹群布農語,999,另一biqei甲狀腺腫,
smooth,bun_vt,maqsaim,excel,32-44,滑,,2026學習詞表-20丹群布農語.xlsx,20丹群布農語,1005,另作maqacaim,
warm,bun_vt,manangqat,excel,32-56,暖和,,2026學習詞表-20丹群布農語.xlsx,20丹群布農語,1017,,
dull,bun_vt,maqutngu,excel,32-57,鈍的,,2026學習詞表-20丹群布農語.xlsx,20丹群布農語,1018,,
straight,bun_vt,masansan,excel,32-65,直,,2026學習詞表-20丹群布農語.xlsx,20丹群布農語,1026,,
full,bun_vt,makmuz,excel,32-66,滿了,,2026學習詞表-20丹群布農語.xlsx,20丹群布農語,1027,,
wide,bun_vt,mangazʼaq,excel,32-68,(空間)寬敞,,2026學習詞表-20丹群布農語.xlsx,20丹群布農語,1029,,
correct,bun_vt,mamantuk/tutuza,excel,32-69,正確,,2026學習詞表-20丹群布農語.xlsx,20丹群布農語,1030,siia maa,
warm,bun_vt,manami,excel,32-72,溫的(水),,2026學習詞表-20丹群布農語.xlsx,20丹群布農語,1033,,
long,bun_vt,madauqpus,excel,32-74,長,,2026學習詞表-20丹群布農語.xlsx,20丹群布農語,1035,,
short,bun_vt,maputuq,excel,32-76,短,,2026學習詞表-20丹群布農語.xlsx,20丹群布農語,1037,另二maputul與mapushu,
full,bun_vt,makmuz,excel,32-79,滿滿,,2026學習詞表-20丹群布農語.xlsx,20丹群布農語,1040,,
wipe,bun_vt,mahimah,excel,33-06,擦拭,,2026學習詞表-20丹群布農語.xlsx,20丹群布農語,1048,另作maqaisqais,
throw,bun_vt,matakunav,excel,34-19,丟棄,,2026學習詞表-20丹群布農語.xlsx,20丹群布農語,1069,,
count,bun_vt,masipul,excel,34-29,數(計算),,2026學習詞表-20丹群布農語.xlsx,20丹群布農語,1079,,
good,bun_vt,masihal,excel,34-34,好的,,2026學習詞表-20丹群布農語.xlsx,20丹群布農語,1084,,
not,bun_vt,nii,excel,35-03,不是(回答用),,2026學習詞表-20丹群布農語.xlsx,20丹群布農語,1092,,
because,bun_vt,aupa,excel,36-05,因為,,2026學習詞表-20丹群布農語.xlsx,20丹群布農語,1101,,
and,bun_vt,siin,excel,36-18,和,,2026學習詞表-20丹群布農語.xlsx,20丹群布農語,1114,,
if,bun_vt,maqei,excel,36-22,如果,,2026學習詞表-20丹群布農語.xlsx,20丹群布農語,1118,,
one,bun_bn,tasʼa,excel,01-01,一,,2026學習詞表-21巒群布農語.xlsx,21巒群布農語,5,tas-a,
two,bun_bn,dusa,excel,01-02,二,,2026學習詞表-21巒群布農語.xlsx,21巒群布農語,6,dusa,
three,bun_bn,tau,excel,01-03,三,,2026學習詞表-21巒群布農語.xlsx,21巒群布農語,7,tau,
four,bun_bn,paat,excel,01-04,四,,2026學習詞表-21巒群布農語.xlsx,21巒群布農語,8,paat,
five,bun_bn,hima,excel,01-05,五,,2026學習詞表-21巒群布農語.xlsx,21巒群布農語,9,hima,
six,bun_bn,nuum,excel,01-06,六,,2026學習詞表-21巒群布農語.xlsx,21巒群布農語,10,nuum,
seven,bun_bn,pitu,excel,01-07,七,,2026學習詞表-21巒群布農語.xlsx,21巒群布農語,11,pitu,
eight,bun_bn,vau,excel,01-08,八,,2026學習詞表-21巒群布農語.xlsx,21巒群布農語,12,vau,
nine,bun_bn,siva,excel,01-09,九,,2026學習詞表-21巒群布農語.xlsx,21巒群布農語,13,siva,
ten,bun_bn,masʼan,excel,01-10,十,,2026學習詞表-21巒群布農語.xlsx,21巒群布農語,14,mas-an,
twenty,bun_bn,mapusan,excel,01-20,二十,,2026學習詞表-21巒群布農語.xlsx,21巒群布農語,24,,
hundred,bun_bn,sabah,excel,01-34,百,,2026學習詞表-21巒群布農語.xlsx,21巒群布農語,38,tastusaba,
hundred,bun_bn,tasʼa sabah/ tastusabah,excel,01-35,一百,,2026學習詞表-21巒群布農語.xlsx,21巒群布農語,39,tas-asaba,
some,bun_bn,papia / atikis,excel,01-38,一些,,2026學習詞表-21巒群布農語.xlsx,21巒群布農語,42,tikis,
all,bun_bn,amin / sikaupa,excel,01-43,全部,,2026學習詞表-21巒群布農語.xlsx,21巒群布農語,47,也，都；sikaupa所有的,
few,bun_bn,atikis,excel,01-44,一點點,,2026學習詞表-21巒群布農語.xlsx,21巒群布農語,48,atikis,
you_singular,bun_bn,asu/suʼu,excel,02-01,你,,2026學習詞表-21巒群布農語.xlsx,21巒群布農語,51,asu/su-u,
i,bun_bn,saak/zaku,excel,02-02,我,,2026學習詞表-21巒群布農語.xlsx,21巒群布農語,52,azak(南投),
he,bun_bn,naipa / siata / istaa,excel,02-03,他,,2026學習詞表-21巒群布農語.xlsx,21巒群布農語,53,istaa(受格),
you_plural,bun_bn,amu / muʼu,excel,02-04,你們,,2026學習詞表-21巒群布農語.xlsx,21巒群布農語,54,amu/mu-u,
we,bun_bn,ata/mita,excel,02-05,我們,,2026學習詞表-21巒群布農語.xlsx,21巒群布農語,55,ata/mita,
they,bun_bn,naingka / naita,excel,02-06,他們,,2026學習詞表-21巒群布農語.xlsx,21巒群布農語,56,nenka/nai ta,
we,bun_bn,saam / zami /  samin,excel,02-13,我們(排除式),,2026學習詞表-21巒群布農語.xlsx,21巒群布農語,63,saam,
we,bun_bn,ata/mita,excel,02-14,咱們(包含式),,2026學習詞表-21巒群布農語.xlsx,21巒群布農語,64,ata,
that,bun_bn,naipa / siata,excel,02-16,那個,,2026學習詞表-21巒群布農語.xlsx,21巒群布農語,66,nepa,
this,bun_bn,naipi / dii,excel,02-17,這個,,2026學習詞表-21巒群布農語.xlsx,21巒群布農語,67,nepi/dii,
here,bun_bn,iti,excel,02-18,這裡,,2026學習詞表-21巒群布農語.xlsx,21巒群布農語,68,handii/dii /iti,
there,bun_bn,daiza /  ita,excel,02-19,那裡,,2026學習詞表-21巒群布農語.xlsx,21巒群布農語,69,handeza /deza /ita,
what,bun_bn,maʼaq,excel,03-02,什麼,,2026學習詞表-21巒群布農語.xlsx,21巒群布農語,73,ma-aq,
how,bun_bn,makuʼaq / mikuʼaq,excel,03-03,如何,,2026學習詞表-21巒群布農語.xlsx,21巒群布農語,74,maku-aq/miku-aq,
when,bun_bn,lakuʼaq,excel,03-04,何時(未發生),,2026學習詞表-21巒群布農語.xlsx,21巒群布農語,75,laku-aq,
who,bun_bn,simaq,excel,03-05,誰,,2026學習詞表-21巒群布農語.xlsx,21巒群布農語,76,simaq,
where,bun_bn,isaq / iʼisaq,excel,03-07,哪裡,,2026學習詞表-21巒群布農語.xlsx,21巒群布農語,78,isaq/i-isaq,
how,bun_bn,makuʼaq /  mavia,excel,03-09,怎麼,,2026學習詞表-21巒群布農語.xlsx,21巒群布農語,80,miku-aq,
where,bun_bn,isaq,excel,03-12,什麼地方,,2026學習詞表-21巒群布農語.xlsx,21巒群布農語,83,antan-isaq,
when,bun_bn,lakuʼaq,excel,03-13,何時(已發生),,2026學習詞表-21巒群布農語.xlsx,21巒群布農語,84,leku-aq,
father,bun_bn,tama,excel,04-01,爸爸,,2026學習詞表-21巒群布農語.xlsx,21巒群布農語,87,tama,
mother,bun_bn,tina,excel,04-02,媽媽,,2026學習詞表-21巒群布農語.xlsx,21巒群布農語,88,tina,
wife,bun_bn,pakatuszang,excel,04-07,配偶,,2026學習詞表-21巒群布農語.xlsx,21巒群布農語,93,pakatuszangan,
husband,bun_bn,pakatuszang,excel,04-07,配偶,,2026學習詞表-21巒群布農語.xlsx,21巒群布農語,93,pakatuszangan,
husband,bun_bn,bananaz/mabananaz,excel,04-15,丈夫,,2026學習詞表-21巒群布農語.xlsx,21巒群布農語,101,bananaz,
name,bun_bn,ngaan,excel,05-01,名字,,2026學習詞表-21巒群布農語.xlsx,21巒群布農語,114,ngaan,
child,bun_bn,uvazʼaz / uvavazʼaz,excel,05-05,孩童,,2026學習詞表-21巒群布農語.xlsx,21巒群布農語,118,uvaz-az,
woman,bun_bn,binanauʼaz,excel,05-07,女性,,2026學習詞表-21巒群布農語.xlsx,21巒群布農語,120,binano-az,
man,bun_bn,bananaz,excel,05-08,男性,,2026學習詞表-21巒群布農語.xlsx,21巒群布農語,121,bananaz,
person,bun_bn,bunun,excel,05-09,人,,2026學習詞表-21巒群布農語.xlsx,21巒群布農語,122,bunun,
ear,bun_bn,tainga,excel,06-01,耳朵,,2026學習詞表-21巒群布農語.xlsx,21巒群布農語,140,tenga,
leg,bun_bn,pinasaq,excel,06-02,大腿,,2026學習詞表-21巒群布農語.xlsx,21巒群布農語,141,pinasaq,
eye,bun_bn,mata,excel,06-03,眼睛,,2026學習詞表-21巒群布農語.xlsx,21巒群布農語,142,mata,
mouth,bun_bn,ngulus,excel,06-05,嘴巴,,2026學習詞表-21巒群布農語.xlsx,21巒群布農語,144,ngulus,
head,bun_bn,bungu,excel,06-06,頭,,2026學習詞表-21巒群布農語.xlsx,21巒群布農語,145,bungu,
fingernail,bun_bn,kuskus,excel,06-07,指甲,,2026學習詞表-21巒群布農語.xlsx,21巒群布農語,146,kuskus,
hand,bun_bn,ima,excel,06-08,手,,2026學習詞表-21巒群布農語.xlsx,21巒群布農語,147,ima,
nose,bun_bn,ngutus,excel,06-10,鼻子,,2026學習詞表-21巒群布農語.xlsx,21巒群布農語,149,ngutus,
foot,bun_bn,bantas,excel,06-11,腳,,2026學習詞表-21巒群布農語.xlsx,21巒群布農語,150,bantas,
tooth,bun_bn,nipun,excel,06-12,牙齒,,2026學習詞表-21巒群布農語.xlsx,21巒群布農語,151,nipun,
hair,bun_bn,qulbu,excel,06-13,頭髮,,2026學習詞表-21巒群布農語.xlsx,21巒群布農語,152,qulbu,
blood,bun_bn,qaidang,excel,06-14,血,,2026學習詞表-21巒群布農語.xlsx,21巒群布農語,153,qedang,
meat,bun_bn,titi / laas,excel,06-15,肉,,2026學習詞表-21巒群布農語.xlsx,21巒群布農語,154,laas/ titi ※瘦肉的部分才稱作laas,
belly,bun_bn,tian,excel,06-17,肚子,,2026學習詞表-21巒群布農語.xlsx,21巒群布農語,156,tian,
breast,bun_bn,susu/susuʼ,excel,06-18,乳房,,2026學習詞表-21巒群布農語.xlsx,21巒群布農語,157,vuvu,
back,bun_bn,hiku,excel,06-22,背部,,2026學習詞表-21巒群布農語.xlsx,21巒群布農語,161,hiku,
skin,bun_bn,kahung,excel,06-23,皮,,2026學習詞表-21巒群布農語.xlsx,21巒群布農語,162,kahung,
heart,bun_bn,qumun/qaputung,excel,06-28,心臟,,2026學習詞表-21巒群布農語.xlsx,21巒群布農語,167,qumun/qaputung,
knee,bun_bn,qaa / buqtung,excel,06-31,膝蓋,,2026學習詞表-21巒群布農語.xlsx,21巒群布農語,170,qaa,
liver,bun_bn,qataz,excel,06-34,肝臟,,2026學習詞表-21巒群布農語.xlsx,21巒群布農語,173,qataz,
fat,bun_bn,bizuq,excel,06-37,油脂,,2026學習詞表-21巒群布農語.xlsx,21巒群布農語,176,bizuq,
tongue,bun_bn,maʼmaʼ,excel,06-42,舌頭,,2026學習詞表-21巒群布農語.xlsx,21巒群布農語,181,ma’ma,
neck,bun_bn,mudan,excel,06-47,脖子,,2026學習詞表-21巒群布農語.xlsx,21巒群布農語,186,mumudan,
neck,bun_bn,suksuk,excel,06-52,頸子,,2026學習詞表-21巒群布農語.xlsx,21巒群布農語,191,mumudan,
tail,bun_bn,ikul,excel,07-01,尾巴,,2026學習詞表-21巒群布農語.xlsx,21巒群布農語,197,ikul,
dog,bun_bn,asu,excel,07-03,狗,,2026學習詞表-21巒群布農語.xlsx,21巒群布農語,199,asu,
bird,bun_bn,qazam,excel,07-06,鳥,,2026學習詞表-21巒群布農語.xlsx,21巒群布農語,202,qazam(統稱),
fish,bun_bn,iskaan,excel,07-07,魚,,2026學習詞表-21巒群布農語.xlsx,21巒群布農語,203,iskaan,
snake,bun_bn,ivut,excel,07-19,蛇,,2026學習詞表-21巒群布農語.xlsx,21巒群布農語,215,ivut,
louse,bun_bn,kutu,excel,07-33,頭蝨,,2026學習詞表-21巒群布農語.xlsx,21巒群布農語,229,kutu,
worm,bun_bn,takiluqaz / tanduluq,excel,07-39,蚯蚓,,2026學習詞表-21巒群布農語.xlsx,21巒群布農語,235,talindozuq,
wing,bun_bn,pani,excel,07-49,翅膀,,2026學習詞表-21巒群布農語.xlsx,21巒群布農語,245,pani,
horn,bun_bn,vaqa/ngabul,excel,07-64,(動物的)角,,2026學習詞表-21巒群布農語.xlsx,21巒群布農語,260,vaqa/ngabul ※ngabul專指水鹿的角,
tree,bun_bn,lukis,excel,08-03,樹,,2026學習詞表-21巒群布農語.xlsx,21巒群布農語,265,lukis,
leaf,bun_bn,lisav,excel,08-06,葉子,,2026學習詞表-21巒群布農語.xlsx,21巒群布農語,268,lisav,
flower,bun_bn,puaq,excel,08-09,花朵,,2026學習詞表-21巒群布農語.xlsx,21巒群布農語,271,puaq,
stick,bun_bn,siqi,excel,08-15,樹枝,,2026學習詞表-21巒群布農語.xlsx,21巒群布農語,277,siqi,
fruit,bun_bn,laas,excel,08-16,(植物的)果實,,2026學習詞表-21巒群布農語.xlsx,21巒群布農語,278,laas,
grass,bun_bn,ismuut,excel,08-20,草,,2026學習詞表-21巒群布農語.xlsx,21巒群布農語,282,ismuut,
fruit,bun_bn,kakaunun,excel,08-24,水果,,2026學習詞表-21巒群布農語.xlsx,21巒群布農語,286,konunkonun,
root,bun_bn,lamis,excel,08-28,樹根,,2026學習詞表-21巒群布農語.xlsx,21巒群布農語,290,lamis,
seed,bun_bn,auqsa / tuqnu,excel,08-44,種子,,2026學習詞表-21巒群布農語.xlsx,21巒群布農語,306,qoqsa,
rope,bun_bn,duun,excel,09-15,繩索,,2026學習詞表-21巒群布農語.xlsx,21巒群布農語,335,duun,
stick,bun_bn,siqi / qalisva,excel,09-18,枝條,,2026學習詞表-21巒群布農語.xlsx,21巒群布農語,338,siqi,
ash,bun_bn,qabu,excel,09-49,炭灰,,2026學習詞表-21巒群布農語.xlsx,21巒群布農語,369,bihu/qabu,
road,bun_bn,daan,excel,10-01,道路,,2026學習詞表-21巒群布農語.xlsx,21巒群布農語,393,daan,
wind,bun_bn,luvluv,excel,10-04,風,,2026學習詞表-21巒群布農語.xlsx,21巒群布農語,396,luvluv,
sand,bun_bn,bunuk / zaas,excel,10-05,沙子,,2026學習詞表-21巒群布農語.xlsx,21巒群布農語,397,bunuk,
earth,bun_bn,dalaq,excel,10-06,泥土,,2026學習詞表-21巒群布農語.xlsx,21巒群布農語,398,dalaq,
river,bun_bn,vanglaz,excel,10-07,河流,,2026學習詞表-21巒群布農語.xlsx,21巒群布農語,399,vanglaz,
lake,bun_bn,bunul / ningʼav,excel,10-08,湖泊,,2026學習詞表-21巒群布農語.xlsx,21巒群布農語,400,bunul,
forest,bun_bn,libus,excel,10-09,森林,,2026學習詞表-21巒群布農語.xlsx,21巒群布農語,401,libus,
sun,bun_bn,vali,excel,11-02,太陽,,2026學習詞表-21巒群布農語.xlsx,21巒群布農語,417,vali,
moon,bun_bn,buan,excel,11-03,月亮,,2026學習詞表-21巒群布農語.xlsx,21巒群布農語,418,buan,
sky,bun_bn,diqanin,excel,11-04,天空,,2026學習詞表-21巒群布農語.xlsx,21巒群布農語,419,diqanin,
star,bun_bn,bintuqan,excel,11-05,星星,,2026學習詞表-21巒群布農語.xlsx,21巒群布農語,420,bintuqan,
rain,bun_bn,qudan,excel,11-06,雨,,2026學習詞表-21巒群布農語.xlsx,21巒群布農語,421,qudan,
snow,bun_bn,paav,excel,11-07,雪,,2026學習詞表-21巒群布農語.xlsx,21巒群布農語,422,paav,
cloud,bun_bn,luhum,excel,11-12,雲,,2026學習詞表-21巒群布農語.xlsx,21巒群布農語,427,luhum,
smoke,bun_bn,qusʼul,excel,11-13,煙,,2026學習詞表-21巒群布農語.xlsx,21巒群布農語,428,qusdul,
fire,bun_bn,sapuz,excel,11-17,火,,2026學習詞表-21巒群布農語.xlsx,21巒群布農語,432,sapuz,
ice,bun_bn,paav,excel,11-18,冰,,2026學習詞表-21巒群布農語.xlsx,21巒群布農語,433,paav,
stone,bun_bn,batu,excel,12-05,石頭,,2026學習詞表-21巒群布農語.xlsx,21巒群布農語,454,batu,
night,bun_bn,sanavan / maqmut,excel,13-02,晚上,,2026學習詞表-21巒群布農語.xlsx,21巒群布農語,471,sanavan,
day,bun_bn,qaniʼan / tusqang,excel,13-07,白天,,2026學習詞表-21巒群布農語.xlsx,21巒群布農語,476,qani-an,
night,bun_bn,sanavan / maqmut,excel,13-22,夜,,2026學習詞表-21巒群布農語.xlsx,21巒群布農語,491,sanavan,
year,bun_bn,painsanan / qamisan,excel,13-28,年,,2026學習詞表-21巒群布農語.xlsx,21巒群布農語,497,qamisan /pensanan,
in,bun_bn,kumbu,excel,14-01,裡面,,2026學習詞表-21巒群布農語.xlsx,21巒群布農語,502,ikunbu,
at,bun_bn,iʼisaq,excel,14-02,在某處,,2026學習詞表-21巒群布農語.xlsx,21巒群布農語,503,i-isaq,
right,bun_bn,tanavanan,excel,14-10,右邊,,2026學習詞表-21巒群布農語.xlsx,21巒群布農語,511,vanan,
left,bun_bn,tanavili,excel,14-11,左邊,,2026學習詞表-21巒群布農語.xlsx,21巒群布農語,512,vili,
water,bun_bn,danum,excel,21-02,水,,2026學習詞表-21巒群布農語.xlsx,21巒群布農語,601,danum,
salt,bun_bn,qasila,excel,21-07,鹽,,2026學習詞表-21巒群布農語.xlsx,21巒群布農語,606,qasila,
egg,bun_bn,nibu,excel,21-09,蛋,,2026學習詞表-21巒群布農語.xlsx,21巒群布農語,608,nibu,
white,bun_bn,dauqlas,excel,22-01,白色,,2026學習詞表-21巒群布農語.xlsx,21巒群布農語,626,maduqlas,
black,bun_bn,taqdung,excel,22-02,黑色,,2026學習詞表-21巒群布農語.xlsx,21巒群布農語,627,mataqdung,
red,bun_bn,dangqas,excel,22-03,紅色,,2026學習詞表-21巒群布農語.xlsx,21巒群布農語,628,madanqas,
yellow,bun_bn,sinhav,excel,22-05,黃色的,,2026學習詞表-21巒群布農語.xlsx,21巒群布農語,630,masinhav,
green,bun_bn,sanglav,excel,22-08,綠色,,2026學習詞表-21巒群布農語.xlsx,21巒群布農語,633,masanglav,
give,bun_bn,masaiv,excel,25-07,給,,2026學習詞表-21巒群布農語.xlsx,21巒群布農語,663,masaiv,
come,bun_bn,kula,excel,25-08,來,,2026學習詞表-21巒群布農語.xlsx,21巒群布農語,664,minsuma,
walk,bun_bn,mudadaan / tanʼanak,excel,25-10,走路,,2026學習詞表-21巒群布農語.xlsx,21巒群布農語,666,tan-anak,
fly,bun_bn,kusbai,excel,25-12,飛,,2026學習詞表-21巒群布農語.xlsx,21巒群布農語,668,kusbai,
fall,bun_bn,muqasqas,excel,25-26,(植物的果實)掉落,,2026學習詞表-21巒群布農語.xlsx,21巒群布農語,682,muqasqas,
sit,bun_bn,malungqu / malʼanuqu,excel,25-43,坐著,,2026學習詞表-21巒群布農語.xlsx,21巒群布農語,699,malunqu,
stand,bun_bn,tuduldul,excel,25-44,站著,,2026學習詞表-21巒群布農語.xlsx,21巒群布農語,700,matuduldul,
sit,bun_bn,lungqu,excel,26-03,坐下,,2026學習詞表-21巒群布農語.xlsx,21巒群布農語,712,malungqu/malunqu,
hit,bun_bn,maludaq,excel,26-08,打(人),,2026學習詞表-21巒群布農語.xlsx,21巒群布農語,717,maludaq,
stab,bun_bn,kislupa /  matusuk,excel,26-09,刺,,2026學習詞表-21巒群布農語.xlsx,21巒群布農語,718,kislopa/matusuk,
push,bun_bn,malinsun / matungqaz,excel,26-13,推,,2026學習詞表-21巒群布農語.xlsx,21巒群布農語,722,malinsun/matunqaz,
scratch,bun_bn,makalav,excel,26-18,抓癢,,2026學習詞表-21巒群布農語.xlsx,21巒群布農語,727,makalav,
lie,bun_bn,takzang,excel,26-20,躺,,2026學習詞表-21巒群布農語.xlsx,21巒群布農語,729,makantakzang,
blow,bun_bn,maʼiup,excel,26-28,吹,,2026學習詞表-21巒群布農語.xlsx,21巒群布農語,737,ma-iup,
dig,bun_bn,makai,excel,26-29,挖掘,,2026學習詞表-21巒群布農語.xlsx,21巒群布農語,738,makai,
cut,bun_bn,sala,excel,26-30,切,,2026學習詞表-21巒群布農語.xlsx,21巒群布農語,739,masala,
swim,bun_bn,apap / sungqaqaul,excel,26-31,游泳,,2026學習詞表-21巒群布農語.xlsx,21巒群布農語,740,ap-ap,
tie,bun_bn,luqus,excel,26-38,綁住,,2026學習詞表-21巒群布農語.xlsx,21巒群布農語,747,luqusun,
pull,bun_bn,silulu / sibutbut,excel,26-39,拉,,2026學習詞表-21巒群布農語.xlsx,21巒群布農語,748,sibutbut / silulu,
split,bun_bn,matua,excel,26-40,劈(木材),,2026學習詞表-21巒群布農語.xlsx,21巒群布農語,749,matua,
hold,bun_bn,angkus,excel,26-42,提著,,2026學習詞表-21巒群布農語.xlsx,21巒群布農語,751,ankus/ansaqan,
hold,bun_bn,maldikus,excel,26-43,握著,,2026學習詞表-21巒群布農語.xlsx,21巒群布農語,752,maldikus,
tie,bun_bn,luqus,excel,26-44,捆綁,,2026學習詞表-21巒群布農語.xlsx,21巒群布農語,753,maluqus,
scratch,bun_bn,kalav,excel,26-56,搔癢,,2026學習詞表-21巒群布農語.xlsx,21巒群布農語,765,makalav,
rub,bun_bn,mamusmus,excel,26-85,揉搓(衣物),,2026學習詞表-21巒群布農語.xlsx,21巒群布農語,794,maluslus/mapas-aq,
lie,bun_bn,makansala,excel,26-88,側臥,,2026學習詞表-21巒群布農語.xlsx,21巒群布農語,797,makansala,
fight,bun_bn,mapaʼanak,excel,26-96,打架,,2026學習詞表-21巒群布農語.xlsx,21巒群布農語,805,mapaka-anak,
squeeze,bun_bn,maqtis,excel,26-97,擠,,2026學習詞表-21巒群布農語.xlsx,21巒群布農語,806,pakiqtis/maqtis,
dig,bun_bn,makai / makazkaz,excel,26-100,(用手)挖掘,,2026學習詞表-21巒群布農語.xlsx,21巒群布農語,809,makazkaz,
stand,bun_bn,mindangkaz,excel,26-105,起立,,2026學習詞表-21巒群布農語.xlsx,21巒群布農語,814,mindangkaz,
eat,bun_bn,maʼun,excel,27-01,吃,,2026學習詞表-21巒群布農語.xlsx,21巒群布農語,816,ma-un,
suck,bun_bn,supsup,excel,27-02,吸,,2026學習詞表-21巒群布農語.xlsx,21巒群布農語,817,supsup,
drink,bun_bn,quu,excel,27-03,喝,,2026學習詞表-21巒群布農語.xlsx,21巒群布農語,818,quu,
vomit,bun_bn,pusʼaq / mutaq,excel,27-04,吐,,2026學習詞表-21巒群布農語.xlsx,21巒群布農語,819,mutaq,
bite,bun_bn,kalat,excel,27-05,咬,,2026學習詞表-21巒群布農語.xlsx,21巒群布農語,820,kalat,
eat,bun_bn,maʼun,excel,27-15,吃(東西),,2026學習詞表-21巒群布農語.xlsx,21巒群布農語,830,ma-un,
know,bun_bn,qansiap / itqaal / niap,excel,28-02,知道,,2026學習詞表-21巒群布農語.xlsx,21巒群布農語,836,maqansiap/ itqaal / niap,
see,bun_bn,saduu,excel,28-03,看,,2026學習詞表-21巒群布農語.xlsx,21巒群布農語,837,saduu,
say,bun_bn,tupa / bazbaz,excel,28-04,說,,2026學習詞表-21巒群布農語.xlsx,21巒群布農語,838,tupa/bazbaz,
smell,bun_bn,saak / sakunun,excel,28-07,聞(如聞味道),,2026學習詞表-21巒群布農語.xlsx,21巒群布農語,841,saak,
hear,bun_bn,tanʼa,excel,28-19,聽,,2026學習詞表-21巒群布農語.xlsx,21巒群布農語,853,tan-a,
think,bun_bn,miliskin,excel,28-25,想(思考),,2026學習詞表-21巒群布農語.xlsx,21巒群布農語,859,miliskin/matinliskin,
fear,bun_bn,mapising,excel,29-02,害怕,,2026學習詞表-21巒群布農語.xlsx,21巒群布農語,866,mapising,
wash,bun_bn,mapasʼaq,excel,30-02,洗(衣物),,2026學習詞表-21巒群布農語.xlsx,21巒群布農語,876,mapas-aq,
sleep,bun_bn,masabaq,excel,30-09,睡覺,,2026學習詞表-21巒群布農語.xlsx,21巒群布農語,883,masabaq,
kill,bun_bn,mapataz sinaipuk,excel,30-10,殺牲畜,,2026學習詞表-21巒群布農語.xlsx,21巒群布農語,884,mapataz sinsinepuk,
lie,bun_bn,takzang,excel,30-16,躺臥,,2026學習詞表-21巒群布農語.xlsx,21巒群布農語,890,makantakzang,
burn,bun_bn,pistabah,excel,30-20,燒(如燒稻草),,2026學習詞表-21巒群布農語.xlsx,21巒群布農語,894,mapistaba/mapistibu,
hunt,bun_bn,haqu / sinpalasung,excel,30-25,陷獵,,2026學習詞表-21巒群布農語.xlsx,21巒群布農語,899,malhaqu,
burn,bun_bn,mistabah,excel,30-54,燃燒,,2026學習詞表-21巒群布農語.xlsx,21巒群布農語,928,mistaba,
drink,bun_bn,quu,excel,30-61,喝(水),,2026學習詞表-21巒群布農語.xlsx,21巒群布農語,935,quu,
sing,bun_bn,tusaus,excel,30-64,唱歌,,2026學習詞表-21巒群布農語.xlsx,21巒群布農語,938,tusaus/tusasaus,
play,bun_bn,pisqasibang/ pistanaqtaq,excel,30-65,玩耍,,2026學習詞表-21巒群布農語.xlsx,21巒群布農語,939,pisqasibang,
die,bun_bn,mataz,excel,31-01,死亡,,2026學習詞表-21巒群布農語.xlsx,21巒群布農語,941,mataz,
live,bun_bn,malqumis,excel,31-08,活的,,2026學習詞表-21巒群布農語.xlsx,21巒群布農語,948,miqumis,
heavy,bun_bn,sauqbung,excel,32-02,重(重量),,2026學習詞表-21巒群布農語.xlsx,21巒群布農語,963,masoqbung,
big,bun_bn,madaing,excel,32-05,大的,,2026學習詞表-21巒群布農語.xlsx,21巒群布農語,966,madaing,
cold,bun_bn,makazhav,excel,32-08,冷,,2026學習詞表-21巒群布農語.xlsx,21巒群布農語,969,makazhav,
small,bun_bn,atikis,excel,32-09,小的,,2026學習詞表-21巒群布農語.xlsx,21巒群布農語,970,atikis,
many,bun_bn,madia,excel,32-10,多,,2026學習詞表-21巒群布農語.xlsx,21巒群布農語,971,madia,
cold,bun_bn,makazhav,excel,32-12,冰冷,,2026學習詞表-21巒群布農語.xlsx,21巒群布農語,973,makazhavdengaz,
few,bun_bn,mavai / atikis,excel,32-14,少的,,2026學習詞表-21巒群布農語.xlsx,21巒群布農語,975,atikis,
laugh,bun_bn,maqainan,excel,32-16,笑,,2026學習詞表-21巒群布農語.xlsx,21巒群布農語,977,maqenan,
wet,bun_bn,luvus,excel,32-17,濕的,,2026學習詞表-21巒群布農語.xlsx,21巒群布農語,978,luvus,
thick,bun_bn,makaspal,excel,32-19,厚的,,2026學習詞表-21巒群布農語.xlsx,21巒群布農語,980,makaspal,
thin,bun_bn,manisbis,excel,32-21,薄的,,2026學習詞表-21巒群布農語.xlsx,21巒群布農語,982,manisbis,
dirty,bun_bn,mataqdung / isnaq,excel,32-22,髒,,2026學習詞表-21巒群布農語.xlsx,21巒群布農語,983,makathing,
dry,bun_bn,mabulsuk / maqaliv,excel,32-28,乾的,,2026學習詞表-21巒群布農語.xlsx,21巒群布農語,989,mabulsuk/maqaliv,
new,bun_bn,baqlu,excel,32-31,新的,,2026學習詞表-21巒群布農語.xlsx,21巒群布農語,992,baqlu,
old,bun_bn,tatuʼun,excel,32-32,舊的,,2026學習詞表-21巒群布農語.xlsx,21巒群布農語,993,tatu-un,
near,bun_bn,mishuan,excel,32-33,近,,2026學習詞表-21巒群布農語.xlsx,21巒群布農語,994,meshuan,
bad,bun_bn,mindikla,excel,32-35,壞掉,,2026學習詞表-21巒群布農語.xlsx,21巒群布農語,996,mindikla,
far,bun_bn,daqvisan,excel,32-37,遠,,2026學習詞表-21巒群布農語.xlsx,21巒群布農語,998,daqvisan,
swell,bun_bn,minbalva,excel,32-38,腫,,2026學習詞表-21巒群布農語.xlsx,21巒群布農語,999,manbalva,
smooth,bun_bn,maqsiam / maqsial,excel,32-44,滑,,2026學習詞表-21巒群布農語.xlsx,21巒群布農語,1005,maqsiam/ maqziam,
warm,bun_bn,manami / manangqat,excel,32-56,暖和,,2026學習詞表-21巒群布農語.xlsx,21巒群布農語,1017,manangqat,
dull,bun_bn,maquthung,excel,32-57,鈍的,,2026學習詞表-21巒群布農語.xlsx,21巒群布農語,1018,maquthung,
straight,bun_bn,masansan / matangsi,excel,32-65,直,,2026學習詞表-21巒群布農語.xlsx,21巒群布農語,1026,masansan,
full,bun_bn,matmuz,excel,32-66,滿了,,2026學習詞表-21巒群布農語.xlsx,21巒群布農語,1027,matmuz,
wide,bun_bn,mavaunglav / mangazʼaq,excel,32-68,(空間)寬敞,,2026學習詞表-21巒群布農語.xlsx,21巒群布農語,1029,mavonglav,
correct,bun_bn,mamantuk,excel,32-69,正確,,2026學習詞表-21巒群布農語.xlsx,21巒群布農語,1030,mamantuk,
warm,bun_bn,manami,excel,32-72,溫的(水),,2026學習詞表-21巒群布農語.xlsx,21巒群布農語,1033,manami,
long,bun_bn,madauqpus,excel,32-74,長,,2026學習詞表-21巒群布農語.xlsx,21巒群布農語,1035,madoqpus,
short,bun_bn,maputul,excel,32-76,短,,2026學習詞表-21巒群布農語.xlsx,21巒群布農語,1037,maputul,
full,bun_bn,matmuz,excel,32-79,滿滿,,2026學習詞表-21巒群布農語.xlsx,21巒群布農語,1040,matmuz,
wipe,bun_bn,maqaisqais,excel,33-06,擦拭,,2026學習詞表-21巒群布農語.xlsx,21巒群布農語,1048,maqesqes,
throw,bun_bn,matakunav / askiʼaun,excel,34-19,丟棄,,2026學習詞表-21巒群布農語.xlsx,21巒群布農語,1069,matakunav,
count,bun_bn,masipul,excel,34-29,數(計算),,2026學習詞表-21巒群布農語.xlsx,21巒群布農語,1079,masipul,
good,bun_bn,masihal,excel,34-34,好的,,2026學習詞表-21巒群布農語.xlsx,21巒群布農語,1084,masihal,
not,bun_bn,nii,excel,35-03,不是(回答用),,2026學習詞表-21巒群布農語.xlsx,21巒群布農語,1092,ni-i,
because,bun_bn,maupaʼi,excel,36-05,因為,,2026學習詞表-21巒群布農語.xlsx,21巒群布農語,1101,mopa,
and,bun_bn,siin,excel,36-18,和,,2026學習詞表-21巒群布農語.xlsx,21巒群布農語,1114,siin/ i,
if,bun_bn,maaki / maaqis,excel,36-22,如果,,2026學習詞表-21巒群布農語.xlsx,21巒群布農語,1118,ma-aq is/is,
one,bun_ib,tasa,excel,01-01,一,,2026學習詞表-22郡群布農語.xlsx,22郡群布農語,5,,
two,bun_ib,dusa,excel,01-02,二,,2026學習詞表-22郡群布農語.xlsx,22郡群布農語,6,,
three,bun_ib,tau,excel,01-03,三,,2026學習詞表-22郡群布農語.xlsx,22郡群布農語,7,,
four,bun_ib,paat,excel,01-04,四,,2026學習詞表-22郡群布農語.xlsx,22郡群布農語,8,,
five,bun_ib,ima,excel,01-05,五,,2026學習詞表-22郡群布農語.xlsx,22郡群布農語,9,,
six,bun_ib,nuum,excel,01-06,六,,2026學習詞表-22郡群布農語.xlsx,22郡群布農語,10,,
seven,bun_ib,pitu,excel,01-07,七,,2026學習詞表-22郡群布農語.xlsx,22郡群布農語,11,,
eight,bun_ib,vau,excel,01-08,八,,2026學習詞表-22郡群布農語.xlsx,22郡群布農語,12,,
nine,bun_ib,siva,excel,01-09,九,,2026學習詞表-22郡群布農語.xlsx,22郡群布農語,13,,
ten,bun_ib,masʼan,excel,01-10,十,,2026學習詞表-22郡群布農語.xlsx,22郡群布農語,14,,
twenty,bun_ib,mapusʼan,excel,01-20,二十,,2026學習詞表-22郡群布農語.xlsx,22郡群布農語,24,,
hundred,bun_ib,saba,excel,01-34,百,,2026學習詞表-22郡群布農語.xlsx,22郡群布農語,38,,
hundred,bun_ib,tastusaba,excel,01-35,一百,,2026學習詞表-22郡群布農語.xlsx,22郡群布農語,39,tastusaba書寫習慣差異,
some,bun_ib,kauman,excel,01-38,一些,,2026學習詞表-22郡群布農語.xlsx,22郡群布農語,42,,
all,bun_ib,iskakaupa,excel,01-43,全部,,2026學習詞表-22郡群布農語.xlsx,22郡群布農語,47,也、都。amin高雄慣用/iskakaupa、amin南投慣用,
few,bun_ib,kauman,excel,01-44,一點點,,2026學習詞表-22郡群布農語.xlsx,22郡群布農語,48,,
you_singular,bun_ib,kasu/suu,excel,02-01,你,,2026學習詞表-22郡群布農語.xlsx,22郡群布農語,51,主-kasu/受-suu,
i,bun_ib,saikin,excel,02-02,我,,2026學習詞表-22郡群布農語.xlsx,22郡群布農語,52,主-saikin/受-zaku,
he,bun_ib,saia,excel,02-03,他,,2026學習詞表-22郡群布農語.xlsx,22郡群布農語,53,"主-saiin(貼身), saian(近), saia(遠)；受-saicin(貼身), saitan(近), saicin(遠)",
you_plural,bun_ib,kamu,excel,02-04,你們,,2026學習詞表-22郡群布農語.xlsx,22郡群布農語,54,主-kamu/受-muu,
we,bun_ib,kaimin,excel,02-05,我們,,2026學習詞表-22郡群布農語.xlsx,22郡群布農語,55,(排他)主-kaimin/受-zami (包含)主-kata/受-mita,
they,bun_ib,naia,excel,02-06,他們,,2026學習詞表-22郡群布農語.xlsx,22郡群布農語,56,"主-naiin, naian, naia/ 受-naicin, naitan, naicia",
we,bun_ib,kaimin,excel,02-13,我們(排除式),,2026學習詞表-22郡群布農語.xlsx,22郡群布農語,63,主-kaimin/受-zami,
we,bun_ib,kata,excel,02-14,咱們(包含式),,2026學習詞表-22郡群布農語.xlsx,22郡群布農語,64,主-kata/受-mita,
that,bun_ib,adipa,excel,02-16,那個,,2026學習詞表-22郡群布農語.xlsx,22郡群布農語,66,主-saia/受-saicia,
this,bun_ib,andipa,excel,02-17,這個,,2026學習詞表-22郡群布農語.xlsx,22郡群布農語,67,"主-saiin(貼身), saian(近)/受-saicin(貼身), saitan(近)",
here,bun_ib,andiip,excel,02-18,這裡,,2026學習詞表-22郡群布農語.xlsx,22郡群布農語,68,andi南投慣用/Andiip/andii在這(近稱)/Avandiip/avandii(中稱)/Azandiip/azandii(遠稱),
there,bun_ib,adiip,excel,02-19,那裡,,2026學習詞表-22郡群布農語.xlsx,22郡群布農語,69,,
what,bun_ib,maaz,excel,03-02,什麼,,2026學習詞表-22郡群布農語.xlsx,22郡群布農語,73,Maaz南投慣用,
how,bun_ib,makua,excel,03-03,如何,,2026學習詞表-22郡群布農語.xlsx,22郡群布農語,74,mikuabin tu南投慣用,
when,bun_ib,lakua,excel,03-04,何時(未發生),,2026學習詞表-22郡群布農語.xlsx,22郡群布農語,75,,
who,bun_ib,sima,excel,03-05,誰,,2026學習詞表-22郡群布農語.xlsx,22郡群布農語,76,,
where,bun_ib,isa,excel,03-07,哪裡,,2026學習詞表-22郡群布農語.xlsx,22郡群布農語,78,,
how,bun_ib,mikua,excel,03-09,怎麼,,2026學習詞表-22郡群布農語.xlsx,22郡群布農語,80,,
where,bun_ib,isa,excel,03-12,什麼地方,,2026學習詞表-22郡群布農語.xlsx,22郡群布農語,83,,
when,bun_ib,lakua,excel,03-13,何時(已發生),,2026學習詞表-22郡群布農語.xlsx,22郡群布農語,84,,
father,bun_ib,tama,excel,04-01,爸爸,,2026學習詞表-22郡群布農語.xlsx,22郡群布農語,87,,
mother,bun_ib,cina,excel,04-02,媽媽,,2026學習詞表-22郡群布農語.xlsx,22郡群布農語,88,,
wife,bun_ib,pakatuszang,excel,04-07,配偶,,2026學習詞表-22郡群布農語.xlsx,22郡群布農語,93,maluspingaz高雄,
husband,bun_ib,pakatuszang,excel,04-07,配偶,,2026學習詞表-22郡群布農語.xlsx,22郡群布農語,93,maluspingaz高雄,
husband,bun_ib,mabananaz,excel,04-15,丈夫,,2026學習詞表-22郡群布農語.xlsx,22郡群布農語,101,mabananaz高雄慣用,
name,bun_ib,ngaan,excel,05-01,名字,,2026學習詞表-22郡群布農語.xlsx,22郡群布農語,114,ngaan,
child,bun_ib,uvaaz,excel,05-05,孩童,,2026學習詞表-22郡群布農語.xlsx,22郡群布農語,118,,
woman,bun_ib,pingaz,excel,05-07,女性,,2026學習詞表-22郡群布農語.xlsx,22郡群布農語,120,,
man,bun_ib,bananaz,excel,05-08,男性,,2026學習詞表-22郡群布農語.xlsx,22郡群布農語,121,,
person,bun_ib,bunun,excel,05-09,人,,2026學習詞表-22郡群布農語.xlsx,22郡群布農語,122,,
ear,bun_ib,tangia,excel,06-01,耳朵,,2026學習詞表-22郡群布農語.xlsx,22郡群布農語,140,,
leg,bun_ib,pinasah,excel,06-02,大腿,,2026學習詞表-22郡群布農語.xlsx,22郡群布農語,141,,
eye,bun_ib,mata,excel,06-03,眼睛,,2026學習詞表-22郡群布農語.xlsx,22郡群布農語,142,,
mouth,bun_ib,ngulus,excel,06-05,嘴巴,,2026學習詞表-22郡群布農語.xlsx,22郡群布農語,144,,
head,bun_ib,bungu,excel,06-06,頭,,2026學習詞表-22郡群布農語.xlsx,22郡群布農語,145,,
fingernail,bun_ib,kuskus,excel,06-07,指甲,,2026學習詞表-22郡群布農語.xlsx,22郡群布農語,146,,
hand,bun_ib,ima,excel,06-08,手,,2026學習詞表-22郡群布農語.xlsx,22郡群布農語,147,,
nose,bun_ib,ngutus,excel,06-10,鼻子,,2026學習詞表-22郡群布農語.xlsx,22郡群布農語,149,,
foot,bun_ib,bantas,excel,06-11,腳,,2026學習詞表-22郡群布農語.xlsx,22郡群布農語,150,,
tooth,bun_ib,nipun,excel,06-12,牙齒,,2026學習詞表-22郡群布農語.xlsx,22郡群布農語,151,,
hair,bun_ib,hulbu,excel,06-13,頭髮,,2026學習詞表-22郡群布農語.xlsx,22郡群布農語,152,,
blood,bun_ib,haidang,excel,06-14,血,,2026學習詞表-22郡群布農語.xlsx,22郡群布農語,153,,
meat,bun_ib,laas,excel,06-15,肉,,2026學習詞表-22郡群布農語.xlsx,22郡群布農語,154,cici是可食,
belly,bun_ib,cian,excel,06-17,肚子,,2026學習詞表-22郡群布農語.xlsx,22郡群布農語,156,,
breast,bun_ib,susu,excel,06-18,乳房,,2026學習詞表-22郡群布農語.xlsx,22郡群布農語,157,,
back,bun_ib,iku,excel,06-22,背部,,2026學習詞表-22郡群布農語.xlsx,22郡群布農語,161,,
skin,bun_ib,kaung,excel,06-23,皮,,2026學習詞表-22郡群布農語.xlsx,22郡群布農語,162,,
heart,bun_ib,haputung,excel,06-28,心臟,,2026學習詞表-22郡群布農語.xlsx,22郡群布農語,167,,
knee,bun_ib,malung,excel,06-31,膝蓋,,2026學習詞表-22郡群布農語.xlsx,22郡群布農語,170,,
liver,bun_ib,hataz,excel,06-34,肝臟,,2026學習詞表-22郡群布農語.xlsx,22郡群布農語,173,,
fat,bun_ib,silu,excel,06-37,油脂,,2026學習詞表-22郡群布農語.xlsx,22郡群布農語,176,,
tongue,bun_ib,maʼma,excel,06-42,舌頭,,2026學習詞表-22郡群布農語.xlsx,22郡群布農語,181,,
neck,bun_ib,hudʼhud,excel,06-47,脖子,,2026學習詞表-22郡群布農語.xlsx,22郡群布農語,186,,
neck,bun_ib,suksuk,excel,06-52,頸子,,2026學習詞表-22郡群布農語.xlsx,22郡群布農語,191,,
tail,bun_ib,ikul,excel,07-01,尾巴,,2026學習詞表-22郡群布農語.xlsx,22郡群布農語,197,,
dog,bun_ib,asu,excel,07-03,狗,,2026學習詞表-22郡群布農語.xlsx,22郡群布農語,199,,
bird,bun_ib,hazam,excel,07-06,鳥,,2026學習詞表-22郡群布農語.xlsx,22郡群布農語,202,,
fish,bun_ib,iskaan,excel,07-07,魚,,2026學習詞表-22郡群布農語.xlsx,22郡群布農語,203,,
snake,bun_ib,ivut,excel,07-19,蛇,,2026學習詞表-22郡群布農語.xlsx,22郡群布農語,215,,
louse,bun_ib,kutu,excel,07-33,頭蝨,,2026學習詞表-22郡群布農語.xlsx,22郡群布農語,229,,
worm,bun_ib,takiluhaz,excel,07-39,蚯蚓,,2026學習詞表-22郡群布農語.xlsx,22郡群布農語,235,,
wing,bun_ib,pani,excel,07-49,翅膀,,2026學習詞表-22郡群布農語.xlsx,22郡群布農語,245,,
horn,bun_ib,vaha,excel,07-64,(動物的)角,,2026學習詞表-22郡群布農語.xlsx,22郡群布農語,260,,
tree,bun_ib,lukis,excel,08-03,樹,,2026學習詞表-22郡群布農語.xlsx,22郡群布農語,265,,
leaf,bun_ib,lisav/silav,excel,08-06,葉子,,2026學習詞表-22郡群布農語.xlsx,22郡群布農語,268,lisav/silav(南投),
flower,bun_ib,puah/lipuah,excel,08-09,花朵,,2026學習詞表-22郡群布農語.xlsx,22郡群布農語,271,,
stick,bun_ib,sihi,excel,08-15,樹枝,,2026學習詞表-22郡群布農語.xlsx,22郡群布農語,277,siahi南投/高雄慣用,
fruit,bun_ib,laas,excel,08-16,(植物的)果實,,2026學習詞表-22郡群布農語.xlsx,22郡群布農語,278,,
grass,bun_ib,ismut,excel,08-20,草,,2026學習詞表-22郡群布農語.xlsx,22郡群布農語,282,,
fruit,bun_ib,kaununkaunun,excel,08-24,水果,,2026學習詞表-22郡群布農語.xlsx,22郡群布農語,286,,
root,bun_ib,lamis,excel,08-28,樹根,,2026學習詞表-22郡群布農語.xlsx,22郡群布農語,290,,
seed,bun_ib,auhsa,excel,08-44,種子,,2026學習詞表-22郡群布農語.xlsx,22郡群布農語,306,auh’sa南投慣用/iktuus高雄慣用,
rope,bun_ib,duun,excel,09-15,繩索,,2026學習詞表-22郡群布農語.xlsx,22郡群布農語,335,,
stick,bun_ib,halungsiva,excel,09-18,枝條,,2026學習詞表-22郡群布農語.xlsx,22郡群布農語,338,halungsiva高雄慣用,
ash,bun_ib,habu,excel,09-49,炭灰,,2026學習詞表-22郡群布農語.xlsx,22郡群布農語,369,,
road,bun_ib,daan,excel,10-01,道路,,2026學習詞表-22郡群布農語.xlsx,22郡群布農語,393,,
wind,bun_ib,ivʼiv,excel,10-04,風,,2026學習詞表-22郡群布農語.xlsx,22郡群布農語,396,ivʼiv微風/luvluv強風,
sand,bun_ib,zaas,excel,10-05,沙子,,2026學習詞表-22郡群布農語.xlsx,22郡群布農語,397,,
earth,bun_ib,dalah,excel,10-06,泥土,,2026學習詞表-22郡群布農語.xlsx,22郡群布農語,398,,
river,bun_ib,vahlas,excel,10-07,河流,,2026學習詞表-22郡群布農語.xlsx,22郡群布農語,399,vanglaz東部慣用/vahlas南投/高雄慣用,
lake,bun_ib,ningʼav,excel,10-08,湖泊,,2026學習詞表-22郡群布農語.xlsx,22郡群布農語,400,bunul沼澤,
forest,bun_ib,libus,excel,10-09,森林,,2026學習詞表-22郡群布農語.xlsx,22郡群布農語,401,,
sun,bun_ib,vali,excel,11-02,太陽,,2026學習詞表-22郡群布農語.xlsx,22郡群布農語,417,,
moon,bun_ib,buan,excel,11-03,月亮,,2026學習詞表-22郡群布農語.xlsx,22郡群布農語,418,,
sky,bun_ib,dihanin,excel,11-04,天空,,2026學習詞表-22郡群布農語.xlsx,22郡群布農語,419,,
star,bun_ib,bintuhan,excel,11-05,星星,,2026學習詞表-22郡群布農語.xlsx,22郡群布農語,420,,
rain,bun_ib,hudan,excel,11-06,雨,,2026學習詞表-22郡群布農語.xlsx,22郡群布農語,421,,
snow,bun_ib,paʼav,excel,11-07,雪,,2026學習詞表-22郡群布農語.xlsx,22郡群布農語,422,,
cloud,bun_ib,luum,excel,11-12,雲,,2026學習詞表-22郡群布農語.xlsx,22郡群布農語,427,,
smoke,bun_ib,husul/husʼul,excel,11-13,煙,,2026學習詞表-22郡群布農語.xlsx,22郡群布農語,428,,
fire,bun_ib,sapuz,excel,11-17,火,,2026學習詞表-22郡群布農語.xlsx,22郡群布農語,432,,
ice,bun_ib,paav/paʼav,excel,11-18,冰,,2026學習詞表-22郡群布農語.xlsx,22郡群布農語,433,paav高雄慣用,
stone,bun_ib,batu,excel,12-05,石頭,,2026學習詞表-22郡群布農語.xlsx,22郡群布農語,454,,
night,bun_ib,sanavan,excel,13-02,晚上,,2026學習詞表-22郡群布農語.xlsx,22郡群布農語,471,,
day,bun_ib,hanian,excel,13-07,白天,,2026學習詞表-22郡群布農語.xlsx,22郡群布農語,476,,
night,bun_ib,labian,excel,13-22,夜,,2026學習詞表-22郡群布農語.xlsx,22郡群布農語,491,,
year,bun_ib,painsanan,excel,13-28,年,,2026學習詞表-22郡群布農語.xlsx,22郡群布農語,497,hamisan東部慣用,
in,bun_ib,ngadah,excel,14-01,裡面,,2026學習詞表-22郡群布農語.xlsx,22郡群布農語,502,,
at,bun_ib,idipa,excel,14-02,在某處,,2026學習詞表-22郡群布農語.xlsx,22郡群布農語,503,,
right,bun_ib,tanaskaun,excel,14-10,右邊,,2026學習詞表-22郡群布農語.xlsx,22郡群布農語,511,,
left,bun_ib,tanavili,excel,14-11,左邊,,2026學習詞表-22郡群布農語.xlsx,22郡群布農語,512,,
water,bun_ib,danum,excel,21-02,水,,2026學習詞表-22郡群布農語.xlsx,22郡群布農語,601,,
salt,bun_ib,hasila,excel,21-07,鹽,,2026學習詞表-22郡群布農語.xlsx,22郡群布農語,606,,
egg,bun_ib,lububunun,excel,21-09,蛋,,2026學習詞表-22郡群布農語.xlsx,22郡群布農語,608,,
white,bun_ib,maduhlas,excel,22-01,白色,,2026學習詞表-22郡群布農語.xlsx,22郡群布農語,626,,
black,bun_ib,matahdung,excel,22-02,黑色,,2026學習詞表-22郡群布農語.xlsx,22郡群布農語,627,,
red,bun_ib,madanghas,excel,22-03,紅色,,2026學習詞表-22郡群布農語.xlsx,22郡群布農語,628,madiul南投慣用,
yellow,bun_ib,madiav,excel,22-05,黃色的,,2026學習詞表-22郡群布農語.xlsx,22郡群布農語,630,,
green,bun_ib,masanglav,excel,22-08,綠色,,2026學習詞表-22郡群布農語.xlsx,22郡群布農語,633,,
give,bun_ib,masaiv,excel,25-07,給,,2026學習詞表-22郡群布農語.xlsx,22郡群布農語,663,,
come,bun_ib,minsuma,excel,25-08,來,,2026學習詞表-22郡群布農語.xlsx,22郡群布農語,664,,
walk,bun_ib,mudadaan,excel,25-10,走路,,2026學習詞表-22郡群布農語.xlsx,22郡群布農語,666,,
fly,bun_ib,kusbai,excel,25-12,飛,,2026學習詞表-22郡群布農語.xlsx,22郡群布農語,668,,
fall,bun_ib,muhalhal,excel,25-26,(植物的果實)掉落,,2026學習詞表-22郡群布農語.xlsx,22郡群布農語,682,,
sit,bun_ib,malʼanuhu,excel,25-43,坐著,,2026學習詞表-22郡群布農語.xlsx,22郡群布農語,699,,
stand,bun_ib,matuduldul,excel,25-44,站著,,2026學習詞表-22郡群布農語.xlsx,22郡群布農語,700,,
sit,bun_ib,malʼanuhu,excel,26-03,坐下,,2026學習詞表-22郡群布農語.xlsx,22郡群布農語,712,,
hit,bun_ib,maludah,excel,26-08,打(人),,2026學習詞表-22郡群布農語.xlsx,22郡群布農語,717,,
stab,bun_ib,kislaupa,excel,26-09,刺,,2026學習詞表-22郡群布農語.xlsx,22郡群布農語,718,,
push,bun_ib,labiskav,excel,26-13,推,,2026學習詞表-22郡群布農語.xlsx,22郡群布農語,722,,
scratch,bun_ib,makalav,excel,26-18,抓癢,,2026學習詞表-22郡群布農語.xlsx,22郡群布農語,727,,
lie,bun_ib,matakzang,excel,26-20,躺,,2026學習詞表-22郡群布農語.xlsx,22郡群布農語,729,另作：maltakzang,
blow,bun_ib,maʼiip,excel,26-28,吹,,2026學習詞表-22郡群布農語.xlsx,22郡群布農語,737,Ma’ip南投/高雄慣用,
dig,bun_ib,makazkaz,excel,26-29,挖掘,,2026學習詞表-22郡群布農語.xlsx,22郡群布農語,738,,
cut,bun_ib,makulut,excel,26-30,切,,2026學習詞表-22郡群布農語.xlsx,22郡群布農語,739,,
swim,bun_ib,sunhahaul,excel,26-31,游泳,,2026學習詞表-22郡群布農語.xlsx,22郡群布農語,740,,
tie,bun_ib,maluhus,excel,26-38,綁住,,2026學習詞表-22郡群布農語.xlsx,22郡群布農語,747,,
pull,bun_ib,sibutbut,excel,26-39,拉,,2026學習詞表-22郡群布農語.xlsx,22郡群布農語,748,silulu南投慣用,
split,bun_ib,matua,excel,26-40,劈(木材),,2026學習詞表-22郡群布農語.xlsx,22郡群布農語,749,,
hold,bun_ib,andikus,excel,26-42,提著,,2026學習詞表-22郡群布農語.xlsx,22郡群布農語,751,,
hold,bun_ib,maldikus,excel,26-43,握著,,2026學習詞表-22郡群布農語.xlsx,22郡群布農語,752,,
tie,bun_ib,maluhus,excel,26-44,捆綁,,2026學習詞表-22郡群布農語.xlsx,22郡群布農語,753,,
scratch,bun_ib,makusukusu,excel,26-56,搔癢,,2026學習詞表-22郡群布農語.xlsx,22郡群布農語,765,makusukusu高雄慣用,
rub,bun_ib,mamusmus,excel,26-85,揉搓(衣物),,2026學習詞表-22郡群布農語.xlsx,22郡群布農語,794,,
lie,bun_ib,malsisala,excel,26-88,側臥,,2026學習詞表-22郡群布農語.xlsx,22郡群布農語,797,masisala南投/高雄慣用,
fight,bun_ib,mapaludah,excel,26-96,打架,,2026學習詞表-22郡群布農語.xlsx,22郡群布農語,805,,
squeeze,bun_ib,mahciz,excel,26-97,擠,,2026學習詞表-22郡群布農語.xlsx,22郡群布農語,806,,
dig,bun_ib,makazkaz,excel,26-100,(用手)挖掘,,2026學習詞表-22郡群布農語.xlsx,22郡群布農語,809,,
stand,bun_ib,minduldul,excel,26-105,起立,,2026學習詞表-22郡群布農語.xlsx,22郡群布農語,814,,
eat,bun_ib,maun,excel,27-01,吃,,2026學習詞表-22郡群布農語.xlsx,22郡群布農語,816,,
suck,bun_ib,supsup,excel,27-02,吸,,2026學習詞表-22郡群布農語.xlsx,22郡群布農語,817,,
drink,bun_ib,huud,excel,27-03,喝,,2026學習詞表-22郡群布農語.xlsx,22郡群布農語,818,,
vomit,bun_ib,mutah,excel,27-04,吐,,2026學習詞表-22郡群布農語.xlsx,22郡群布農語,819,,
bite,bun_ib,kalat,excel,27-05,咬,,2026學習詞表-22郡群布農語.xlsx,22郡群布農語,820,,
eat,bun_ib,maun,excel,27-15,吃(東西),,2026學習詞表-22郡群布農語.xlsx,22郡群布農語,830,,
know,bun_ib,haiap,excel,28-02,知道,,2026學習詞表-22郡群布農語.xlsx,22郡群布農語,836,,
see,bun_ib,sadu,excel,28-03,看,,2026學習詞表-22郡群布農語.xlsx,22郡群布農語,837,,
say,bun_ib,tuʼupa,excel,28-04,說,,2026學習詞表-22郡群布農語.xlsx,22郡群布農語,838,,
smell,bun_ib,saak,excel,28-07,聞(如聞味道),,2026學習詞表-22郡群布農語.xlsx,22郡群布農語,841,Sakun南投/高雄慣用 ansum 是 香味,
hear,bun_ib,taʼaza,excel,28-19,聽,,2026學習詞表-22郡群布農語.xlsx,22郡群布農語,853,,
think,bun_ib,miliskin,excel,28-25,想(思考),,2026學習詞表-22郡群布農語.xlsx,22郡群布農語,859,,
fear,bun_ib,mapising,excel,29-02,害怕,,2026學習詞表-22郡群布農語.xlsx,22郡群布農語,866,,
wash,bun_ib,mapasʼah,excel,30-02,洗(衣物),,2026學習詞表-22郡群布農語.xlsx,22郡群布農語,876,,
sleep,bun_ib,masabah,excel,30-09,睡覺,,2026學習詞表-22郡群布農語.xlsx,22郡群布農語,883,,
kill,bun_ib,mapataz sinaipuk,excel,30-10,殺牲畜,,2026學習詞表-22郡群布農語.xlsx,22郡群布農語,884,,
lie,bun_ib,maltakzang,excel,30-16,躺臥,,2026學習詞表-22郡群布農語.xlsx,22郡群布農語,890,,
burn,bun_ib,mapistaba,excel,30-20,燒(如燒稻草),,2026學習詞表-22郡群布農語.xlsx,22郡群布農語,894,,
hunt,bun_ib,mapalasung,excel,30-25,陷獵,,2026學習詞表-22郡群布農語.xlsx,22郡群布農語,899,,
burn,bun_ib,mistaba,excel,30-54,燃燒,,2026學習詞表-22郡群布農語.xlsx,22郡群布農語,928,,
drink,bun_ib,huud,excel,30-61,喝(水),,2026學習詞表-22郡群布農語.xlsx,22郡群布農語,935,hud東部/高雄慣用,
sing,bun_ib,kahuzas,excel,30-64,唱歌,,2026學習詞表-22郡群布農語.xlsx,22郡群布農語,938,,
play,bun_ib,pishasibang,excel,30-65,玩耍,,2026學習詞表-22郡群布農語.xlsx,22郡群布農語,939,,
die,bun_ib,mataz,excel,31-01,死亡,,2026學習詞表-22郡群布農語.xlsx,22郡群布農語,941,,
live,bun_ib,mihumis/malhumis,excel,31-08,活的,,2026學習詞表-22郡群布農語.xlsx,22郡群布農語,948,mihumis,
heavy,bun_ib,mahusbu,excel,32-02,重(重量),,2026學習詞表-22郡群布農語.xlsx,22郡群布農語,963,,
big,bun_ib,madaing,excel,32-05,大的,,2026學習詞表-22郡群布農語.xlsx,22郡群布農語,966,,
cold,bun_ib,makazav,excel,32-08,冷,,2026學習詞表-22郡群布農語.xlsx,22郡群布農語,969,,
small,bun_ib,kamaʼikit,excel,32-09,小的,,2026學習詞表-22郡群布農語.xlsx,22郡群布農語,970,,
many,bun_ib,supah,excel,32-10,多,,2026學習詞表-22郡群布農語.xlsx,22郡群布農語,971,,
cold,bun_ib,makazav,excel,32-12,冰冷,,2026學習詞表-22郡群布農語.xlsx,22郡群布農語,973,,
few,bun_ib,kauman,excel,32-14,少的,,2026學習詞表-22郡群布農語.xlsx,22郡群布農語,975,kauman南投慣用,
laugh,bun_ib,mahainan,excel,32-16,笑,,2026學習詞表-22郡群布農語.xlsx,22郡群布農語,977,,
wet,bun_ib,luvus,excel,32-17,濕的,,2026學習詞表-22郡群布農語.xlsx,22郡群布農語,978,,
thick,bun_ib,makaspal,excel,32-19,厚的,,2026學習詞表-22郡群布農語.xlsx,22郡群布農語,980,,
thin,bun_ib,manisbis,excel,32-21,薄的,,2026學習詞表-22郡群布農語.xlsx,22郡群布農語,982,,
dirty,bun_ib,ku’isnah/matahdung,excel,32-22,髒,,2026學習詞表-22郡群布農語.xlsx,22郡群布農語,983,ku’isnah南投/高雄慣用,
dry,bun_ib,mahaliv,excel,32-28,乾的,,2026學習詞表-22郡群布農語.xlsx,22郡群布農語,989,,
new,bun_ib,bahlu,excel,32-31,新的,,2026學習詞表-22郡群布農語.xlsx,22郡群布農語,992,,
old,bun_ib,tatuun,excel,32-32,舊的,,2026學習詞表-22郡群布農語.xlsx,22郡群布農語,993,tatu’un南投,
near,bun_ib,aisku,excel,32-33,近,,2026學習詞表-22郡群布農語.xlsx,22郡群布農語,994,,
bad,bun_ib,makuang,excel,32-35,壞掉,,2026學習詞表-22郡群布農語.xlsx,22郡群布農語,996,minkuang東部慣用,
far,bun_ib,dahvi/dahvian,excel,32-37,遠,,2026學習詞表-22郡群布農語.xlsx,22郡群布農語,998,,
swell,bun_ib,macistak/macisbang,excel,32-38,腫,,2026學習詞表-22郡群布農語.xlsx,22郡群布農語,999,,
smooth,bun_ib,mahdial/mahsial,excel,32-44,滑,,2026學習詞表-22郡群布農語.xlsx,22郡群布農語,1005,,
warm,bun_ib,mananghat,excel,32-56,暖和,,2026學習詞表-22郡群布農語.xlsx,22郡群布農語,1017,,
dull,bun_ib,mahutung,excel,32-57,鈍的,,2026學習詞表-22郡群布農語.xlsx,22郡群布農語,1018,,
straight,bun_ib,matangsi,excel,32-65,直,,2026學習詞表-22郡群布農語.xlsx,22郡群布農語,1026,,
full,bun_ib,matmuz,excel,32-66,滿了,,2026學習詞表-22郡群布農語.xlsx,22郡群布農語,1027,,
wide,bun_ib,mabukzavan,excel,32-68,(空間)寬敞,,2026學習詞表-22郡群布農語.xlsx,22郡群布農語,1029,mangabzan高雄慣用,
correct,bun_ib,mamantuk,excel,32-69,正確,,2026學習詞表-22郡群布農語.xlsx,22郡群布農語,1030,,
warm,bun_ib,manami,excel,32-72,溫的(水),,2026學習詞表-22郡群布農語.xlsx,22郡群布農語,1033,,
long,bun_ib,madulu,excel,32-74,長,,2026學習詞表-22郡群布農語.xlsx,22郡群布農語,1035,,
short,bun_ib,maputul,excel,32-76,短,,2026學習詞表-22郡群布農語.xlsx,22郡群布農語,1037,,
full,bun_ib,matmuz,excel,32-79,滿滿,,2026學習詞表-22郡群布農語.xlsx,22郡群布農語,1040,,
wipe,bun_ib,mahaishais,excel,33-06,擦拭,,2026學習詞表-22郡群布農語.xlsx,22郡群布農語,1048,,
throw,bun_ib,matakunav,excel,34-19,丟棄,,2026學習詞表-22郡群布農語.xlsx,22郡群布農語,1069,,
count,bun_ib,masipul,excel,34-29,數(計算),,2026學習詞表-22郡群布農語.xlsx,22郡群布農語,1079,,
good,bun_ib,masial,excel,34-34,好的,,2026學習詞表-22郡群布農語.xlsx,22郡群布農語,1084,,
not,bun_ib,nii,excel,35-03,不是(回答用),,2026學習詞表-22郡群布農語.xlsx,22郡群布農語,1092,,
because,bun_ib,aupa,excel,36-05,因為,,2026學習詞表-22郡群布農語.xlsx,22郡群布農語,1101,,
and,bun_ib,siin,excel,36-18,和,,2026學習詞表-22郡群布農語.xlsx,22郡群布農語,1114,,
if,bun_ib,mais,excel,36-22,如果,,2026學習詞表-22郡群布農語.xlsx,22郡群布農語,1118,,
one,pai_es,ita,excel,01-01,一,,2026學習詞表-23東排灣語.xlsx,23東排灣語,5,,
two,pai_es,drusa,excel,01-02,二,,2026學習詞表-23東排灣語.xlsx,23東排灣語,6,,
three,pai_es,tjelu,excel,01-03,三,,2026學習詞表-23東排灣語.xlsx,23東排灣語,7,,
four,pai_es,sepatj,excel,01-04,四,,2026學習詞表-23東排灣語.xlsx,23東排灣語,8,,
five,pai_es,lima,excel,01-05,五,,2026學習詞表-23東排灣語.xlsx,23東排灣語,9,,
six,pai_es,unem,excel,01-06,六,,2026學習詞表-23東排灣語.xlsx,23東排灣語,10,,
seven,pai_es,pitju,excel,01-07,七,,2026學習詞表-23東排灣語.xlsx,23東排灣語,11,,
eight,pai_es,alu,excel,01-08,八,,2026學習詞表-23東排灣語.xlsx,23東排灣語,12,,
nine,pai_es,siva,excel,01-09,九,,2026學習詞表-23東排灣語.xlsx,23東排灣語,13,,
ten,pai_es,tapuluq,excel,01-10,十,,2026學習詞表-23東排灣語.xlsx,23東排灣語,14,,
twenty,pai_es,drusapuluq,excel,01-20,二十,,2026學習詞表-23東排灣語.xlsx,23東排灣語,24,,
hundred,pai_es,iday,excel,01-34,百,,2026學習詞表-23東排灣語.xlsx,23東排灣語,38,,
hundred,pai_es,tayday,excel,01-35,一百,,2026學習詞表-23東排灣語.xlsx,23東排灣語,39,,
some,pai_es,pida,excel,01-38,一些,,2026學習詞表-23東排灣語.xlsx,23東排灣語,42,,
all,pai_es,penuljat,excel,01-43,全部,,2026學習詞表-23東排灣語.xlsx,23東排灣語,47,,
few,pai_es,kedri,excel,01-44,一點點,,2026學習詞表-23東排灣語.xlsx,23東排灣語,48,,
you_singular,pai_es,tisun,excel,02-01,你,,2026學習詞表-23東排灣語.xlsx,23東排灣語,51,,
i,pai_es,tiaen,excel,02-02,我,,2026學習詞表-23東排灣語.xlsx,23東排灣語,52,,
he,pai_es,timadju,excel,02-03,他,,2026學習詞表-23東排灣語.xlsx,23東排灣語,53,,
you_plural,pai_es,timun,excel,02-04,你們,,2026學習詞表-23東排灣語.xlsx,23東排灣語,54,,
we,pai_es,timitja,excel,02-05,我們,,2026學習詞表-23東排灣語.xlsx,23東排灣語,55,,
they,pai_es,tiyamadju,excel,02-06,他們,,2026學習詞表-23東排灣語.xlsx,23東排灣語,56,,
we,pai_es,tiyamen,excel,02-13,我們(排除式),,2026學習詞表-23東排灣語.xlsx,23東排灣語,63,,
we,pai_es,titjen,excel,02-14,咱們(包含式),,2026學習詞表-23東排灣語.xlsx,23東排灣語,64,,
that,pai_es,azuwa,excel,02-16,那個,,2026學習詞表-23東排灣語.xlsx,23東排灣語,66,,
this,pai_es,aycu,excel,02-17,這個,,2026學習詞表-23東排灣語.xlsx,23東排灣語,67,,
here,pai_es,imaza,excel,02-18,這裡,,2026學習詞表-23東排灣語.xlsx,23東排灣語,68,,
there,pai_es,azuwa,excel,02-19,那裡,,2026學習詞表-23東排灣語.xlsx,23東排灣語,69,,
what,pai_es,anema,excel,03-02,什麼,,2026學習詞表-23東排灣語.xlsx,23東排灣語,73,,
how,pai_es,kemuda,excel,03-03,如何,,2026學習詞表-23東排灣語.xlsx,23東排灣語,74,,
when,pai_es,makudakuda,excel,03-04,何時(未發生),,2026學習詞表-23東排灣語.xlsx,23東排灣語,75,,
who,pai_es,tima,excel,03-05,誰,,2026學習詞表-23東排灣語.xlsx,23東排灣語,76,,
where,pai_es,inu,excel,03-07,哪裡,,2026學習詞表-23東排灣語.xlsx,23東排灣語,78,,
how,pai_es,makuda,excel,03-09,怎麼,,2026學習詞表-23東排灣語.xlsx,23東排灣語,80,,
where,pai_es,inuwan,excel,03-12,什麼地方,,2026學習詞表-23東排灣語.xlsx,23東排灣語,83,,
when,pai_es,kamakudakuda,excel,03-13,何時(已發生),,2026學習詞表-23東排灣語.xlsx,23東排灣語,84,,
father,pai_es,kama,excel,04-01,爸爸,,2026學習詞表-23東排灣語.xlsx,23東排灣語,87,,
mother,pai_es,kina,excel,04-02,媽媽,,2026學習詞表-23東排灣語.xlsx,23東排灣語,88,,
wife,pai_es,valjaw,excel,04-07,配偶,,2026學習詞表-23東排灣語.xlsx,23東排灣語,93,,
husband,pai_es,valjaw,excel,04-07,配偶,,2026學習詞表-23東排灣語.xlsx,23東排灣語,93,,
husband,pai_es,valjaw,excel,04-15,丈夫,,2026學習詞表-23東排灣語.xlsx,23東排灣語,101,,
name,pai_es,ngadan,excel,05-01,名字,,2026學習詞表-23東排灣語.xlsx,23東排灣語,114,,
child,pai_es,kakedryan,excel,05-05,孩童,,2026學習詞表-23東排灣語.xlsx,23東排灣語,118,,
woman,pai_es,vavayan,excel,05-07,女性(單數),,2026學習詞表-23東排灣語.xlsx,23東排灣語,120,,
man,pai_es,uqaljay,excel,05-08,男性,,2026學習詞表-23東排灣語.xlsx,23東排灣語,121,,
person,pai_es,caucau,excel,05-09,人,,2026學習詞表-23東排灣語.xlsx,23東排灣語,122,,
ear,pai_es,calinga,excel,06-01,耳朵,,2026學習詞表-23東排灣語.xlsx,23東排灣語,140,,
leg,pai_es,djapalj,excel,06-02,大腿,,2026學習詞表-23東排灣語.xlsx,23東排灣語,141,,
eye,pai_es,maca,excel,06-03,眼睛,,2026學習詞表-23東排灣語.xlsx,23東排灣語,142,,
mouth,pai_es,angalj,excel,06-05,嘴巴,,2026學習詞表-23東排灣語.xlsx,23東排灣語,144,,
head,pai_es,qulu,excel,06-06,頭,,2026學習詞表-23東排灣語.xlsx,23東排灣語,145,,
fingernail,pai_es,kaljusekusan,excel,06-07,指甲,,2026學習詞表-23東排灣語.xlsx,23東排灣語,146,,
hand,pai_es,lima,excel,06-08,手,,2026學習詞表-23東排灣語.xlsx,23東排灣語,147,,
nose,pai_es,ngudjus,excel,06-10,鼻子,,2026學習詞表-23東排灣語.xlsx,23東排灣語,149,,
foot,pai_es,kula,excel,06-11,腳,,2026學習詞表-23東排灣語.xlsx,23東排灣語,150,,
tooth,pai_es,aljis,excel,06-12,牙齒,,2026學習詞表-23東排灣語.xlsx,23東排灣語,151,,
hair,pai_es,quvalj,excel,06-13,頭髮,,2026學習詞表-23東排灣語.xlsx,23東排灣語,152,,
blood,pai_es,djamuq,excel,06-14,血,,2026學習詞表-23東排灣語.xlsx,23東排灣語,153,,
meat,pai_es,vutjulj,excel,06-15,肉,,2026學習詞表-23東排灣語.xlsx,23東排灣語,154,,
belly,pai_es,tjiyalj,excel,06-17,肚子,,2026學習詞表-23東排灣語.xlsx,23東排灣語,156,,
breast,pai_es,tutu,excel,06-18,乳房,,2026學習詞表-23東排灣語.xlsx,23東排灣語,157,,
back,pai_es,uqulj,excel,06-22,背部,,2026學習詞表-23東排灣語.xlsx,23東排灣語,161,,
skin,pai_es,qaljic,excel,06-23,皮,,2026學習詞表-23東排灣語.xlsx,23東排灣語,162,,
heart,pai_es,qavuvung,excel,06-28,心臟,,2026學習詞表-23東排灣語.xlsx,23東排灣語,167,,
knee,pai_es,cungal,excel,06-31,膝蓋,,2026學習詞表-23東排灣語.xlsx,23東排灣語,170,,
liver,pai_es,qacay,excel,06-34,肝臟,,2026學習詞表-23東排灣語.xlsx,23東排灣語,173,,
fat,pai_es,qalev,excel,06-37,油脂,,2026學習詞表-23東排灣語.xlsx,23東排灣語,176,,
tongue,pai_es,sema,excel,06-42,舌頭,,2026學習詞表-23東排灣語.xlsx,23東排灣語,181,,
neck,pai_es,liqu,excel,06-47,脖子,,2026學習詞表-23東排灣語.xlsx,23東排灣語,186,,
neck,pai_es,drengelan,excel,06-52,頸子,,2026學習詞表-23東排灣語.xlsx,23東排灣語,191,,
tail,pai_es,iku,excel,07-01,尾巴,,2026學習詞表-23東排灣語.xlsx,23東排灣語,197,,
dog,pai_es,vatu,excel,07-03,狗,,2026學習詞表-23東排灣語.xlsx,23東排灣語,199,,
bird,pai_es,qayaqayam,excel,07-06,鳥,,2026學習詞表-23東排灣語.xlsx,23東排灣語,202,,
fish,pai_es,ciqaw,excel,07-07,魚,,2026學習詞表-23東排灣語.xlsx,23東排灣語,203,,
snake,pai_es,qatjuvi,excel,07-19,蛇,,2026學習詞表-23東排灣語.xlsx,23東排灣語,215,,
louse,pai_es,kucu,excel,07-33,頭蝨,,2026學習詞表-23東排灣語.xlsx,23東排灣語,229,,
worm,pai_es,qatjudray,excel,07-39,蚯蚓,,2026學習詞表-23東排灣語.xlsx,23東排灣語,235,,
wing,pai_es,palalj,excel,07-49,翅膀,,2026學習詞表-23東排灣語.xlsx,23東排灣語,245,,
horn,pai_es,tequng,excel,07-64,犄角,,2026學習詞表-23東排灣語.xlsx,23東排灣語,260,,
tree,pai_es,kasiw,excel,08-03,樹,,2026學習詞表-23東排灣語.xlsx,23東排灣語,265,,
leaf,pai_es,asaw,excel,08-06,葉子,,2026學習詞表-23東排灣語.xlsx,23東排灣語,268,,
flower,pai_es,vuciyar,excel,08-09,花朵,,2026學習詞表-23東排灣語.xlsx,23東排灣語,271,,
stick,pai_es,ricing,excel,08-15,樹枝,,2026學習詞表-23東排灣語.xlsx,23東排灣語,277,,
fruit,pai_es,vangalj,excel,08-16,(植物的)果實,,2026學習詞表-23東排灣語.xlsx,23東排灣語,278,,
grass,pai_es,cemel,excel,08-20,草,,2026學習詞表-23東排灣語.xlsx,23東排灣語,282,,
fruit,pai_es,kudamunu,excel,08-24,水果,,2026學習詞表-23東排灣語.xlsx,23東排灣語,286,,
root,pai_es,kapaz,excel,08-28,樹根,,2026學習詞表-23東排灣語.xlsx,23東排灣語,290,,
seed,pai_es,tjaljayan,excel,08-44,種子,,2026學習詞表-23東排灣語.xlsx,23東排灣語,306,,
rope,pai_es,calis,excel,09-15,繩索,,2026學習詞表-23東排灣語.xlsx,23東排灣語,335,,
stick,pai_es,ricing,excel,09-18,枝條,,2026學習詞表-23東排灣語.xlsx,23東排灣語,338,,
ash,pai_es,qavu,excel,09-49,炭灰,,2026學習詞表-23東排灣語.xlsx,23東排灣語,369,,
road,pai_es,djalan,excel,10-01,道路,,2026學習詞表-23東排灣語.xlsx,23東排灣語,393,,
wind,pai_es,vali,excel,10-04,風,,2026學習詞表-23東排灣語.xlsx,23東排灣語,396,,
sand,pai_es,vudas,excel,10-05,沙子,,2026學習詞表-23東排灣語.xlsx,23東排灣語,397,,
earth,pai_es,qipu,excel,10-06,泥土,,2026學習詞表-23東排灣語.xlsx,23東排灣語,398,,
river,pai_es,pana,excel,10-07,河流,,2026學習詞表-23東排灣語.xlsx,23東排灣語,399,,
lake,pai_es,djanau,excel,10-08,湖泊,,2026學習詞表-23東排灣語.xlsx,23東排灣語,400,vacalj 深潭,
forest,pai_es,kasikasiw,excel,10-09,森林,,2026學習詞表-23東排灣語.xlsx,23東排灣語,401,,
sun,pai_es,qadaw,excel,11-02,太陽,,2026學習詞表-23東排灣語.xlsx,23東排灣語,417,,
moon,pai_es,qiljas,excel,11-03,月亮,,2026學習詞表-23東排灣語.xlsx,23東排灣語,418,,
sky,pai_es,kalevelevan,excel,11-04,天空,,2026學習詞表-23東排灣語.xlsx,23東排灣語,419,,
star,pai_es,vitjuqan,excel,11-05,星星,,2026學習詞表-23東排灣語.xlsx,23東排灣語,420,,
rain,pai_es,qudjalj,excel,11-06,雨,,2026學習詞表-23東排灣語.xlsx,23東排灣語,421,,
snow,pai_es,sulja,excel,11-07,雪,,2026學習詞表-23東排灣語.xlsx,23東排灣語,422,,
cloud,pai_es,qerepus,excel,11-12,雲,,2026學習詞表-23東排灣語.xlsx,23東排灣語,427,,
smoke,pai_es,cevulj,excel,11-13,煙,,2026學習詞表-23東排灣語.xlsx,23東排灣語,428,,
fire,pai_es,sapuy,excel,11-17,火,,2026學習詞表-23東排灣語.xlsx,23東排灣語,432,,
ice,pai_es,kuli,excel,11-18,冰,,2026學習詞表-23東排灣語.xlsx,23東排灣語,433,,
stone,pai_es,qaciljay,excel,12-05,石頭,,2026學習詞表-23東排灣語.xlsx,23東排灣語,454,,
night,pai_es,qezemetj,excel,13-02,晚上,,2026學習詞表-23東排灣語.xlsx,23東排灣語,471,,
day,pai_es,mawqadaw,excel,13-07,白天,,2026學習詞表-23東排灣語.xlsx,23東排灣語,476,,
night,pai_es,vengin,excel,13-22,夜,,2026學習詞表-23東排灣語.xlsx,23東排灣語,491,,
year,pai_es,cavilj,excel,13-28,年,,2026學習詞表-23東排灣語.xlsx,23東排灣語,497,,
in,pai_es,taladj,excel,14-01,裡面,,2026學習詞表-23東排灣語.xlsx,23東排灣語,502,,
at,pai_es,i…,excel,14-02,在某處,,2026學習詞表-23東排灣語.xlsx,23東排灣語,503,i…(處所),
right,pai_es,kanavalj,excel,14-10,右邊(右手),,2026學習詞表-23東排灣語.xlsx,23東排灣語,511,,
left,pai_es,kaviri,excel,14-11,左邊,,2026學習詞表-23東排灣語.xlsx,23東排灣語,512,,
water,pai_es,zaljum,excel,21-02,水,,2026學習詞表-23東排灣語.xlsx,23東排灣語,601,,
salt,pai_es,qatiya,excel,21-07,鹽,,2026學習詞表-23東排灣語.xlsx,23東排灣語,606,,
egg,pai_es,qecilu,excel,21-09,蛋,,2026學習詞表-23東排灣語.xlsx,23東排灣語,608,,
white,pai_es,vuteqiteqilj,excel,22-01,白色,,2026學習詞表-23東排灣語.xlsx,23東排灣語,626,,
black,pai_es,qecengecengel,excel,22-02,黑色,,2026學習詞表-23東排灣語.xlsx,23東排灣語,627,,
red,pai_es,qudjidjilj,excel,22-03,紅色,,2026學習詞表-23東排灣語.xlsx,23東排灣語,628,,
yellow,pai_es,qulivalivay,excel,22-05,黃色,,2026學習詞表-23東排灣語.xlsx,23東排灣語,630,,
green,pai_es,liljualjuas/quljangaljangas,excel,22-08,綠色,,2026學習詞表-23東排灣語.xlsx,23東排灣語,633,,
give,pai_es,pavai,excel,25-07,給,,2026學習詞表-23東排灣語.xlsx,23東排灣語,663,,
come,pai_es,namangetjez,excel,25-08,來,,2026學習詞表-23東排灣語.xlsx,23東排灣語,664,,
walk,pai_es,djemavac,excel,25-10,走路,,2026學習詞表-23東排灣語.xlsx,23東排灣語,666,,
fly,pai_es,minglayapanga,excel,25-12,飛,,2026學習詞表-23東排灣語.xlsx,23東排灣語,668,,
fall,pai_es,namakelu,excel,25-26,(植物的果實)掉落,,2026學習詞表-23東排灣語.xlsx,23東排灣語,682,,
sit,pai_es,naqemiladj,excel,25-43,坐,,2026學習詞表-23東排灣語.xlsx,23東排灣語,699,,
stand,pai_es,namigacalj,excel,25-44,站立,,2026學習詞表-23東排灣語.xlsx,23東排灣語,700,,
sit,pai_es,naqemiladj,excel,26-03,坐下,,2026學習詞表-23東排灣語.xlsx,23東排灣語,712,,
hit,pai_es,kemelem/djemukul,excel,26-08,打(人),,2026學習詞表-23東排灣語.xlsx,23東排灣語,717,,
stab,pai_es,vinukevuk,excel,26-09,刺,,2026學習詞表-23東排灣語.xlsx,23東排灣語,718,,
push,pai_es,sizurung,excel,26-13,推,,2026學習詞表-23東排灣語.xlsx,23東排灣語,722,,
scratch,pai_es,gemuceguc,excel,26-18,抓癢,,2026學習詞表-23東排灣語.xlsx,23東排灣語,727,,
lie,pai_es,naqemereng,excel,26-20,躺,,2026學習詞表-23東排灣語.xlsx,23東排灣語,729,,
blow,pai_es,djemapes,excel,26-28,吹,,2026學習詞表-23東排灣語.xlsx,23東排灣語,737,,
dig,pai_es,nakemali,excel,26-29,挖掘,,2026學習詞表-23東排灣語.xlsx,23東排灣語,738,,
cut,pai_es,kemitj,excel,26-30,切,,2026學習詞表-23東排灣語.xlsx,23東排灣語,739,,
swim,pai_es,kemavakav,excel,26-31,游泳,,2026學習詞表-23東排灣語.xlsx,23東排灣語,740,,
tie,pai_es,djaljengen,excel,26-38,綁,,2026學習詞表-23東排灣語.xlsx,23東排灣語,747,,
pull,pai_es,veniljevilj/remakac,excel,26-39,拉,,2026學習詞表-23東排灣語.xlsx,23東排灣語,748,,
split,pai_es,vinelaq,excel,26-40,劈開,,2026學習詞表-23東排灣語.xlsx,23東排灣語,749,,
hold,pai_es,nakemaladray,excel,26-42,提著,,2026學習詞表-23東排灣語.xlsx,23東排灣語,751,,
hold,pai_es,ginemegem,excel,26-43,握著,,2026學習詞表-23東排灣語.xlsx,23東排灣語,752,,
tie,pai_es,qemuyuquyulj,excel,26-44,捆綁,,2026學習詞表-23東排灣語.xlsx,23東排灣語,753,,
scratch,pai_es,ljemaqeljaq,excel,26-56,搔癢,,2026學習詞表-23東排灣語.xlsx,23東排灣語,765,,
wipe,pai_es,djemuas,excel,26-83,擦拭,,2026學習詞表-23東排灣語.xlsx,23東排灣語,792,,
rub,pai_es,ljemuceljuc,excel,26-85,揉搓(衣物),,2026學習詞表-23東排灣語.xlsx,23東排灣語,794,,
lie,pai_es,kisigidi,excel,26-88,側臥,,2026學習詞表-23東排灣語.xlsx,23東排灣語,797,,
fight,pai_es,marivu,excel,26-96,打架,,2026學習詞表-23東排灣語.xlsx,23東排灣語,805,,
squeeze,pai_es,qemizing,excel,26-97,擠,,2026學習詞表-23東排灣語.xlsx,23東排灣語,806,,
dig,pai_es,kemali,excel,26-100,(用手)挖掘,,2026學習詞表-23東排灣語.xlsx,23東排灣語,809,,
stand,pai_es,gacalju,excel,26-105,起立,,2026學習詞表-23東排灣語.xlsx,23東排灣語,814,,
eat,pai_es,keman,excel,27-01,吃,,2026學習詞表-23東排灣語.xlsx,23東排灣語,816,,
suck,pai_es,semeljup,excel,27-02,吸,,2026學習詞表-23東排灣語.xlsx,23東排灣語,817,,
drink,pai_es,temekel,excel,27-03,喝,,2026學習詞表-23東排灣語.xlsx,23東排灣語,818,,
vomit,pai_es,mutjaq,excel,27-04,吐,,2026學習詞表-23東排灣語.xlsx,23東排灣語,819,,
bite,pai_es,kemac,excel,27-05,咬,,2026學習詞表-23東排灣語.xlsx,23東排灣語,820,,
eat,pai_es,kakanen,excel,27-15,吃(東西),,2026學習詞表-23東排灣語.xlsx,23東排灣語,830,,
know,pai_es,kemeljang,excel,28-02,知道,,2026學習詞表-23東排灣語.xlsx,23東排灣語,836,,
see,pai_es,pacun,excel,28-03,看,,2026學習詞表-23東排灣語.xlsx,23東排灣語,837,,
say,pai_es,rukain/kiljavaran,excel,28-04,說,,2026學習詞表-23東排灣語.xlsx,23東排灣語,838,,
smell,pai_es,semequ,excel,28-07,聞(如聞味道),,2026學習詞表-23東排灣語.xlsx,23東排灣語,841,,
hear,pai_es,lemangeda,excel,28-19,聽,,2026學習詞表-23東排灣語.xlsx,23東排灣語,853,,
fear,pai_es,marekutj,excel,29-02,害怕,,2026學習詞表-23東排灣語.xlsx,23東排灣語,866,,
wash,pai_es,venateq,excel,30-02,洗(衣物),,2026學習詞表-23東排灣語.xlsx,23東排灣語,876,,
sleep,pai_es,taqed,excel,30-09,睡覺,,2026學習詞表-23東排灣語.xlsx,23東排灣語,883,,
kill,pai_es,cemulju,excel,30-10,殺牲畜,,2026學習詞表-23東排灣語.xlsx,23東排灣語,884,,
lie,pai_es,kitjelangalj,excel,30-16,仰臥,,2026學習詞表-23東排灣語.xlsx,23東排灣語,890,,
burn,pai_es,ljemama,excel,30-20,燒(如燒稻草),,2026學習詞表-23東排灣語.xlsx,23東排灣語,894,,
hunt,pai_es,pudringay,excel,30-25,陷獵,,2026學習詞表-23東排灣語.xlsx,23東排灣語,899,,
burn,pai_es,medjek,excel,30-54,燃燒,,2026學習詞表-23東排灣語.xlsx,23東排灣語,928,,
drink,pai_es,temekel,excel,30-61,喝(水),,2026學習詞表-23東排灣語.xlsx,23東排灣語,935,,
sing,pai_es,semenay,excel,30-64,唱歌,,2026學習詞表-23東排灣語.xlsx,23東排灣語,938,,
play,pai_es,kivangavang,excel,30-65,玩耍,,2026學習詞表-23東排灣語.xlsx,23東排灣語,939,,
die,pai_es,macay,excel,31-01,死亡,,2026學習詞表-23東排灣語.xlsx,23東排灣語,941,,
live,pai_es,valjualjut,excel,31-08,活的,,2026學習詞表-23東排灣語.xlsx,23東排灣語,948,,
heavy,pai_es,sadjelung,excel,32-02,重(重量),,2026學習詞表-23東排灣語.xlsx,23東排灣語,963,,
big,pai_es,kudrakudral,excel,32-05,大的,,2026學習詞表-23東排灣語.xlsx,23東排灣語,966,,
cold,pai_es,ljaljeqel,excel,32-08,冷(氣候),,2026學習詞表-23東排灣語.xlsx,23東排灣語,969,,
small,pai_es,kedrikedri,excel,32-09,小的,,2026學習詞表-23東排灣語.xlsx,23東排灣語,970,,
many,pai_es,liyaw,excel,32-10,多,,2026學習詞表-23東排灣語.xlsx,23東排灣語,971,,
cold,pai_es,vucelelj/sarutjuq,excel,32-12,冰冷(物體),,2026學習詞表-23東排灣語.xlsx,23東排灣語,973,,
few,pai_es,kedri,excel,32-14,少,,2026學習詞表-23東排灣語.xlsx,23東排灣語,975,,
laugh,pai_es,djemeli,excel,32-16,笑,,2026學習詞表-23東排灣語.xlsx,23東排灣語,977,,
wet,pai_es,tjevetjeveng,excel,32-17,濕的,,2026學習詞表-23東排灣語.xlsx,23東排灣語,978,,
thick,pai_es,kedremel,excel,32-19,厚,,2026學習詞表-23東排灣語.xlsx,23東排灣語,980,,
thin,pai_es,ljusepit,excel,32-21,薄,,2026學習詞表-23東排灣語.xlsx,23東排灣語,982,,
dirty,pai_es,sasakuya,excel,32-22,髒,,2026學習詞表-23東排灣語.xlsx,23東排灣語,983,,
dry,pai_es,nametad,excel,32-28,乾的,,2026學習詞表-23東排灣語.xlsx,23東排灣語,989,,
new,pai_es,vaquan,excel,32-31,新的,,2026學習詞表-23東排灣語.xlsx,23東排灣語,992,,
old,pai_es,sicuayan,excel,32-32,舊的,,2026學習詞表-23東排灣語.xlsx,23東排灣語,993,,
near,pai_es,dut,excel,32-33,近,,2026學習詞表-23東排灣語.xlsx,23東排灣語,994,,
bad,pai_es,makapalak,excel,32-35,壞掉,,2026學習詞表-23東排灣語.xlsx,23東排灣語,996,,
far,pai_es,cadja,excel,32-37,遠,,2026學習詞表-23東排灣語.xlsx,23東排灣語,998,,
swell,pai_es,minevalak,excel,32-38,腫,,2026學習詞表-23東排灣語.xlsx,23東排灣語,999,,
smooth,pai_es,djalut,excel,32-44,滑,,2026學習詞表-23東排灣語.xlsx,23東排灣語,1005,,
warm,pai_es,semeljec,excel,32-56,暖和,,2026學習詞表-23東排灣語.xlsx,23東排灣語,1017,,
dull,pai_es,namasusidang,excel,32-57,鈍的(指刀鋒),,2026學習詞表-23東排灣語.xlsx,23東排灣語,1018,,
straight,pai_es,masevec,excel,32-65,直,,2026學習詞表-23東排灣語.xlsx,23東排灣語,1026,,
full,pai_es,namapeljuq,excel,32-66,滿了,,2026學習詞表-23東排灣語.xlsx,23東排灣語,1027,,
good,pai_es,nanguanguaq,excel,32-67,好的,,2026學習詞表-23東排灣語.xlsx,23東排灣語,1028,,
wide,pai_es,tjaljiqaca,excel,32-68,寬敞,,2026學習詞表-23東排灣語.xlsx,23東排灣語,1029,(空間)寬敞,
correct,pai_es,paqulid,excel,32-69,正確,,2026學習詞表-23東排灣語.xlsx,23東排灣語,1030,,
warm,pai_es,maculjuculju,excel,32-72,溫的,,2026學習詞表-23東排灣語.xlsx,23東排灣語,1033,,
long,pai_es,ladruq,excel,32-74,長,,2026學習詞表-23東排灣語.xlsx,23東排灣語,1035,,
short,pai_es,drikitj,excel,32-76,短,,2026學習詞表-23東排灣語.xlsx,23東排灣語,1037,,
full,pai_es,mapeljuq,excel,32-79,滿,,2026學習詞表-23東排灣語.xlsx,23東排灣語,1040,,
wipe,pai_es,djemuas,excel,33-06,擦拭,,2026學習詞表-23東排灣語.xlsx,23東排灣語,1048,,
throw,pai_es,veneric,excel,34-19,丟棄,,2026學習詞表-23東排灣語.xlsx,23東排灣語,1069,,
count,pai_es,semupu,excel,34-29,數,,2026學習詞表-23東排灣語.xlsx,23東排灣語,1079,,
good,pai_es,nanguaq,excel,34-34,好,,2026學習詞表-23東排灣語.xlsx,23東排灣語,1084,,
not,pai_es,ini,excel,35-03,不是(回答用),,2026學習詞表-23東排灣語.xlsx,23東排灣語,1092,,
because,pai_es,ayatua,excel,36-05,因為,,2026學習詞表-23東排灣語.xlsx,23東排灣語,1101,,
and,pai_es,katuwa,excel,36-18,和,,2026學習詞表-23東排灣語.xlsx,23東排灣語,1114,,
if,pai_es,nu,excel,36-22,如果,,2026學習詞表-23東排灣語.xlsx,23東排灣語,1118,,
at,pai_es,i,excel,36-35,在,,2026學習詞表-23東排灣語.xlsx,23東排灣語,1131,,
one,pai_nt,ita,excel,01-01,一,,2026學習詞表-24北排灣語.xlsx,24北排灣語,5,,
two,pai_nt,drusa,excel,01-02,二,,2026學習詞表-24北排灣語.xlsx,24北排灣語,6,,
three,pai_nt,tjelu,excel,01-03,三,,2026學習詞表-24北排灣語.xlsx,24北排灣語,7,,
four,pai_nt,sepatj,excel,01-04,四,,2026學習詞表-24北排灣語.xlsx,24北排灣語,8,,
five,pai_nt,lima,excel,01-05,五,,2026學習詞表-24北排灣語.xlsx,24北排灣語,9,,
six,pai_nt,unem,excel,01-06,六,,2026學習詞表-24北排灣語.xlsx,24北排灣語,10,,
seven,pai_nt,pitju,excel,01-07,七,,2026學習詞表-24北排灣語.xlsx,24北排灣語,11,,
eight,pai_nt,alu,excel,01-08,八,,2026學習詞表-24北排灣語.xlsx,24北排灣語,12,,
nine,pai_nt,siva,excel,01-09,九,,2026學習詞表-24北排灣語.xlsx,24北排灣語,13,,
ten,pai_nt,tapulu’,excel,01-10,十,,2026學習詞表-24北排灣語.xlsx,24北排灣語,14,,
twenty,pai_nt,drusa a pulu’,excel,01-20,二十,,2026學習詞表-24北排灣語.xlsx,24北排灣語,24,drusa a puluq,
hundred,pai_nt,iday,excel,01-34,百,,2026學習詞表-24北排灣語.xlsx,24北排灣語,38,,
hundred,pai_nt,taiday,excel,01-35,一百,,2026學習詞表-24北排灣語.xlsx,24北排灣語,39,,
some,pai_nt,kedri,excel,01-38,一些,,2026學習詞表-24北排灣語.xlsx,24北排灣語,42,,
all,pai_nt,penuljat,excel,01-43,全部,,2026學習詞表-24北排灣語.xlsx,24北排灣語,47,,
few,pai_nt,kedri,excel,01-44,一點點,,2026學習詞表-24北排灣語.xlsx,24北排灣語,48,,
you_singular,pai_nt,tisun,excel,02-01,你,,2026學習詞表-24北排灣語.xlsx,24北排灣語,51,,
i,pai_nt,tiaken,excel,02-02,我,,2026學習詞表-24北排灣語.xlsx,24北排灣語,52,,
he,pai_nt,timadju,excel,02-03,他,,2026學習詞表-24北排灣語.xlsx,24北排灣語,53,,
you_plural,pai_nt,timun,excel,02-04,你們,,2026學習詞表-24北排灣語.xlsx,24北排灣語,54,,
we,pai_nt,tiamen,excel,02-05,我們,,2026學習詞表-24北排灣語.xlsx,24北排灣語,55,,
they,pai_nt,tiamadju,excel,02-06,他們,,2026學習詞表-24北排灣語.xlsx,24北排灣語,56,,
we,pai_nt,tiamen,excel,02-13,我們(排除式),,2026學習詞表-24北排灣語.xlsx,24北排灣語,63,,
we,pai_nt,titjen,excel,02-14,咱們(包含式),,2026學習詞表-24北排灣語.xlsx,24北排灣語,64,,
that,pai_nt,azua,excel,02-16,那個,,2026學習詞表-24北排灣語.xlsx,24北排灣語,66,,
this,pai_nt,aicu,excel,02-17,這個,,2026學習詞表-24北排灣語.xlsx,24北排灣語,67,,
here,pai_nt,maza,excel,02-18,這裡,,2026學習詞表-24北排灣語.xlsx,24北排灣語,68,,
there,pai_nt,azua,excel,02-19,那裡,,2026學習詞表-24北排灣語.xlsx,24北排灣語,69,,
what,pai_nt,anema,excel,03-02,什麼,,2026學習詞表-24北排灣語.xlsx,24北排灣語,73,,
how,pai_nt,makuda,excel,03-03,如何,,2026學習詞表-24北排灣語.xlsx,24北排灣語,74,,
when,pai_nt,nungida,excel,03-04,何時(未發生),,2026學習詞表-24北排灣語.xlsx,24北排灣語,75,,
who,pai_nt,tima,excel,03-05,誰,,2026學習詞表-24北排灣語.xlsx,24北排灣語,76,,
where,pai_nt,inu,excel,03-07,哪裡,,2026學習詞表-24北排灣語.xlsx,24北排灣語,78,izainu,
how,pai_nt,kemuda,excel,03-09,怎麼,,2026學習詞表-24北排灣語.xlsx,24北排灣語,80,,
where,pai_nt,yainuan,excel,03-12,什麼地方,,2026學習詞表-24北排灣語.xlsx,24北排灣語,83,izainuan,
when,pai_nt,kangida,excel,03-13,何時(已發生),,2026學習詞表-24北排灣語.xlsx,24北排灣語,84,,
father,pai_nt,kama,excel,04-01,爸爸,,2026學習詞表-24北排灣語.xlsx,24北排灣語,87,,
mother,pai_nt,kina,excel,04-02,媽媽,,2026學習詞表-24北排灣語.xlsx,24北排灣語,88,,
wife,pai_nt,cekelj,excel,04-07,配偶,,2026學習詞表-24北排灣語.xlsx,24北排灣語,93,,
husband,pai_nt,cekelj,excel,04-07,配偶,,2026學習詞表-24北排灣語.xlsx,24北排灣語,93,,
husband,pai_nt,cekelj,excel,04-15,丈夫,,2026學習詞表-24北排灣語.xlsx,24北排灣語,101,,
name,pai_nt,ngadan,excel,05-01,名字,,2026學習詞表-24北排灣語.xlsx,24北排灣語,114,,
child,pai_nt,kakedrian,excel,05-05,孩童,,2026學習詞表-24北排灣語.xlsx,24北排灣語,118,,
woman,pai_nt,vavayan,excel,05-07,女性(單數),,2026學習詞表-24北排灣語.xlsx,24北排灣語,120,,
man,pai_nt,u’aljay,excel,05-08,男性,,2026學習詞表-24北排灣語.xlsx,24北排灣語,121,uqaljay,
person,pai_nt,caucaw,excel,05-09,人,,2026學習詞表-24北排灣語.xlsx,24北排灣語,122,,
ear,pai_nt,calinga,excel,06-01,耳朵,,2026學習詞表-24北排灣語.xlsx,24北排灣語,140,,
leg,pai_nt,djapalj,excel,06-02,大腿,,2026學習詞表-24北排灣語.xlsx,24北排灣語,141,,
eye,pai_nt,maca,excel,06-03,眼睛,,2026學習詞表-24北排灣語.xlsx,24北排灣語,142,,
mouth,pai_nt,angalj,excel,06-05,嘴巴,,2026學習詞表-24北排灣語.xlsx,24北排灣語,144,,
head,pai_nt,’ulu,excel,06-06,頭,,2026學習詞表-24北排灣語.xlsx,24北排灣語,145,qulu,
fingernail,pai_nt,kaljusekusan,excel,06-07,指甲,,2026學習詞表-24北排灣語.xlsx,24北排灣語,146,,
hand,pai_nt,lima,excel,06-08,手,,2026學習詞表-24北排灣語.xlsx,24北排灣語,147,,
nose,pai_nt,ngudjus,excel,06-10,鼻子,,2026學習詞表-24北排灣語.xlsx,24北排灣語,149,,
foot,pai_nt,kula,excel,06-11,腳,,2026學習詞表-24北排灣語.xlsx,24北排灣語,150,,
tooth,pai_nt,aljis,excel,06-12,牙齒,,2026學習詞表-24北排灣語.xlsx,24北排灣語,151,,
hair,pai_nt,’uvalj,excel,06-13,頭髮,,2026學習詞表-24北排灣語.xlsx,24北排灣語,152,quvalj,
blood,pai_nt,djamu’,excel,06-14,血,,2026學習詞表-24北排灣語.xlsx,24北排灣語,153,djamuq,
meat,pai_nt,vutjulj,excel,06-15,肉,,2026學習詞表-24北排灣語.xlsx,24北排灣語,154,,
belly,pai_nt,tjialj,excel,06-17,肚子,,2026學習詞表-24北排灣語.xlsx,24北排灣語,156,,
breast,pai_nt,tutu,excel,06-18,乳房,,2026學習詞表-24北排灣語.xlsx,24北排灣語,157,,
back,pai_nt,u’ulj,excel,06-22,背部,,2026學習詞表-24北排灣語.xlsx,24北排灣語,161,uqulj,
skin,pai_nt,aljic,excel,06-23,皮,,2026學習詞表-24北排灣語.xlsx,24北排灣語,162,qaljic,
heart,pai_nt,’avuvung,excel,06-28,心臟,,2026學習詞表-24北排灣語.xlsx,24北排灣語,167,qavuvung,
knee,pai_nt,cungal,excel,06-31,膝蓋,,2026學習詞表-24北排灣語.xlsx,24北排灣語,170,,
liver,pai_nt,acay,excel,06-34,肝臟,,2026學習詞表-24北排灣語.xlsx,24北排灣語,173,qacay,
fat,pai_nt,’alev,excel,06-37,油脂,,2026學習詞表-24北排灣語.xlsx,24北排灣語,176,qalev,
tongue,pai_nt,sema,excel,06-42,舌頭,,2026學習詞表-24北排灣語.xlsx,24北排灣語,181,,
neck,pai_nt,li’u,excel,06-47,脖子,,2026學習詞表-24北排灣語.xlsx,24北排灣語,186,liqu,
neck,pai_nt,udjun,excel,06-52,頸子,,2026學習詞表-24北排灣語.xlsx,24北排灣語,191,drengelan,
tail,pai_nt,iku,excel,07-01,尾巴,,2026學習詞表-24北排灣語.xlsx,24北排灣語,197,,
dog,pai_nt,vatu,excel,07-03,狗,,2026學習詞表-24北排灣語.xlsx,24北排灣語,199,,
bird,pai_nt,’aya’ayam,excel,07-06,鳥,,2026學習詞表-24北排灣語.xlsx,24北排灣語,202,qayaqayam,
fish,pai_nt,ci’av,excel,07-07,魚,,2026學習詞表-24北排灣語.xlsx,24北排灣語,203,ciqav,
snake,pai_nt,’atjuvi,excel,07-19,蛇,,2026學習詞表-24北排灣語.xlsx,24北排灣語,215,qatjuvi,
louse,pai_nt,kucu,excel,07-33,頭蝨,,2026學習詞表-24北排灣語.xlsx,24北排灣語,229,,
worm,pai_nt,’atjudray,excel,07-39,蚯蚓,,2026學習詞表-24北排灣語.xlsx,24北排灣語,235,qatjudray,
wing,pai_nt,palalj,excel,07-49,翅膀,,2026學習詞表-24北排灣語.xlsx,24北排灣語,245,,
horn,pai_nt,te’ung,excel,07-64,犄角,,2026學習詞表-24北排灣語.xlsx,24北排灣語,260,tequng,
tree,pai_nt,kasiv,excel,08-03,樹,,2026學習詞表-24北排灣語.xlsx,24北排灣語,265,,
leaf,pai_nt,asav,excel,08-06,葉子,,2026學習詞表-24北排灣語.xlsx,24北排灣語,268,,
flower,pai_nt,katjutjung,excel,08-09,花朵,,2026學習詞表-24北排灣語.xlsx,24北排灣語,271,,
stick,pai_nt,ricing,excel,08-15,樹枝,,2026學習詞表-24北排灣語.xlsx,24北排灣語,277,,
fruit,pai_nt,vangalj,excel,08-16,(植物的)果實,,2026學習詞表-24北排灣語.xlsx,24北排灣語,278,,
grass,pai_nt,cemel,excel,08-20,草,,2026學習詞表-24北排灣語.xlsx,24北排灣語,282,,
fruit,pai_nt,vangalj,excel,08-24,水果,,2026學習詞表-24北排灣語.xlsx,24北排灣語,286,,
root,pai_nt,kapaz,excel,08-28,樹根,,2026學習詞表-24北排灣語.xlsx,24北排灣語,290,,
seed,pai_nt,tjaljayan,excel,08-44,種子,,2026學習詞表-24北排灣語.xlsx,24北排灣語,306,,
rope,pai_nt,calis,excel,09-15,繩索,,2026學習詞表-24北排灣語.xlsx,24北排灣語,335,,
stick,pai_nt,ricing,excel,09-18,枝條,,2026學習詞表-24北排灣語.xlsx,24北排灣語,338,,
ash,pai_nt,’avu,excel,09-49,炭灰,,2026學習詞表-24北排灣語.xlsx,24北排灣語,369,qavu,
road,pai_nt,djalan,excel,10-01,道路,,2026學習詞表-24北排灣語.xlsx,24北排灣語,393,,
wind,pai_nt,vali,excel,10-04,風,,2026學習詞表-24北排灣語.xlsx,24北排灣語,396,,
sand,pai_nt,vudas,excel,10-05,沙子,,2026學習詞表-24北排灣語.xlsx,24北排灣語,397,,
earth,pai_nt,’ipu,excel,10-06,泥土,,2026學習詞表-24北排灣語.xlsx,24北排灣語,398,qipu,
river,pai_nt,pana,excel,10-07,河流,,2026學習詞表-24北排灣語.xlsx,24北排灣語,399,,
lake,pai_nt,djanav,excel,10-08,湖泊,,2026學習詞表-24北排灣語.xlsx,24北排灣語,400,,
forest,pai_nt,vukid,excel,10-09,森林,,2026學習詞表-24北排灣語.xlsx,24北排灣語,401,,
sun,pai_nt,’adav,excel,11-02,太陽,,2026學習詞表-24北排灣語.xlsx,24北排灣語,417,qadav,
moon,pai_nt,’iljas,excel,11-03,月亮,,2026學習詞表-24北排灣語.xlsx,24北排灣語,418,qiljas,
sky,pai_nt,kalevelevan,excel,11-04,天空,,2026學習詞表-24北排灣語.xlsx,24北排灣語,419,,
star,pai_nt,vitju’an,excel,11-05,星星,,2026學習詞表-24北排灣語.xlsx,24北排灣語,420,vitjuqan,
rain,pai_nt,’udjalj,excel,11-06,雨,,2026學習詞表-24北排灣語.xlsx,24北排灣語,421,qudjalj,
snow,pai_nt,sulja,excel,11-07,雪,,2026學習詞表-24北排灣語.xlsx,24北排灣語,422,,
cloud,pai_nt,’erepus,excel,11-12,雲,,2026學習詞表-24北排灣語.xlsx,24北排灣語,427,qurepus,
smoke,pai_nt,cevulj,excel,11-13,煙,,2026學習詞表-24北排灣語.xlsx,24北排灣語,428,,
fire,pai_nt,sapuy,excel,11-17,火,,2026學習詞表-24北排灣語.xlsx,24北排灣語,432,,
ice,pai_nt,kuli,excel,11-18,冰,,2026學習詞表-24北排灣語.xlsx,24北排灣語,433,,
stone,pai_nt,’aciljay,excel,12-05,石頭,,2026學習詞表-24北排灣語.xlsx,24北排灣語,454,qaciljay,
night,pai_nt,’ezemezemetj,excel,13-02,晚上,,2026學習詞表-24北排灣語.xlsx,24北排灣語,471,qezemezemtj,
day,pai_nt,ma’adadav,excel,13-07,白天,,2026學習詞表-24北排灣語.xlsx,24北排灣語,476,maqadadav,
night,pai_nt,vengin,excel,13-22,夜,,2026學習詞表-24北排灣語.xlsx,24北排灣語,491,,
year,pai_nt,cavilj,excel,13-28,年,,2026學習詞表-24北排灣語.xlsx,24北排灣語,497,,
in,pai_nt,taladj,excel,14-01,裡面,,2026學習詞表-24北排灣語.xlsx,24北排灣語,502,itjumaq,
at,pai_nt,i…,excel,14-02,在某處,,2026學習詞表-24北排灣語.xlsx,24北排灣語,503,i…(處所),
right,pai_nt,kanavalj,excel,14-10,右邊(右手),,2026學習詞表-24北排灣語.xlsx,24北排灣語,511,,
left,pai_nt,tjaiviri/kaviri,excel,14-11,左邊,,2026學習詞表-24北排灣語.xlsx,24北排灣語,512,,
water,pai_nt,zaljum,excel,21-02,水,,2026學習詞表-24北排灣語.xlsx,24北排灣語,601,,
salt,pai_nt,’atia,excel,21-07,鹽,,2026學習詞表-24北排灣語.xlsx,24北排灣語,606,qatia,
egg,pai_nt,’ecilu,excel,21-09,蛋,,2026學習詞表-24北排灣語.xlsx,24北排灣語,608,qecilu,
white,pai_nt,vucelacelay,excel,22-01,白色,,2026學習詞表-24北排灣語.xlsx,24北排灣語,626,,
black,pai_nt,’ucengecengel,excel,22-02,黑色,,2026學習詞表-24北排灣語.xlsx,24北排灣語,627,qucengecengel,
red,pai_nt,’udjidjilj,excel,22-03,紅色,,2026學習詞表-24北排灣語.xlsx,24北排灣語,628,qudjidjilj,
yellow,pai_nt,vuravurav,excel,22-05,黃色,,2026學習詞表-24北排灣語.xlsx,24北排灣語,630,pulapula,
green,pai_nt,liljualjuas/matak,excel,22-08,綠色,,2026學習詞表-24北排灣語.xlsx,24北排灣語,633,,
give,pai_nt,pavayi,excel,25-07,給,,2026學習詞表-24北排灣語.xlsx,24北排灣語,663,,
come,pai_nt,namangetjez,excel,25-08,來,,2026學習詞表-24北排灣語.xlsx,24北排灣語,664,,
walk,pai_nt,djemavac,excel,25-10,走路,,2026學習詞表-24北排灣語.xlsx,24北排灣語,666,,
fly,pai_nt,mipereperanga,excel,25-12,飛,,2026學習詞表-24北排灣語.xlsx,24北排灣語,668,,
fall,pai_nt,namasuav,excel,25-26,(植物的果實)掉落,,2026學習詞表-24北排灣語.xlsx,24北排灣語,682,,
sit,pai_nt,na ’emiladj,excel,25-43,坐,,2026學習詞表-24北排灣語.xlsx,24北排灣語,699,na qemiladj,
stand,pai_nt,namigacalj,excel,25-44,站立,,2026學習詞表-24北排灣語.xlsx,24北排灣語,700,,
sit,pai_nt,’emiladj,excel,26-03,坐下,,2026學習詞表-24北排灣語.xlsx,24北排灣語,712,qemiladj,
hit,pai_nt,djemukul,excel,26-08,打(人),,2026學習詞表-24北排灣語.xlsx,24北排灣語,717,,
stab,pai_nt,vinukevuk,excel,26-09,刺,,2026學習詞表-24北排灣語.xlsx,24北排灣語,718,,
push,pai_nt,sizurung,excel,26-13,推,,2026學習詞表-24北排灣語.xlsx,24北排灣語,722,,
scratch,pai_nt,gemucguc,excel,26-18,抓癢,,2026學習詞表-24北排灣語.xlsx,24北排灣語,727,,
lie,pai_nt,na’emereng,excel,26-20,躺,,2026學習詞表-24北排灣語.xlsx,24北排灣語,729,qemereng,
blow,pai_nt,djemapes,excel,26-28,吹,,2026學習詞表-24北排灣語.xlsx,24北排灣語,737,,
dig,pai_nt,kemali,excel,26-29,挖掘,,2026學習詞表-24北排灣語.xlsx,24北排灣語,738,kivurati,
cut,pai_nt,venuci’,excel,26-30,切,,2026學習詞表-24北排灣語.xlsx,24北排灣語,739,venuciq,
swim,pai_nt,ljemanguy,excel,26-31,游泳,,2026學習詞表-24北排灣語.xlsx,24北排灣語,740,,
tie,pai_nt,venengetj,excel,26-38,綁,,2026學習詞表-24北排灣語.xlsx,24北排灣語,747,,
pull,pai_nt,veniljevilj,excel,26-39,拉,,2026學習詞表-24北排灣語.xlsx,24北排灣語,748,,
split,pai_nt,venaljes,excel,26-40,劈開,,2026學習詞表-24北排灣語.xlsx,24北排灣語,749,venelaq,
hold,pai_nt,nakemaljaidr,excel,26-42,提著,,2026學習詞表-24北排灣語.xlsx,24北排灣語,751,,
hold,pai_nt,ginemegem,excel,26-43,握著,,2026學習詞表-24北排灣語.xlsx,24北排灣語,752,,
tie,pai_nt,’emuyulj,excel,26-44,捆綁,,2026學習詞表-24北排灣語.xlsx,24北排灣語,753,qemuyulj,
scratch,pai_nt,ljema’elja’,excel,26-56,搔癢,,2026學習詞表-24北排灣語.xlsx,24北排灣語,765,,
wipe,pai_nt,djemuas/zemuking,excel,26-83,擦拭,,2026學習詞表-24北排灣語.xlsx,24北排灣語,792,,
rub,pai_nt,ljemuceljuc,excel,26-85,揉搓(衣物),,2026學習詞表-24北排灣語.xlsx,24北排灣語,794,,
lie,pai_nt,kigidi,excel,26-88,側臥,,2026學習詞表-24北排灣語.xlsx,24北排灣語,797,kigidi a taqed,
fight,pai_nt,marivu,excel,26-96,打架,,2026學習詞表-24北排灣語.xlsx,24北排灣語,805,,
squeeze,pai_nt,’emizing,excel,26-97,擠,,2026學習詞表-24北排灣語.xlsx,24北排灣語,806,maqaqizing,
dig,pai_nt,kemali,excel,26-100,(用手)挖掘,,2026學習詞表-24北排灣語.xlsx,24北排灣語,809,,
stand,pai_nt,gacalju,excel,26-105,起立,,2026學習詞表-24北排灣語.xlsx,24北排灣語,814,,
eat,pai_nt,keman,excel,27-01,吃,,2026學習詞表-24北排灣語.xlsx,24北排灣語,816,,
suck,pai_nt,semiyup,excel,27-02,吸,,2026學習詞表-24北排灣語.xlsx,24北排灣語,817,menutjemutj/semiqub/semeljup,
drink,pai_nt,temekel,excel,27-03,喝,,2026學習詞表-24北排灣語.xlsx,24北排灣語,818,,
vomit,pai_nt,mutja’,excel,27-04,吐,,2026學習詞表-24北排灣語.xlsx,24北排灣語,819,mutjaq,
bite,pai_nt,kemac,excel,27-05,咬,,2026學習詞表-24北排灣語.xlsx,24北排灣語,820,,
eat,pai_nt,kemakan,excel,27-15,吃(東西),,2026學習詞表-24北排灣語.xlsx,24北排灣語,830,,
know,pai_nt,kemeljang,excel,28-02,知道,,2026學習詞表-24北排灣語.xlsx,24北排灣語,836,,
see,pai_nt,pacun,excel,28-03,看,,2026學習詞表-24北排灣語.xlsx,24北排灣語,837,,
say,pai_nt,’ivu,excel,28-04,說,,2026學習詞表-24北排灣語.xlsx,24北排灣語,838,qivu,
smell,pai_nt,seme’u,excel,28-07,聞(如聞味道),,2026學習詞表-24北排灣語.xlsx,24北排灣語,841,semequ,
hear,pai_nt,lemangeda,excel,28-19,聽,,2026學習詞表-24北排灣語.xlsx,24北排灣語,853,,
fear,pai_nt,marekutj,excel,29-02,害怕,,2026學習詞表-24北排灣語.xlsx,24北排灣語,866,,
wash,pai_nt,venate’/venata’,excel,30-02,洗(衣物),,2026學習詞表-24北排灣語.xlsx,24北排灣語,876,venateq,
sleep,pai_nt,nata’ed,excel,30-09,睡覺,,2026學習詞表-24北排灣語.xlsx,24北排灣語,883,taqed,
kill,pai_nt,cemulju,excel,30-10,殺牲畜,,2026學習詞表-24北排灣語.xlsx,24北排灣語,884,,
lie,pai_nt,kitelangalj,excel,30-16,仰臥,,2026學習詞表-24北排灣語.xlsx,24北排灣語,890,kitjelangalj,
burn,pai_nt,ljemama,excel,30-20,燒(如燒稻草),,2026學習詞表-24北排灣語.xlsx,24北排灣語,894,,
hunt,pai_nt,pudringay,excel,30-25,陷獵,,2026學習詞表-24北排灣語.xlsx,24北排灣語,899,,
burn,pai_nt,medjek,excel,30-54,燃燒,,2026學習詞表-24北排灣語.xlsx,24北排灣語,928,,
drink,pai_nt,temekel,excel,30-61,喝(水),,2026學習詞表-24北排灣語.xlsx,24北排灣語,935,,
sing,pai_nt,semenay,excel,30-64,唱歌,,2026學習詞表-24北排灣語.xlsx,24北排灣語,938,,
play,pai_nt,kivangavang,excel,30-65,玩耍,,2026學習詞表-24北排灣語.xlsx,24北排灣語,939,,
die,pai_nt,macay,excel,31-01,死亡,,2026學習詞表-24北排灣語.xlsx,24北排灣語,941,,
live,pai_nt,valjualjut,excel,31-08,活的,,2026學習詞表-24北排灣語.xlsx,24北排灣語,948,,
heavy,pai_nt,sadjelung,excel,32-02,重(重量),,2026學習詞表-24北排灣語.xlsx,24北排灣語,963,,
big,pai_nt,kudrakudral,excel,32-05,大的,,2026學習詞表-24北排灣語.xlsx,24北排灣語,966,,
cold,pai_nt,ljalje’el,excel,32-08,冷(氣候),,2026學習詞表-24北排灣語.xlsx,24北排灣語,969,,
small,pai_nt,kedrikedri,excel,32-09,小的,,2026學習詞表-24北排灣語.xlsx,24北排灣語,970,,
many,pai_nt,liav,excel,32-10,多,,2026學習詞表-24北排灣語.xlsx,24北排灣語,971,,
cold,pai_nt,vucelelj,excel,32-12,冰冷(物體),,2026學習詞表-24北排灣語.xlsx,24北排灣語,973,nakuljatjer(冰凍),
few,pai_nt,kedri,excel,32-14,少,,2026學習詞表-24北排灣語.xlsx,24北排灣語,975,,
laugh,pai_nt,djemeli/pedjeli,excel,32-16,笑,,2026學習詞表-24北排灣語.xlsx,24北排灣語,977,,
wet,pai_nt,tjevetjeveng,excel,32-17,濕的,,2026學習詞表-24北排灣語.xlsx,24北排灣語,978,,
thick,pai_nt,kudremel,excel,32-19,厚,,2026學習詞表-24北排灣語.xlsx,24北排灣語,980,kedremedremel,
thin,pai_nt,ljuspisepit,excel,32-21,薄,,2026學習詞表-24北排灣語.xlsx,24北排灣語,982,,
dirty,pai_nt,’iljang/kungay,excel,32-22,髒,,2026學習詞表-24北排灣語.xlsx,24北排灣語,983,qiljang,
dry,pai_nt,nametad,excel,32-28,乾的,,2026學習詞表-24北排灣語.xlsx,24北排灣語,989,,
new,pai_nt,va’uan,excel,32-31,新的,,2026學習詞表-24北排灣語.xlsx,24北排灣語,992,vaquan,
old,pai_nt,supisupil,excel,32-32,舊的,,2026學習詞表-24北排灣語.xlsx,24北排灣語,993,zumuzumul,
near,pai_nt,dedet,excel,32-33,近,,2026學習詞表-24北排灣語.xlsx,24北排灣語,994,dudut,
bad,pai_nt,maljekuya/makapalak,excel,32-35,壞掉,,2026學習詞表-24北排灣語.xlsx,24北排灣語,996,,
far,pai_nt,cadja,excel,32-37,遠,,2026學習詞表-24北排灣語.xlsx,24北排灣語,998,,
swell,pai_nt,minvalak,excel,32-38,腫,,2026學習詞表-24北排灣語.xlsx,24北排灣語,999,,
smooth,pai_nt,djalut,excel,32-44,滑,,2026學習詞表-24北排灣語.xlsx,24北排灣語,1005,,
warm,pai_nt,semeljec,excel,32-56,暖和,,2026學習詞表-24北排灣語.xlsx,24北排灣語,1017,navaleljevelj/saljavljavljav,
dull,pai_nt,namasusidang,excel,32-57,鈍的(指刀鋒),,2026學習詞表-24北排灣語.xlsx,24北排灣語,1018,,
straight,pai_nt,masevec,excel,32-65,直,,2026學習詞表-24北排灣語.xlsx,24北排灣語,1026,,
full,pai_nt,mapelju’anga,excel,32-66,滿了,,2026學習詞表-24北排灣語.xlsx,24北排灣語,1027,,
good,pai_nt,nanguangua’,excel,32-67,好的,,2026學習詞表-24北排灣語.xlsx,24北排灣語,1028,,
wide,pai_nt,tjalji’aca,excel,32-68,寬敞,,2026學習詞表-24北排灣語.xlsx,24北排灣語,1029,,
correct,pai_nt,padria,excel,32-69,正確,,2026學習詞表-24北排灣語.xlsx,24北排灣語,1030,,
warm,pai_nt,maculjuculju,excel,32-72,溫的,,2026學習詞表-24北排灣語.xlsx,24北排灣語,1033,,
long,pai_nt,ladru’,excel,32-74,長,,2026學習詞表-24北排灣語.xlsx,24北排灣語,1035,ladruadruq,
short,pai_nt,drikitj,excel,32-76,短,,2026學習詞表-24北排灣語.xlsx,24北排灣語,1037,,
full,pai_nt,mapelju’,excel,32-79,滿,,2026學習詞表-24北排灣語.xlsx,24北排灣語,1040,,
wipe,pai_nt,djemuas,excel,33-06,擦拭,,2026學習詞表-24北排灣語.xlsx,24北排灣語,1048,,
throw,pai_nt,veneric,excel,34-19,丟棄,,2026學習詞表-24北排灣語.xlsx,24北排灣語,1069,,
count,pai_nt,semupu,excel,34-29,數,,2026學習詞表-24北排灣語.xlsx,24北排灣語,1079,,
good,pai_nt,nangua’,excel,34-34,好,,2026學習詞表-24北排灣語.xlsx,24北排灣語,1084,nanguaq,
not,pai_nt,ini,excel,35-03,不是(回答用),,2026學習詞表-24北排灣語.xlsx,24北排灣語,1092,,
because,pai_nt,ayatua,excel,36-05,因為,,2026學習詞表-24北排灣語.xlsx,24北排灣語,1101,,
and,pai_nt,katua,excel,36-18,和,,2026學習詞表-24北排灣語.xlsx,24北排灣語,1114,,
if,pai_nt,nu,excel,36-22,如果,,2026學習詞表-24北排灣語.xlsx,24北排灣語,1118,,
at,pai_nt,i,excel,36-35,在,,2026學習詞表-24北排灣語.xlsx,24北排灣語,1131,,
one,pai_ct,ita,excel,01-01,一,,2026學習詞表-25中排灣語.xlsx,25中排灣語,5,,
two,pai_ct,drusa,excel,01-02,二,,2026學習詞表-25中排灣語.xlsx,25中排灣語,6,,
three,pai_ct,tjelu,excel,01-03,三,,2026學習詞表-25中排灣語.xlsx,25中排灣語,7,,
four,pai_ct,sepatj,excel,01-04,四,,2026學習詞表-25中排灣語.xlsx,25中排灣語,8,,
five,pai_ct,lima,excel,01-05,五,,2026學習詞表-25中排灣語.xlsx,25中排灣語,9,,
six,pai_ct,unem,excel,01-06,六,,2026學習詞表-25中排灣語.xlsx,25中排灣語,10,,
seven,pai_ct,pitju,excel,01-07,七,,2026學習詞表-25中排灣語.xlsx,25中排灣語,11,,
eight,pai_ct,alu,excel,01-08,八,,2026學習詞表-25中排灣語.xlsx,25中排灣語,12,,
nine,pai_ct,siva,excel,01-09,九,,2026學習詞表-25中排灣語.xlsx,25中排灣語,13,,
ten,pai_ct,tapuluq,excel,01-10,十,,2026學習詞表-25中排灣語.xlsx,25中排灣語,14,,
twenty,pai_ct,drusa a puluq,excel,01-20,二十,,2026學習詞表-25中排灣語.xlsx,25中排灣語,24,,
hundred,pai_ct,iday,excel,01-34,百,,2026學習詞表-25中排灣語.xlsx,25中排灣語,38,,
hundred,pai_ct,taiday,excel,01-35,一百,,2026學習詞表-25中排灣語.xlsx,25中排灣語,39,,
some,pai_ct,ika pida,excel,01-38,一些,,2026學習詞表-25中排灣語.xlsx,25中排灣語,42,,
all,pai_ct,penuljat,excel,01-43,全部,,2026學習詞表-25中排灣語.xlsx,25中排灣語,47,,
few,pai_ct,kedri,excel,01-44,一點點,,2026學習詞表-25中排灣語.xlsx,25中排灣語,48,,
you_singular,pai_ct,tisun,excel,02-01,你,,2026學習詞表-25中排灣語.xlsx,25中排灣語,51,,
i,pai_ct,tia’en,excel,02-02,我,,2026學習詞表-25中排灣語.xlsx,25中排灣語,52,,
he,pai_ct,timadju,excel,02-03,他,,2026學習詞表-25中排灣語.xlsx,25中排灣語,53,,
you_plural,pai_ct,timun,excel,02-04,你們,,2026學習詞表-25中排灣語.xlsx,25中排灣語,54,,
we,pai_ct,tiamen,excel,02-05,我們,,2026學習詞表-25中排灣語.xlsx,25中排灣語,55,timitja,
they,pai_ct,tiamadju,excel,02-06,他們,,2026學習詞表-25中排灣語.xlsx,25中排灣語,56,,
we,pai_ct,tiamen,excel,02-13,我們(排除式),,2026學習詞表-25中排灣語.xlsx,25中排灣語,63,,
we,pai_ct,titjen,excel,02-14,咱們(包含式),,2026學習詞表-25中排灣語.xlsx,25中排灣語,64,,
that,pai_ct,azua,excel,02-16,那個,,2026學習詞表-25中排灣語.xlsx,25中排灣語,66,,
this,pai_ct,aicu,excel,02-17,這個,,2026學習詞表-25中排灣語.xlsx,25中排灣語,67,,
here,pai_ct,maza,excel,02-18,這裡,,2026學習詞表-25中排灣語.xlsx,25中排灣語,68,,
there,pai_ct,i zua,excel,02-19,那裡,,2026學習詞表-25中排灣語.xlsx,25中排灣語,69,,
what,pai_ct,anema,excel,03-02,什麼,,2026學習詞表-25中排灣語.xlsx,25中排灣語,73,,
how,pai_ct,kemuda,excel,03-03,如何,,2026學習詞表-25中排灣語.xlsx,25中排灣語,74,,
when,pai_ct,nungida,excel,03-04,何時(未發生),,2026學習詞表-25中排灣語.xlsx,25中排灣語,75,已經發生kangida,
who,pai_ct,tima,excel,03-05,誰,,2026學習詞表-25中排灣語.xlsx,25中排灣語,76,,
where,pai_ct,i zainu,excel,03-07,哪裡,,2026學習詞表-25中排灣語.xlsx,25中排灣語,78,,
how,pai_ct,makuda,excel,03-09,怎麼,,2026學習詞表-25中排灣語.xlsx,25中排灣語,80,,
where,pai_ct,yainuan,excel,03-12,什麼地方,,2026學習詞表-25中排灣語.xlsx,25中排灣語,83,,
when,pai_ct,singidaan,excel,03-13,何時(已發生),,2026學習詞表-25中排灣語.xlsx,25中排灣語,84,,
father,pai_ct,kama,excel,04-01,爸爸,,2026學習詞表-25中排灣語.xlsx,25中排灣語,87,,
mother,pai_ct,kina,excel,04-02,媽媽,,2026學習詞表-25中排灣語.xlsx,25中排灣語,88,,
wife,pai_ct,cekelj,excel,04-07,配偶,,2026學習詞表-25中排灣語.xlsx,25中排灣語,93,,
husband,pai_ct,cekelj,excel,04-07,配偶,,2026學習詞表-25中排灣語.xlsx,25中排灣語,93,,
husband,pai_ct,cekelj,excel,04-15,丈夫,,2026學習詞表-25中排灣語.xlsx,25中排灣語,101,,
name,pai_ct,ngadaan,excel,05-01,名字,,2026學習詞表-25中排灣語.xlsx,25中排灣語,114,,
child,pai_ct,kakedrian,excel,05-05,孩童,,2026學習詞表-25中排灣語.xlsx,25中排灣語,118,"亦稱為lumamad, i cengeceng tu maqacuvucuvung paeseesev anga 晚成未婚",
woman,pai_ct,vavayan,excel,05-07,女性(單數),,2026學習詞表-25中排灣語.xlsx,25中排灣語,120,,
man,pai_ct,uqaljay,excel,05-08,男性,,2026學習詞表-25中排灣語.xlsx,25中排灣語,121,,
person,pai_ct,caucau,excel,05-09,人,,2026學習詞表-25中排灣語.xlsx,25中排灣語,122,,
ear,pai_ct,calinga,excel,06-01,耳朵,,2026學習詞表-25中排灣語.xlsx,25中排灣語,140,,
leg,pai_ct,djapalj,excel,06-02,大腿,,2026學習詞表-25中排灣語.xlsx,25中排灣語,141,,
eye,pai_ct,maca,excel,06-03,眼睛,,2026學習詞表-25中排灣語.xlsx,25中排灣語,142,,
mouth,pai_ct,angalj,excel,06-05,嘴巴,,2026學習詞表-25中排灣語.xlsx,25中排灣語,144,,
head,pai_ct,qulu,excel,06-06,頭,,2026學習詞表-25中排灣語.xlsx,25中排灣語,145,,
fingernail,pai_ct,kaljuskusan,excel,06-07,指甲,,2026學習詞表-25中排灣語.xlsx,25中排灣語,146,,
hand,pai_ct,lima,excel,06-08,手,,2026學習詞表-25中排灣語.xlsx,25中排灣語,147,,
nose,pai_ct,ngudjus,excel,06-10,鼻子,,2026學習詞表-25中排灣語.xlsx,25中排灣語,149,,
foot,pai_ct,kula,excel,06-11,腳,,2026學習詞表-25中排灣語.xlsx,25中排灣語,150,,
tooth,pai_ct,aljis,excel,06-12,牙齒,,2026學習詞表-25中排灣語.xlsx,25中排灣語,151,,
hair,pai_ct,quvalj,excel,06-13,頭髮,,2026學習詞表-25中排灣語.xlsx,25中排灣語,152,,
blood,pai_ct,djamuq,excel,06-14,血,,2026學習詞表-25中排灣語.xlsx,25中排灣語,153,,
meat,pai_ct,vutjulj,excel,06-15,肉,,2026學習詞表-25中排灣語.xlsx,25中排灣語,154,,
belly,pai_ct,tjialj,excel,06-17,肚子,,2026學習詞表-25中排灣語.xlsx,25中排灣語,156,,
breast,pai_ct,tutu,excel,06-18,乳房,,2026學習詞表-25中排灣語.xlsx,25中排灣語,157,,
back,pai_ct,uqulj,excel,06-22,背部,,2026學習詞表-25中排灣語.xlsx,25中排灣語,161,ququlj,
skin,pai_ct,qaljic,excel,06-23,皮,,2026學習詞表-25中排灣語.xlsx,25中排灣語,162,,
heart,pai_ct,qavuvung,excel,06-28,心臟,,2026學習詞表-25中排灣語.xlsx,25中排灣語,167,,
knee,pai_ct,cungal,excel,06-31,膝蓋,,2026學習詞表-25中排灣語.xlsx,25中排灣語,170,,
liver,pai_ct,qacay,excel,06-34,肝臟,,2026學習詞表-25中排灣語.xlsx,25中排灣語,173,,
fat,pai_ct,qalev,excel,06-37,油脂,,2026學習詞表-25中排灣語.xlsx,25中排灣語,176,,
tongue,pai_ct,sema,excel,06-42,舌頭,,2026學習詞表-25中排灣語.xlsx,25中排灣語,181,亦稱為：ridraridr ridra吐信,
neck,pai_ct,liqe,excel,06-47,脖子,,2026學習詞表-25中排灣語.xlsx,25中排灣語,186,,
neck,pai_ct,udjun,excel,06-52,頸子,,2026學習詞表-25中排灣語.xlsx,25中排灣語,191,,
tail,pai_ct,iku,excel,07-01,尾巴,,2026學習詞表-25中排灣語.xlsx,25中排灣語,197,,
dog,pai_ct,vatu,excel,07-03,狗,,2026學習詞表-25中排灣語.xlsx,25中排灣語,199,,
bird,pai_ct,qayaqayam,excel,07-06,鳥,,2026學習詞表-25中排灣語.xlsx,25中排灣語,202,,
fish,pai_ct,ciqav,excel,07-07,魚,,2026學習詞表-25中排灣語.xlsx,25中排灣語,203,又稱ciqaw,
snake,pai_ct,qatjuvi,excel,07-19,蛇,,2026學習詞表-25中排灣語.xlsx,25中排灣語,215,,
louse,pai_ct,’ucu,excel,07-33,頭蝨,,2026學習詞表-25中排灣語.xlsx,25中排灣語,229,,
worm,pai_ct,qatjudray,excel,07-39,蚯蚓,,2026學習詞表-25中排灣語.xlsx,25中排灣語,235,,
wing,pai_ct,palalj,excel,07-49,翅膀,,2026學習詞表-25中排灣語.xlsx,25中排灣語,245,,
horn,pai_ct,tequng,excel,07-64,犄角,,2026學習詞表-25中排灣語.xlsx,25中排灣語,260,另作tequng,
tree,pai_ct,kasiv,excel,08-03,樹,,2026學習詞表-25中排灣語.xlsx,25中排灣語,265,kasiyw,
leaf,pai_ct,asav,excel,08-06,葉子,,2026學習詞表-25中排灣語.xlsx,25中排灣語,268,,
flower,pai_ct,vuciar,excel,08-09,花朵,,2026學習詞表-25中排灣語.xlsx,25中排灣語,271,另作kuku/hana,
stick,pai_ct,ricing,excel,08-15,樹枝,,2026學習詞表-25中排灣語.xlsx,25中排灣語,277,,
fruit,pai_ct,vangalj,excel,08-16,(植物的)果實,,2026學習詞表-25中排灣語.xlsx,25中排灣語,278,,
grass,pai_ct,cemel,excel,08-20,草,,2026學習詞表-25中排灣語.xlsx,25中排灣語,282,,
fruit,pai_ct,kudamunu,excel,08-24,水果,,2026學習詞表-25中排灣語.xlsx,25中排灣語,286,,
root,pai_ct,kapaz,excel,08-28,樹根,,2026學習詞表-25中排灣語.xlsx,25中排灣語,290,,
seed,pai_ct,tjaljayan,excel,08-44,種子,,2026學習詞表-25中排灣語.xlsx,25中排灣語,306,小米vusam,
rope,pai_ct,calis/vaudj,excel,09-15,繩索,,2026學習詞表-25中排灣語.xlsx,25中排灣語,335,,
stick,pai_ct,ricing,excel,09-18,枝條,,2026學習詞表-25中排灣語.xlsx,25中排灣語,338,,
ash,pai_ct,qavu,excel,09-49,炭灰,,2026學習詞表-25中排灣語.xlsx,25中排灣語,369,,
road,pai_ct,djalan,excel,10-01,道路,,2026學習詞表-25中排灣語.xlsx,25中排灣語,393,,
wind,pai_ct,vali,excel,10-04,風,,2026學習詞表-25中排灣語.xlsx,25中排灣語,396,,
sand,pai_ct,vudas,excel,10-05,沙子,,2026學習詞表-25中排灣語.xlsx,25中排灣語,397,,
earth,pai_ct,qipu,excel,10-06,泥土,,2026學習詞表-25中排灣語.xlsx,25中排灣語,398,,
river,pai_ct,pana,excel,10-07,河流,,2026學習詞表-25中排灣語.xlsx,25中排灣語,399,,
lake,pai_ct,djanav / vaung,excel,10-08,湖泊,,2026學習詞表-25中排灣語.xlsx,25中排灣語,400,,
forest,pai_ct,’asi’asivan,excel,10-09,森林,,2026學習詞表-25中排灣語.xlsx,25中排灣語,401,,
sun,pai_ct,qadav,excel,11-02,太陽,,2026學習詞表-25中排灣語.xlsx,25中排灣語,417,qadaw,
moon,pai_ct,qiljas,excel,11-03,月亮,,2026學習詞表-25中排灣語.xlsx,25中排灣語,418,,
sky,pai_ct,kalevelevan / ’alevelevan,excel,11-04,天空,,2026學習詞表-25中排灣語.xlsx,25中排灣語,419,,
star,pai_ct,vitjuqan,excel,11-05,星星,,2026學習詞表-25中排灣語.xlsx,25中排灣語,420,,
rain,pai_ct,qudjalj,excel,11-06,雨,,2026學習詞表-25中排灣語.xlsx,25中排灣語,421,,
snow,pai_ct,sulja,excel,11-07,雪,,2026學習詞表-25中排灣語.xlsx,25中排灣語,422,,
cloud,pai_ct,qerepus,excel,11-12,雲,,2026學習詞表-25中排灣語.xlsx,25中排灣語,427,kerebav,
smoke,pai_ct,cevulj,excel,11-13,煙,,2026學習詞表-25中排灣語.xlsx,25中排灣語,428,,
fire,pai_ct,sapuy,excel,11-17,火,,2026學習詞表-25中排灣語.xlsx,25中排灣語,432,,
ice,pai_ct,kuli / kiaping,excel,11-18,冰,,2026學習詞表-25中排灣語.xlsx,25中排灣語,433,,
stone,pai_ct,qaciljay,excel,12-05,石頭,,2026學習詞表-25中排灣語.xlsx,25中排灣語,454,,
night,pai_ct,qezemezemetj,excel,13-02,晚上,,2026學習詞表-25中排灣語.xlsx,25中排灣語,471,,
day,pai_ct,mauqadaqadav,excel,13-07,白天,,2026學習詞表-25中排灣語.xlsx,25中排灣語,476,,
night,pai_ct,vengin,excel,13-22,夜,,2026學習詞表-25中排灣語.xlsx,25中排灣語,491,,
year,pai_ct,cavilj,excel,13-28,年,,2026學習詞表-25中排灣語.xlsx,25中排灣語,497,,
in,pai_ct,taladj,excel,14-01,裡面,,2026學習詞表-25中排灣語.xlsx,25中排灣語,502,,
at,pai_ct,i yainuan,excel,14-02,在某處,,2026學習詞表-25中排灣語.xlsx,25中排灣語,503,,
right,pai_ct,kanavalj,excel,14-10,右邊(右手),,2026學習詞表-25中排灣語.xlsx,25中排灣語,511,,
left,pai_ct,tjaiviri,excel,14-11,左邊,,2026學習詞表-25中排灣語.xlsx,25中排灣語,512,,
water,pai_ct,zaljum,excel,21-02,水,,2026學習詞表-25中排灣語.xlsx,25中排灣語,601,,
salt,pai_ct,qatia,excel,21-07,鹽,,2026學習詞表-25中排灣語.xlsx,25中排灣語,606,,
egg,pai_ct,qecilu,excel,21-09,蛋,,2026學習詞表-25中排灣語.xlsx,25中排灣語,608,,
white,pai_ct,vuqavuqalj,excel,22-01,白色,,2026學習詞表-25中排灣語.xlsx,25中排灣語,626,,
black,pai_ct,qacengecengel / qucengecengel,excel,22-02,黑色,,2026學習詞表-25中排灣語.xlsx,25中排灣語,627,,
red,pai_ct,qudjidjilj,excel,22-03,紅色,,2026學習詞表-25中排灣語.xlsx,25中排灣語,628,,
yellow,pai_ct,vuravurav/ qulivalivay/ quljangaljangas/ quljizaljizar,excel,22-05,黃色,,2026學習詞表-25中排灣語.xlsx,25中排灣語,630,vuravurav(黃銅色) / qulivalivay (橘黃)/ quljangaljangas/quljizaljizar(枯黃),
green,pai_ct,djeljeseljesem / liljualjuas / qeljengeljenger/quljangaljangas,excel,22-08,綠色,,2026學習詞表-25中排灣語.xlsx,25中排灣語,633,,
give,pai_ct,pavayi,excel,25-07,給,,2026學習詞表-25中排灣語.xlsx,25中排灣語,663,,
come,pai_ct,namangetjez,excel,25-08,來,,2026學習詞表-25中排灣語.xlsx,25中排灣語,664,,
walk,pai_ct,djemavac,excel,25-10,走路,,2026學習詞表-25中排灣語.xlsx,25中排灣語,666,,
fly,pai_ct,minelayap,excel,25-12,飛,,2026學習詞表-25中排灣語.xlsx,25中排灣語,668,minperav,
fall,pai_ct,ma’elu,excel,25-26,(植物的果實)掉落,,2026學習詞表-25中排灣語.xlsx,25中排灣語,682,小米 sasuav,
sit,pai_ct,naqemiladj,excel,25-43,坐,,2026學習詞表-25中排灣語.xlsx,25中排灣語,699,(完成貌-坐著),
stand,pai_ct,namigacalj/natjiljegel,excel,25-44,站立,,2026學習詞表-25中排灣語.xlsx,25中排灣語,700,,
sit,pai_ct,qiladju/qiladji,excel,26-03,坐下,,2026學習詞表-25中排灣語.xlsx,25中排灣語,712,,
hit,pai_ct,kemelem/’emelem/djemu’ul,excel,26-08,打(人),,2026學習詞表-25中排灣語.xlsx,25中排灣語,717,lemudru,
stab,pai_ct,venukevuk/venu’evu’/ceme’ece’,excel,26-09,刺,,2026學習詞表-25中排灣語.xlsx,25中排灣語,718,,
push,pai_ct,zemurung,excel,26-13,推,,2026學習詞表-25中排灣語.xlsx,25中排灣語,722,,
scratch,pai_ct,gemuceguc,excel,26-18,抓癢,,2026學習詞表-25中排灣語.xlsx,25中排灣語,727,,
lie,pai_ct,naqemereng,excel,26-20,躺,,2026學習詞表-25中排灣語.xlsx,25中排灣語,729,,
blow,pai_ct,djemapes / djemasep,excel,26-28,吹,,2026學習詞表-25中排灣語.xlsx,25中排灣語,737,,
dig,pai_ct,kemali/ ’emali,excel,26-29,挖掘,,2026學習詞表-25中排灣語.xlsx,25中排灣語,738,,
cut,pai_ct,venuciq,excel,26-30,切,,2026學習詞表-25中排灣語.xlsx,25中排灣語,739,切肉remetjeretj,
swim,pai_ct,ljemanguy,excel,26-31,游泳,,2026學習詞表-25中排灣語.xlsx,25中排灣語,740,lemedep,
tie,pai_ct,djemaljeng,excel,26-38,綁,,2026學習詞表-25中排灣語.xlsx,25中排灣語,747,綁一邊sipaqadjay,
pull,pai_ct,veniljevilj,excel,26-39,拉,,2026學習詞表-25中排灣語.xlsx,25中排灣語,748,,
split,pai_ct,venelaq,excel,26-40,劈開,,2026學習詞表-25中排灣語.xlsx,25中排灣語,749,,
hold,pai_ct,kemulidru,excel,26-42,提著,,2026學習詞表-25中排灣語.xlsx,25中排灣語,751,,
hold,pai_ct,gememegem,excel,26-43,握著,,2026學習詞表-25中排灣語.xlsx,25中排灣語,752,,
tie,pai_ct,qemuyulj,excel,26-44,捆綁,,2026學習詞表-25中排灣語.xlsx,25中排灣語,753,綁豬drimiya,
scratch,pai_ct,ljemaqeljaq,excel,26-56,搔癢,,2026學習詞表-25中排灣語.xlsx,25中排灣語,765,semapediq,
wipe,pai_ct,djemuas/zemuking,excel,26-83,擦拭,,2026學習詞表-25中排灣語.xlsx,25中排灣語,792,擦嘴kisungipas,
rub,pai_ct,ljemuceljuc,excel,26-85,揉搓(衣物),,2026學習詞表-25中排灣語.xlsx,25中排灣語,794,,
lie,pai_ct,kigidi/’igidi,excel,26-88,側臥,,2026學習詞表-25中排灣語.xlsx,25中排灣語,797,,
fight,pai_ct,marivu,excel,26-96,打架,,2026學習詞表-25中排灣語.xlsx,25中排灣語,805,,
squeeze,pai_ct,qemizing,excel,26-97,擠,,2026學習詞表-25中排灣語.xlsx,25中排灣語,806,,
dig,pai_ct,kemali/’emali/semapesap,excel,26-100,(用手)挖掘,,2026學習詞表-25中排灣語.xlsx,25中排灣語,809,,
stand,pai_ct,gacalju,excel,26-105,起立,,2026學習詞表-25中排灣語.xlsx,25中排灣語,814,,
eat,pai_ct,keman/’eman,excel,27-01,吃,,2026學習詞表-25中排灣語.xlsx,25中排灣語,816,,
suck,pai_ct,semerep,excel,27-02,吸,,2026學習詞表-25中排灣語.xlsx,25中排灣語,817,慢慢吸tempetep,
drink,pai_ct,temekel/teme’el,excel,27-03,喝,,2026學習詞表-25中排灣語.xlsx,25中排灣語,818,,
vomit,pai_ct,mutjaq,excel,27-04,吐,,2026學習詞表-25中排灣語.xlsx,25中排灣語,819,,
bite,pai_ct,kemac/’emac,excel,27-05,咬,,2026學習詞表-25中排灣語.xlsx,25中排灣語,820,,
eat,pai_ct,kemakan/’ema’an,excel,27-15,吃(東西),,2026學習詞表-25中排灣語.xlsx,25中排灣語,830,,
know,pai_ct,kemeljang/’emeljang,excel,28-02,知道,,2026學習詞表-25中排灣語.xlsx,25中排灣語,836,,
see,pai_ct,pacun/’iqenetj,excel,28-03,看,,2026學習詞表-25中排灣語.xlsx,25中排灣語,837,,
say,pai_ct,qivu/’iljavaran/quriyav,excel,28-04,說,,2026學習詞表-25中排灣語.xlsx,25中排灣語,838,,
smell,pai_ct,semequ,excel,28-07,聞(如聞味道),,2026學習詞表-25中排灣語.xlsx,25中排灣語,841,,
hear,pai_ct,lemangeda / lemadenga,excel,28-19,聽,,2026學習詞表-25中排灣語.xlsx,25中排灣語,853,,
fear,pai_ct,marekutj/mare’utj//matiqudj,excel,29-02,害怕,,2026學習詞表-25中排灣語.xlsx,25中排灣語,866,,
wash,pai_ct,venateq,excel,30-02,洗(衣物),,2026學習詞表-25中排灣語.xlsx,25中排灣語,876,,
sleep,pai_ct,nataqed,excel,30-09,睡覺,,2026學習詞表-25中排灣語.xlsx,25中排灣語,883,,
kill,pai_ct,cemulju,excel,30-10,殺牲畜,,2026學習詞表-25中排灣語.xlsx,25中排灣語,884,,
lie,pai_ct,qemereng,excel,30-16,仰臥,,2026學習詞表-25中排灣語.xlsx,25中排灣語,890,,
burn,pai_ct,ljemama,excel,30-20,燒(如燒稻草),,2026學習詞表-25中排灣語.xlsx,25中排灣語,894,,
hunt,pai_ct,pudringay,excel,30-25,陷獵,,2026學習詞表-25中排灣語.xlsx,25中排灣語,899,,
burn,pai_ct,medjek/medje’,excel,30-54,燃燒,,2026學習詞表-25中排灣語.xlsx,25中排灣語,928,temedev,
drink,pai_ct,temekel/teme’el,excel,30-61,喝(水),,2026學習詞表-25中排灣語.xlsx,25中排灣語,935,,
sing,pai_ct,semenay,excel,30-64,唱歌,,2026學習詞表-25中排灣語.xlsx,25中排灣語,938,,
play,pai_ct,kivangavang/’ivangavang,excel,30-65,玩耍,,2026學習詞表-25中排灣語.xlsx,25中排灣語,939,,
die,pai_ct,macay,excel,31-01,死亡,,2026學習詞表-25中排灣語.xlsx,25中排灣語,941,maqulip,
live,pai_ct,valjualjut,excel,31-08,活的,,2026學習詞表-25中排灣語.xlsx,25中排灣語,948,,
heavy,pai_ct,sadjelung,excel,32-02,重(重量),,2026學習詞表-25中排灣語.xlsx,25中排灣語,963,,
big,pai_ct,kudrakudral/’udra’udral/qacaqaca,excel,32-05,大的,,2026學習詞表-25中排灣語.xlsx,25中排灣語,966,,
cold,pai_ct,ljaljeqel,excel,32-08,冷(氣候),,2026學習詞表-25中排灣語.xlsx,25中排灣語,969,,
small,pai_ct,kakedrikedri,excel,32-09,小的,,2026學習詞表-25中排灣語.xlsx,25中排灣語,970,,
many,pai_ct,liav,excel,32-10,多,,2026學習詞表-25中排灣語.xlsx,25中排灣語,971,,
cold,pai_ct,vucelecelelj/ljaljeqeljeqel,excel,32-12,冰冷(物體),,2026學習詞表-25中排灣語.xlsx,25中排灣語,973,,
few,pai_ct,kedri,excel,32-14,少,,2026學習詞表-25中排灣語.xlsx,25中排灣語,975,,
laugh,pai_ct,djemeli,excel,32-16,笑,,2026學習詞表-25中排灣語.xlsx,25中排灣語,977,,
wet,pai_ct,tjevetjeveng,excel,32-17,濕的,,2026學習詞表-25中排灣語.xlsx,25中排灣語,978,,
thick,pai_ct,kudremel/’udremel,excel,32-19,厚,,2026學習詞表-25中排灣語.xlsx,25中排灣語,980,,
thin,pai_ct,ljusepisepit,excel,32-21,薄,,2026學習詞表-25中排灣語.xlsx,25中排灣語,982,,
dirty,pai_ct,kungakugnay/’unga’ugnay,excel,32-22,髒,,2026學習詞表-25中排灣語.xlsx,25中排灣語,983,ngelengelec,
dry,pai_ct,nametad,excel,32-28,乾的,,2026學習詞表-25中排灣語.xlsx,25中排灣語,989,,
new,pai_ct,vaquan,excel,32-31,新的,,2026學習詞表-25中排灣語.xlsx,25中排灣語,992,,
old,pai_ct,’inasupilan,excel,32-32,舊的,,2026學習詞表-25中排灣語.xlsx,25中排灣語,993,,
near,pai_ct,djemet/tjungu,excel,32-33,近,,2026學習詞表-25中排灣語.xlsx,25中排灣語,994,dudut / dungdugn/ tjemetj,
bad,pai_ct,makapalak/ma’apala’,excel,32-35,壞掉,,2026學習詞表-25中排灣語.xlsx,25中排灣語,996,,
far,pai_ct,cadja,excel,32-37,遠,,2026學習詞表-25中排灣語.xlsx,25中排灣語,998,,
swell,pai_ct,minvalak/minvala’,excel,32-38,腫,,2026學習詞表-25中排灣語.xlsx,25中排灣語,999,,
smooth,pai_ct,djalut,excel,32-44,滑,,2026學習詞表-25中排灣語.xlsx,25中排灣語,1005,,
warm,pai_ct,semeljec,excel,32-56,暖和,,2026學習詞表-25中排灣語.xlsx,25中排灣語,1017,,
dull,pai_ct,namasusidang,excel,32-57,鈍的(指刀鋒),,2026學習詞表-25中排灣語.xlsx,25中排灣語,1018,masusidang,
straight,pai_ct,masevec,excel,32-65,直,,2026學習詞表-25中排灣語.xlsx,25中排灣語,1026,,
full,pai_ct,mapeljuqanga,excel,32-66,滿了,,2026學習詞表-25中排灣語.xlsx,25中排灣語,1027,,
good,pai_ct,nanguanguaq,excel,32-67,好的,,2026學習詞表-25中排灣語.xlsx,25中排灣語,1028,,
wide,pai_ct,tjaljiqaca,excel,32-68,寬敞,,2026學習詞表-25中排灣語.xlsx,25中排灣語,1029,,
correct,pai_ct,paqulid,excel,32-69,正確,,2026學習詞表-25中排灣語.xlsx,25中排灣語,1030,,
warm,pai_ct,maculjuculju,excel,32-72,溫的,,2026學習詞表-25中排灣語.xlsx,25中排灣語,1033,,
long,pai_ct,ladruq,excel,32-74,長,,2026學習詞表-25中排灣語.xlsx,25中排灣語,1035,,
short,pai_ct,drikitj,excel,32-76,短,,2026學習詞表-25中排灣語.xlsx,25中排灣語,1037,,
full,pai_ct,mapeljuq,excel,32-79,滿,,2026學習詞表-25中排灣語.xlsx,25中排灣語,1040,,
wipe,pai_ct,kidjuas,excel,33-06,擦拭,,2026學習詞表-25中排灣語.xlsx,25中排灣語,1048,,
throw,pai_ct,veneric,excel,34-19,丟棄,,2026學習詞表-25中排灣語.xlsx,25中排灣語,1069,,
count,pai_ct,semupu,excel,34-29,數,,2026學習詞表-25中排灣語.xlsx,25中排灣語,1079,,
good,pai_ct,nanguaq,excel,34-34,好,,2026學習詞表-25中排灣語.xlsx,25中排灣語,1084,,
not,pai_ct,ini,excel,35-03,不是(回答用),,2026學習詞表-25中排灣語.xlsx,25中排灣語,1092,,
because,pai_ct,ayatua,excel,36-05,因為,,2026學習詞表-25中排灣語.xlsx,25中排灣語,1101,,
and,pai_ct,’atua,excel,36-18,和,,2026學習詞表-25中排灣語.xlsx,25中排灣語,1114,,
if,pai_ct,nu,excel,36-22,如果,,2026學習詞表-25中排灣語.xlsx,25中排灣語,1118,,
at,pai_ct,i,excel,36-35,在,,2026學習詞表-25中排灣語.xlsx,25中排灣語,1131,,
one,pai_st,ita,excel,01-01,一,,2026學習詞表-26南排灣語.xlsx,26南排灣語,5,,
two,pai_st,drusa,excel,01-02,二,,2026學習詞表-26南排灣語.xlsx,26南排灣語,6,,
three,pai_st,tjelu,excel,01-03,三,,2026學習詞表-26南排灣語.xlsx,26南排灣語,7,,
four,pai_st,sepatj,excel,01-04,四,,2026學習詞表-26南排灣語.xlsx,26南排灣語,8,,
five,pai_st,lima,excel,01-05,五,,2026學習詞表-26南排灣語.xlsx,26南排灣語,9,,
six,pai_st,unem,excel,01-06,六,,2026學習詞表-26南排灣語.xlsx,26南排灣語,10,,
seven,pai_st,pitju,excel,01-07,七,,2026學習詞表-26南排灣語.xlsx,26南排灣語,11,,
eight,pai_st,alu,excel,01-08,八,,2026學習詞表-26南排灣語.xlsx,26南排灣語,12,,
nine,pai_st,siva,excel,01-09,九,,2026學習詞表-26南排灣語.xlsx,26南排灣語,13,,
ten,pai_st,tapuluq,excel,01-10,十,,2026學習詞表-26南排灣語.xlsx,26南排灣語,14,,
twenty,pai_st,drusa a puluq,excel,01-20,二十,,2026學習詞表-26南排灣語.xlsx,26南排灣語,24,,
hundred,pai_st,iday,excel,01-34,百,,2026學習詞表-26南排灣語.xlsx,26南排灣語,38,,
hundred,pai_st,taiday,excel,01-35,一百,,2026學習詞表-26南排灣語.xlsx,26南排灣語,39,,
some,pai_st,pida,excel,01-38,一些,,2026學習詞表-26南排灣語.xlsx,26南排灣語,42,,
all,pai_st,penuljat,excel,01-43,全部,,2026學習詞表-26南排灣語.xlsx,26南排灣語,47,,
few,pai_st,kedri,excel,01-44,一點點,,2026學習詞表-26南排灣語.xlsx,26南排灣語,48,,
you_singular,pai_st,tisun,excel,02-01,你,,2026學習詞表-26南排灣語.xlsx,26南排灣語,51,,
i,pai_st,tiaken/tia’en,excel,02-02,我,,2026學習詞表-26南排灣語.xlsx,26南排灣語,52,,
he,pai_st,timadju,excel,02-03,他,,2026學習詞表-26南排灣語.xlsx,26南排灣語,53,,
you_plural,pai_st,timun,excel,02-04,你們,,2026學習詞表-26南排灣語.xlsx,26南排灣語,54,,
we,pai_st,tiamen,excel,02-05,我們,,2026學習詞表-26南排灣語.xlsx,26南排灣語,55,,
they,pai_st,tiamadju,excel,02-06,他們,,2026學習詞表-26南排灣語.xlsx,26南排灣語,56,,
we,pai_st,tiamen,excel,02-13,我們(排除式),,2026學習詞表-26南排灣語.xlsx,26南排灣語,63,,
we,pai_st,timitja,excel,02-14,咱們(包含式),,2026學習詞表-26南排灣語.xlsx,26南排灣語,64,,
that,pai_st,azua,excel,02-16,那個,,2026學習詞表-26南排灣語.xlsx,26南排灣語,66,,
this,pai_st,aicu,excel,02-17,這個,,2026學習詞表-26南排灣語.xlsx,26南排灣語,67,,
here,pai_st,maza,excel,02-18,這裡,,2026學習詞表-26南排灣語.xlsx,26南排灣語,68,,
there,pai_st,zua,excel,02-19,那裡,,2026學習詞表-26南排灣語.xlsx,26南排灣語,69,,
what,pai_st,anema,excel,03-02,什麼,,2026學習詞表-26南排灣語.xlsx,26南排灣語,73,,
how,pai_st,kemuda,excel,03-03,如何,,2026學習詞表-26南排灣語.xlsx,26南排灣語,74,,
when,pai_st,nungida,excel,03-04,何時(未發生),,2026學習詞表-26南排灣語.xlsx,26南排灣語,75,,
who,pai_st,tima,excel,03-05,誰,,2026學習詞表-26南排灣語.xlsx,26南排灣語,76,,
where,pai_st,inu,excel,03-07,哪裡,,2026學習詞表-26南排灣語.xlsx,26南排灣語,78,,
how,pai_st,makuda,excel,03-09,怎麼,,2026學習詞表-26南排灣語.xlsx,26南排灣語,80,,
where,pai_st,inuan,excel,03-12,什麼地方,,2026學習詞表-26南排灣語.xlsx,26南排灣語,83,,
when,pai_st,singidan,excel,03-13,何時(已發生),,2026學習詞表-26南排灣語.xlsx,26南排灣語,84,,
father,pai_st,kama/ama,excel,04-01,爸爸,,2026學習詞表-26南排灣語.xlsx,26南排灣語,87,,
mother,pai_st,kina/ina,excel,04-02,媽媽,,2026學習詞表-26南排灣語.xlsx,26南排灣語,88,,
wife,pai_st,valjaw,excel,04-07,配偶,,2026學習詞表-26南排灣語.xlsx,26南排灣語,93,,
husband,pai_st,valjaw,excel,04-07,配偶,,2026學習詞表-26南排灣語.xlsx,26南排灣語,93,,
husband,pai_st,cekelj / valjaw,excel,04-15,丈夫,,2026學習詞表-26南排灣語.xlsx,26南排灣語,101,,
name,pai_st,ngadan,excel,05-01,名字,,2026學習詞表-26南排灣語.xlsx,26南排灣語,114,,
child,pai_st,kakedrian,excel,05-05,孩童,,2026學習詞表-26南排灣語.xlsx,26南排灣語,118,,
woman,pai_st,vavayan,excel,05-07,女性(單數),,2026學習詞表-26南排灣語.xlsx,26南排灣語,120,,
man,pai_st,uqaljay,excel,05-08,男性,,2026學習詞表-26南排灣語.xlsx,26南排灣語,121,,
person,pai_st,caucau,excel,05-09,人,,2026學習詞表-26南排灣語.xlsx,26南排灣語,122,,
ear,pai_st,calinga,excel,06-01,耳朵,,2026學習詞表-26南排灣語.xlsx,26南排灣語,140,,
leg,pai_st,djapalj,excel,06-02,大腿,,2026學習詞表-26南排灣語.xlsx,26南排灣語,141,,
eye,pai_st,maca,excel,06-03,眼睛,,2026學習詞表-26南排灣語.xlsx,26南排灣語,142,,
mouth,pai_st,angalj,excel,06-05,嘴巴,,2026學習詞表-26南排灣語.xlsx,26南排灣語,144,,
head,pai_st,qulu,excel,06-06,頭,,2026學習詞表-26南排灣語.xlsx,26南排灣語,145,,
fingernail,pai_st,kaljusekusan,excel,06-07,指甲,,2026學習詞表-26南排灣語.xlsx,26南排灣語,146,,
hand,pai_st,lima,excel,06-08,手,,2026學習詞表-26南排灣語.xlsx,26南排灣語,147,,
nose,pai_st,ngudjus,excel,06-10,鼻子,,2026學習詞表-26南排灣語.xlsx,26南排灣語,149,,
foot,pai_st,kula,excel,06-11,腳,,2026學習詞表-26南排灣語.xlsx,26南排灣語,150,,
tooth,pai_st,aljis,excel,06-12,牙齒,,2026學習詞表-26南排灣語.xlsx,26南排灣語,151,,
hair,pai_st,quvalj,excel,06-13,頭髮,,2026學習詞表-26南排灣語.xlsx,26南排灣語,152,,
blood,pai_st,djamuq,excel,06-14,血,,2026學習詞表-26南排灣語.xlsx,26南排灣語,153,,
meat,pai_st,vutjulj,excel,06-15,肉,,2026學習詞表-26南排灣語.xlsx,26南排灣語,154,,
belly,pai_st,tjiyalj,excel,06-17,肚子,,2026學習詞表-26南排灣語.xlsx,26南排灣語,156,,
breast,pai_st,tutu,excel,06-18,乳房,,2026學習詞表-26南排灣語.xlsx,26南排灣語,157,,
back,pai_st,uqulj,excel,06-22,背部,,2026學習詞表-26南排灣語.xlsx,26南排灣語,161,,
skin,pai_st,qaljic,excel,06-23,皮,,2026學習詞表-26南排灣語.xlsx,26南排灣語,162,,
heart,pai_st,qavuvung,excel,06-28,心臟,,2026學習詞表-26南排灣語.xlsx,26南排灣語,167,,
knee,pai_st,cungal,excel,06-31,膝蓋,,2026學習詞表-26南排灣語.xlsx,26南排灣語,170,,
liver,pai_st,qacay,excel,06-34,肝臟,,2026學習詞表-26南排灣語.xlsx,26南排灣語,173,,
fat,pai_st,qalum / qalev,excel,06-37,油脂,,2026學習詞表-26南排灣語.xlsx,26南排灣語,176,,
tongue,pai_st,sema,excel,06-42,舌頭,,2026學習詞表-26南排灣語.xlsx,26南排灣語,181,,
neck,pai_st,liqu,excel,06-47,脖子,,2026學習詞表-26南排灣語.xlsx,26南排灣語,186,,
neck,pai_st,udjun / drengelan,excel,06-52,頸子,,2026學習詞表-26南排灣語.xlsx,26南排灣語,191,,
tail,pai_st,iku,excel,07-01,尾巴,,2026學習詞表-26南排灣語.xlsx,26南排灣語,197,,
dog,pai_st,vatu,excel,07-03,狗,,2026學習詞表-26南排灣語.xlsx,26南排灣語,199,,
bird,pai_st,qayaqayam,excel,07-06,鳥,,2026學習詞表-26南排灣語.xlsx,26南排灣語,202,,
fish,pai_st,ciqaw,excel,07-07,魚,,2026學習詞表-26南排灣語.xlsx,26南排灣語,203,,
snake,pai_st,qatjuvi,excel,07-19,蛇,,2026學習詞表-26南排灣語.xlsx,26南排灣語,215,,
louse,pai_st,kucu,excel,07-33,頭蝨,,2026學習詞表-26南排灣語.xlsx,26南排灣語,229,,
worm,pai_st,qatjudray / qatjulalj,excel,07-39,蚯蚓,,2026學習詞表-26南排灣語.xlsx,26南排灣語,235,,
wing,pai_st,palalj,excel,07-49,翅膀,,2026學習詞表-26南排灣語.xlsx,26南排灣語,245,,
horn,pai_st,tequng,excel,07-64,犄角,,2026學習詞表-26南排灣語.xlsx,26南排灣語,260,,
tree,pai_st,kasiw,excel,08-03,樹,,2026學習詞表-26南排灣語.xlsx,26南排灣語,265,,
leaf,pai_st,asaw,excel,08-06,葉子,,2026學習詞表-26南排灣語.xlsx,26南排灣語,268,,
flower,pai_st,veljangaw / paquljis,excel,08-09,花朵,,2026學習詞表-26南排灣語.xlsx,26南排灣語,271,,
stick,pai_st,ricing,excel,08-15,樹枝,,2026學習詞表-26南排灣語.xlsx,26南排灣語,277,,
fruit,pai_st,vangalj,excel,08-16,(植物的)果實,,2026學習詞表-26南排灣語.xlsx,26南排灣語,278,,
grass,pai_st,cemel,excel,08-20,草,,2026學習詞表-26南排灣語.xlsx,26南排灣語,282,,
fruit,pai_st,kudamunu,excel,08-24,水果,,2026學習詞表-26南排灣語.xlsx,26南排灣語,286,,
root,pai_st,kapaz,excel,08-28,樹根,,2026學習詞表-26南排灣語.xlsx,26南排灣語,290,,
seed,pai_st,vusam / gusam,excel,08-44,種子,,2026學習詞表-26南排灣語.xlsx,26南排灣語,306,,
rope,pai_st,calis,excel,09-15,繩索,,2026學習詞表-26南排灣語.xlsx,26南排灣語,335,,
stick,pai_st,ricing,excel,09-18,枝條,,2026學習詞表-26南排灣語.xlsx,26南排灣語,338,,
ash,pai_st,qavu,excel,09-49,炭灰,,2026學習詞表-26南排灣語.xlsx,26南排灣語,369,,
road,pai_st,djalan,excel,10-01,道路,,2026學習詞表-26南排灣語.xlsx,26南排灣語,393,,
wind,pai_st,vali,excel,10-04,風,,2026學習詞表-26南排灣語.xlsx,26南排灣語,396,,
sand,pai_st,vudas,excel,10-05,沙子,,2026學習詞表-26南排灣語.xlsx,26南排灣語,397,,
earth,pai_st,qipu,excel,10-06,泥土,,2026學習詞表-26南排灣語.xlsx,26南排灣語,398,,
river,pai_st,pana,excel,10-07,河流,,2026學習詞表-26南排灣語.xlsx,26南排灣語,399,,
lake,pai_st,layu/djanaw,excel,10-08,湖泊,,2026學習詞表-26南排灣語.xlsx,26南排灣語,400,,
forest,pai_st,kasikasiw,excel,10-09,森林,,2026學習詞表-26南排灣語.xlsx,26南排灣語,401,,
sun,pai_st,qadaw,excel,11-02,太陽,,2026學習詞表-26南排灣語.xlsx,26南排灣語,417,,
moon,pai_st,qiljas,excel,11-03,月亮,,2026學習詞表-26南排灣語.xlsx,26南排灣語,418,,
sky,pai_st,kalevelevan,excel,11-04,天空,,2026學習詞表-26南排灣語.xlsx,26南排灣語,419,,
star,pai_st,vitjuqan,excel,11-05,星星,,2026學習詞表-26南排灣語.xlsx,26南排灣語,420,,
rain,pai_st,qudjalj,excel,11-06,雨,,2026學習詞表-26南排灣語.xlsx,26南排灣語,421,,
snow,pai_st,sulja,excel,11-07,雪,,2026學習詞表-26南排灣語.xlsx,26南排灣語,422,,
cloud,pai_st,qerepus,excel,11-12,雲,,2026學習詞表-26南排灣語.xlsx,26南排灣語,427,,
smoke,pai_st,cevulj,excel,11-13,煙,,2026學習詞表-26南排灣語.xlsx,26南排灣語,428,,
fire,pai_st,sapuy,excel,11-17,火,,2026學習詞表-26南排灣語.xlsx,26南排灣語,432,,
ice,pai_st,kuli,excel,11-18,冰,,2026學習詞表-26南排灣語.xlsx,26南排灣語,433,,
stone,pai_st,qaciljay,excel,12-05,石頭,,2026學習詞表-26南排灣語.xlsx,26南排灣語,454,,
night,pai_st,qezemezemetj,excel,13-02,晚上,,2026學習詞表-26南排灣語.xlsx,26南排灣語,471,,
day,pai_st,mauqadaw,excel,13-07,白天,,2026學習詞表-26南排灣語.xlsx,26南排灣語,476,,
night,pai_st,qezemezemetj,excel,13-22,夜,,2026學習詞表-26南排灣語.xlsx,26南排灣語,491,,
year,pai_st,cavilj,excel,13-28,年,,2026學習詞表-26南排灣語.xlsx,26南排灣語,497,,
in,pai_st,taladj,excel,14-01,裡面,,2026學習詞表-26南排灣語.xlsx,26南排灣語,502,,
at,pai_st,i yainuan,excel,14-02,在某處,,2026學習詞表-26南排灣語.xlsx,26南排灣語,503,,
right,pai_st,kanavalj,excel,14-10,右邊(右手),,2026學習詞表-26南排灣語.xlsx,26南排灣語,511,,
left,pai_st,kaviri/tjaiviri,excel,14-11,左邊,,2026學習詞表-26南排灣語.xlsx,26南排灣語,512,,
water,pai_st,zaljum,excel,21-02,水,,2026學習詞表-26南排灣語.xlsx,26南排灣語,601,,
salt,pai_st,qatia,excel,21-07,鹽,,2026學習詞表-26南排灣語.xlsx,26南排灣語,606,,
egg,pai_st,qecilu / tamagu,excel,21-09,蛋,,2026學習詞表-26南排灣語.xlsx,26南排灣語,608,,
white,pai_st,vuteqiteqilj / vucelacelay,excel,22-01,白色,,2026學習詞表-26南排灣語.xlsx,26南排灣語,626,,
black,pai_st,qucengecengel,excel,22-02,黑色,,2026學習詞表-26南排灣語.xlsx,26南排灣語,627,,
red,pai_st,qudjidjilj,excel,22-03,紅色,,2026學習詞表-26南排灣語.xlsx,26南排灣語,628,,
yellow,pai_st,qulivalivay,excel,22-05,黃色,,2026學習詞表-26南排灣語.xlsx,26南排灣語,630,,
green,pai_st,quljangaljangas,excel,22-08,綠色,,2026學習詞表-26南排灣語.xlsx,26南排灣語,633,,
give,pai_st,pavai,excel,25-07,給,,2026學習詞表-26南排灣語.xlsx,26南排灣語,663,,
come,pai_st,namangtjez,excel,25-08,來,,2026學習詞表-26南排灣語.xlsx,26南排灣語,664,,
walk,pai_st,djemavac,excel,25-10,走路,,2026學習詞表-26南排灣語.xlsx,26南排灣語,666,,
fly,pai_st,minlayapanga,excel,25-12,飛,,2026學習詞表-26南排灣語.xlsx,26南排灣語,668,,
fall,pai_st,namasuwaw,excel,25-26,(植物的果實)掉落,,2026學習詞表-26南排灣語.xlsx,26南排灣語,682,,
sit,pai_st,naqemiladj,excel,25-43,坐,,2026學習詞表-26南排灣語.xlsx,26南排灣語,699,,
stand,pai_st,namalingedjelj / namizi,excel,25-44,站立,,2026學習詞表-26南排灣語.xlsx,26南排灣語,700,,
sit,pai_st,naqemiladj,excel,26-03,坐下,,2026學習詞表-26南排灣語.xlsx,26南排灣語,712,,
hit,pai_st,penangul,excel,26-08,打(人),,2026學習詞表-26南排灣語.xlsx,26南排灣語,717,,
stab,pai_st,vinukevuk,excel,26-09,刺,,2026學習詞表-26南排灣語.xlsx,26南排灣語,718,,
push,pai_st,sizurung,excel,26-13,推,,2026學習詞表-26南排灣語.xlsx,26南排灣語,722,,
scratch,pai_st,gemuceguc,excel,26-18,抓癢,,2026學習詞表-26南排灣語.xlsx,26南排灣語,727,,
lie,pai_st,naqemereng,excel,26-20,躺,,2026學習詞表-26南排灣語.xlsx,26南排灣語,729,,
blow,pai_st,djemapes,excel,26-28,吹,,2026學習詞表-26南排灣語.xlsx,26南排灣語,737,,
dig,pai_st,nakemali,excel,26-29,挖掘,,2026學習詞表-26南排灣語.xlsx,26南排灣語,738,,
cut,pai_st,kemitj,excel,26-30,切,,2026學習詞表-26南排灣語.xlsx,26南排灣語,739,,
swim,pai_st,ljemanguy,excel,26-31,游泳,,2026學習詞表-26南排灣語.xlsx,26南排灣語,740,,
tie,pai_st,djaljengen,excel,26-38,綁,,2026學習詞表-26南排灣語.xlsx,26南排灣語,747,,
pull,pai_st,veniljevilj,excel,26-39,拉,,2026學習詞表-26南排灣語.xlsx,26南排灣語,748,,
split,pai_st,venelaq/mavelaq,excel,26-40,劈開,,2026學習詞表-26南排灣語.xlsx,26南排灣語,749,,
hold,pai_st,nakemaladray / natjemikidr,excel,26-42,提著,,2026學習詞表-26南排灣語.xlsx,26南排灣語,751,,
hold,pai_st,ginemegem,excel,26-43,握著,,2026學習詞表-26南排灣語.xlsx,26南排灣語,752,,
tie,pai_st,qemuyuquyulj,excel,26-44,捆綁,,2026學習詞表-26南排灣語.xlsx,26南排灣語,753,,
scratch,pai_st,ljemaqeljaq,excel,26-56,搔癢,,2026學習詞表-26南排灣語.xlsx,26南排灣語,765,,
wipe,pai_st,djemuas,excel,26-83,擦拭,,2026學習詞表-26南排灣語.xlsx,26南排灣語,792,,
rub,pai_st,ljemeteljet,excel,26-85,揉搓(衣物),,2026學習詞表-26南排灣語.xlsx,26南排灣語,794,,
lie,pai_st,kisigidi /’isegidi,excel,26-88,側臥,,2026學習詞表-26南排灣語.xlsx,26南排灣語,797,,
fight,pai_st,mapapangul,excel,26-96,打架,,2026學習詞表-26南排灣語.xlsx,26南排灣語,805,,
squeeze,pai_st,qemizing,excel,26-97,擠,,2026學習詞表-26南排灣語.xlsx,26南排灣語,806,,
dig,pai_st,kemali/semuwad,excel,26-100,(用手)挖掘,,2026學習詞表-26南排灣語.xlsx,26南排灣語,809,,
stand,pai_st,gacalju/iziyu,excel,26-105,起立,,2026學習詞表-26南排灣語.xlsx,26南排灣語,814,,
eat,pai_st,keman/’eman,excel,27-01,吃,,2026學習詞表-26南排灣語.xlsx,26南排灣語,816,,
suck,pai_st,semiljup/semeljup,excel,27-02,吸,,2026學習詞表-26南排灣語.xlsx,26南排灣語,817,,
drink,pai_st,temekel/teme’el,excel,27-03,喝,,2026學習詞表-26南排灣語.xlsx,26南排灣語,818,,
vomit,pai_st,mutjaq,excel,27-04,吐,,2026學習詞表-26南排灣語.xlsx,26南排灣語,819,,
bite,pai_st,kemac/’emac,excel,27-05,咬,,2026學習詞表-26南排灣語.xlsx,26南排灣語,820,,
eat,pai_st,kakanen/’a’anen,excel,27-15,吃(東西),,2026學習詞表-26南排灣語.xlsx,26南排灣語,830,,
know,pai_st,kemeljang/’emeljang,excel,28-02,知道,,2026學習詞表-26南排灣語.xlsx,26南排灣語,836,,
see,pai_st,pacun/’iqenetj,excel,28-03,看,,2026學習詞表-26南排灣語.xlsx,26南排灣語,837,,
say,pai_st,’ikai/kiljavaran/quriyaw,excel,28-04,說,,2026學習詞表-26南排灣語.xlsx,26南排灣語,838,,
smell,pai_st,semequ,excel,28-07,聞(如聞味道),,2026學習詞表-26南排灣語.xlsx,26南排灣語,841,,
hear,pai_st,lemangeda,excel,28-19,聽,,2026學習詞表-26南排灣語.xlsx,26南排灣語,853,,
fear,pai_st,marekutj/matiqudj,excel,29-02,害怕,,2026學習詞表-26南排灣語.xlsx,26南排灣語,866,,
wash,pai_st,venateq,excel,30-02,洗(衣物),,2026學習詞表-26南排灣語.xlsx,26南排灣語,876,,
sleep,pai_st,taqed,excel,30-09,睡覺,,2026學習詞表-26南排灣語.xlsx,26南排灣語,883,,
kill,pai_st,cemulju,excel,30-10,殺牲畜,,2026學習詞表-26南排灣語.xlsx,26南排灣語,884,,
lie,pai_st,kitjelangalj/’tjelangalj,excel,30-16,仰臥,,2026學習詞表-26南排灣語.xlsx,26南排灣語,890,,
burn,pai_st,ljemama,excel,30-20,燒(如燒稻草),,2026學習詞表-26南排灣語.xlsx,26南排灣語,894,,
hunt,pai_st,pudringay,excel,30-25,陷獵,,2026學習詞表-26南排灣語.xlsx,26南排灣語,899,,
burn,pai_st,medjek/medje’,excel,30-54,燃燒,,2026學習詞表-26南排灣語.xlsx,26南排灣語,928,,
drink,pai_st,temekel/teme’el,excel,30-61,喝(水),,2026學習詞表-26南排灣語.xlsx,26南排灣語,935,,
sing,pai_st,semenay,excel,30-64,唱歌,,2026學習詞表-26南排灣語.xlsx,26南排灣語,938,,
play,pai_st,kivangavang/’ivangavang,excel,30-65,玩耍,,2026學習詞表-26南排灣語.xlsx,26南排灣語,939,,
die,pai_st,macay,excel,31-01,死亡,,2026學習詞表-26南排灣語.xlsx,26南排灣語,941,,
live,pai_st,valjualjut,excel,31-08,活的,,2026學習詞表-26南排灣語.xlsx,26南排灣語,948,,
heavy,pai_st,sadjelung,excel,32-02,重(重量),,2026學習詞表-26南排灣語.xlsx,26南排灣語,963,,
big,pai_st,kudrakudral,excel,32-05,大的,,2026學習詞表-26南排灣語.xlsx,26南排灣語,966,,
cold,pai_st,ljaljeqel,excel,32-08,冷(氣候),,2026學習詞表-26南排灣語.xlsx,26南排灣語,969,,
small,pai_st,kedrikedri,excel,32-09,小的,,2026學習詞表-26南排灣語.xlsx,26南排灣語,970,,
many,pai_st,liaw,excel,32-10,多,,2026學習詞表-26南排灣語.xlsx,26南排灣語,971,,
cold,pai_st,vucelecelelj,excel,32-12,冰冷(物體),,2026學習詞表-26南排灣語.xlsx,26南排灣語,973,,
few,pai_st,kedri,excel,32-14,少,,2026學習詞表-26南排灣語.xlsx,26南排灣語,975,,
laugh,pai_st,djemeli,excel,32-16,笑,,2026學習詞表-26南排灣語.xlsx,26南排灣語,977,,
wet,pai_st,tjevetjeveng,excel,32-17,濕的,,2026學習詞表-26南排灣語.xlsx,26南排灣語,978,,
thick,pai_st,kedremel/kudremel,excel,32-19,厚,,2026學習詞表-26南排灣語.xlsx,26南排灣語,980,,
thin,pai_st,ljusepit,excel,32-21,薄,,2026學習詞表-26南排灣語.xlsx,26南排灣語,982,,
dirty,pai_st,kungakugnay,excel,32-22,髒,,2026學習詞表-26南排灣語.xlsx,26南排灣語,983,,
dry,pai_st,nametad,excel,32-28,乾的,,2026學習詞表-26南排灣語.xlsx,26南排灣語,989,,
new,pai_st,vaquan,excel,32-31,新的,,2026學習詞表-26南排灣語.xlsx,26南排灣語,992,,
old,pai_st,supisupil/ zumuzumul,excel,32-32,舊的,,2026學習詞表-26南排灣語.xlsx,26南排灣語,993,,
near,pai_st,dungdung/dut,excel,32-33,近,,2026學習詞表-26南排灣語.xlsx,26南排灣語,994,,
bad,pai_st,makapalak/ma’apalak,excel,32-35,壞掉,,2026學習詞表-26南排灣語.xlsx,26南排灣語,996,,
far,pai_st,cadja,excel,32-37,遠,,2026學習詞表-26南排灣語.xlsx,26南排灣語,998,,
swell,pai_st,minevalak,excel,32-38,腫,,2026學習詞表-26南排灣語.xlsx,26南排灣語,999,,
smooth,pai_st,djalut,excel,32-44,滑,,2026學習詞表-26南排灣語.xlsx,26南排灣語,1005,,
warm,pai_st,semeljec,excel,32-56,暖和,,2026學習詞表-26南排灣語.xlsx,26南排灣語,1017,,
dull,pai_st,namasusidang,excel,32-57,鈍的(指刀鋒),,2026學習詞表-26南排灣語.xlsx,26南排灣語,1018,,
straight,pai_st,masevec,excel,32-65,直,,2026學習詞表-26南排灣語.xlsx,26南排灣語,1026,,
full,pai_st,namapeljuq/mapeljuq,excel,32-66,滿了,,2026學習詞表-26南排灣語.xlsx,26南排灣語,1027,,
good,pai_st,nguanguaq / bulabulay,excel,32-67,好的,,2026學習詞表-26南排灣語.xlsx,26南排灣語,1028,,
wide,pai_st,tjaljiqaca,excel,32-68,寬敞,,2026學習詞表-26南排灣語.xlsx,26南排灣語,1029,,
correct,pai_st,paqulid,excel,32-69,正確,,2026學習詞表-26南排灣語.xlsx,26南排灣語,1030,,
warm,pai_st,maculjuculju,excel,32-72,溫的,,2026學習詞表-26南排灣語.xlsx,26南排灣語,1033,,
long,pai_st,ladruq,excel,32-74,長,,2026學習詞表-26南排灣語.xlsx,26南排灣語,1035,,
short,pai_st,drikitj,excel,32-76,短,,2026學習詞表-26南排灣語.xlsx,26南排灣語,1037,,
full,pai_st,mapeljuq,excel,32-79,滿,,2026學習詞表-26南排灣語.xlsx,26南排灣語,1040,,
wipe,pai_st,djemuas,excel,33-06,擦拭,,2026學習詞表-26南排灣語.xlsx,26南排灣語,1048,,
throw,pai_st,veneric,excel,34-19,丟棄,,2026學習詞表-26南排灣語.xlsx,26南排灣語,1069,,
count,pai_st,semupu,excel,34-29,數,,2026學習詞表-26南排灣語.xlsx,26南排灣語,1079,,
good,pai_st,bulay,excel,34-34,好,,2026學習詞表-26南排灣語.xlsx,26南排灣語,1084,,
not,pai_st,ini,excel,35-03,不是(回答用),,2026學習詞表-26南排灣語.xlsx,26南排灣語,1092,,
because,pai_st,ayatua,excel,36-05,因為,,2026學習詞表-26南排灣語.xlsx,26南排灣語,1101,,
and,pai_st,katua,excel,36-18,和,,2026學習詞表-26南排灣語.xlsx,26南排灣語,1114,,
if,pai_st,nu,excel,36-22,如果,,2026學習詞表-26南排灣語.xlsx,26南排灣語,1118,,
at,pai_st,i,excel,36-35,在,,2026學習詞表-26南排灣語.xlsx,26南排灣語,1131,,
one,ruk_es,eea,excel,01-01,一,,2026學習詞表-27東魯凱語.xlsx,27東魯凱語,5,eea數數使用/vaeva計量使用,
two,ruk_es,drosa,excel,01-02,二,,2026學習詞表-27東魯凱語.xlsx,27東魯凱語,6,,
three,ruk_es,tolro,excel,01-03,三,,2026學習詞表-27東魯凱語.xlsx,27東魯凱語,7,,
four,ruk_es,soʼate,excel,01-04,四,,2026學習詞表-27東魯凱語.xlsx,27東魯凱語,8,,
five,ruk_es,lrima,excel,01-05,五,,2026學習詞表-27東魯凱語.xlsx,27東魯凱語,9,,
six,ruk_es,eneme,excel,01-06,六,,2026學習詞表-27東魯凱語.xlsx,27東魯凱語,10,,
seven,ruk_es,ʼito,excel,01-07,七,,2026學習詞表-27東魯凱語.xlsx,27東魯凱語,11,,
eight,ruk_es,valro,excel,01-08,八,,2026學習詞表-27東魯凱語.xlsx,27東魯凱語,12,,
nine,ruk_es,bangate,excel,01-09,九,,2026學習詞表-27東魯凱語.xlsx,27東魯凱語,13,,
ten,ruk_es,poloko/mangeale,excel,01-10,十,,2026學習詞表-27東魯凱語.xlsx,27東魯凱語,14,poloko數數使用/mangeale計量使用,
twenty,ruk_es,maʼosale,excel,01-20,二十,,2026學習詞表-27東魯凱語.xlsx,27東魯凱語,24,,
hundred,ruk_es,iday,excel,01-34,百,,2026學習詞表-27東魯凱語.xlsx,27東魯凱語,38,,
hundred,ruk_es,eea ka iday,excel,01-35,一百,,2026學習詞表-27東魯凱語.xlsx,27東魯凱語,39,,
some,ruk_es,bekelay,excel,01-38,一些,,2026學習詞表-27東魯凱語.xlsx,27東魯凱語,42,,
all,ruk_es,lreʼeng,excel,01-43,全部,,2026學習詞表-27東魯凱語.xlsx,27東魯凱語,47,,
few,ruk_es,bekela,excel,01-44,一點點,,2026學習詞表-27東魯凱語.xlsx,27東魯凱語,48,,
you_singular,ruk_es,koso,excel,02-01,你,,2026學習詞表-27東魯凱語.xlsx,27東魯凱語,51,,
i,ruk_es,konako,excel,02-02,我,,2026學習詞表-27東魯凱語.xlsx,27東魯凱語,52,,
he,ruk_es,kwani,excel,02-03,他,,2026學習詞表-27東魯凱語.xlsx,27東魯凱語,53,,
you_plural,ruk_es,konomi,excel,02-04,你們,,2026學習詞表-27東魯凱語.xlsx,27東魯凱語,54,,
we,ruk_es,konai,excel,02-05,我們,,2026學習詞表-27東魯凱語.xlsx,27東魯凱語,55,,
they,ruk_es,kolini,excel,02-06,他們,,2026學習詞表-27東魯凱語.xlsx,27東魯凱語,56,,
we,ruk_es,konai,excel,02-13,我們(排除式),,2026學習詞表-27東魯凱語.xlsx,27東魯凱語,63,,
we,ruk_es,kota； konai,excel,02-14,咱們(包含式),,2026學習詞表-27東魯凱語.xlsx,27東魯凱語,64,,
that,ruk_es,kwani,excel,02-16,那個,,2026學習詞表-27東魯凱語.xlsx,27東魯凱語,66,,
this,ruk_es,kaivai,excel,02-17,這個,,2026學習詞表-27東魯凱語.xlsx,27東魯凱語,67,,
here,ruk_es,kikai,excel,02-18,這裡,,2026學習詞表-27東魯凱語.xlsx,27東魯凱語,68,,
there,ruk_es,kawai,excel,02-19,那裡,,2026學習詞表-27東魯凱語.xlsx,27東魯凱語,69,,
how,ruk_es,miyakakwa,excel,03-03,如何:怎麼樣,,2026學習詞表-27東魯凱語.xlsx,27東魯凱語,74,,
when,ruk_es,loiga,excel,03-04,何時(未發生),,2026學習詞表-27東魯凱語.xlsx,27東魯凱語,75,,
who,ruk_es,anea,excel,03-05,誰,,2026學習詞表-27東魯凱語.xlsx,27東魯凱語,76,,
where,ruk_es,ino,excel,03-07,哪裡,,2026學習詞表-27東魯凱語.xlsx,27東魯凱語,78,,
how,ruk_es,kiyatoma,excel,03-09,怎麼,,2026學習詞表-27東魯凱語.xlsx,27東魯凱語,80,,
where,ruk_es,amani ino,excel,03-12,什麼地方,,2026學習詞表-27東魯凱語.xlsx,27東魯凱語,83,amani ino 問事件發生的位置，yakai ino 在什麼地方(要詢問更確切的位置及方位),
when,ruk_es,koiga,excel,03-13,何時(已發生),,2026學習詞表-27東魯凱語.xlsx,27東魯凱語,84,,
father,ruk_es,nama,excel,04-01,爸爸,,2026學習詞表-27東魯凱語.xlsx,27東魯凱語,87,nama直稱,
mother,ruk_es,naina,excel,04-02,媽媽,,2026學習詞表-27東魯凱語.xlsx,27東魯凱語,88,naina直稱,
wife,ruk_es,sakacekele,excel,04-07,配偶,,2026學習詞表-27東魯凱語.xlsx,27東魯凱語,93,,
husband,ruk_es,sakacekele,excel,04-07,配偶,,2026學習詞表-27東魯凱語.xlsx,27東魯凱語,93,,
wife,ruk_es,sakacekele,excel,04-15,丈夫/妻子,,2026學習詞表-27東魯凱語.xlsx,27東魯凱語,101,另作mwasakadrosa,
husband,ruk_es,sakacekele,excel,04-15,丈夫/妻子,,2026學習詞表-27東魯凱語.xlsx,27東魯凱語,101,另作mwasakadrosa,
name,ruk_es,nagane,excel,05-01,名字,,2026學習詞表-27東魯凱語.xlsx,27東魯凱語,114,,
child,ruk_es,lrolay,excel,05-05,孩童,,2026學習詞表-27東魯凱語.xlsx,27東魯凱語,118,,
woman,ruk_es,ababay,excel,05-07,女性,,2026學習詞表-27東魯凱語.xlsx,27東魯凱語,120,,
man,ruk_es,sawalay,excel,05-08,男性,,2026學習詞表-27東魯凱語.xlsx,27東魯凱語,121,,
person,ruk_es,omase,excel,05-09,人類,,2026學習詞表-27東魯凱語.xlsx,27東魯凱語,122,,
ear,ruk_es,calringa,excel,06-01,耳朵,,2026學習詞表-27東魯凱語.xlsx,27東魯凱語,140,,
leg,ruk_es,vagisi,excel,06-02,大腿,,2026學習詞表-27東魯凱語.xlsx,27東魯凱語,141,,
eye,ruk_es,maca,excel,06-03,眼睛,,2026學習詞表-27東魯凱語.xlsx,27東魯凱語,142,,
mouth,ruk_es,ngodoy,excel,06-05,嘴巴,,2026學習詞表-27東魯凱語.xlsx,27東魯凱語,144,,
head,ruk_es,awlro,excel,06-06,頭,,2026學習詞表-27東魯凱語.xlsx,27東魯凱語,145,,
fingernail,ruk_es,gamay,excel,06-07,指甲,,2026學習詞表-27東魯凱語.xlsx,27東魯凱語,146,,
hand,ruk_es,alrima,excel,06-08,手,,2026學習詞表-27東魯凱語.xlsx,27東魯凱語,147,,
nose,ruk_es,ngongoa,excel,06-10,鼻子,,2026學習詞表-27東魯凱語.xlsx,27東魯凱語,149,,
foot,ruk_es,draʼale,excel,06-11,腳,,2026學習詞表-27東魯凱語.xlsx,27東魯凱語,150,,
tooth,ruk_es,valisi,excel,06-12,牙齒,,2026學習詞表-27東魯凱語.xlsx,27東魯凱語,151,,
hair,ruk_es,ʼisiyo,excel,06-13,頭髮,,2026學習詞表-27東魯凱語.xlsx,27東魯凱語,152,,
blood,ruk_es,eray,excel,06-14,血,,2026學習詞表-27東魯凱語.xlsx,27東魯凱語,153,,
meat,ruk_es,bwate,excel,06-15,肉,,2026學習詞表-27東魯凱語.xlsx,27東魯凱語,154,,
belly,ruk_es,barang,excel,06-17,肚子,,2026學習詞表-27東魯凱語.xlsx,27東魯凱語,156,,
breast,ruk_es,thotho,excel,06-18,乳房,,2026學習詞表-27東魯凱語.xlsx,27東魯凱語,157,,
back,ruk_es,drelreke,excel,06-22,背部,,2026學習詞表-27東魯凱語.xlsx,27東魯凱語,161,,
skin,ruk_es,ikidri,excel,06-23,皮,,2026學習詞表-27東魯凱語.xlsx,27東魯凱語,162,,
heart,ruk_es,avava,excel,06-28,心臟,,2026學習詞表-27東魯凱語.xlsx,27東魯凱語,167,kavavong動物的心臟,
knee,ruk_es,ʼacolro,excel,06-31,膝蓋,,2026學習詞表-27東魯凱語.xlsx,27東魯凱語,170,,
liver,ruk_es,athay,excel,06-34,肝臟,,2026學習詞表-27東魯凱語.xlsx,27東魯凱語,173,,
fat,ruk_es,sima,excel,06-37,油脂,,2026學習詞表-27東魯凱語.xlsx,27東魯凱語,176,泛指動植物油,
tongue,ruk_es,lridame,excel,06-42,舌頭,,2026學習詞表-27東魯凱語.xlsx,27東魯凱語,181,,
neck,ruk_es,lree,excel,06-47,脖子,,2026學習詞表-27東魯凱語.xlsx,27東魯凱語,186,,
neck,ruk_es,talrelrea,excel,06-52,頸子；領子,,2026學習詞表-27東魯凱語.xlsx,27東魯凱語,191,,
tail,ruk_es,tawtho,excel,07-01,尾巴,,2026學習詞表-27東魯凱語.xlsx,27東魯凱語,197,,
dog,ruk_es,tawʼong,excel,07-03,狗,,2026學習詞表-27東魯凱語.xlsx,27東魯凱語,199,,
bird,ruk_es,azazame,excel,07-06,鳥,,2026學習詞表-27東魯凱語.xlsx,27東魯凱語,202,,
fish,ruk_es,kaang,excel,07-07,魚,,2026學習詞表-27東魯凱語.xlsx,27東魯凱語,203,,
snake,ruk_es,olawlay,excel,07-19,蛇,,2026學習詞表-27東魯凱語.xlsx,27東魯凱語,215,,
louse,ruk_es,koco,excel,07-33,頭蝨,,2026學習詞表-27東魯凱語.xlsx,27東魯凱語,229,,
worm,ruk_es,atatolrale,excel,07-39,蚯蚓,,2026學習詞表-27東魯凱語.xlsx,27東魯凱語,235,,
wing,ruk_es,ʼaridi,excel,07-49,翅膀,,2026學習詞表-27東魯凱語.xlsx,27東魯凱語,245,,
horn,ruk_es,laong,excel,07-64,(動物的)角,,2026學習詞表-27東魯凱語.xlsx,27東魯凱語,260,,
tree,ruk_es,angato,excel,08-03,樹,,2026學習詞表-27東魯凱語.xlsx,27東魯凱語,265,,
leaf,ruk_es,biya,excel,08-06,葉子,,2026學習詞表-27東魯凱語.xlsx,27東魯凱語,268,,
flower,ruk_es,bengelray,excel,08-09,花朵,,2026學習詞表-27東魯凱語.xlsx,27東魯凱語,271,,
stick,ruk_es,ʼilaka,excel,08-15,樹枝,,2026學習詞表-27東魯凱語.xlsx,27東魯凱語,277,,
fruit,ruk_es,madro,excel,08-16,(植物的)果實,,2026學習詞表-27東魯凱語.xlsx,27東魯凱語,278,,
grass,ruk_es,obolo,excel,08-20,草,,2026學習詞表-27東魯凱語.xlsx,27東魯凱語,282,,
fruit,ruk_es,akanekanea ka madro,excel,08-24,水果,,2026學習詞表-27東魯凱語.xlsx,27東魯凱語,286,,
root,ruk_es,balace,excel,08-28,樹根,,2026學習詞表-27東魯凱語.xlsx,27東魯凱語,290,,
seed,ruk_es,sasalreme,excel,08-44,種子,,2026學習詞表-27東魯凱語.xlsx,27東魯凱語,306,,
rope,ruk_es,sakakereng,excel,09-15,繩索,,2026學習詞表-27東魯凱語.xlsx,27東魯凱語,335,,
stick,ruk_es,ragoso,excel,09-18,枝條,,2026學習詞表-27東魯凱語.xlsx,27東魯凱語,338,,
ash,ruk_es,abo,excel,09-49,木炭灰,,2026學習詞表-27東魯凱語.xlsx,27東魯凱語,369,,
road,ruk_es,kaelrea,excel,10-01,道路,,2026學習詞表-27東魯凱語.xlsx,27東魯凱語,393,,
wind,ruk_es,sasevera,excel,10-04,風,,2026學習詞表-27東魯凱語.xlsx,27東魯凱語,396,,
sand,ruk_es,enay,excel,10-05,沙子,,2026學習詞表-27東魯凱語.xlsx,27東魯凱語,397,,
earth,ruk_es,dae,excel,10-06,泥土,,2026學習詞表-27東魯凱語.xlsx,27東魯凱語,398,,
river,ruk_es,drakerale,excel,10-07,河流,,2026學習詞表-27東魯凱語.xlsx,27東魯凱語,399,,
lake,ruk_es,bazo,excel,10-08,湖泊,,2026學習詞表-27東魯凱語.xlsx,27東魯凱語,400,,
forest,ruk_es,angatongato,excel,10-09,森林,,2026學習詞表-27東魯凱語.xlsx,27東魯凱語,401,,
sun,ruk_es,vay,excel,11-02,太陽,,2026學習詞表-27東魯凱語.xlsx,27東魯凱語,417,,
moon,ruk_es,dramare,excel,11-03,月亮,,2026學習詞表-27東魯凱語.xlsx,27東魯凱語,418,,
sky,ruk_es,sobelebeleng,excel,11-04,天空,,2026學習詞表-27東魯凱語.xlsx,27東魯凱語,419,,
star,ruk_es,tariyaw,excel,11-05,星星,,2026學習詞表-27東魯凱語.xlsx,27東魯凱語,420,,
rain,ruk_es,odale,excel,11-06,雨,,2026學習詞表-27東魯凱語.xlsx,27東魯凱語,421,,
snow,ruk_es,ʼasabo,excel,11-07,雪,,2026學習詞表-27東魯凱語.xlsx,27東魯凱語,422,,
cloud,ruk_es,emeeme,excel,11-12,雲,,2026學習詞表-27東魯凱語.xlsx,27東魯凱語,427,,
smoke,ruk_es,ebelre,excel,11-13,煙,,2026學習詞表-27東魯凱語.xlsx,27東魯凱語,428,,
fire,ruk_es,aʼoy,excel,11-17,火,,2026學習詞表-27東魯凱語.xlsx,27東魯凱語,432,,
ice,ruk_es,ʼasabo,excel,11-18,冰,,2026學習詞表-27東魯凱語.xlsx,27東魯凱語,433,,
stone,ruk_es,lrenege,excel,12-05,石頭,,2026學習詞表-27東魯凱語.xlsx,27東魯凱語,454,,
night,ruk_es,maong,excel,13-02,晚上,,2026學習詞表-27東魯凱語.xlsx,27東魯凱語,471,,
day,ruk_es,vaiya,excel,13-07,白天,,2026學習詞表-27東魯凱語.xlsx,27東魯凱語,476,,
night,ruk_es,maong,excel,13-22,夜,,2026學習詞表-27東魯凱語.xlsx,27東魯凱語,491,,
year,ruk_es,cayli,excel,13-28,年,,2026學習詞表-27東魯凱語.xlsx,27東魯凱語,497,,
in,ruk_es,adring,excel,14-01,裡面,,2026學習詞表-27東魯凱語.xlsx,27東魯凱語,502,,
at,ruk_es,yakai talidroma,excel,14-02,在某處,,2026學習詞表-27東魯凱語.xlsx,27東魯凱語,503,,
right,ruk_es,vanale,excel,14-10,右邊,,2026學習詞表-27東魯凱語.xlsx,27東魯凱語,511,,
left,ruk_es,viri,excel,14-11,左邊,,2026學習詞表-27東魯凱語.xlsx,27東魯凱語,512,,
water,ruk_es,acilay,excel,21-02,水,,2026學習詞表-27東魯凱語.xlsx,27東魯凱語,601,,
salt,ruk_es,timo,excel,21-07,鹽,,2026學習詞表-27東魯凱語.xlsx,27東魯凱語,606,,
egg,ruk_es,batoko,excel,21-09,蛋,,2026學習詞表-27東魯凱語.xlsx,27東魯凱語,608,,
white,ruk_es,ʼoliʼoli,excel,22-01,白色,,2026學習詞表-27東魯凱語.xlsx,27東魯凱語,626,,
black,ruk_es,’icecelreng,excel,22-02,黑色,,2026學習詞表-27東魯凱語.xlsx,27東魯凱語,627,,
red,ruk_es,direrele,excel,22-03,紅色,,2026學習詞表-27東魯凱語.xlsx,27東魯凱語,628,,
yellow,ruk_es,borarase,excel,22-05,黃色,,2026學習詞表-27東魯凱語.xlsx,27東魯凱語,630,,
green,ruk_es,salesese,excel,22-08,綠色,,2026學習詞表-27東魯凱語.xlsx,27東魯凱語,633,,
give,ruk_es,bay,excel,25-07,給,,2026學習詞表-27東魯凱語.xlsx,27東魯凱語,663,,
come,ruk_es,kela,excel,25-08,來,,2026學習詞表-27東魯凱語.xlsx,27東魯凱語,664,,
walk,ruk_es,dadavace,excel,25-10,走路,,2026學習詞表-27東魯凱語.xlsx,27東魯凱語,666,,
fly,ruk_es,aniʼalay,excel,25-12,飛,,2026學習詞表-27東魯凱語.xlsx,27東魯凱語,668,,
fall,ruk_es,mwatrerage,excel,25-26,(植物的果實)掉落,,2026學習詞表-27東魯凱語.xlsx,27東魯凱語,682,,
sit,ruk_es,takainene,excel,25-43,坐著,,2026學習詞表-27東魯凱語.xlsx,27東魯凱語,699,,
stand,ruk_es,yaidi,excel,25-44,站著,,2026學習詞表-27東魯凱語.xlsx,27東魯凱語,700,,
sit,ruk_es,twakainene,excel,26-03,坐下,,2026學習詞表-27東魯凱語.xlsx,27東魯凱語,712,,
hit,ruk_es,dameke,excel,26-08,打(人),,2026學習詞表-27東魯凱語.xlsx,27東魯凱語,717,,
stab,ruk_es,colrolo,excel,26-09,刺,,2026學習詞表-27東魯凱語.xlsx,27東魯凱語,718,,
push,ruk_es,dromolo,excel,26-13,推,,2026學習詞表-27東魯凱語.xlsx,27東魯凱語,722,,
scratch,ruk_es,gacegace,excel,26-18,抓癢,,2026學習詞表-27東魯凱語.xlsx,27東魯凱語,727,,
lie,ruk_es,tharatakanga,excel,26-20,躺,,2026學習詞表-27東魯凱語.xlsx,27東魯凱語,729,,
blow,ruk_es,bethebethe,excel,26-28,吹,,2026學習詞表-27東魯凱語.xlsx,27東魯凱語,737,,
dig,ruk_es,waroko,excel,26-29,挖掘,,2026學習詞表-27東魯凱語.xlsx,27東魯凱語,738,,
cut,ruk_es,ketekete,excel,26-30,切,,2026學習詞表-27東魯凱語.xlsx,27東魯凱語,739,,
swim,ruk_es,langoy,excel,26-31,游泳,,2026學習詞表-27東魯凱語.xlsx,27東魯凱語,740,,
tie,ruk_es,evege,excel,26-38,綁住,,2026學習詞表-27東魯凱語.xlsx,27東魯凱語,747,,
pull,ruk_es,bilibili,excel,26-39,拉,,2026學習詞表-27東魯凱語.xlsx,27東魯凱語,748,,
split,ruk_es,trekabe,excel,26-40,劈(木材),,2026學習詞表-27東魯凱語.xlsx,27東魯凱語,749,,
hold,ruk_es,takilili,excel,26-42,提著,,2026學習詞表-27東魯凱語.xlsx,27東魯凱語,751,takilili 提，watakilili 有提著(實現)，watakililiyana仍提著,
hold,ruk_es,gemegeme,excel,26-43,握著,,2026學習詞表-27東魯凱語.xlsx,27東魯凱語,752,gemegeme 握，gemegemema握著!,
tie,ruk_es,evege,excel,26-44,捆綁,,2026學習詞表-27東魯凱語.xlsx,27東魯凱語,753,,
scratch,ruk_es,gacegace,excel,26-56,搔癢,,2026學習詞表-27東魯凱語.xlsx,27東魯凱語,765,,
rub,ruk_es,gomagomo,excel,26-85,揉搓(衣物),,2026學習詞表-27東魯凱語.xlsx,27東魯凱語,794,,
lie,ruk_es,cicigiya,excel,26-88,側臥,,2026學習詞表-27東魯凱語.xlsx,27東魯凱語,797,,
fight,ruk_es,madadameke,excel,26-96,打架,,2026學習詞表-27東魯凱語.xlsx,27東魯凱語,805,,
squeeze,ruk_es,madrikidrikisi,excel,26-97,擠,,2026學習詞表-27東魯凱語.xlsx,27東魯凱語,806,,
dig,ruk_es,korokoro,excel,26-100,(用手)挖掘,,2026學習詞表-27東魯凱語.xlsx,27東魯凱語,809,,
stand,ruk_es,idiya,excel,26-105,起立,,2026學習詞表-27東魯凱語.xlsx,27東魯凱語,814,,
eat,ruk_es,kane / kwane,excel,27-01,吃,,2026學習詞表-27東魯凱語.xlsx,27東魯凱語,816,,
suck,ruk_es,theʼetheʼe,excel,27-02,吸,,2026學習詞表-27東魯凱語.xlsx,27東魯凱語,817,,
drink,ruk_es,ongolo,excel,27-03,喝,,2026學習詞表-27東魯凱語.xlsx,27東魯凱語,818,,
vomit,ruk_es,ota,excel,27-04,吐,,2026學習詞表-27東魯凱語.xlsx,27東魯凱語,819,,
bite,ruk_es,kac / kwac,excel,27-05,咬,,2026學習詞表-27東魯凱語.xlsx,27東魯凱語,820,,
eat,ruk_es,kane / kwane,excel,27-15,吃(東西),,2026學習詞表-27東魯凱語.xlsx,27東魯凱語,830,,
know,ruk_es,thingale,excel,28-02,知道,,2026學習詞表-27東魯凱語.xlsx,27東魯凱語,836,,
see,ruk_es,ceele,excel,28-03,看,,2026學習詞表-27東魯凱語.xlsx,27東魯凱語,837,,
say,ruk_es,kawriva,excel,28-04,說,,2026學習詞表-27東魯凱語.xlsx,27東魯凱語,838,,
smell,ruk_es,sabalri,excel,28-07,聞(如聞味道),,2026學習詞表-27東魯凱語.xlsx,27東魯凱語,841,,
hear,ruk_es,kilrala,excel,28-19,聽,,2026學習詞表-27東魯凱語.xlsx,27東魯凱語,853,,
think,ruk_es,mwalringalringaw,excel,28-25,想(思考),,2026學習詞表-27東魯凱語.xlsx,27東魯凱語,859,,
fear,ruk_es,mwakolodro,excel,29-02,害怕,,2026學習詞表-27東魯凱語.xlsx,27東魯凱語,866,,
wash,ruk_es,sinaw,excel,30-02,洗(衣物),,2026學習詞表-27東魯凱語.xlsx,27東魯凱語,876,,
sleep,ruk_es,waʼece,excel,30-09,睡覺,,2026學習詞表-27東魯凱語.xlsx,27東魯凱語,883,a’ece哄睡,
kill,ruk_es,colo,excel,30-10,殺牲畜,,2026學習詞表-27東魯凱語.xlsx,27東魯凱語,884,,
lie,ruk_es,thalrakwala,excel,30-16,躺臥,,2026學習詞表-27東魯凱語.xlsx,27東魯凱語,890,,
burn,ruk_es,laobo,excel,30-20,燒(如燒稻草),,2026學習詞表-27東魯凱語.xlsx,27東魯凱語,894,,
hunt,ruk_es,morotokolro,excel,30-25,陷獵(地洞),,2026學習詞表-27東魯凱語.xlsx,27東魯凱語,899,,
burn,ruk_es,gelrabe,excel,30-54,燃燒,,2026學習詞表-27東魯凱語.xlsx,27東魯凱語,928,,
drink,ruk_es,ongolo,excel,30-61,喝(水),,2026學習詞表-27東魯凱語.xlsx,27東魯凱語,935,,
sing,ruk_es,senay,excel,30-64,唱歌,,2026學習詞表-27東魯凱語.xlsx,27東魯凱語,938,,
play,ruk_es,kivaevang,excel,30-65,玩耍,,2026學習詞表-27東魯凱語.xlsx,27東魯凱語,939,,
die,ruk_es,ʼacay,excel,31-01,死亡,,2026學習詞表-27東魯凱語.xlsx,27東魯凱語,941,,
live,ruk_es,waodriodriʼi,excel,31-08,活的,,2026學習詞表-27東魯凱語.xlsx,27東魯凱語,948,,
heavy,ruk_es,matelrege,excel,32-02,重(重量),,2026學習詞表-27東魯凱語.xlsx,27東魯凱語,963,,
big,ruk_es,madraw,excel,32-05,大的,,2026學習詞表-27東魯凱語.xlsx,27東魯凱語,966,,
cold,ruk_es,mangerece,excel,32-08,冷,,2026學習詞表-27東魯凱語.xlsx,27東魯凱語,969,,
small,ruk_es,tikiya,excel,32-09,小的,,2026學習詞表-27東魯凱語.xlsx,27東魯凱語,970,,
many,ruk_es,makalra,excel,32-10,多,,2026學習詞表-27東魯凱語.xlsx,27東魯凱語,971,,
cold,ruk_es,mangangerece,excel,32-12,冰冷,,2026學習詞表-27東魯凱語.xlsx,27東魯凱語,973,,
few,ruk_es,bekela,excel,32-14,少的,,2026學習詞表-27東魯凱語.xlsx,27東魯凱語,975,,
laugh,ruk_es,macicava,excel,32-16,笑,,2026學習詞表-27東魯凱語.xlsx,27東魯凱語,977,,
wet,ruk_es,madiretheng,excel,32-17,濕的,,2026學習詞表-27東魯凱語.xlsx,27東魯凱語,978,,
thick,ruk_es,makedremelre,excel,32-19,厚的,,2026學習詞表-27東魯凱語.xlsx,27東魯凱語,980,,
thin,ruk_es,marobili,excel,32-21,薄的,,2026學習詞表-27東魯凱語.xlsx,27東魯凱語,982,,
dirty,ruk_es,matiyagawgaw,excel,32-22,髒,,2026學習詞表-27東魯凱語.xlsx,27東魯凱語,983,,
dry,ruk_es,mamealenga,excel,32-28,乾的,,2026學習詞表-27東魯凱語.xlsx,27東魯凱語,989,,
new,ruk_es,baowa,excel,32-31,新的,,2026學習詞表-27東魯凱語.xlsx,27東魯凱語,992,,
old,ruk_es,masoʼilri,excel,32-32,舊的,,2026學習詞表-27東魯凱語.xlsx,27東魯凱語,993,,
near,ruk_es,deethe,excel,32-33,近,,2026學習詞表-27東魯凱語.xlsx,27東魯凱語,994,,
bad,ruk_es,mwatoʼava,excel,32-35,壞掉,,2026學習詞表-27東魯凱語.xlsx,27東魯凱語,996,,
far,ruk_es,dayli,excel,32-37,遠,,2026學習詞表-27東魯凱語.xlsx,27東魯凱語,998,,
swell,ruk_es,mwabalrake,excel,32-38,腫,,2026學習詞表-27東魯凱語.xlsx,27東魯凱語,999,,
smooth,ruk_es,mathorare,excel,32-44,滑,,2026學習詞表-27東魯凱語.xlsx,27東魯凱語,1005,,
warm,ruk_es,madralredre,excel,32-56,暖和,,2026學習詞表-27東魯凱語.xlsx,27東魯凱語,1017,,
dull,ruk_es,maedrere,excel,32-57,鈍的(指器物),,2026學習詞表-27東魯凱語.xlsx,27東魯凱語,1018,,
straight,ruk_es,dringelrese,excel,32-65,直,,2026學習詞表-27東魯凱語.xlsx,27東魯凱語,1026,,
full,ruk_es,siyaetenga,excel,32-66,滿了,,2026學習詞表-27東魯凱語.xlsx,27東魯凱語,1027,,
wide,ruk_es,madraw,excel,32-68,(空間)寬敞,,2026學習詞表-27東魯凱語.xlsx,27東魯凱語,1029,,
correct,ruk_es,ahwahwa,excel,32-69,正確,,2026學習詞表-27東魯凱語.xlsx,27東魯凱語,1030,亦可稱為：atengatenga,
warm,ruk_es,malralri,excel,32-72,溫的(水),,2026學習詞表-27東魯凱語.xlsx,27東魯凱語,1033,,
long,ruk_es,mathangelra,excel,32-74,長,,2026學習詞表-27東魯凱語.xlsx,27東魯凱語,1035,,
short,ruk_es,edreka,excel,32-76,短,,2026學習詞表-27東魯凱語.xlsx,27東魯凱語,1037,,
full,ruk_es,siyaete,excel,32-79,滿滿,,2026學習詞表-27東魯凱語.xlsx,27東魯凱語,1040,,
wipe,ruk_es,mosakidri,excel,33-06,擦拭,,2026學習詞表-27東魯凱語.xlsx,27東魯凱語,1048,,
throw,ruk_es,cilri,excel,34-19,丟棄,,2026學習詞表-27東魯凱語.xlsx,27東魯凱語,1069,,
count,ruk_es,asi ʼi,excel,34-29,數(計算),,2026學習詞表-27東魯凱語.xlsx,27東魯凱語,1079,亦可:wasi’i， 念(課文)wasi’a,
good,ruk_es,mwadringadringai,excel,34-34,好,,2026學習詞表-27東魯凱語.xlsx,27東魯凱語,1084,,
not,ruk_es,maela,excel,35-03,不是(回答用),,2026學習詞表-27東魯凱語.xlsx,27東魯凱語,1092,亦可:ini,
because,ruk_es,asiloiya,excel,36-05,因為,,2026學習詞表-27東魯凱語.xlsx,27東魯凱語,1101,,
and,ruk_es,si,excel,36-18,和,,2026學習詞表-27東魯凱語.xlsx,27東魯凱語,1114,,
if,ruk_es,loiyasi,excel,36-22,如果,,2026學習詞表-27東魯凱語.xlsx,27東魯凱語,1118,,
one,ruk_bd,itha/vaeva,excel,01-01,一,,2026學習詞表-28霧台魯凱語.xlsx,28霧台魯凱語,5,itha數數使用/vaeva計量使用,
two,ruk_bd,drusa,excel,01-02,二,,2026學習詞表-28霧台魯凱語.xlsx,28霧台魯凱語,6,,
three,ruk_bd,tulru,excel,01-03,三,,2026學習詞表-28霧台魯凱語.xlsx,28霧台魯凱語,7,,
four,ruk_bd,supate,excel,01-04,四,,2026學習詞表-28霧台魯凱語.xlsx,28霧台魯凱語,8,,
five,ruk_bd,lrima,excel,01-05,五,,2026學習詞表-28霧台魯凱語.xlsx,28霧台魯凱語,9,,
six,ruk_bd,eneme,excel,01-06,六,,2026學習詞表-28霧台魯凱語.xlsx,28霧台魯凱語,10,,
seven,ruk_bd,pitu,excel,01-07,七,,2026學習詞表-28霧台魯凱語.xlsx,28霧台魯凱語,11,,
eight,ruk_bd,valru,excel,01-08,八,,2026學習詞表-28霧台魯凱語.xlsx,28霧台魯凱語,12,,
nine,ruk_bd,bangate,excel,01-09,九,,2026學習詞表-28霧台魯凱語.xlsx,28霧台魯凱語,13,,
ten,ruk_bd,mangeale,excel,01-10,十,,2026學習詞表-28霧台魯凱語.xlsx,28霧台魯凱語,14,pulruku為數字零，基數用法；mangeale序數用法,
twenty,ruk_bd,mapusale,excel,01-20,二十,,2026學習詞表-28霧台魯凱語.xlsx,28霧台魯凱語,24,,
hundred,ruk_bd,iday,excel,01-34,百,,2026學習詞表-28霧台魯凱語.xlsx,28霧台魯凱語,38,,
hundred,ruk_bd,vaeva ka iday,excel,01-35,一百,,2026學習詞表-28霧台魯凱語.xlsx,28霧台魯凱語,39,,
some,ruk_bd,bekelane,excel,01-38,一些,,2026學習詞表-28霧台魯凱語.xlsx,28霧台魯凱語,42,,
all,ruk_bd,patuelre,excel,01-43,全部,,2026學習詞表-28霧台魯凱語.xlsx,28霧台魯凱語,47,,
few,ruk_bd,bebebekelane,excel,01-44,一點點,,2026學習詞表-28霧台魯凱語.xlsx,28霧台魯凱語,48,,
you_singular,ruk_bd,kusu,excel,02-01,你,,2026學習詞表-28霧台魯凱語.xlsx,28霧台魯凱語,51,,
i,ruk_bd,kuaku,excel,02-02,我,,2026學習詞表-28霧台魯凱語.xlsx,28霧台魯凱語,52,,
he,ruk_bd,lasu,excel,02-03,他,,2026學習詞表-28霧台魯凱語.xlsx,28霧台魯凱語,53,,
you_plural,ruk_bd,kunumi,excel,02-04,你們,,2026學習詞表-28霧台魯凱語.xlsx,28霧台魯凱語,54,,
we,ruk_bd,kuta,excel,02-05,我們,,2026學習詞表-28霧台魯凱語.xlsx,28霧台魯凱語,55,,
they,ruk_bd,lalasu,excel,02-06,他們,,2026學習詞表-28霧台魯凱語.xlsx,28霧台魯凱語,56,,
we,ruk_bd,kunay,excel,02-13,我們(排除式),,2026學習詞表-28霧台魯凱語.xlsx,28霧台魯凱語,63,,
we,ruk_bd,kuta,excel,02-14,咱們(包含式),,2026學習詞表-28霧台魯凱語.xlsx,28霧台魯凱語,64,,
that,ruk_bd,kuidra,excel,02-16,那個,,2026學習詞表-28霧台魯凱語.xlsx,28霧台魯凱語,66,,
this,ruk_bd,kikay,excel,02-17,這個,,2026學習詞表-28霧台魯凱語.xlsx,28霧台魯凱語,67,,
here,ruk_bd,kawvay,excel,02-18,這裡,,2026學習詞表-28霧台魯凱語.xlsx,28霧台魯凱語,68,,
there,ruk_bd,kavay,excel,02-19,那裡,,2026學習詞表-28霧台魯凱語.xlsx,28霧台魯凱語,69,,
how,ruk_bd,watumane,excel,03-03,如何:怎麼樣,,2026學習詞表-28霧台魯凱語.xlsx,28霧台魯凱語,74,,
when,ruk_bd,luigane,excel,03-04,何時(未發生),,2026學習詞表-28霧台魯凱語.xlsx,28霧台魯凱語,75,,
who,ruk_bd,aneane,excel,03-05,誰,,2026學習詞表-28霧台魯凱語.xlsx,28霧台魯凱語,76,,
where,ruk_bd,yainu,excel,03-07,哪裡,,2026學習詞表-28霧台魯凱語.xlsx,28霧台魯凱語,78,,
how,ruk_bd,matumane,excel,03-09,怎麼,,2026學習詞表-28霧台魯凱語.xlsx,28霧台魯凱語,80,,
where,ruk_bd,inu,excel,03-12,什麼地方,,2026學習詞表-28霧台魯凱語.xlsx,28霧台魯凱語,83,,
when,ruk_bd,kuigane,excel,03-13,何時(已發生),,2026學習詞表-28霧台魯凱語.xlsx,28霧台魯凱語,84,,
father,ruk_bd,tatama,excel,04-01,爸爸,,2026學習詞表-28霧台魯凱語.xlsx,28霧台魯凱語,87,ama是我爸爸,
mother,ruk_bd,tiatina,excel,04-02,媽媽,,2026學習詞表-28霧台魯凱語.xlsx,28霧台魯凱語,88,ina是我媽媽,
wife,ruk_bd,wacekecekele,excel,04-07,配偶,,2026學習詞表-28霧台魯凱語.xlsx,28霧台魯凱語,93,,
husband,ruk_bd,wacekecekele,excel,04-07,配偶,,2026學習詞表-28霧台魯凱語.xlsx,28霧台魯凱語,93,,
wife,ruk_bd,tawane/labaibay,excel,04-15,丈夫/妻子,,2026學習詞表-28霧台魯凱語.xlsx,28霧台魯凱語,101,tawane丈夫/labaibay妻子,
husband,ruk_bd,tawane/labaibay,excel,04-15,丈夫/妻子,,2026學習詞表-28霧台魯凱語.xlsx,28霧台魯凱語,101,tawane丈夫/labaibay妻子,
name,ruk_bd,nagane,excel,05-01,名字,,2026學習詞表-28霧台魯凱語.xlsx,28霧台魯凱語,114,,
child,ruk_bd,vavalake,excel,05-05,孩童,,2026學習詞表-28霧台魯凱語.xlsx,28霧台魯凱語,118,,
woman,ruk_bd,ababay,excel,05-07,女性,,2026學習詞表-28霧台魯凱語.xlsx,28霧台魯凱語,120,,
man,ruk_bd,sawvalay,excel,05-08,男性,,2026學習詞表-28霧台魯凱語.xlsx,28霧台魯凱語,121,,
person,ruk_bd,umaumase,excel,05-09,人類,,2026學習詞表-28霧台魯凱語.xlsx,28霧台魯凱語,122,,
ear,ruk_bd,calringa,excel,06-01,耳朵,,2026學習詞表-28霧台魯凱語.xlsx,28霧台魯凱語,140,,
leg,ruk_bd,vagisi,excel,06-02,大腿,,2026學習詞表-28霧台魯凱語.xlsx,28霧台魯凱語,141,,
eye,ruk_bd,maca,excel,06-03,眼睛,,2026學習詞表-28霧台魯凱語.xlsx,28霧台魯凱語,142,,
mouth,ruk_bd,nguduy,excel,06-05,嘴巴,,2026學習詞表-28霧台魯凱語.xlsx,28霧台魯凱語,144,,
head,ruk_bd,aulru,excel,06-06,頭,,2026學習詞表-28霧台魯凱語.xlsx,28霧台魯凱語,145,,
fingernail,ruk_bd,kalesekesane,excel,06-07,指甲,,2026學習詞表-28霧台魯凱語.xlsx,28霧台魯凱語,146,,
hand,ruk_bd,alrima,excel,06-08,手,,2026學習詞表-28霧台魯凱語.xlsx,28霧台魯凱語,147,,
nose,ruk_bd,ngunguane,excel,06-10,鼻子,,2026學習詞表-28霧台魯凱語.xlsx,28霧台魯凱語,149,,
foot,ruk_bd,drapale,excel,06-11,腳,,2026學習詞表-28霧台魯凱語.xlsx,28霧台魯凱語,150,,
tooth,ruk_bd,valisi,excel,06-12,牙齒,,2026學習詞表-28霧台魯凱語.xlsx,28霧台魯凱語,151,,
hair,ruk_bd,isiw,excel,06-13,頭髮,,2026學習詞表-28霧台魯凱語.xlsx,28霧台魯凱語,152,,
blood,ruk_bd,eray,excel,06-14,血,,2026學習詞表-28霧台魯凱語.xlsx,28霧台魯凱語,153,,
meat,ruk_bd,beate,excel,06-15,肉,,2026學習詞表-28霧台魯凱語.xlsx,28霧台魯凱語,154,,
belly,ruk_bd,barange,excel,06-17,肚子,,2026學習詞表-28霧台魯凱語.xlsx,28霧台魯凱語,156,,
breast,ruk_bd,thuthu,excel,06-18,乳房,,2026學習詞表-28霧台魯凱語.xlsx,28霧台魯凱語,157,,
back,ruk_bd,drelreke,excel,06-22,背部,,2026學習詞表-28霧台魯凱語.xlsx,28霧台魯凱語,161,,
skin,ruk_bd,lrangici,excel,06-23,皮,,2026學習詞表-28霧台魯凱語.xlsx,28霧台魯凱語,162,,
heart,ruk_bd,avaava,excel,06-28,心臟,,2026學習詞表-28霧台魯凱語.xlsx,28霧台魯凱語,167,,
knee,ruk_bd,paculru,excel,06-31,膝蓋,,2026學習詞表-28霧台魯凱語.xlsx,28霧台魯凱語,170,,
liver,ruk_bd,athay,excel,06-34,肝臟,,2026學習詞表-28霧台魯凱語.xlsx,28霧台魯凱語,173,,
fat,ruk_bd,sima,excel,06-37,油脂,,2026學習詞表-28霧台魯凱語.xlsx,28霧台魯凱語,176,,
tongue,ruk_bd,lridame,excel,06-42,舌頭,,2026學習詞表-28霧台魯凱語.xlsx,28霧台魯凱語,181,,
neck,ruk_bd,lre,excel,06-47,脖子,,2026學習詞表-28霧台魯凱語.xlsx,28霧台魯凱語,186,,
neck,ruk_bd,tikuthu,excel,06-52,頸子；領子,,2026學習詞表-28霧台魯凱語.xlsx,28霧台魯凱語,191,,
tail,ruk_bd,tawthu,excel,07-01,尾巴,,2026學習詞表-28霧台魯凱語.xlsx,28霧台魯凱語,197,,
dog,ruk_bd,tawpungu,excel,07-03,狗,,2026學習詞表-28霧台魯凱語.xlsx,28霧台魯凱語,199,,
bird,ruk_bd,adhaadhame,excel,07-06,鳥,,2026學習詞表-28霧台魯凱語.xlsx,28霧台魯凱語,202,,
fish,ruk_bd,kaange,excel,07-07,魚,,2026學習詞表-28霧台魯凱語.xlsx,28霧台魯凱語,203,,
snake,ruk_bd,dulay,excel,07-19,蛇,,2026學習詞表-28霧台魯凱語.xlsx,28霧台魯凱語,215,sulraw,
louse,ruk_bd,kucu,excel,07-33,頭蝨,,2026學習詞表-28霧台魯凱語.xlsx,28霧台魯凱語,229,,
worm,ruk_bd,atatulrale,excel,07-39,蚯蚓,,2026學習詞表-28霧台魯凱語.xlsx,28霧台魯凱語,235,katudray,
wing,ruk_bd,sapakepake,excel,07-49,翅膀,,2026學習詞表-28霧台魯凱語.xlsx,28霧台魯凱語,245,,
horn,ruk_bd,laungu,excel,07-64,(動物的)角,,2026學習詞表-28霧台魯凱語.xlsx,28霧台魯凱語,260,,
tree,ruk_bd,angatu,excel,08-03,樹,,2026學習詞表-28霧台魯凱語.xlsx,28霧台魯凱語,265,,
leaf,ruk_bd,vasaw,excel,08-06,葉子,,2026學習詞表-28霧台魯凱語.xlsx,28霧台魯凱語,268,,
flower,ruk_bd,bengelray,excel,08-09,花朵,,2026學習詞表-28霧台魯凱語.xlsx,28霧台魯凱語,271,,
stick,ruk_bd,ricingi,excel,08-15,樹枝,,2026學習詞表-28霧台魯凱語.xlsx,28霧台魯凱語,277,rugusu,
fruit,ruk_bd,madru,excel,08-16,(植物的)果實,,2026學習詞表-28霧台魯凱語.xlsx,28霧台魯凱語,278,,
grass,ruk_bd,ubulu,excel,08-20,草,,2026學習詞表-28霧台魯凱語.xlsx,28霧台魯凱語,282,,
fruit,ruk_bd,madru ki angatu,excel,08-24,水果,,2026學習詞表-28霧台魯凱語.xlsx,28霧台魯凱語,286,,
root,ruk_bd,balace,excel,08-28,樹根,,2026學習詞表-28霧台魯凱語.xlsx,28霧台魯凱語,290,,
seed,ruk_bd,sapaivay,excel,08-44,種子,,2026學習詞表-28霧台魯凱語.xlsx,28霧台魯凱語,306,,
rope,ruk_bd,calrisi,excel,09-15,繩索,,2026學習詞表-28霧台魯凱語.xlsx,28霧台魯凱語,335,,
stick,ruk_bd,ricingi,excel,09-18,枝條,,2026學習詞表-28霧台魯凱語.xlsx,28霧台魯凱語,338,,
ash,ruk_bd,abu,excel,09-49,木炭灰,,2026學習詞表-28霧台魯凱語.xlsx,28霧台魯凱語,369,,
road,ruk_bd,kadalranane,excel,10-01,道路,,2026學習詞表-28霧台魯凱語.xlsx,28霧台魯凱語,393,,
wind,ruk_bd,saseverane,excel,10-04,風,,2026學習詞表-28霧台魯凱語.xlsx,28霧台魯凱語,396,,
sand,ruk_bd,enay,excel,10-05,沙子,,2026學習詞表-28霧台魯凱語.xlsx,28霧台魯凱語,397,,
earth,ruk_bd,dae,excel,10-06,泥土,,2026學習詞表-28霧台魯凱語.xlsx,28霧台魯凱語,398,,
river,ruk_bd,kaadravane,excel,10-07,河流,,2026學習詞表-28霧台魯凱語.xlsx,28霧台魯凱語,399,,
lake,ruk_bd,baiyu,excel,10-08,湖泊,,2026學習詞表-28霧台魯凱語.xlsx,28霧台魯凱語,400,,
forest,ruk_bd,tenaenale,excel,10-09,森林,,2026學習詞表-28霧台魯凱語.xlsx,28霧台魯凱語,401,,
sun,ruk_bd,vai,excel,11-02,太陽,,2026學習詞表-28霧台魯凱語.xlsx,28霧台魯凱語,417,,
moon,ruk_bd,dramare,excel,11-03,月亮,,2026學習詞表-28霧台魯凱語.xlsx,28霧台魯凱語,418,,
sky,ruk_bd,subelebelenge,excel,11-04,天空,,2026學習詞表-28霧台魯凱語.xlsx,28霧台魯凱語,419,,
star,ruk_bd,tariaw,excel,11-05,星星,,2026學習詞表-28霧台魯凱語.xlsx,28霧台魯凱語,420,,
rain,ruk_bd,udale,excel,11-06,雨,,2026學習詞表-28霧台魯凱語.xlsx,28霧台魯凱語,421,,
snow,ruk_bd,pasaabu,excel,11-07,雪,,2026學習詞表-28霧台魯凱語.xlsx,28霧台魯凱語,422,,
cloud,ruk_bd,emeeme,excel,11-12,雲,,2026學習詞表-28霧台魯凱語.xlsx,28霧台魯凱語,427,,
smoke,ruk_bd,ebelre,excel,11-13,煙,,2026學習詞表-28霧台魯凱語.xlsx,28霧台魯凱語,428,,
fire,ruk_bd,apuy,excel,11-17,火,,2026學習詞表-28霧台魯凱語.xlsx,28霧台魯凱語,432,,
ice,ruk_bd,kuulri,excel,11-18,冰,,2026學習詞表-28霧台魯凱語.xlsx,28霧台魯凱語,433,,
stone,ruk_bd,lrenege,excel,12-05,石頭,,2026學習詞表-28霧台魯凱語.xlsx,28霧台魯凱語,454,,
night,ruk_bd,maungu,excel,13-02,晚上,,2026學習詞表-28霧台魯凱語.xlsx,28霧台魯凱語,471,,
day,ruk_bd,vaiane,excel,13-07,白天,,2026學習詞表-28霧台魯凱語.xlsx,28霧台魯凱語,476,,
night,ruk_bd,maungane,excel,13-22,夜,,2026學習詞表-28霧台魯凱語.xlsx,28霧台魯凱語,491,,
year,ruk_bd,caili,excel,13-28,年,,2026學習詞表-28霧台魯凱語.xlsx,28霧台魯凱語,497,,
in,ruk_bd,adringi,excel,14-01,裡面,,2026學習詞表-28霧台魯凱語.xlsx,28霧台魯凱語,502,,
at,ruk_bd,taikaiyane,excel,14-02,在某處,,2026學習詞表-28霧台魯凱語.xlsx,28霧台魯凱語,503,,
right,ruk_bd,vanale,excel,14-10,右邊,,2026學習詞表-28霧台魯凱語.xlsx,28霧台魯凱語,511,,
left,ruk_bd,viri,excel,14-11,左邊,,2026學習詞表-28霧台魯凱語.xlsx,28霧台魯凱語,512,,
water,ruk_bd,acilay,excel,21-02,水,,2026學習詞表-28霧台魯凱語.xlsx,28霧台魯凱語,601,,
salt,ruk_bd,timu,excel,21-07,鹽,,2026學習詞表-28霧台魯凱語.xlsx,28霧台魯凱語,606,,
egg,ruk_bd,batuku,excel,21-09,蛋,,2026學習詞表-28霧台魯凱語.xlsx,28霧台魯凱語,608,,
white,ruk_bd,lraulrapungu/pupuli,excel,22-01,白色,,2026學習詞表-28霧台魯凱語.xlsx,28霧台魯凱語,626,,
black,ruk_bd,icecelrenge,excel,22-02,黑色,,2026學習詞表-28霧台魯凱語.xlsx,28霧台魯凱語,627,,
red,ruk_bd,duduli,excel,22-03,紅色,,2026學習詞表-28霧台魯凱語.xlsx,28霧台魯凱語,628,,
yellow,ruk_bd,buaburavane,excel,22-05,黃色,,2026學習詞表-28霧台魯凱語.xlsx,28霧台魯凱語,630,,
green,ruk_bd,saleseese,excel,22-08,綠色,,2026學習詞表-28霧台魯凱語.xlsx,28霧台魯凱語,633,,
give,ruk_bd,wabaai,excel,25-07,給,,2026學習詞表-28霧台魯凱語.xlsx,28霧台魯凱語,663,,
come,ruk_bd,kela,excel,25-08,來,,2026學習詞表-28霧台魯凱語.xlsx,28霧台魯凱語,664,,
walk,ruk_bd,wadadavace,excel,25-10,走路,,2026學習詞表-28霧台魯凱語.xlsx,28霧台魯凱語,666,,
fly,ruk_bd,ngiapalay,excel,25-12,飛,,2026學習詞表-28霧台魯凱語.xlsx,28霧台魯凱語,668,,
fall,ruk_bd,muaruuru,excel,25-26,(植物的果實)掉落,,2026學習詞表-28霧台魯凱語.xlsx,28霧台魯凱語,682,,
sit,ruk_bd,wanene,excel,25-43,坐著,,2026學習詞表-28霧台魯凱語.xlsx,28霧台魯凱語,699,,
stand,ruk_bd,acegecege,excel,25-44,站著,,2026學習詞表-28霧台魯凱語.xlsx,28霧台魯凱語,700,,
sit,ruk_bd,nene,excel,26-03,坐下,,2026學習詞表-28霧台魯凱語.xlsx,28霧台魯凱語,712,,
hit,ruk_bd,lrumay,excel,26-08,打(人),,2026學習詞表-28霧台魯凱語.xlsx,28霧台魯凱語,717,,
stab,ruk_bd,culrulu,excel,26-09,刺,,2026學習詞表-28霧台魯凱語.xlsx,28霧台魯凱語,718,,
push,ruk_bd,drumulru,excel,26-13,推,,2026學習詞表-28霧台魯凱語.xlsx,28霧台魯凱語,722,drumulru推人；drurudruru推東西,
scratch,ruk_bd,gacegace,excel,26-18,抓癢,,2026學習詞表-28霧台魯凱語.xlsx,28霧台魯凱語,727,,
lie,ruk_bd,tharuatakange,excel,26-20,躺,,2026學習詞表-28霧台魯凱語.xlsx,28霧台魯凱語,729,,
blow,ruk_bd,iipi,excel,26-28,吹,,2026學習詞表-28霧台魯凱語.xlsx,28霧台魯凱語,737,,
dig,ruk_bd,lruku,excel,26-29,挖掘,,2026學習詞表-28霧台魯凱語.xlsx,28霧台魯凱語,738,keale,
cut,ruk_bd,gelregelre,excel,26-30,切,,2026學習詞表-28霧台魯凱語.xlsx,28霧台魯凱語,739,,
swim,ruk_bd,languy,excel,26-31,游泳,,2026學習詞表-28霧台魯凱語.xlsx,28霧台魯凱語,740,lredepe,
tie,ruk_bd,kerenge,excel,26-38,綁住,,2026學習詞表-28霧台魯凱語.xlsx,28霧台魯凱語,747,therece,
pull,ruk_bd,bilibili,excel,26-39,拉,,2026學習詞表-28霧台魯凱語.xlsx,28霧台魯凱語,748,,
split,ruk_bd,bucuku,excel,26-40,劈(木材),,2026學習詞表-28霧台魯凱語.xlsx,28霧台魯凱語,749,,
hold,ruk_bd,takilili,excel,26-42,提著,,2026學習詞表-28霧台魯凱語.xlsx,28霧台魯凱語,751,,
hold,ruk_bd,gemegeme,excel,26-43,握著,,2026學習詞表-28霧台魯凱語.xlsx,28霧台魯凱語,752,,
tie,ruk_bd,lripalripi,excel,26-44,捆綁,,2026學習詞表-28霧台魯凱語.xlsx,28霧台魯凱語,753,erece,
scratch,ruk_bd,gacegace,excel,26-56,搔癢,,2026學習詞表-28霧台魯凱語.xlsx,28霧台魯凱語,765,,
rub,ruk_bd,gumagumu,excel,26-85,揉搓(衣物),,2026學習詞表-28霧台魯凱語.xlsx,28霧台魯凱語,794,,
lie,ruk_bd,cicigiane apece,excel,26-88,側臥,,2026學習詞表-28霧台魯凱語.xlsx,28霧台魯凱語,797,,
fight,ruk_bd,maulucu,excel,26-96,打架,,2026學習詞表-28霧台魯凱語.xlsx,28霧台魯凱語,805,,
squeeze,ruk_bd,drikisi/riithi/ramethe,excel,26-97,擠,,2026學習詞表-28霧台魯凱語.xlsx,28霧台魯凱語,806,,
dig,ruk_bd,kulrukulru,excel,26-100,(用手)挖掘,,2026學習詞表-28霧台魯凱語.xlsx,28霧台魯凱語,809,,
stand,ruk_bd,acegecega/idia,excel,26-105,起立,,2026學習詞表-28霧台魯凱語.xlsx,28霧台魯凱語,814,,
eat,ruk_bd,kane,excel,27-01,吃,,2026學習詞表-28霧台魯凱語.xlsx,28霧台魯凱語,816,,
suck,ruk_bd,therepe,excel,27-02,吸,,2026學習詞表-28霧台魯凱語.xlsx,28霧台魯凱語,817,,
drink,ruk_bd,ungulu,excel,27-03,喝,,2026學習詞表-28霧台魯凱語.xlsx,28霧台魯凱語,818,,
vomit,ruk_bd,puauta,excel,27-04,吐,,2026學習詞表-28霧台魯凱語.xlsx,28霧台魯凱語,819,saulri,
bite,ruk_bd,kaace,excel,27-05,咬,,2026學習詞表-28霧台魯凱語.xlsx,28霧台魯凱語,820,,
eat,ruk_bd,kane,excel,27-15,吃(東西),,2026學習詞表-28霧台魯凱語.xlsx,28霧台魯凱語,830,,
know,ruk_bd,thingale,excel,28-02,知道,,2026學習詞表-28霧台魯凱語.xlsx,28霧台魯凱語,836,,
see,ruk_bd,dreele,excel,28-03,看,,2026學習詞表-28霧台魯凱語.xlsx,28霧台魯凱語,837,,
say,ruk_bd,kawariva,excel,28-04,說,,2026學習詞表-28霧台魯凱語.xlsx,28霧台魯凱語,838,,
smell,ruk_bd,sabalri,excel,28-07,聞(如聞味道),,2026學習詞表-28霧台魯凱語.xlsx,28霧台魯凱語,841,,
hear,ruk_bd,kialalra,excel,28-19,聽,,2026學習詞表-28霧台魯凱語.xlsx,28霧台魯凱語,853,,
think,ruk_bd,kiadremedreme,excel,28-25,想(思考),,2026學習詞表-28霧台魯凱語.xlsx,28霧台魯凱語,859,,
fear,ruk_bd,makiwcu,excel,29-02,害怕,,2026學習詞表-28霧台魯凱語.xlsx,28霧台魯凱語,866,,
wash,ruk_bd,sinaw,excel,30-02,洗(衣物),,2026學習詞表-28霧台魯凱語.xlsx,28霧台魯凱語,876,,
sleep,ruk_bd,apece,excel,30-09,睡覺,,2026學習詞表-28霧台魯凱語.xlsx,28霧台魯凱語,883,masipelrenge睡著,
kill,ruk_bd,culu,excel,30-10,殺牲畜,,2026學習詞表-28霧台魯凱語.xlsx,28霧台魯凱語,884,,
lie,ruk_bd,tharuatakange apece,excel,30-16,躺臥,,2026學習詞表-28霧台魯凱語.xlsx,28霧台魯凱語,890,,
burn,ruk_bd,lama,excel,30-20,燒(如燒稻草),,2026學習詞表-28霧台魯凱語.xlsx,28霧台魯凱語,894,,
hunt,ruk_bd,lrubange,excel,30-25,陷獵(地洞),,2026學習詞表-28霧台魯凱語.xlsx,28霧台魯凱語,899,,
burn,ruk_bd,kuadaladalay,excel,30-54,燃燒,,2026學習詞表-28霧台魯凱語.xlsx,28霧台魯凱語,928,,
drink,ruk_bd,ungulu,excel,30-61,喝(水),,2026學習詞表-28霧台魯凱語.xlsx,28霧台魯凱語,935,,
sing,ruk_bd,senay,excel,30-64,唱歌,,2026學習詞表-28霧台魯凱語.xlsx,28霧台魯凱語,938,,
play,ruk_bd,kiavaavange,excel,30-65,玩耍,,2026學習詞表-28霧台魯凱語.xlsx,28霧台魯凱語,939,,
die,ruk_bd,pacay,excel,31-01,死亡,,2026學習詞表-28霧台魯凱語.xlsx,28霧台魯凱語,941,,
live,ruk_bd,panianianiake,excel,31-08,活的,,2026學習詞表-28霧台魯凱語.xlsx,28霧台魯凱語,948,,
heavy,ruk_bd,matelrege,excel,32-02,重(重量),,2026學習詞表-28霧台魯凱語.xlsx,28霧台魯凱語,963,,
big,ruk_bd,maadraw,excel,32-05,大的,,2026學習詞表-28霧台魯凱語.xlsx,28霧台魯凱語,966,,
cold,ruk_bd,makecelre,excel,32-08,冷,,2026學習詞表-28霧台魯凱語.xlsx,28霧台魯凱語,969,,
small,ruk_bd,tikiane,excel,32-09,小的,,2026學習詞表-28霧台魯凱語.xlsx,28霧台魯凱語,970,,
many,ruk_bd,makalra,excel,32-10,多,,2026學習詞表-28霧台魯凱語.xlsx,28霧台魯凱語,971,,
cold,ruk_bd,mangangerece,excel,32-12,冰冷,,2026學習詞表-28霧台魯凱語.xlsx,28霧台魯凱語,973,,
few,ruk_bd,bekelane,excel,32-14,少的,,2026學習詞表-28霧台魯凱語.xlsx,28霧台魯凱語,975,,
laugh,ruk_bd,mualrakay,excel,32-16,笑,,2026學習詞表-28霧台魯凱語.xlsx,28霧台魯凱語,977,,
wet,ruk_bd,dedepe,excel,32-17,濕的,,2026學習詞表-28霧台魯凱語.xlsx,28霧台魯凱語,978,,
thick,ruk_bd,makudremelre,excel,32-19,厚的,,2026學習詞表-28霧台魯凱語.xlsx,28霧台魯凱語,980,,
thin,ruk_bd,malubiiri,excel,32-21,薄的,,2026學習詞表-28霧台魯凱語.xlsx,28霧台魯凱語,982,,
dirty,ruk_bd,kudrulru,excel,32-22,髒,,2026學習詞表-28霧台魯凱語.xlsx,28霧台魯凱語,983,,
dry,ruk_bd,meameale,excel,32-28,乾的,,2026學習詞表-28霧台魯凱語.xlsx,28霧台魯凱語,989,,
new,ruk_bd,baavane,excel,32-31,新的,,2026學習詞表-28霧台魯凱語.xlsx,28霧台魯凱語,992,,
old,ruk_bd,supilri,excel,32-32,舊的,,2026學習詞表-28霧台魯凱語.xlsx,28霧台魯凱語,993,,
near,ruk_bd,deethe,excel,32-33,近,,2026學習詞表-28霧台魯凱語.xlsx,28霧台魯凱語,994,,
bad,ruk_bd,malisi,excel,32-35,壞掉,,2026學習詞表-28霧台魯凱語.xlsx,28霧台魯凱語,996,,
far,ruk_bd,adaili,excel,32-37,遠,,2026學習詞表-28霧台魯凱語.xlsx,28霧台魯凱語,998,,
swell,ruk_bd,muabalrake,excel,32-38,腫,,2026學習詞表-28霧台魯凱語.xlsx,28霧台魯凱語,999,,
smooth,ruk_bd,mathathulridri,excel,32-44,滑,,2026學習詞表-28霧台魯凱語.xlsx,28霧台魯凱語,1005,,
warm,ruk_bd,cucuulu,excel,32-56,暖和,,2026學習詞表-28霧台魯凱語.xlsx,28霧台魯凱語,1017,,
dull,ruk_bd,mailruthu,excel,32-57,鈍的(指器物),,2026學習詞表-28霧台魯凱語.xlsx,28霧台魯凱語,1018,,
straight,ruk_bd,madringelrese,excel,32-65,直,,2026學習詞表-28霧台魯凱語.xlsx,28霧台魯凱語,1026,,
full,ruk_bd,suaetenga,excel,32-66,滿了,,2026學習詞表-28霧台魯凱語.xlsx,28霧台魯凱語,1027,,
wide,ruk_bd,suaadraw,excel,32-68,(空間)寬敞,,2026學習詞表-28霧台魯凱語.xlsx,28霧台魯凱語,1029,,
correct,ruk_bd,pacengecenge,excel,32-69,正確,,2026學習詞表-28霧台魯凱語.xlsx,28霧台魯凱語,1030,,
warm,ruk_bd,thathithiiliti,excel,32-72,溫的(水),,2026學習詞表-28霧台魯凱語.xlsx,28霧台魯凱語,1033,,
long,ruk_bd,malragi,excel,32-74,長,,2026學習詞表-28霧台魯凱語.xlsx,28霧台魯凱語,1035,,
short,ruk_bd,edrekane,excel,32-76,短,,2026學習詞表-28霧台魯凱語.xlsx,28霧台魯凱語,1037,,
full,ruk_bd,mapuduku,excel,32-79,滿滿,,2026學習詞表-28霧台魯凱語.xlsx,28霧台魯凱語,1040,,
wipe,ruk_bd,selredre,excel,33-06,擦拭,,2026學習詞表-28霧台魯凱語.xlsx,28霧台魯凱語,1048,,
throw,ruk_bd,cilri,excel,34-19,丟棄,,2026學習詞表-28霧台魯凱語.xlsx,28霧台魯凱語,1069,,
count,ruk_bd,asipi,excel,34-29,數(計算),,2026學習詞表-28霧台魯凱語.xlsx,28霧台魯凱語,1079,,
good,ruk_bd,mathariri,excel,34-34,好,,2026學習詞表-28霧台魯凱語.xlsx,28霧台魯凱語,1084,,
not,ruk_bd,kaika,excel,35-03,不是(回答用),,2026學習詞表-28霧台魯凱語.xlsx,28霧台魯凱語,1092,,
because,ruk_bd,asiluiyane,excel,36-05,因為,,2026學習詞表-28霧台魯凱語.xlsx,28霧台魯凱語,1101,,
and,ruk_bd,si,excel,36-18,和,,2026學習詞表-28霧台魯凱語.xlsx,28霧台魯凱語,1114,,
if,ruk_bd,luiyasi,excel,36-22,如果,,2026學習詞表-28霧台魯凱語.xlsx,28霧台魯凱語,1118,,
one,ruk_tw,ea,excel,01-01,一,,2026學習詞表-29大武魯凱語.xlsx,29大武魯凱語,5,,
two,ruk_tw,drusa,excel,01-02,二,,2026學習詞表-29大武魯凱語.xlsx,29大武魯凱語,6,,
three,ruk_tw,tulru,excel,01-03,三,,2026學習詞表-29大武魯凱語.xlsx,29大武魯凱語,7,,
four,ruk_tw,supate,excel,01-04,四,,2026學習詞表-29大武魯凱語.xlsx,29大武魯凱語,8,,
five,ruk_tw,lrima,excel,01-05,五,,2026學習詞表-29大武魯凱語.xlsx,29大武魯凱語,9,,
six,ruk_tw,eneme,excel,01-06,六,,2026學習詞表-29大武魯凱語.xlsx,29大武魯凱語,10,,
seven,ruk_tw,pitu,excel,01-07,七,,2026學習詞表-29大武魯凱語.xlsx,29大武魯凱語,11,,
eight,ruk_tw,valru,excel,01-08,八,,2026學習詞表-29大武魯凱語.xlsx,29大武魯凱語,12,,
nine,ruk_tw,bangate,excel,01-09,九,,2026學習詞表-29大武魯凱語.xlsx,29大武魯凱語,13,,
ten,ruk_tw,mangeale,excel,01-10,十,,2026學習詞表-29大武魯凱語.xlsx,29大武魯凱語,14,pulruku零/mangeale計量使用,
twenty,ruk_tw,mapusale,excel,01-20,二十,,2026學習詞表-29大武魯凱語.xlsx,29大武魯凱語,24,,
hundred,ruk_tw,idai,excel,01-34,百,,2026學習詞表-29大武魯凱語.xlsx,29大武魯凱語,38,,
hundred,ruk_tw,ea ka idai,excel,01-35,一百,,2026學習詞表-29大武魯凱語.xlsx,29大武魯凱語,39,,
some,ruk_tw,bekela,excel,01-38,一些,,2026學習詞表-29大武魯凱語.xlsx,29大武魯凱語,42,,
all,ruk_tw,demedeme,excel,01-43,全部,,2026學習詞表-29大武魯凱語.xlsx,29大武魯凱語,47,,
few,ruk_tw,bebekela,excel,01-44,一點點,,2026學習詞表-29大武魯凱語.xlsx,29大武魯凱語,48,,
you_singular,ruk_tw,kusu,excel,02-01,你,,2026學習詞表-29大武魯凱語.xlsx,29大武魯凱語,51,,
i,ruk_tw,kunaku,excel,02-02,我,,2026學習詞表-29大武魯凱語.xlsx,29大武魯凱語,52,,
he,ruk_tw,lasu/alisu,excel,02-03,他,,2026學習詞表-29大武魯凱語.xlsx,29大武魯凱語,53,lasu(他)/alisu(她),
you_plural,ruk_tw,kunumi,excel,02-04,你們,,2026學習詞表-29大武魯凱語.xlsx,29大武魯凱語,54,,
we,ruk_tw,kunai,excel,02-05,我們,,2026學習詞表-29大武魯凱語.xlsx,29大武魯凱語,55,,
they,ruk_tw,lamaalalala/lamaalyali,excel,02-06,他們,,2026學習詞表-29大武魯凱語.xlsx,29大武魯凱語,56,lamaalalala(他們)/lamaalyali(她們),
we,ruk_tw,kunai,excel,02-13,我們(排除式),,2026學習詞表-29大武魯凱語.xlsx,29大武魯凱語,63,,
we,ruk_tw,kuta,excel,02-14,咱們(包含式),,2026學習詞表-29大武魯凱語.xlsx,29大武魯凱語,64,,
that,ruk_tw,kwani,excel,02-16,那個,,2026學習詞表-29大武魯凱語.xlsx,29大武魯凱語,66,,
this,ruk_tw,kaivai,excel,02-17,這個,,2026學習詞表-29大武魯凱語.xlsx,29大武魯凱語,67,,
here,ruk_tw,kaivai,excel,02-18,這裡,,2026學習詞表-29大武魯凱語.xlsx,29大武魯凱語,68,,
there,ruk_tw,kauwai,excel,02-19,那裡,,2026學習詞表-29大武魯凱語.xlsx,29大武魯凱語,69,,
how,ruk_tw,ngyatuma,excel,03-03,如何:怎麼樣,,2026學習詞表-29大武魯凱語.xlsx,29大武魯凱語,74,,
when,ruk_tw,luiga,excel,03-04,何時(未發生),,2026學習詞表-29大武魯凱語.xlsx,29大武魯凱語,75,,
who,ruk_tw,anea,excel,03-05,誰,,2026學習詞表-29大武魯凱語.xlsx,29大武魯凱語,76,,
where,ruk_tw,inu,excel,03-07,哪裡,,2026學習詞表-29大武魯凱語.xlsx,29大武魯凱語,78,,
how,ruk_tw,matuma,excel,03-09,怎麼,,2026學習詞表-29大武魯凱語.xlsx,29大武魯凱語,80,,
where,ruk_tw,yainu,excel,03-12,什麼地方,,2026學習詞表-29大武魯凱語.xlsx,29大武魯凱語,83,,
when,ruk_tw,kuiga,excel,03-13,何時(已發生),,2026學習詞表-29大武魯凱語.xlsx,29大武魯凱語,84,,
father,ruk_tw,name,excel,04-01,爸爸,,2026學習詞表-29大武魯凱語.xlsx,29大武魯凱語,87,name直稱/tama對外稱謂,
mother,ruk_tw,naine,excel,04-02,媽媽,,2026學習詞表-29大武魯凱語.xlsx,29大武魯凱語,88,naine直稱/tina對外稱謂,
wife,ruk_tw,tauwaa,excel,04-07,配偶,,2026學習詞表-29大武魯凱語.xlsx,29大武魯凱語,93,,
husband,ruk_tw,tauwaa,excel,04-07,配偶,,2026學習詞表-29大武魯凱語.xlsx,29大武魯凱語,93,,
wife,ruk_tw,tauwaa ka sauwalai,excel,04-15,丈夫/妻子,,2026學習詞表-29大武魯凱語.xlsx,29大武魯凱語,101,,
husband,ruk_tw,tauwaa ka sauwalai,excel,04-15,丈夫/妻子,,2026學習詞表-29大武魯凱語.xlsx,29大武魯凱語,101,,
name,ruk_tw,nagane,excel,05-01,名字,,2026學習詞表-29大武魯凱語.xlsx,29大武魯凱語,114,,
child,ruk_tw,lavavalake,excel,05-05,孩童,,2026學習詞表-29大武魯凱語.xlsx,29大武魯凱語,118,,
woman,ruk_tw,ababai,excel,05-07,女性,,2026學習詞表-29大武魯凱語.xlsx,29大武魯凱語,120,,
man,ruk_tw,sauwalai,excel,05-08,男性,,2026學習詞表-29大武魯凱語.xlsx,29大武魯凱語,121,,
person,ruk_tw,umase,excel,05-09,人類,,2026學習詞表-29大武魯凱語.xlsx,29大武魯凱語,122,,
ear,ruk_tw,calringa,excel,06-01,耳朵,,2026學習詞表-29大武魯凱語.xlsx,29大武魯凱語,140,,
leg,ruk_tw,vagisi,excel,06-02,大腿,,2026學習詞表-29大武魯凱語.xlsx,29大武魯凱語,141,,
eye,ruk_tw,maca,excel,06-03,眼睛,,2026學習詞表-29大武魯凱語.xlsx,29大武魯凱語,142,,
mouth,ruk_tw,ngudui,excel,06-05,嘴巴,,2026學習詞表-29大武魯凱語.xlsx,29大武魯凱語,144,,
head,ruk_tw,aulru,excel,06-06,頭,,2026學習詞表-29大武魯凱語.xlsx,29大武魯凱語,145,,
fingernail,ruk_tw,kalukua,excel,06-07,指甲,,2026學習詞表-29大武魯凱語.xlsx,29大武魯凱語,146,,
hand,ruk_tw,alrima,excel,06-08,手,,2026學習詞表-29大武魯凱語.xlsx,29大武魯凱語,147,,
nose,ruk_tw,ngungua,excel,06-10,鼻子,,2026學習詞表-29大武魯凱語.xlsx,29大武魯凱語,149,,
foot,ruk_tw,drapale,excel,06-11,腳,,2026學習詞表-29大武魯凱語.xlsx,29大武魯凱語,150,,
tooth,ruk_tw,valisi,excel,06-12,牙齒,,2026學習詞表-29大武魯凱語.xlsx,29大武魯凱語,151,,
hair,ruk_tw,isiyu,excel,06-13,頭髮,,2026學習詞表-29大武魯凱語.xlsx,29大武魯凱語,152,,
blood,ruk_tw,ehai,excel,06-14,血,,2026學習詞表-29大武魯凱語.xlsx,29大武魯凱語,153,,
meat,ruk_tw,beate,excel,06-15,肉,,2026學習詞表-29大武魯凱語.xlsx,29大武魯凱語,154,,
belly,ruk_tw,bahange,excel,06-17,肚子,,2026學習詞表-29大武魯凱語.xlsx,29大武魯凱語,156,,
breast,ruk_tw,thuthu,excel,06-18,乳房,,2026學習詞表-29大武魯凱語.xlsx,29大武魯凱語,157,,
back,ruk_tw,drelreke,excel,06-22,背部,,2026學習詞表-29大武魯凱語.xlsx,29大武魯凱語,161,,
skin,ruk_tw,ikidri,excel,06-23,皮,,2026學習詞表-29大武魯凱語.xlsx,29大武魯凱語,162,,
heart,ruk_tw,avava,excel,06-28,心臟,,2026學習詞表-29大武魯凱語.xlsx,29大武魯凱語,167,tetene,
knee,ruk_tw,paculru,excel,06-31,膝蓋,,2026學習詞表-29大武魯凱語.xlsx,29大武魯凱語,170,,
liver,ruk_tw,athai,excel,06-34,肝臟,,2026學習詞表-29大武魯凱語.xlsx,29大武魯凱語,173,,
fat,ruk_tw,sima,excel,06-37,油脂,,2026學習詞表-29大武魯凱語.xlsx,29大武魯凱語,176,,
tongue,ruk_tw,lridame,excel,06-42,舌頭,,2026學習詞表-29大武魯凱語.xlsx,29大武魯凱語,181,,
neck,ruk_tw,lree,excel,06-47,脖子,,2026學習詞表-29大武魯凱語.xlsx,29大武魯凱語,186,,
neck,ruk_tw,lree,excel,06-52,頸子；領子,,2026學習詞表-29大武魯凱語.xlsx,29大武魯凱語,191,,
tail,ruk_tw,tauthu,excel,07-01,尾巴,,2026學習詞表-29大武魯凱語.xlsx,29大武魯凱語,197,,
dog,ruk_tw,taupungu,excel,07-03,狗,,2026學習詞表-29大武魯凱語.xlsx,29大武魯凱語,199,,
bird,ruk_tw,adhadhame,excel,07-06,鳥,,2026學習詞表-29大武魯凱語.xlsx,29大武魯凱語,202,,
fish,ruk_tw,kaange,excel,07-07,魚,,2026學習詞表-29大武魯凱語.xlsx,29大武魯凱語,203,,
snake,ruk_tw,alawlai,excel,07-19,蛇,,2026學習詞表-29大武魯凱語.xlsx,29大武魯凱語,215,,
louse,ruk_tw,kucu,excel,07-33,頭蝨,,2026學習詞表-29大武魯凱語.xlsx,29大武魯凱語,229,,
worm,ruk_tw,atatulrale,excel,07-39,蚯蚓,,2026學習詞表-29大武魯凱語.xlsx,29大武魯凱語,235,,
wing,ruk_tw,pahidi,excel,07-49,翅膀,,2026學習詞表-29大武魯凱語.xlsx,29大武魯凱語,245,,
horn,ruk_tw,laungu,excel,07-64,(動物的)角,,2026學習詞表-29大武魯凱語.xlsx,29大武魯凱語,260,,
tree,ruk_tw,angatu,excel,08-03,樹,,2026學習詞表-29大武魯凱語.xlsx,29大武魯凱語,265,,
leaf,ruk_tw,biya,excel,08-06,葉子,,2026學習詞表-29大武魯凱語.xlsx,29大武魯凱語,268,,
flower,ruk_tw,bengelrai,excel,08-09,花朵,,2026學習詞表-29大武魯凱語.xlsx,29大武魯凱語,271,,
stick,ruk_tw,hagusu,excel,08-15,樹枝,,2026學習詞表-29大武魯凱語.xlsx,29大武魯凱語,277,hicingi,
fruit,ruk_tw,madru ki angatu,excel,08-16,(植物的)果實,,2026學習詞表-29大武魯凱語.xlsx,29大武魯凱語,278,,
grass,ruk_tw,ubulu,excel,08-20,草,,2026學習詞表-29大武魯凱語.xlsx,29大武魯凱語,282,,
fruit,ruk_tw,madru,excel,08-24,水果,,2026學習詞表-29大武魯凱語.xlsx,29大武魯凱語,286,,
root,ruk_tw,balace,excel,08-28,樹根,,2026學習詞表-29大武魯凱語.xlsx,29大武魯凱語,290,,
seed,ruk_tw,sapaivai,excel,08-44,種子,,2026學習詞表-29大武魯凱語.xlsx,29大武魯凱語,306,,
rope,ruk_tw,calrisi,excel,09-15,繩索,,2026學習詞表-29大武魯凱語.xlsx,29大武魯凱語,335,,
stick,ruk_tw,hicingi,excel,09-18,枝條,,2026學習詞表-29大武魯凱語.xlsx,29大武魯凱語,338,,
ash,ruk_tw,abu,excel,09-49,木炭灰,,2026學習詞表-29大武魯凱語.xlsx,29大武魯凱語,369,,
road,ruk_tw,kaelrea,excel,10-01,道路,,2026學習詞表-29大武魯凱語.xlsx,29大武魯凱語,393,,
wind,ruk_tw,saseveha,excel,10-04,風,,2026學習詞表-29大武魯凱語.xlsx,29大武魯凱語,396,,
sand,ruk_tw,enai,excel,10-05,沙子,,2026學習詞表-29大武魯凱語.xlsx,29大武魯凱語,397,,
earth,ruk_tw,dae,excel,10-06,泥土,,2026學習詞表-29大武魯凱語.xlsx,29大武魯凱語,398,,
river,ruk_tw,drakehale,excel,10-07,河流,,2026學習詞表-29大武魯凱語.xlsx,29大武魯凱語,399,,
lake,ruk_tw,baiyu,excel,10-08,湖泊,,2026學習詞表-29大武魯凱語.xlsx,29大武魯凱語,400,,
forest,ruk_tw,tenaenale,excel,10-09,森林,,2026學習詞表-29大武魯凱語.xlsx,29大武魯凱語,401,,
sun,ruk_tw,vai,excel,11-02,太陽,,2026學習詞表-29大武魯凱語.xlsx,29大武魯凱語,417,,
moon,ruk_tw,dramahe,excel,11-03,月亮,,2026學習詞表-29大武魯凱語.xlsx,29大武魯凱語,418,,
sky,ruk_tw,subelebelenge,excel,11-04,天空,,2026學習詞表-29大武魯凱語.xlsx,29大武魯凱語,419,,
star,ruk_tw,tahiyau,excel,11-05,星星,,2026學習詞表-29大武魯凱語.xlsx,29大武魯凱語,420,,
rain,ruk_tw,udale,excel,11-06,雨,,2026學習詞表-29大武魯凱語.xlsx,29大武魯凱語,421,,
snow,ruk_tw,pasabu/ela,excel,11-07,雪,,2026學習詞表-29大武魯凱語.xlsx,29大武魯凱語,422,pasabu、ela(兩者通用),
cloud,ruk_tw,emeeme,excel,11-12,雲,,2026學習詞表-29大武魯凱語.xlsx,29大武魯凱語,427,,
smoke,ruk_tw,ebelre,excel,11-13,煙,,2026學習詞表-29大武魯凱語.xlsx,29大武魯凱語,428,,
fire,ruk_tw,apui,excel,11-17,火,,2026學習詞表-29大武魯凱語.xlsx,29大武魯凱語,432,,
ice,ruk_tw,kulri,excel,11-18,冰,,2026學習詞表-29大武魯凱語.xlsx,29大武魯凱語,433,,
stone,ruk_tw,lrenege,excel,12-05,石頭,,2026學習詞表-29大武魯凱語.xlsx,29大武魯凱語,454,,
night,ruk_tw,maungu,excel,13-02,晚上,,2026學習詞表-29大武魯凱語.xlsx,29大武魯凱語,471,,
day,ruk_tw,vaiya,excel,13-07,白天,,2026學習詞表-29大武魯凱語.xlsx,29大武魯凱語,476,,
night,ruk_tw,maungu,excel,13-22,夜,,2026學習詞表-29大武魯凱語.xlsx,29大武魯凱語,491,,
year,ruk_tw,caili,excel,13-28,年,,2026學習詞表-29大武魯凱語.xlsx,29大武魯凱語,497,,
in,ruk_tw,adringi,excel,14-01,裡面,,2026學習詞表-29大武魯凱語.xlsx,29大武魯凱語,502,,
at,ruk_tw,yakai ki---,excel,14-02,在某處,,2026學習詞表-29大武魯凱語.xlsx,29大武魯凱語,503,,
right,ruk_tw,vanale,excel,14-10,右邊,,2026學習詞表-29大武魯凱語.xlsx,29大武魯凱語,511,,
left,ruk_tw,vihi,excel,14-11,左邊,,2026學習詞表-29大武魯凱語.xlsx,29大武魯凱語,512,,
water,ruk_tw,acilai,excel,21-02,水,,2026學習詞表-29大武魯凱語.xlsx,29大武魯凱語,601,,
salt,ruk_tw,timu,excel,21-07,鹽,,2026學習詞表-29大武魯凱語.xlsx,29大武魯凱語,606,,
egg,ruk_tw,batuku,excel,21-09,蛋,,2026學習詞表-29大武魯凱語.xlsx,29大武魯凱語,608,,
white,ruk_tw,pupuli,excel,22-01,白色,,2026學習詞表-29大武魯凱語.xlsx,29大武魯凱語,626,,
black,ruk_tw,icecelrenge,excel,22-02,黑色,,2026學習詞表-29大武魯凱語.xlsx,29大武魯凱語,627,,
red,ruk_tw,diheheele,excel,22-03,紅色,,2026學習詞表-29大武魯凱語.xlsx,29大武魯凱語,628,,
yellow,ruk_tw,bwabuhava,excel,22-05,黃色,,2026學習詞表-29大武魯凱語.xlsx,29大武魯凱語,630,,
green,ruk_tw,salesese,excel,22-08,綠色,,2026學習詞表-29大武魯凱語.xlsx,29大武魯凱語,633,matake,
give,ruk_tw,baai,excel,25-07,給,,2026學習詞表-29大武魯凱語.xlsx,29大武魯凱語,663,,
come,ruk_tw,kela,excel,25-08,來,,2026學習詞表-29大武魯凱語.xlsx,29大武魯凱語,664,,
walk,ruk_tw,dadavace,excel,25-10,走路,,2026學習詞表-29大武魯凱語.xlsx,29大武魯凱語,666,,
fly,ruk_tw,ngyapalai,excel,25-12,飛,,2026學習詞表-29大武魯凱語.xlsx,29大武魯凱語,668,,
fall,ruk_tw,mwahuhu,excel,25-26,(植物的果實)掉落,,2026學習詞表-29大武魯凱語.xlsx,29大武魯凱語,682,,
sit,ruk_tw,watakaenene,excel,25-43,坐著,,2026學習詞表-29大武魯凱語.xlsx,29大武魯凱語,699,,
stand,ruk_tw,waidii,excel,25-44,站著,,2026學習詞表-29大武魯凱語.xlsx,29大武魯凱語,700,,
sit,ruk_tw,takainene,excel,26-03,坐下,,2026學習詞表-29大武魯凱語.xlsx,29大武魯凱語,712,,
hit,ruk_tw,dameke,excel,26-08,打(人),,2026學習詞表-29大武魯凱語.xlsx,29大武魯凱語,717,,
stab,ruk_tw,culrulu,excel,26-09,刺,,2026學習詞表-29大武魯凱語.xlsx,29大武魯凱語,718,,
push,ruk_tw,drumulru,excel,26-13,推,,2026學習詞表-29大武魯凱語.xlsx,29大武魯凱語,722,drumulru推人；druhudruhu推東西,
scratch,ruk_tw,wagacegace,excel,26-18,抓癢,,2026學習詞表-29大武魯凱語.xlsx,29大武魯凱語,727,,
lie,ruk_tw,wathahutakanga,excel,26-20,躺,,2026學習詞表-29大武魯凱語.xlsx,29大武魯凱語,729,,
blow,ruk_tw,waiipi,excel,26-28,吹,,2026學習詞表-29大武魯凱語.xlsx,29大武魯凱語,737,,
dig,ruk_tw,lruku,excel,26-29,挖掘,,2026學習詞表-29大武魯凱語.xlsx,29大武魯凱語,738,,
cut,ruk_tw,gelregelre,excel,26-30,切,,2026學習詞表-29大武魯凱語.xlsx,29大武魯凱語,739,,
swim,ruk_tw,langui,excel,26-31,游泳,,2026學習詞表-29大武魯凱語.xlsx,29大武魯凱語,740,,
tie,ruk_tw,waehece,excel,26-38,綁住,,2026學習詞表-29大武魯凱語.xlsx,29大武魯凱語,747,waehece、waevege (兩者通用),
pull,ruk_tw,bilibili,excel,26-39,拉,,2026學習詞表-29大武魯凱語.xlsx,29大武魯凱語,748,,
split,ruk_tw,hakete,excel,26-40,劈(木材),,2026學習詞表-29大武魯凱語.xlsx,29大武魯凱語,749,,
hold,ruk_tw,watakilili,excel,26-42,提著,,2026學習詞表-29大武魯凱語.xlsx,29大武魯凱語,751,,
hold,ruk_tw,wagemegeme,excel,26-43,握著,,2026學習詞表-29大武魯凱語.xlsx,29大武魯凱語,752,,
tie,ruk_tw,evege,excel,26-44,捆綁,,2026學習詞表-29大武魯凱語.xlsx,29大武魯凱語,753,,
scratch,ruk_tw,wagahulaylai,excel,26-56,搔癢,,2026學習詞表-29大武魯凱語.xlsx,29大武魯凱語,765,,
rub,ruk_tw,gumagumu,excel,26-85,揉搓(衣物),,2026學習詞表-29大武魯凱語.xlsx,29大武魯凱語,794,,
lie,ruk_tw,wacigia,excel,26-88,側臥,,2026學習詞表-29大武魯凱語.xlsx,29大武魯凱語,797,,
fight,ruk_tw,madadameke,excel,26-96,打架,,2026學習詞表-29大武魯凱語.xlsx,29大武魯凱語,805,,
squeeze,ruk_tw,drikisi,excel,26-97,擠,,2026學習詞表-29大武魯凱語.xlsx,29大武魯凱語,806,,
dig,ruk_tw,(aha lrima)lruku,excel,26-100,(用手)挖掘,,2026學習詞表-29大武魯凱語.xlsx,29大武魯凱語,809,,
stand,ruk_tw,idiiya,excel,26-105,起立,,2026學習詞表-29大武魯凱語.xlsx,29大武魯凱語,814,,
eat,ruk_tw,kane,excel,27-01,吃,,2026學習詞表-29大武魯凱語.xlsx,29大武魯凱語,816,,
suck,ruk_tw,thehepe,excel,27-02,吸,,2026學習詞表-29大武魯凱語.xlsx,29大武魯凱語,817,,
drink,ruk_tw,ungulu,excel,27-03,喝,,2026學習詞表-29大武魯凱語.xlsx,29大武魯凱語,818,,
vomit,ruk_tw,puta,excel,27-04,吐,,2026學習詞表-29大武魯凱語.xlsx,29大武魯凱語,819,,
bite,ruk_tw,kace,excel,27-05,咬,,2026學習詞表-29大武魯凱語.xlsx,29大武魯凱語,820,,
eat,ruk_tw,kwanea,excel,27-15,吃(東西),,2026學習詞表-29大武魯凱語.xlsx,29大武魯凱語,830,祈使,
know,ruk_tw,wathingale,excel,28-02,知道,,2026學習詞表-29大武魯凱語.xlsx,29大武魯凱語,836,亦可翻為 會,
see,ruk_tw,ceele,excel,28-03,看,,2026學習詞表-29大武魯凱語.xlsx,29大武魯凱語,837,,
say,ruk_tw,kauhiva,excel,28-04,說,,2026學習詞表-29大武魯凱語.xlsx,29大武魯凱語,838,,
smell,ruk_tw,sabalri,excel,28-07,聞(如聞味道),,2026學習詞表-29大武魯凱語.xlsx,29大武魯凱語,841,,
hear,ruk_tw,kilalra,excel,28-19,聽,,2026學習詞表-29大武魯凱語.xlsx,29大武魯凱語,853,,
think,ruk_tw,kyadremedreme,excel,28-25,想(思考),,2026學習詞表-29大武魯凱語.xlsx,29大武魯凱語,859,,
fear,ruk_tw,mwakuludru,excel,29-02,害怕,,2026學習詞表-29大武魯凱語.xlsx,29大武魯凱語,866,,
wash,ruk_tw,sinau,excel,30-02,洗(衣物),,2026學習詞表-29大武魯凱語.xlsx,29大武魯凱語,876,,
sleep,ruk_tw,apece,excel,30-09,睡覺,,2026學習詞表-29大武魯凱語.xlsx,29大武魯凱語,883,,
kill,ruk_tw,waculu,excel,30-10,殺牲畜,,2026學習詞表-29大武魯凱語.xlsx,29大武魯凱語,884,,
lie,ruk_tw,wathahutakanga,excel,30-16,躺臥,,2026學習詞表-29大武魯凱語.xlsx,29大武魯凱語,890,,
burn,ruk_tw,walaubu,excel,30-20,燒(如燒稻草),,2026學習詞表-29大武魯凱語.xlsx,29大武魯凱語,894,,
hunt,ruk_tw,lrubange,excel,30-25,陷獵(地洞),,2026學習詞表-29大武魯凱語.xlsx,29大武魯凱語,899,,
burn,ruk_tw,kwadaladalai,excel,30-54,燃燒,,2026學習詞表-29大武魯凱語.xlsx,29大武魯凱語,928,,
drink,ruk_tw,ungulu,excel,30-61,喝(水),,2026學習詞表-29大武魯凱語.xlsx,29大武魯凱語,935,,
sing,ruk_tw,wasenai,excel,30-64,唱歌,,2026學習詞表-29大武魯凱語.xlsx,29大武魯凱語,938,,
play,ruk_tw,kyavaevaevange,excel,30-65,玩耍,,2026學習詞表-29大武魯凱語.xlsx,29大武魯凱語,939,,
die,ruk_tw,wapacai,excel,31-01,死亡,,2026學習詞表-29大武魯凱語.xlsx,29大武魯凱語,941,,
live,ruk_tw,waudryudryudripi,excel,31-08,活的,,2026學習詞表-29大武魯凱語.xlsx,29大武魯凱語,948,,
heavy,ruk_tw,matyelrege,excel,32-02,重(重量),,2026學習詞表-29大武魯凱語.xlsx,29大武魯凱語,963,,
big,ruk_tw,maadrau,excel,32-05,大的,,2026學習詞表-29大武魯凱語.xlsx,29大武魯凱語,966,,
cold,ruk_tw,makecelre,excel,32-08,冷,,2026學習詞表-29大武魯凱語.xlsx,29大武魯凱語,969,,
small,ruk_tw,tikiya,excel,32-09,小的,,2026學習詞表-29大武魯凱語.xlsx,29大武魯凱語,970,,
many,ruk_tw,makalra,excel,32-10,多,,2026學習詞表-29大武魯凱語.xlsx,29大武魯凱語,971,,
cold,ruk_tw,mangangehece,excel,32-12,冰冷,,2026學習詞表-29大武魯凱語.xlsx,29大武魯凱語,973,,
few,ruk_tw,bekela,excel,32-14,少的,,2026學習詞表-29大武魯凱語.xlsx,29大武魯凱語,975,,
laugh,ruk_tw,macicava,excel,32-16,笑,,2026學習詞表-29大武魯凱語.xlsx,29大武魯凱語,977,,
wet,ruk_tw,madihethenge,excel,32-17,濕的,,2026學習詞表-29大武魯凱語.xlsx,29大武魯凱語,978,,
thick,ruk_tw,makidremelre,excel,32-19,厚的,,2026學習詞表-29大武魯凱語.xlsx,29大武魯凱語,980,,
thin,ruk_tw,malubiihi,excel,32-21,薄的,,2026學習詞表-29大武魯凱語.xlsx,29大武魯凱語,982,,
dirty,ruk_tw,makudrulru,excel,32-22,髒,,2026學習詞表-29大武魯凱語.xlsx,29大武魯凱語,983,,
dry,ruk_tw,mameale,excel,32-28,乾的,,2026學習詞表-29大武魯凱語.xlsx,29大武魯凱語,989,,
new,ruk_tw,bauwa,excel,32-31,新的,,2026學習詞表-29大武魯凱語.xlsx,29大武魯凱語,992,,
old,ruk_tw,supilri,excel,32-32,舊的,,2026學習詞表-29大武魯凱語.xlsx,29大武魯凱語,993,,
near,ruk_tw,adethe,excel,32-33,近,,2026學習詞表-29大武魯凱語.xlsx,29大武魯凱語,994,,
bad,ruk_tw,malisi,excel,32-35,壞掉,,2026學習詞表-29大武魯凱語.xlsx,29大武魯凱語,996,,
far,ruk_tw,adaili,excel,32-37,遠,,2026學習詞表-29大武魯凱語.xlsx,29大武魯凱語,998,,
swell,ruk_tw,mwabalrake,excel,32-38,腫,,2026學習詞表-29大武魯凱語.xlsx,29大武魯凱語,999,,
smooth,ruk_tw,mathathulridri,excel,32-44,滑,,2026學習詞表-29大武魯凱語.xlsx,29大武魯凱語,1005,,
warm,ruk_tw,maculu,excel,32-56,暖和,,2026學習詞表-29大武魯凱語.xlsx,29大武魯凱語,1017,,
dull,ruk_tw,mailruthu,excel,32-57,鈍的(指器物),,2026學習詞表-29大武魯凱語.xlsx,29大武魯凱語,1018,,
straight,ruk_tw,madringelrese,excel,32-65,直,,2026學習詞表-29大武魯凱語.xlsx,29大武魯凱語,1026,,
full,ruk_tw,syaetenga,excel,32-66,滿了,,2026學習詞表-29大武魯凱語.xlsx,29大武魯凱語,1027,,
wide,ruk_tw,swaadrau,excel,32-68,(空間)寬敞,,2026學習詞表-29大武魯凱語.xlsx,29大武魯凱語,1029,,
correct,ruk_tw,pacengecenge,excel,32-69,正確,,2026學習詞表-29大武魯凱語.xlsx,29大武魯凱語,1030,,
warm,ruk_tw,mabalaba,excel,32-72,溫的(水),,2026學習詞表-29大武魯凱語.xlsx,29大武魯凱語,1033,,
long,ruk_tw,mathangelra,excel,32-74,長,,2026學習詞表-29大武魯凱語.xlsx,29大武魯凱語,1035,,
short,ruk_tw,edreka,excel,32-76,短,,2026學習詞表-29大武魯凱語.xlsx,29大武魯凱語,1037,,
full,ruk_tw,wapuduku,excel,32-79,滿滿,,2026學習詞表-29大武魯凱語.xlsx,29大武魯凱語,1040,,
wipe,ruk_tw,wadrisiisi,excel,33-06,擦拭,,2026學習詞表-29大武魯凱語.xlsx,29大武魯凱語,1048,,
throw,ruk_tw,wacilri,excel,34-19,丟棄,,2026學習詞表-29大武魯凱語.xlsx,29大武魯凱語,1069,,
count,ruk_tw,waasipi,excel,34-29,數(計算),,2026學習詞表-29大武魯凱語.xlsx,29大武魯凱語,1079,,
good,ruk_tw,sabau,excel,34-34,好,,2026學習詞表-29大武魯凱語.xlsx,29大武魯凱語,1084,,
not,ruk_tw,ini,excel,35-03,不是(回答用),,2026學習詞表-29大武魯凱語.xlsx,29大武魯凱語,1092,,
because,ruk_tw,ngwalai,excel,36-05,因為,,2026學習詞表-29大武魯凱語.xlsx,29大武魯凱語,1101,,
and,ruk_tw,si,excel,36-18,和,,2026學習詞表-29大武魯凱語.xlsx,29大武魯凱語,1114,,
if,ruk_tw,alaiyasi,excel,36-22,如果,,2026學習詞表-29大武魯凱語.xlsx,29大武魯凱語,1118,,
one,ruk_tn,nega / sesesane,excel,01-01,一,,2026學習詞表-30多納魯凱語.xlsx,30多納魯凱語,5,nega數數使用 / sesesane計量使用,
two,ruk_tn,drosa,excel,01-02,二,,2026學習詞表-30多納魯凱語.xlsx,30多納魯凱語,6,,
three,ruk_tn,too,excel,01-03,三,,2026學習詞表-30多納魯凱語.xlsx,30多納魯凱語,7,,
four,ruk_tn,pate / thipate,excel,01-04,四,,2026學習詞表-30多納魯凱語.xlsx,30多納魯凱語,8,pate數數使用 /thipate計量使用,
five,ruk_tn,ima,excel,01-05,五,,2026學習詞表-30多納魯凱語.xlsx,30多納魯凱語,9,,
six,ruk_tn,eneme,excel,01-06,六,,2026學習詞表-30多納魯凱語.xlsx,30多納魯凱語,10,,
seven,ruk_tn,pito,excel,01-07,七,,2026學習詞表-30多納魯凱語.xlsx,30多納魯凱語,11,,
eight,ruk_tn,vao,excel,01-08,八,,2026學習詞表-30多納魯凱語.xlsx,30多納魯凱語,12,,
nine,ruk_tn,vangate,excel,01-09,九,,2026學習詞表-30多納魯凱語.xlsx,30多納魯凱語,13,,
ten,ruk_tn,poko/mangesale,excel,01-10,十,,2026學習詞表-30多納魯凱語.xlsx,30多納魯凱語,14,poko數數使用/mangesale計量使用,
twenty,ruk_tn,maposale,excel,01-20,二十,,2026學習詞表-30多納魯凱語.xlsx,30多納魯凱語,24,,
hundred,ruk_tn,iday,excel,01-34,百,,2026學習詞表-30多納魯凱語.xlsx,30多納魯凱語,38,,
hundred,ruk_tn,sesesane na iday,excel,01-35,一百,,2026學習詞表-30多納魯凱語.xlsx,30多納魯凱語,39,,
some,ruk_tn,bekebekele,excel,01-38,一些,,2026學習詞表-30多納魯凱語.xlsx,30多納魯凱語,42,,
all,ruk_tn,ʼangicoʼolo,excel,01-43,全部,,2026學習詞表-30多納魯凱語.xlsx,30多納魯凱語,47,,
few,ruk_tn,ʼakatitiʼici,excel,01-44,一點點,,2026學習詞表-30多納魯凱語.xlsx,30多納魯凱語,48,,
you_singular,ruk_tn,koso,excel,02-01,你,,2026學習詞表-30多納魯凱語.xlsx,30多納魯凱語,51,,
i,ruk_tn,kake,excel,02-02,我,,2026學習詞表-30多納魯凱語.xlsx,30多納魯凱語,52,,
he,ruk_tn,kini,excel,02-03,他,,2026學習詞表-30多納魯凱語.xlsx,30多納魯凱語,53,,
you_plural,ruk_tn,komo,excel,02-04,你們,,2026學習詞表-30多納魯凱語.xlsx,30多納魯凱語,54,,
we,ruk_tn,kiname,excel,02-05,我們,,2026學習詞表-30多納魯凱語.xlsx,30多納魯凱語,55,,
they,ruk_tn,kinadroway,excel,02-06,他們,,2026學習詞表-30多納魯凱語.xlsx,30多納魯凱語,56,,
we,ruk_tn,kiname,excel,02-13,我們(排除式),,2026學習詞表-30多納魯凱語.xlsx,30多納魯凱語,63,,
we,ruk_tn,kita,excel,02-14,咱們(包含式),,2026學習詞表-30多納魯凱語.xlsx,30多納魯凱語,64,,
that,ruk_tn,kidro,excel,02-16,那個,,2026學習詞表-30多納魯凱語.xlsx,30多納魯凱語,66,,
this,ruk_tn,kikay,excel,02-17,這個,,2026學習詞表-30多納魯凱語.xlsx,30多納魯凱語,67,,
here,ruk_tn,nakay,excel,02-18,這裡,,2026學習詞表-30多納魯凱語.xlsx,30多納魯凱語,68,,
there,ruk_tn,nadroway,excel,02-19,那裡,,2026學習詞表-30多納魯凱語.xlsx,30多納魯凱語,69,,
how,ruk_tn,amiyaini,excel,03-03,如何:怎麼樣,,2026學習詞表-30多納魯凱語.xlsx,30多納魯凱語,74,,
when,ruk_tn,nogiyane,excel,03-04,何時(未發生),,2026學習詞表-30多納魯凱語.xlsx,30多納魯凱語,75,,
who,ruk_tn,nanini,excel,03-05,誰,,2026學習詞表-30多納魯凱語.xlsx,30多納魯凱語,76,,
where,ruk_tn,nino,excel,03-07,哪裡,,2026學習詞表-30多納魯凱語.xlsx,30多納魯凱語,78,,
how,ruk_tn,akwani,excel,03-09,怎麼,,2026學習詞表-30多納魯凱語.xlsx,30多納魯凱語,80,,
where,ruk_tn,nino,excel,03-12,什麼地方,,2026學習詞表-30多納魯凱語.xlsx,30多納魯凱語,83,,
when,ruk_tn,nogiyane,excel,03-13,何時(已發生),,2026學習詞表-30多納魯凱語.xlsx,30多納魯凱語,84,,
father,ruk_tn,mao,excel,04-01,爸爸,,2026學習詞表-30多納魯凱語.xlsx,30多納魯凱語,87,tatava對外稱謂/mao直稱,
mother,ruk_tn,niyaw,excel,04-02,媽媽,,2026學習詞表-30多納魯凱語.xlsx,30多納魯凱語,88,titina對外稱謂/niyaw直稱,
wife,ruk_tn,sakadrosani,excel,04-07,配偶,,2026學習詞表-30多納魯凱語.xlsx,30多納魯凱語,93,,
husband,ruk_tn,sakadrosani,excel,04-07,配偶,,2026學習詞表-30多納魯凱語.xlsx,30多納魯凱語,93,,
wife,ruk_tn,palange,excel,04-15,丈夫/妻子,,2026學習詞表-30多納魯凱語.xlsx,30多納魯凱語,101,,
husband,ruk_tn,palange,excel,04-15,丈夫/妻子,,2026學習詞表-30多納魯凱語.xlsx,30多納魯凱語,101,,
name,ruk_tn,aace,excel,05-01,名字,,2026學習詞表-30多納魯凱語.xlsx,30多納魯凱語,114,,
child,ruk_tn,valavalake,excel,05-05,孩童,,2026學習詞表-30多納魯凱語.xlsx,30多納魯凱語,118,,
woman,ruk_tn,ʼabayane,excel,05-07,女性,,2026學習詞表-30多納魯凱語.xlsx,30多納魯凱語,120,,
man,ruk_tn,saʼoalay,excel,05-08,男性,,2026學習詞表-30多納魯凱語.xlsx,30多納魯凱語,121,,
person,ruk_tn,coaw,excel,05-09,人類,,2026學習詞表-30多納魯凱語.xlsx,30多納魯凱語,122,,
ear,ruk_tn,cangiya,excel,06-01,耳朵,,2026學習詞表-30多納魯凱語.xlsx,30多納魯凱語,140,,
leg,ruk_tn,draswane,excel,06-02,大腿,,2026學習詞表-30多納魯凱語.xlsx,30多納魯凱語,141,,
eye,ruk_tn,maca,excel,06-03,眼睛,,2026學習詞表-30多納魯凱語.xlsx,30多納魯凱語,142,,
mouth,ruk_tn,motomoto,excel,06-05,嘴巴,,2026學習詞表-30多納魯凱語.xlsx,30多納魯凱語,144,,
head,ruk_tn,aoo,excel,06-06,頭,,2026學習詞表-30多納魯凱語.xlsx,30多納魯凱語,145,,
fingernail,ruk_tn,kaloka,excel,06-07,指甲,,2026學習詞表-30多納魯凱語.xlsx,30多納魯凱語,146,,
hand,ruk_tn,aima,excel,06-08,手,,2026學習詞表-30多納魯凱語.xlsx,30多納魯凱語,147,,
nose,ruk_tn,tangoane,excel,06-10,鼻子,,2026學習詞表-30多納魯凱語.xlsx,30多納魯凱語,149,,
foot,ruk_tn,drapale,excel,06-11,腳,,2026學習詞表-30多納魯凱語.xlsx,30多納魯凱語,150,,
tooth,ruk_tn,valisi,excel,06-12,牙齒,,2026學習詞表-30多納魯凱語.xlsx,30多納魯凱語,151,,
hair,ruk_tn,isivi,excel,06-13,頭髮,,2026學習詞表-30多納魯凱語.xlsx,30多納魯凱語,152,,
blood,ruk_tn,ʼaydri,excel,06-14,血,,2026學習詞表-30多納魯凱語.xlsx,30多納魯凱語,153,,
meat,ruk_tn,bwate,excel,06-15,肉,,2026學習詞表-30多納魯凱語.xlsx,30多納魯凱語,154,,
belly,ruk_tn,baange,excel,06-17,肚子,,2026學習詞表-30多納魯凱語.xlsx,30多納魯凱語,156,,
breast,ruk_tn,thotho,excel,06-18,乳房,,2026學習詞表-30多納魯凱語.xlsx,30多納魯凱語,157,,
back,ruk_tn,dreeke,excel,06-22,背部,,2026學習詞表-30多納魯凱語.xlsx,30多納魯凱語,161,,
skin,ruk_tn,picingi,excel,06-23,皮,,2026學習詞表-30多納魯凱語.xlsx,30多納魯凱語,162,,
heart,ruk_tn,tetene,excel,06-28,心臟,,2026學習詞表-30多納魯凱語.xlsx,30多納魯凱語,167,,
knee,ruk_tn,pakoo,excel,06-31,膝蓋,,2026學習詞表-30多納魯凱語.xlsx,30多納魯凱語,170,,
liver,ruk_tn,soogo,excel,06-34,肝臟,,2026學習詞表-30多納魯凱語.xlsx,30多納魯凱語,173,,
fat,ruk_tn,simaʼa,excel,06-37,油脂,,2026學習詞表-30多納魯凱語.xlsx,30多納魯凱語,176,’abelra油類,
tongue,ruk_tn,idame,excel,06-42,舌頭,,2026學習詞表-30多納魯凱語.xlsx,30多納魯凱語,181,,
neck,ruk_tn,eʼe,excel,06-47,脖子,,2026學習詞表-30多納魯凱語.xlsx,30多納魯凱語,186,,
neck,ruk_tn,tawdonane,excel,06-52,頸子；領子,,2026學習詞表-30多納魯凱語.xlsx,30多納魯凱語,191,,
tail,ruk_tn,ʼikivi,excel,07-01,尾巴,,2026學習詞表-30多納魯凱語.xlsx,30多納魯凱語,197,,
dog,ruk_tn,atho,excel,07-03,狗,,2026學習詞表-30多納魯凱語.xlsx,30多納魯凱語,199,,
bird,ruk_tn,alralrame,excel,07-06,鳥,,2026學習詞表-30多納魯凱語.xlsx,30多納魯凱語,202,,
fish,ruk_tn,kaʼange,excel,07-07,魚,,2026學習詞表-30多納魯凱語.xlsx,30多納魯凱語,203,,
snake,ruk_tn,swaʼa,excel,07-19,蛇,,2026學習詞表-30多納魯凱語.xlsx,30多納魯凱語,215,,
louse,ruk_tn,koco,excel,07-33,頭蝨,,2026學習詞表-30多納魯凱語.xlsx,30多納魯凱語,229,,
worm,ruk_tn,atoiki,excel,07-39,蚯蚓,,2026學習詞表-30多納魯凱語.xlsx,30多納魯凱語,235,,
wing,ruk_tn,pakepake,excel,07-49,翅膀,,2026學習詞表-30多納魯凱語.xlsx,30多納魯凱語,245,,
horn,ruk_tn,lawngo,excel,07-64,(動物的)角,,2026學習詞表-30多納魯凱語.xlsx,30多納魯凱語,260,,
tree,ruk_tn,ʼangato,excel,08-03,樹,,2026學習詞表-30多納魯凱語.xlsx,30多納魯凱語,265,,
leaf,ruk_tn,sopongo,excel,08-06,葉子,,2026學習詞表-30多納魯凱語.xlsx,30多納魯凱語,268,,
flower,ruk_tn,vengeay,excel,08-09,花朵,,2026學習詞表-30多納魯凱語.xlsx,30多納魯凱語,271,hana,
stick,ruk_tn,lidaʼa,excel,08-15,樹枝,,2026學習詞表-30多納魯凱語.xlsx,30多納魯凱語,277,,
fruit,ruk_tn,madro,excel,08-16,(植物的)果實,,2026學習詞表-30多納魯凱語.xlsx,30多納魯凱語,278,,
grass,ruk_tn,soao,excel,08-20,草,,2026學習詞表-30多納魯凱語.xlsx,30多納魯凱語,282,,
fruit,ruk_tn,madro,excel,08-24,水果,,2026學習詞表-30多納魯凱語.xlsx,30多納魯凱語,286,,
root,ruk_tn,ʼamici,excel,08-28,樹根,,2026學習詞表-30多納魯凱語.xlsx,30多納魯凱語,290,,
seed,ruk_tn,capeʼe,excel,08-44,種子,,2026學習詞表-30多納魯凱語.xlsx,30多納魯凱語,306,,
rope,ruk_tn,taisi,excel,09-15,繩索,,2026學習詞表-30多納魯凱語.xlsx,30多納魯凱語,335,vaʼedre,
stick,ruk_tn,lidaʼa,excel,09-18,枝條,,2026學習詞表-30多納魯凱語.xlsx,30多納魯凱語,338,,
ash,ruk_tn,abo,excel,09-49,木炭灰,,2026學習詞表-30多納魯凱語.xlsx,30多納魯凱語,369,,
road,ruk_tn,dadaane,excel,10-01,道路,,2026學習詞表-30多納魯凱語.xlsx,30多納魯凱語,393,,
wind,ruk_tn,besebese,excel,10-04,風,,2026學習詞表-30多納魯凱語.xlsx,30多納魯凱語,396,,
sand,ruk_tn,enai,excel,10-05,沙子,,2026學習詞表-30多納魯凱語.xlsx,30多納魯凱語,397,,
earth,ruk_tn,daʼe,excel,10-06,泥土,,2026學習詞表-30多納魯凱語.xlsx,30多納魯凱語,398,da’e 泥土/dida’ane 地上,
river,ruk_tn,drakeale,excel,10-07,河流,,2026學習詞表-30多納魯凱語.xlsx,30多納魯凱語,399,karavane大河,
lake,ruk_tn,bao,excel,10-08,湖泊,,2026學習詞表-30多納魯凱語.xlsx,30多納魯凱語,400,,
forest,ruk_tn,tapaongane,excel,10-09,森林,,2026學習詞表-30多納魯凱語.xlsx,30多納魯凱語,401,,
sun,ruk_tn,koliʼi,excel,11-02,太陽,,2026學習詞表-30多納魯凱語.xlsx,30多納魯凱語,417,,
moon,ruk_tn,dramae,excel,11-03,月亮,,2026學習詞表-30多納魯凱語.xlsx,30多納魯凱語,418,,
sky,ruk_tn,tabelengane,excel,11-04,天空,,2026學習詞表-30多納魯凱語.xlsx,30多納魯凱語,419,,
star,ruk_tn,taiyaw,excel,11-05,星星,,2026學習詞表-30多納魯凱語.xlsx,30多納魯凱語,420,,
rain,ruk_tn,daʼolo,excel,11-06,雨,,2026學習詞表-30多納魯凱語.xlsx,30多納魯凱語,421,,
snow,ruk_tn,ʼiela,excel,11-07,雪,,2026學習詞表-30多納魯凱語.xlsx,30多納魯凱語,422,,
cloud,ruk_tn,koongo,excel,11-12,雲,,2026學習詞表-30多納魯凱語.xlsx,30多納魯凱語,427,,
smoke,ruk_tn,ebee,excel,11-13,煙,,2026學習詞表-30多納魯凱語.xlsx,30多納魯凱語,428,,
fire,ruk_tn,apoi,excel,11-17,火,,2026學習詞表-30多納魯凱語.xlsx,30多納魯凱語,432,,
ice,ruk_tn,koolri,excel,11-18,冰,,2026學習詞表-30多納魯凱語.xlsx,30多納魯凱語,433,,
stone,ruk_tn,ʼalapi,excel,12-05,石頭,,2026學習詞表-30多納魯凱語.xlsx,30多納魯凱語,454,,
night,ruk_tn,maʼawbo,excel,13-02,晚上,,2026學習詞表-30多納魯凱語.xlsx,30多納魯凱語,471,,
day,ruk_tn,vivivaʼane,excel,13-07,白天,,2026學習詞表-30多納魯凱語.xlsx,30多納魯凱語,476,,
night,ruk_tn,asongane,excel,13-22,夜,,2026學習詞表-30多納魯凱語.xlsx,30多納魯凱語,491,,
year,ruk_tn,cavili,excel,13-28,年,,2026學習詞表-30多納魯凱語.xlsx,30多納魯凱語,497,,
in,ruk_tn,ʼadringi,excel,14-01,裡面,,2026學習詞表-30多納魯凱語.xlsx,30多納魯凱語,502,,
at,ruk_tn,taʼikanini,excel,14-02,在某處,,2026學習詞表-30多納魯凱語.xlsx,30多納魯凱語,503,,
right,ruk_tn,vananane,excel,14-10,右邊,,2026學習詞表-30多納魯凱語.xlsx,30多納魯凱語,511,,
left,ruk_tn,viiyane,excel,14-11,左邊,,2026學習詞表-30多納魯凱語.xlsx,30多納魯凱語,512,,
water,ruk_tn,acilay,excel,21-02,水,,2026學習詞表-30多納魯凱語.xlsx,30多納魯凱語,601,,
salt,ruk_tn,timoso,excel,21-07,鹽,,2026學習詞表-30多納魯凱語.xlsx,30多納魯凱語,606,,
egg,ruk_tn,bawthotho,excel,21-09,蛋,,2026學習詞表-30多納魯凱語.xlsx,30多納魯凱語,608,,
white,ruk_tn,mapoli,excel,22-01,白色,,2026學習詞表-30多納魯凱語.xlsx,30多納魯凱語,626,tapopolyane白色的,
black,ruk_tn,tayceceenge/maycenge,excel,22-02,黑色,,2026學習詞表-30多納魯凱語.xlsx,30多納魯凱語,627,tayceceenge 黑色的,
red,ruk_tn,madileange,excel,22-03,紅色,,2026學習詞表-30多納魯凱語.xlsx,30多納魯凱語,628,tadileleange紅色的,
yellow,ruk_tn,mabokaʼa,excel,22-05,黃色,,2026學習詞表-30多納魯凱語.xlsx,30多納魯凱語,630,,
green,ruk_tn,masalekeseke,excel,22-08,綠色,,2026學習詞表-30多納魯凱語.xlsx,30多納魯凱語,633,,
give,ruk_tn,wabaʼay,excel,25-07,給,,2026學習詞表-30多納魯凱語.xlsx,30多納魯凱語,663,,
come,ruk_tn,ʼawkay,excel,25-08,來,,2026學習詞表-30多納魯凱語.xlsx,30多納魯凱語,664,,
walk,ruk_tn,wadavadavace,excel,25-10,走路,,2026學習詞表-30多納魯凱語.xlsx,30多納魯凱語,666,,
fly,ruk_tn,ʼangopalay,excel,25-12,飛,,2026學習詞表-30多納魯凱語.xlsx,30多納魯凱語,668,,
fall,ruk_tn,maoo/mapisisi,excel,25-26,(植物的果實)掉落,,2026學習詞表-30多納魯凱語.xlsx,30多納魯凱語,682,wapisisi 摘,
sit,ruk_tn,ʼiyanono,excel,25-43,坐著,,2026學習詞表-30多納魯凱語.xlsx,30多納魯凱語,699,,
stand,ruk_tn,ʼiyadiʼi,excel,25-44,站著,,2026學習詞表-30多納魯凱語.xlsx,30多納魯凱語,700,,
sit,ruk_tn,ʼinonoa,excel,26-03,坐下,,2026學習詞表-30多納魯凱語.xlsx,30多納魯凱語,712,,
hit,ruk_tn,wasititi,excel,26-08,打(人),,2026學習詞表-30多納魯凱語.xlsx,30多納魯凱語,717,,
stab,ruk_tn,wasabake,excel,26-09,刺,,2026學習詞表-30多納魯凱語.xlsx,30多納魯凱語,718,,
push,ruk_tn,wadroodroo,excel,26-13,推,,2026學習詞表-30多納魯凱語.xlsx,30多納魯凱語,722,,
scratch,ruk_tn,wagathegathe,excel,26-18,抓癢,,2026學習詞表-30多納魯凱語.xlsx,30多納魯凱語,727,,
lie,ruk_tn,ʼiyabaae,excel,26-20,躺,,2026學習詞表-30多納魯凱語.xlsx,30多納魯凱語,729,,
blow,ruk_tn,waʼipi,excel,26-28,吹,,2026學習詞表-30多納魯凱語.xlsx,30多納魯凱語,737,,
dig,ruk_tn,wakiʼale,excel,26-29,挖掘,,2026學習詞表-30多納魯凱語.xlsx,30多納魯凱語,738,,
cut,ruk_tn,wakeʼete,excel,26-30,切,,2026學習詞表-30多納魯凱語.xlsx,30多納魯凱語,739,,
swim,ruk_tn,lwangolangoy,excel,26-31,游泳,,2026學習詞表-30多納魯凱語.xlsx,30多納魯凱語,740,walangolangoy在游泳,
tie,ruk_tn,waʼebeke,excel,26-38,綁住,,2026學習詞表-30多納魯凱語.xlsx,30多納魯凱語,747,,
pull,ruk_tn,wabilibili,excel,26-39,拉,,2026學習詞表-30多納魯凱語.xlsx,30多納魯凱語,748,,
split,ruk_tn,wabocoko,excel,26-40,劈(木材),,2026學習詞表-30多納魯凱語.xlsx,30多納魯凱語,749,,
hold,ruk_tn,watakikili,excel,26-42,提著,,2026學習詞表-30多納魯凱語.xlsx,30多納魯凱語,751,wasangeale扛,
hold,ruk_tn,wagemegeme,excel,26-43,握著,,2026學習詞表-30多納魯凱語.xlsx,30多納魯凱語,752,,
tie,ruk_tn,waʼebeke,excel,26-44,捆綁,,2026學習詞表-30多納魯凱語.xlsx,30多納魯凱語,753,,
scratch,ruk_tn,wagathegathe,excel,26-56,搔癢,,2026學習詞表-30多納魯凱語.xlsx,30多納魯凱語,765,,
rub,ruk_tn,wagomagomo,excel,26-85,揉搓(衣物),,2026學習詞表-30多納魯凱語.xlsx,30多納魯凱語,794,wadraese 揉搓(麵粉),
lie,ruk_tn,talocicigiʼi,excel,26-88,側臥,,2026學習詞表-30多納魯凱語.xlsx,30多納魯凱語,797,,
fight,ruk_tn,masasititi,excel,26-96,打架,,2026學習詞表-30多納魯凱語.xlsx,30多納魯凱語,805,ma’akavila吵架,
squeeze,ruk_tn,madrikidrikisi,excel,26-97,擠,,2026學習詞表-30多納魯凱語.xlsx,30多納魯凱語,806,,
dig,ruk_tn,wakiʼale,excel,26-100,(用手)挖掘,,2026學習詞表-30多納魯凱語.xlsx,30多納魯凱語,809,,
stand,ruk_tn,ʼidiʼiya,excel,26-105,起立,,2026學習詞表-30多納魯凱語.xlsx,30多納魯凱語,814,’iyadi’i （已經）站立,
eat,ruk_tn,wakane,excel,27-01,吃,,2026學習詞表-30多納魯凱語.xlsx,30多納魯凱語,816,,
suck,ruk_tn,watheepe,excel,27-02,吸,,2026學習詞表-30多納魯凱語.xlsx,30多納魯凱語,817,,
drink,ruk_tn,waʼongolo,excel,27-03,喝,,2026學習詞表-30多納魯凱語.xlsx,30多納魯凱語,818,,
vomit,ruk_tn,waʼota,excel,27-04,吐,,2026學習詞表-30多納魯凱語.xlsx,30多納魯凱語,819,,
bite,ruk_tn,wakaʼace,excel,27-05,咬,,2026學習詞表-30多納魯凱語.xlsx,30多納魯凱語,820,,
eat,ruk_tn,wakane,excel,27-15,吃(東西),,2026學習詞表-30多納魯凱語.xlsx,30多納魯凱語,830,,
know,ruk_tn,waigoʼo,excel,28-02,知道,,2026學習詞表-30多納魯凱語.xlsx,30多納魯凱語,836,,
see,ruk_tn,wacengele,excel,28-03,看,,2026學習詞表-30多納魯凱語.xlsx,30多納魯凱語,837,,
say,ruk_tn,ʼapobaka,excel,28-04,說,,2026學習詞表-30多納魯凱語.xlsx,30多納魯凱語,838,,
smell,ruk_tn,wasabai,excel,28-07,聞(如聞味道),,2026學習詞表-30多納魯凱語.xlsx,30多納魯凱語,841,,
hear,ruk_tn,wabiciingi,excel,28-19,聽,,2026學習詞表-30多納魯凱語.xlsx,30多納魯凱語,853,,
think,ruk_tn,pakidredreme,excel,28-25,想(思考),,2026學習詞表-30多納魯凱語.xlsx,30多納魯凱語,859,,
fear,ruk_tn,ʼakolodro,excel,29-02,害怕,,2026學習詞表-30多納魯凱語.xlsx,30多納魯凱語,866,,
wash,ruk_tn,wasinasinaw,excel,30-02,洗(衣物),,2026學習詞表-30多納魯凱語.xlsx,30多納魯凱語,876,,
sleep,ruk_tn,syaeeke,excel,30-09,睡覺,,2026學習詞表-30多納魯凱語.xlsx,30多納魯凱語,883,,
kill,ruk_tn,wacocolo,excel,30-10,殺牲畜,,2026學習詞表-30多納魯凱語.xlsx,30多納魯凱語,884,,
lie,ruk_tn,ʼiyabaae,excel,30-16,躺臥,,2026學習詞表-30多納魯凱語.xlsx,30多納魯凱語,890,,
burn,ruk_tn,walawbo,excel,30-20,燒(如燒稻草),,2026學習詞表-30多納魯凱語.xlsx,30多納魯凱語,894,,
hunt,ruk_tn,wathi,excel,30-25,陷獵(地洞),,2026學習詞表-30多納魯凱語.xlsx,30多納魯凱語,899,walopo打獵、wobang地洞,
burn,ruk_tn,walawbo,excel,30-54,燃燒,,2026學習詞表-30多納魯凱語.xlsx,30多納魯凱語,928,,
drink,ruk_tn,waʼongolo,excel,30-61,喝(水),,2026學習詞表-30多納魯凱語.xlsx,30多納魯凱語,935,,
sing,ruk_tn,wathenay,excel,30-64,唱歌,,2026學習詞表-30多納魯凱語.xlsx,30多納魯凱語,938,,
play,ruk_tn,ʼaangii,excel,30-65,玩耍,,2026學習詞表-30多納魯凱語.xlsx,30多納魯凱語,939,,
die,ruk_tn,mamodo,excel,31-01,死亡,,2026學習詞表-30多納魯凱語.xlsx,30多納魯凱語,941,,
live,ruk_tn,maodripi,excel,31-08,活的,,2026學習詞表-30多納魯凱語.xlsx,30多納魯凱語,948,,
heavy,ruk_tn,madikeʼee,excel,32-02,重(重量),,2026學習詞表-30多納魯凱語.xlsx,30多納魯凱語,963,,
big,ruk_tn,tawmomo,excel,32-05,大的,,2026學習詞表-30多納魯凱語.xlsx,30多納魯凱語,966,,
cold,ruk_tn,makecee,excel,32-08,冷,,2026學習詞表-30多納魯凱語.xlsx,30多納魯凱語,969,matateleke涼,
small,ruk_tn,tiʼicane,excel,32-09,小的,,2026學習詞表-30多納魯凱語.xlsx,30多納魯凱語,970,,
many,ruk_tn,madraw,excel,32-10,多,,2026學習詞表-30多納魯凱語.xlsx,30多納魯凱語,971,,
cold,ruk_tn,matateleke,excel,32-12,冰冷,,2026學習詞表-30多納魯凱語.xlsx,30多納魯凱語,973,,
few,ruk_tn,bekebekele,excel,32-14,少的,,2026學習詞表-30多納魯凱語.xlsx,30多納魯凱語,975,ti’icane 小的/ tyabekebekele 數量很少,
laugh,ruk_tn,ʼangii,excel,32-16,笑,,2026學習詞表-30多納魯凱語.xlsx,30多納魯凱語,977,,
wet,ruk_tn,malangeeʼe,excel,32-17,濕的,,2026學習詞表-30多納魯凱語.xlsx,30多納魯凱語,978,,
thick,ruk_tn,mayʼemedre,excel,32-19,厚的,,2026學習詞表-30多納魯凱語.xlsx,30多納魯凱語,980,,
thin,ruk_tn,madrolipisi,excel,32-21,薄的,,2026學習詞表-30多納魯凱語.xlsx,30多納魯凱語,982,makakolay細的 maylai瘦的,
dirty,ruk_tn,makodroo,excel,32-22,髒,,2026學習詞表-30多納魯凱語.xlsx,30多納魯凱語,983,,
dry,ruk_tn,mapacai/malaʼo,excel,32-28,乾的,,2026學習詞表-30多納魯凱語.xlsx,30多納魯凱語,989,mapacai/木材乾 mala’o/水乾,
new,ruk_tn,baʼowane,excel,32-31,新的,,2026學習詞表-30多納魯凱語.xlsx,30多納魯凱語,992,,
old,ruk_tn,aolaane / masopii,excel,32-32,舊的,,2026學習詞表-30多納魯凱語.xlsx,30多納魯凱語,993,,
near,ruk_tn,maʼadadyali,excel,32-33,近,,2026學習詞表-30多納魯凱語.xlsx,30多納魯凱語,994,,
bad,ruk_tn,mavisae,excel,32-35,壞掉,,2026學習詞表-30多納魯凱語.xlsx,30多納魯凱語,996,makwace不好的,
far,ruk_tn,maʼadavili,excel,32-37,遠,,2026學習詞表-30多納魯凱語.xlsx,30多納魯凱語,998,,
swell,ruk_tn,ʼabaake,excel,32-38,腫,,2026學習詞表-30多納魯凱語.xlsx,30多納魯凱語,999,,
smooth,ruk_tn,mathoai,excel,32-44,滑,,2026學習詞表-30多納魯凱語.xlsx,30多納魯凱語,1005,,
warm,ruk_tn,malabeabe,excel,32-56,暖和,,2026學習詞表-30多納魯凱語.xlsx,30多納魯凱語,1017,,
dull,ruk_tn,matongodro,excel,32-57,鈍的(指器物),,2026學習詞表-30多納魯凱語.xlsx,30多納魯凱語,1018,,
straight,ruk_tn,masokooʼo,excel,32-65,直,,2026學習詞表-30多納魯凱語.xlsx,30多納魯凱語,1026,,
full,ruk_tn,syaʼetenga,excel,32-66,滿了,,2026學習詞表-30多納魯凱語.xlsx,30多納魯凱語,1027,,
wide,ruk_tn,sakwadraw,excel,32-68,(空間)寬敞,,2026學習詞表-30多納魯凱語.xlsx,30多納魯凱語,1029,,
correct,ruk_tn,tyakadringay,excel,32-69,正確,,2026學習詞表-30多納魯凱語.xlsx,30多納魯凱語,1030,,
warm,ruk_tn,malabeabe,excel,32-72,溫的(水),,2026學習詞表-30多納魯凱語.xlsx,30多納魯凱語,1033,,
long,ruk_tn,mathangedaʼa,excel,32-74,長,,2026學習詞表-30多納魯凱語.xlsx,30多納魯凱語,1035,,
short,ruk_tn,maekekene,excel,32-76,短,,2026學習詞表-30多納魯凱語.xlsx,30多納魯凱語,1037,,
full,ruk_tn,syaʼete,excel,32-79,滿滿,,2026學習詞表-30多納魯凱語.xlsx,30多納魯凱語,1040,,
wipe,ruk_tn,wadrisidrisi/sadrisidrisi,excel,33-06,擦拭,,2026學習詞表-30多納魯凱語.xlsx,30多納魯凱語,1048,,
throw,ruk_tn,wabawngo,excel,34-19,丟棄,,2026學習詞表-30多納魯凱語.xlsx,30多納魯凱語,1069,,
count,ruk_tn,wasyasipi,excel,34-29,數(計算),,2026學習詞表-30多納魯凱語.xlsx,30多納魯凱語,1079,,
good,ruk_tn,maagiʼi,excel,34-34,好,,2026學習詞表-30多納魯凱語.xlsx,30多納魯凱語,1084,maagyagi’i nyaso?你身體好嗎? ipoingaw nyaso?你好嗎?,
not,ruk_tn,ʼaini,excel,35-03,不是(回答用),,2026學習詞表-30多納魯凱語.xlsx,30多納魯凱語,1092,,
because,ruk_tn,nikwani,excel,36-05,因為,,2026學習詞表-30多納魯凱語.xlsx,30多納魯凱語,1101,laninga所以,
and,ruk_tn,si,excel,36-18,和,,2026學習詞表-30多納魯凱語.xlsx,30多納魯凱語,1114,,
if,ruk_tn,layaasi/ nilavani,excel,36-22,如果,,2026學習詞表-30多納魯凱語.xlsx,30多納魯凱語,1118,,
one,ruk_mg,drɨga/sessa,excel,01-01,一,,2026學習詞表-31茂林魯凱語.xlsx,31茂林魯凱語,5,drɨga數數使用/sessa計量使用,
two,ruk_mg,drusa,excel,01-02,二,,2026學習詞表-31茂林魯凱語.xlsx,31茂林魯凱語,6,,
three,ruk_mg,tulru,excel,01-03,三,,2026學習詞表-31茂林魯凱語.xlsx,31茂林魯凱語,7,turu（計量使用）；tulru（數數使用）,
four,ruk_mg,patɨ,excel,01-04,四,,2026學習詞表-31茂林魯凱語.xlsx,31茂林魯凱語,8,thɨpatɨ（計量使用）；patɨ（數數使用）,
five,ruk_mg,lrima,excel,01-05,五,,2026學習詞表-31茂林魯凱語.xlsx,31茂林魯凱語,9,,
six,ruk_mg,nɨmɨ,excel,01-06,六,,2026學習詞表-31茂林魯凱語.xlsx,31茂林魯凱語,10,enɨmɨ（計量使用）；nɨmɨ（數數使用）,
seven,ruk_mg,pitu,excel,01-07,七,,2026學習詞表-31茂林魯凱語.xlsx,31茂林魯凱語,11,,
eight,ruk_mg,varu,excel,01-08,八,,2026學習詞表-31茂林魯凱語.xlsx,31茂林魯凱語,12,vuro（計量使用）；varu（數數使用）,
nine,ruk_mg,vngatɨ,excel,01-09,九,,2026學習詞表-31茂林魯凱語.xlsx,31茂林魯凱語,13,,
ten,ruk_mg,puruku,excel,01-10,十,,2026學習詞表-31茂林魯凱語.xlsx,31茂林魯凱語,14,mngesle（計量使用）；puruku（數數使用）,
twenty,ruk_mg,mɨposɨle,excel,01-20,二十,,2026學習詞表-31茂林魯凱語.xlsx,31茂林魯凱語,24,,
hundred,ruk_mg,ɨdé,excel,01-34,百,,2026學習詞表-31茂林魯凱語.xlsx,31茂林魯凱語,38,,
hundred,ruk_mg,sessa na ɨdé,excel,01-35,一百,,2026學習詞表-31茂林魯凱語.xlsx,31茂林魯凱語,39,,
some,ruk_mg,ikipiya,excel,01-38,一些,,2026學習詞表-31茂林魯凱語.xlsx,31茂林魯凱語,42,,
all,ruk_mg,ngiculu,excel,01-43,全部,,2026學習詞表-31茂林魯凱語.xlsx,31茂林魯凱語,47,,
few,ruk_mg,ikipiiya,excel,01-44,一點點,,2026學習詞表-31茂林魯凱語.xlsx,31茂林魯凱語,48,,
you_singular,ruk_mg,musu,excel,02-01,你,,2026學習詞表-31茂林魯凱語.xlsx,31茂林魯凱語,51,,
i,ruk_mg,kɨkɨ,excel,02-02,我,,2026學習詞表-31茂林魯凱語.xlsx,31茂林魯凱語,52,,
he,ruk_mg,kini,excel,02-03,他,,2026學習詞表-31茂林魯凱語.xlsx,31茂林魯凱語,53,,
you_plural,ruk_mg,mumu,excel,02-04,你們,,2026學習詞表-31茂林魯凱語.xlsx,31茂林魯凱語,54,,
we,ruk_mg,kɨnamɨ,excel,02-05,我們,,2026學習詞表-31茂林魯凱語.xlsx,31茂林魯凱語,55,,
they,ruk_mg,kidri,excel,02-06,他們,,2026學習詞表-31茂林魯凱語.xlsx,31茂林魯凱語,56,,
we,ruk_mg,nɨma,excel,02-13,我們(排除式),,2026學習詞表-31茂林魯凱語.xlsx,31茂林魯凱語,63,,
we,ruk_mg,mitia,excel,02-14,咱們(包含式),,2026學習詞表-31茂林魯凱語.xlsx,31茂林魯凱語,64,,
that,ruk_mg,kɨdroo,excel,02-16,那個,,2026學習詞表-31茂林魯凱語.xlsx,31茂林魯凱語,66,,
this,ruk_mg,kɨné,excel,02-17,這個,,2026學習詞表-31茂林魯凱語.xlsx,31茂林魯凱語,67,,
here,ruk_mg,kani,excel,02-18,這裡,,2026學習詞表-31茂林魯凱語.xlsx,31茂林魯凱語,68,,
there,ruk_mg,kadroo,excel,02-19,那裡,,2026學習詞表-31茂林魯凱語.xlsx,31茂林魯凱語,69,,
how,ruk_mg,tumanɨdra,excel,03-03,如何:怎麼樣,,2026學習詞表-31茂林魯凱語.xlsx,31茂林魯凱語,74,,
when,ruk_mg,nugɨne,excel,03-04,何時(未發生),,2026學習詞表-31茂林魯凱語.xlsx,31茂林魯凱語,75,,
who,ruk_mg,acini,excel,03-05,誰,,2026學習詞表-31茂林魯凱語.xlsx,31茂林魯凱語,76,,
where,ruk_mg,ikadra,excel,03-07,哪裡,,2026學習詞表-31茂林魯凱語.xlsx,31茂林魯凱語,78,,
how,ruk_mg,nakudra,excel,03-09,怎麼,,2026學習詞表-31茂林魯凱語.xlsx,31茂林魯凱語,80,,
where,ruk_mg,ikatékadra,excel,03-12,什麼地方,,2026學習詞表-31茂林魯凱語.xlsx,31茂林魯凱語,83,,
when,ruk_mg,ugɨne,excel,03-13,何時(已發生),,2026學習詞表-31茂林魯凱語.xlsx,31茂林魯凱語,84,,
father,ruk_mg,mao/mama,excel,04-01,爸爸,,2026學習詞表-31茂林魯凱語.xlsx,31茂林魯凱語,87,mao直稱/mama對外稱謂,
mother,ruk_mg,nao/nina,excel,04-02,媽媽,,2026學習詞表-31茂林魯凱語.xlsx,31茂林魯凱語,88,nao直稱/nina對外稱謂,
wife,ruk_mg,sɨpakamɨnia,excel,04-07,配偶,,2026學習詞表-31茂林魯凱語.xlsx,31茂林魯凱語,93,,
husband,ruk_mg,sɨpakamɨnia,excel,04-07,配偶,,2026學習詞表-31茂林魯凱語.xlsx,31茂林魯凱語,93,,
wife,ruk_mg,usirikua/asirali,excel,04-15,丈夫/妻子,,2026學習詞表-31茂林魯凱語.xlsx,31茂林魯凱語,101,,
husband,ruk_mg,usirikua/asirali,excel,04-15,丈夫/妻子,,2026學習詞表-31茂林魯凱語.xlsx,31茂林魯凱語,101,,
name,ruk_mg,aracɨ,excel,05-01,名字,,2026學習詞表-31茂林魯凱語.xlsx,31茂林魯凱語,114,,
child,ruk_mg,valɨvalɨke,excel,05-05,孩童,,2026學習詞表-31茂林魯凱語.xlsx,31茂林魯凱語,118,,
woman,ruk_mg,abéya,excel,05-07,女性,,2026學習詞表-31茂林魯凱語.xlsx,31茂林魯凱語,120,,
man,ruk_mg,sovɨlé,excel,05-08,男性,,2026學習詞表-31茂林魯凱語.xlsx,31茂林魯凱語,121,,
person,ruk_mg,ico,excel,05-09,人類,,2026學習詞表-31茂林魯凱語.xlsx,31茂林魯凱語,122,,
ear,ruk_mg,cingira,excel,06-01,耳朵,,2026學習詞表-31茂林魯凱語.xlsx,31茂林魯凱語,140,,
leg,ruk_mg,drorosa,excel,06-02,大腿,,2026學習詞表-31茂林魯凱語.xlsx,31茂林魯凱語,141,,
eye,ruk_mg,mɨca,excel,06-03,眼睛,,2026學習詞表-31茂林魯凱語.xlsx,31茂林魯凱語,142,,
mouth,ruk_mg,ngidivi,excel,06-05,嘴巴,,2026學習詞表-31茂林魯凱語.xlsx,31茂林魯凱語,144,,
head,ruk_mg,auru/oru,excel,06-06,頭,,2026學習詞表-31茂林魯凱語.xlsx,31茂林魯凱語,145,,
fingernail,ruk_mg,kuluka,excel,06-07,指甲,,2026學習詞表-31茂林魯凱語.xlsx,31茂林魯凱語,146,,
hand,ruk_mg,rima,excel,06-08,手,,2026學習詞表-31茂林魯凱語.xlsx,31茂林魯凱語,147,,
nose,ruk_mg,tungurua,excel,06-10,鼻子,,2026學習詞表-31茂林魯凱語.xlsx,31茂林魯凱語,149,,
foot,ruk_mg,kuku,excel,06-11,腳,,2026學習詞表-31茂林魯凱語.xlsx,31茂林魯凱語,150,,
tooth,ruk_mg,vɨlésé,excel,06-12,牙齒,,2026學習詞表-31茂林魯凱語.xlsx,31茂林魯凱語,151,,
hair,ruk_mg,isivi,excel,06-13,頭髮,,2026學習詞表-31茂林魯凱語.xlsx,31茂林魯凱語,152,,
blood,ruk_mg,lobu,excel,06-14,血,,2026學習詞表-31茂林魯凱語.xlsx,31茂林魯凱語,153,,
meat,ruk_mg,buetɨ,excel,06-15,肉,,2026學習詞表-31茂林魯凱語.xlsx,31茂林魯凱語,154,,
belly,ruk_mg,bɨrangɨ,excel,06-17,肚子,,2026學習詞表-31茂林魯凱語.xlsx,31茂林魯凱語,156,,
breast,ruk_mg,thuthu,excel,06-18,乳房,,2026學習詞表-31茂林魯凱語.xlsx,31茂林魯凱語,157,,
back,ruk_mg,bukulu,excel,06-22,背部,,2026學習詞表-31茂林魯凱語.xlsx,31茂林魯凱語,161,,
skin,ruk_mg,picingi,excel,06-23,皮,,2026學習詞表-31茂林魯凱語.xlsx,31茂林魯凱語,162,,
heart,ruk_mg,atukulu,excel,06-28,心臟,,2026學習詞表-31茂林魯凱語.xlsx,31茂林魯凱語,167,,
knee,ruk_mg,puku,excel,06-31,膝蓋,,2026學習詞表-31茂林魯凱語.xlsx,31茂林魯凱語,170,,
liver,ruk_mg,surugu,excel,06-34,肝臟,,2026學習詞表-31茂林魯凱語.xlsx,31茂林魯凱語,173,,
fat,ruk_mg,sɨma,excel,06-37,油脂,,2026學習詞表-31茂林魯凱語.xlsx,31茂林魯凱語,176,,
tongue,ruk_mg,rɨdamɨ,excel,06-42,舌頭,,2026學習詞表-31茂林魯凱語.xlsx,31茂林魯凱語,181,,
neck,ruk_mg,ɨrɨ,excel,06-47,脖子,,2026學習詞表-31茂林魯凱語.xlsx,31茂林魯凱語,186,,
neck,ruk_mg,ɨrɨ,excel,06-52,頸子；領子,,2026學習詞表-31茂林魯凱語.xlsx,31茂林魯凱語,191,,
tail,ruk_mg,ikivi,excel,07-01,尾巴,,2026學習詞表-31茂林魯凱語.xlsx,31茂林魯凱語,197,,
dog,ruk_mg,atho,excel,07-03,狗,,2026學習詞表-31茂林魯凱語.xlsx,31茂林魯凱語,199,,
bird,ruk_mg,raramɨ,excel,07-06,鳥,,2026學習詞表-31茂林魯凱語.xlsx,31茂林魯凱語,202,,
fish,ruk_mg,akangɨ,excel,07-07,魚,,2026學習詞表-31茂林魯凱語.xlsx,31茂林魯凱語,203,,
snake,ruk_mg,sura,excel,07-19,蛇,,2026學習詞表-31茂林魯凱語.xlsx,31茂林魯凱語,215,,
louse,ruk_mg,kucu,excel,07-33,頭蝨,,2026學習詞表-31茂林魯凱語.xlsx,31茂林魯凱語,229,,
worm,ruk_mg,torolo,excel,07-39,蚯蚓,,2026學習詞表-31茂林魯凱語.xlsx,31茂林魯凱語,235,,
wing,ruk_mg,sɨpakɨpakɨ,excel,07-49,翅膀,,2026學習詞表-31茂林魯凱語.xlsx,31茂林魯凱語,245,,
horn,ruk_mg,longu,excel,07-64,(動物的)角,,2026學習詞表-31茂林魯凱語.xlsx,31茂林魯凱語,260,,
tree,ruk_mg,angatu,excel,08-03,樹,,2026學習詞表-31茂林魯凱語.xlsx,31茂林魯凱語,265,,
leaf,ruk_mg,supungu,excel,08-06,葉子,,2026學習詞表-31茂林魯凱語.xlsx,31茂林魯凱語,268,,
flower,ruk_mg,vɨngɨré,excel,08-09,花朵,,2026學習詞表-31茂林魯凱語.xlsx,31茂林魯凱語,271,,
stick,ruk_mg,piringi,excel,08-15,樹枝,,2026學習詞表-31茂林魯凱語.xlsx,31茂林魯凱語,277,,
fruit,ruk_mg,mudro,excel,08-16,(植物的)果實,,2026學習詞表-31茂林魯凱語.xlsx,31茂林魯凱語,278,,
grass,ruk_mg,suro,excel,08-20,草,,2026學習詞表-31茂林魯凱語.xlsx,31茂林魯凱語,282,,
fruit,ruk_mg,mudrodra sierɨngɨ,excel,08-24,水果,,2026學習詞表-31茂林魯凱語.xlsx,31茂林魯凱語,286,kudamono,
root,ruk_mg,amici ngatu,excel,08-28,樹根,,2026學習詞表-31茂林魯凱語.xlsx,31茂林魯凱語,290,,
seed,ruk_mg,cɨpɨ,excel,08-44,種子,,2026學習詞表-31茂林魯凱語.xlsx,31茂林魯凱語,306,,
rope,ruk_mg,tési,excel,09-15,繩索,,2026學習詞表-31茂林魯凱語.xlsx,31茂林魯凱語,335,,
stick,ruk_mg,piringi,excel,09-18,枝條,,2026學習詞表-31茂林魯凱語.xlsx,31茂林魯凱語,338,,
ash,ruk_mg,abu,excel,09-49,木炭灰,,2026學習詞表-31茂林魯凱語.xlsx,31茂林魯凱語,369,,
road,ruk_mg,dadɨranɨ,excel,10-01,道路,,2026學習詞表-31茂林魯凱語.xlsx,31茂林魯凱語,393,,
wind,ruk_mg,bɨsɨbɨsɨ,excel,10-04,風,,2026學習詞表-31茂林魯凱語.xlsx,31茂林魯凱語,396,,
sand,ruk_mg,ɨné,excel,10-05,沙子,,2026學習詞表-31茂林魯凱語.xlsx,31茂林魯凱語,397,adado（所有土）之意,
earth,ruk_mg,ado,excel,10-06,泥土,,2026學習詞表-31茂林魯凱語.xlsx,31茂林魯凱語,398,,
river,ruk_mg,drɨkerele,excel,10-07,河流,,2026學習詞表-31茂林魯凱語.xlsx,31茂林魯凱語,399,,
lake,ruk_mg,tébulangɨ,excel,10-08,湖泊,,2026學習詞表-31茂林魯凱語.xlsx,31茂林魯凱語,400,bulangɨ,
forest,ruk_mg,tɨparongu,excel,10-09,森林,,2026學習詞表-31茂林魯凱語.xlsx,31茂林魯凱語,401,,
sun,ruk_mg,avé,excel,11-02,太陽,,2026學習詞表-31茂林魯凱語.xlsx,31茂林魯凱語,417,,
moon,ruk_mg,drɨmarɨ,excel,11-03,月亮,,2026學習詞表-31茂林魯凱語.xlsx,31茂林魯凱語,418,,
sky,ruk_mg,tɨbɨlɨnga,excel,11-04,天空,,2026學習詞表-31茂林魯凱語.xlsx,31茂林魯凱語,419,,
star,ruk_mg,cacɨngalɨ,excel,11-05,星星,,2026學習詞表-31茂林魯凱語.xlsx,31茂林魯凱語,420,,
rain,ruk_mg,udalɨ,excel,11-06,雨,,2026學習詞表-31茂林魯凱語.xlsx,31茂林魯凱語,421,,
snow,ruk_mg,yela,excel,11-07,雪,,2026學習詞表-31茂林魯凱語.xlsx,31茂林魯凱語,422,,
cloud,ruk_mg,kurungu,excel,11-12,雲,,2026學習詞表-31茂林魯凱語.xlsx,31茂林魯凱語,427,,
smoke,ruk_mg,ubɨrɨ,excel,11-13,煙,,2026學習詞表-31茂林魯凱語.xlsx,31茂林魯凱語,428,,
fire,ruk_mg,apuru,excel,11-17,火,,2026學習詞表-31茂林魯凱語.xlsx,31茂林魯凱語,432,,
ice,ruk_mg,yela / koori,excel,11-18,冰,,2026學習詞表-31茂林魯凱語.xlsx,31茂林魯凱語,433,,
stone,ruk_mg,alapi,excel,12-05,石頭,,2026學習詞表-31茂林魯凱語.xlsx,31茂林魯凱語,454,,
night,ruk_mg,ngiyubu,excel,13-02,晚上,,2026學習詞表-31茂林魯凱語.xlsx,31茂林魯凱語,471,,
day,ruk_mg,uliliepɨ vienɨ,excel,13-07,白天,,2026學習詞表-31茂林魯凱語.xlsx,31茂林魯凱語,476,,
night,ruk_mg,masungu,excel,13-22,夜,,2026學習詞表-31茂林魯凱語.xlsx,31茂林魯凱語,491,,
year,ruk_mg,cɨvélé,excel,13-28,年,,2026學習詞表-31茂林魯凱語.xlsx,31茂林魯凱語,497,,
in,ruk_mg,adringi,excel,14-01,裡面,,2026學習詞表-31茂林魯凱語.xlsx,31茂林魯凱語,502,,
at,ruk_mg,ikétékadra,excel,14-02,在某處,,2026學習詞表-31茂林魯凱語.xlsx,31茂林魯凱語,503,,
right,ruk_mg,vɨnanɨ,excel,14-10,右邊,,2026學習詞表-31茂林魯凱語.xlsx,31茂林魯凱語,511,,
left,ruk_mg,virienɨ,excel,14-11,左邊,,2026學習詞表-31茂林魯凱語.xlsx,31茂林魯凱語,512,,
water,ruk_mg,acɨlé,excel,21-02,水,,2026學習詞表-31茂林魯凱語.xlsx,31茂林魯凱語,601,,
salt,ruk_mg,tumusu,excel,21-07,鹽,,2026學習詞表-31茂林魯凱語.xlsx,31茂林魯凱語,606,,
egg,ruk_mg,burucu,excel,21-09,蛋,,2026學習詞表-31茂林魯凱語.xlsx,31茂林魯凱語,608,,
white,ruk_mg,tupupuliya,excel,22-01,白色,,2026學習詞表-31茂林魯凱語.xlsx,31茂林魯凱語,626,,
black,ruk_mg,tɨmacɨcɨrɨngɨ,excel,22-02,黑色,,2026學習詞表-31茂林魯凱語.xlsx,31茂林魯凱語,627,,
red,ruk_mg,diliengɨ,excel,22-03,紅色,,2026學習詞表-31茂林魯凱語.xlsx,31茂林魯凱語,628,,
yellow,ruk_mg,tiburo,excel,22-05,黃色,,2026學習詞表-31茂林魯凱語.xlsx,31茂林魯凱語,630,,
green,ruk_mg,tɨmalɨsɨlɨsɨkɨ,excel,22-08,綠色,,2026學習詞表-31茂林魯凱語.xlsx,31茂林魯凱語,633,,
give,ruk_mg,bwi,excel,25-07,給,,2026學習詞表-31茂林魯凱語.xlsx,31茂林魯凱語,663,,
come,ruk_mg,nanga / mukunia,excel,25-08,來,,2026學習詞表-31茂林魯凱語.xlsx,31茂林魯凱語,664,,
walk,ruk_mg,dodavɨce,excel,25-10,走路,,2026學習詞表-31茂林魯凱語.xlsx,31茂林魯凱語,666,,
fly,ruk_mg,thilibi,excel,25-12,飛,,2026學習詞表-31茂林魯凱語.xlsx,31茂林魯凱語,668,,
fall,ruk_mg,mapisisi,excel,25-26,(植物的果實)掉落,,2026學習詞表-31茂林魯凱語.xlsx,31茂林魯凱語,682,,
sit,ruk_mg,inu,excel,25-43,坐著,,2026學習詞表-31茂林魯凱語.xlsx,31茂林魯凱語,699,,
stand,ruk_mg,ingɨdɨlɨ,excel,25-44,站著,,2026學習詞表-31茂林魯凱語.xlsx,31茂林魯凱語,700,,
sit,ruk_mg,inunua,excel,26-03,坐下,,2026學習詞表-31茂林魯凱語.xlsx,31茂林魯凱語,712,,
hit,ruk_mg,sutiti,excel,26-08,打(人),,2026學習詞表-31茂林魯凱語.xlsx,31茂林魯凱語,717,,
stab,ruk_mg,sobɨke,excel,26-09,刺,,2026學習詞表-31茂林魯凱語.xlsx,31茂林魯凱語,718,,
push,ruk_mg,drudruru,excel,26-13,推,,2026學習詞表-31茂林魯凱語.xlsx,31茂林魯凱語,722,udrudruru推人、推東西,
scratch,ruk_mg,gocɨgacɨ,excel,26-18,抓癢,,2026學習詞表-31茂林魯凱語.xlsx,31茂林魯凱語,727,,
lie,ruk_mg,ébɨrarɨ,excel,26-20,躺,,2026學習詞表-31茂林魯凱語.xlsx,31茂林魯凱語,729,,
blow,ruk_mg,butu,excel,26-28,吹,,2026學習詞表-31茂林魯凱語.xlsx,31茂林魯凱語,737,,
dig,ruk_mg,kukuru,excel,26-29,挖掘,,2026學習詞表-31茂林魯凱語.xlsx,31茂林魯凱語,738,,
cut,ruk_mg,kɨtɨ,excel,26-30,切,,2026學習詞表-31茂林魯凱語.xlsx,31茂林魯凱語,739,,
swim,ruk_mg,lungulungé,excel,26-31,游泳,,2026學習詞表-31茂林魯凱語.xlsx,31茂林魯凱語,740,,
tie,ruk_mg,kɨrɨngɨ,excel,26-38,綁住,,2026學習詞表-31茂林魯凱語.xlsx,31茂林魯凱語,747,,
pull,ruk_mg,bilibili,excel,26-39,拉,,2026學習詞表-31茂林魯凱語.xlsx,31茂林魯凱語,748,,
split,ruk_mg,colɨpe,excel,26-40,劈(木材),,2026學習詞表-31茂林魯凱語.xlsx,31茂林魯凱語,749,,
hold,ruk_mg,tikikili,excel,26-42,提著,,2026學習詞表-31茂林魯凱語.xlsx,31茂林魯凱語,751,,
hold,ruk_mg,rɨcɨngɨ,excel,26-43,握著,,2026學習詞表-31茂林魯凱語.xlsx,31茂林魯凱語,752,,
tie,ruk_mg,ɨbɨkɨ,excel,26-44,捆綁,,2026學習詞表-31茂林魯凱語.xlsx,31茂林魯凱語,753,,
scratch,ruk_mg,ugulugulapɨ,excel,26-56,搔癢,,2026學習詞表-31茂林魯凱語.xlsx,31茂林魯凱語,765,,
rub,ruk_mg,ukutakutu,excel,26-85,揉搓(衣物),,2026學習詞表-31茂林魯凱語.xlsx,31茂林魯凱語,794,,
lie,ruk_mg,talicicigi,excel,26-88,側臥,,2026學習詞表-31茂林魯凱語.xlsx,31茂林魯凱語,797,,
fight,ruk_mg,makivila,excel,26-96,打架,,2026學習詞表-31茂林魯凱語.xlsx,31茂林魯凱語,805,,
squeeze,ruk_mg,drikisi,excel,26-97,擠,,2026學習詞表-31茂林魯凱語.xlsx,31茂林魯凱語,806,,
dig,ruk_mg,ukurukuru,excel,26-100,(用手)挖掘,,2026學習詞表-31茂林魯凱語.xlsx,31茂林魯凱語,809,,
stand,ruk_mg,icɨkalɨ,excel,26-105,起立,,2026學習詞表-31茂林魯凱語.xlsx,31茂林魯凱語,814,,
eat,ruk_mg,ukanɨ,excel,27-01,吃,,2026學習詞表-31茂林魯凱語.xlsx,31茂林魯凱語,816,,
suck,ruk_mg,sulutu/thɨrɨpɨ,excel,27-02,吸,,2026學習詞表-31茂林魯凱語.xlsx,31茂林魯凱語,817,,
drink,ruk_mg,ungulu,excel,27-03,喝,,2026學習詞表-31茂林魯凱語.xlsx,31茂林魯凱語,818,,
vomit,ruk_mg,ututa,excel,27-04,吐,,2026學習詞表-31茂林魯凱語.xlsx,31茂林魯凱語,819,,
bite,ruk_mg,utɨtɨ/ungocu,excel,27-05,咬,,2026學習詞表-31茂林魯凱語.xlsx,31茂林魯凱語,820,,
eat,ruk_mg,ukanɨ,excel,27-15,吃(東西),,2026學習詞表-31茂林魯凱語.xlsx,31茂林魯凱語,830,,
know,ruk_mg,urugu,excel,28-02,知道,,2026學習詞表-31茂林魯凱語.xlsx,31茂林魯凱語,836,,
see,ruk_mg,cɨnglɨ,excel,28-03,看,,2026學習詞表-31茂林魯凱語.xlsx,31茂林魯凱語,837,,
say,ruk_mg,mɨsobaka,excel,28-04,說,,2026學習詞表-31茂林魯凱語.xlsx,31茂林魯凱語,838,,
smell,ruk_mg,sobɨré,excel,28-07,聞(如聞味道),,2026學習詞表-31茂林魯凱語.xlsx,31茂林魯凱語,841,,
hear,ruk_mg,ubiciringi,excel,28-19,聽,,2026學習詞表-31茂林魯凱語.xlsx,31茂林魯凱語,853,,
think,ruk_mg,pakɨdrɨdrɨmɨ,excel,28-25,想(思考),,2026學習詞表-31茂林魯凱語.xlsx,31茂林魯凱語,859,,
fear,ruk_mg,akuludru,excel,29-02,害怕,,2026學習詞表-31茂林魯凱語.xlsx,31茂林魯凱語,866,,
wash,ruk_mg,singsino,excel,30-02,洗(衣物),,2026學習詞表-31茂林魯凱語.xlsx,31茂林魯凱語,876,,
sleep,ruk_mg,sierɨkɨ,excel,30-09,睡覺,,2026學習詞表-31茂林魯凱語.xlsx,31茂林魯凱語,883,,
kill,ruk_mg,uculu,excel,30-10,殺牲畜,,2026學習詞表-31茂林魯凱語.xlsx,31茂林魯凱語,884,,
lie,ruk_mg,ébare,excel,30-16,躺臥,,2026學習詞表-31茂林魯凱語.xlsx,31茂林魯凱語,890,,
burn,ruk_mg,ululobu,excel,30-20,燒(如燒稻草),,2026學習詞表-31茂林魯凱語.xlsx,31茂林魯凱語,894,,
hunt,ruk_mg,utɨrɨbɨ,excel,30-25,陷獵(地洞),,2026學習詞表-31茂林魯凱語.xlsx,31茂林魯凱語,899,ulithi、tukuru,
burn,ruk_mg,sélobu,excel,30-54,燃燒,,2026學習詞表-31茂林魯凱語.xlsx,31茂林魯凱語,928,,
drink,ruk_mg,ungulu,excel,30-61,喝(水),,2026學習詞表-31茂林魯凱語.xlsx,31茂林魯凱語,935,,
sing,ruk_mg,uthɨné,excel,30-64,唱歌,,2026學習詞表-31茂林魯凱語.xlsx,31茂林魯凱語,938,,
play,ruk_mg,mililivi,excel,30-65,玩耍,,2026學習詞表-31茂林魯凱語.xlsx,31茂林魯凱語,939,,
die,ruk_mg,mamudu,excel,31-01,死亡,,2026學習詞表-31茂林魯凱語.xlsx,31茂林魯凱語,941,,
live,ruk_mg,modripi,excel,31-08,活的,,2026學習詞表-31茂林魯凱語.xlsx,31茂林魯凱語,948,,
heavy,ruk_mg,madɨkɨrɨ,excel,32-02,重(重量),,2026學習詞表-31茂林魯凱語.xlsx,31茂林魯凱語,963,,
big,ruk_mg,tɨradro,excel,32-05,大的,,2026學習詞表-31茂林魯凱語.xlsx,31茂林魯凱語,966,,
cold,ruk_mg,matɨlɨkɨ,excel,32-08,冷,,2026學習詞表-31茂林魯凱語.xlsx,31茂林魯凱語,969,,
small,ruk_mg,tikɨcɨnɨ,excel,32-09,小的,,2026學習詞表-31茂林魯凱語.xlsx,31茂林魯凱語,970,,
many,ruk_mg,madro,excel,32-10,多,,2026學習詞表-31茂林魯凱語.xlsx,31茂林魯凱語,971,,
cold,ruk_mg,matɨlɨkɨ,excel,32-12,冰冷,,2026學習詞表-31茂林魯凱語.xlsx,31茂林魯凱語,973,,
few,ruk_mg,ikipiya,excel,32-14,少的,,2026學習詞表-31茂林魯凱語.xlsx,31茂林魯凱語,975,,
laugh,ruk_mg,angiringiri,excel,32-16,笑,,2026學習詞表-31茂林魯凱語.xlsx,31茂林魯凱語,977,,
wet,ruk_mg,madiripɨ,excel,32-17,濕的,,2026學習詞表-31茂林魯凱語.xlsx,31茂林魯凱語,978,,
thick,ruk_mg,marimɨdrɨ,excel,32-19,厚的,,2026學習詞表-31茂林魯凱語.xlsx,31茂林魯凱語,980,,
thin,ruk_mg,madilipisi,excel,32-21,薄的,,2026學習詞表-31茂林魯凱語.xlsx,31茂林魯凱語,982,,
dirty,ruk_mg,makulungu,excel,32-22,髒,,2026學習詞表-31茂林魯凱語.xlsx,31茂林魯凱語,983,,
dry,ruk_mg,malo,excel,32-28,乾的,,2026學習詞表-31茂林魯凱語.xlsx,31茂林魯凱語,989,,
new,ruk_mg,bova,excel,32-31,新的,,2026學習詞表-31茂林魯凱語.xlsx,31茂林魯凱語,992,,
old,ruk_mg,masipiri,excel,32-32,舊的,,2026學習詞表-31茂林魯凱語.xlsx,31茂林魯凱語,993,,
near,ruk_mg,midali,excel,32-33,近,,2026學習詞表-31茂林魯凱語.xlsx,31茂林魯凱語,994,,
bad,ruk_mg,makurathɨ,excel,32-35,壞掉,,2026學習詞表-31茂林魯凱語.xlsx,31茂林魯凱語,996,,
far,ruk_mg,médavili,excel,32-37,遠,,2026學習詞表-31茂林魯凱語.xlsx,31茂林魯凱語,998,,
swell,ruk_mg,abɨrakɨ,excel,32-38,腫,,2026學習詞表-31茂林魯凱語.xlsx,31茂林魯凱語,999,,
smooth,ruk_mg,mathuré,excel,32-44,滑,,2026學習詞表-31茂林魯凱語.xlsx,31茂林魯凱語,1005,,
warm,ruk_mg,mabɨlɨsɨbɨsɨ,excel,32-56,暖和,,2026學習詞表-31茂林魯凱語.xlsx,31茂林魯凱語,1017,,
dull,ruk_mg,igarɨnge,excel,32-57,鈍的(指器物),,2026學習詞表-31茂林魯凱語.xlsx,31茂林魯凱語,1018,,
straight,ruk_mg,masukuru,excel,32-65,直,,2026學習詞表-31茂林魯凱語.xlsx,31茂林魯凱語,1026,,
full,ruk_mg,sitɨnga,excel,32-66,滿了,,2026學習詞表-31茂林魯凱語.xlsx,31茂林魯凱語,1027,,
wide,ruk_mg,mavɨné,excel,32-68,(空間)寬敞,,2026學習詞表-31茂林魯凱語.xlsx,31茂林魯凱語,1029,,
correct,ruk_mg,pakɨcɨgɨ,excel,32-69,正確,,2026學習詞表-31茂林魯凱語.xlsx,31茂林魯凱語,1030,,
warm,ruk_mg,madɨlada,excel,32-72,溫的(水),,2026學習詞表-31茂林魯凱語.xlsx,31茂林魯凱語,1033,,
long,ruk_mg,mathɨngeda,excel,32-74,長,,2026學習詞表-31茂林魯凱語.xlsx,31茂林魯凱語,1035,,
short,ruk_mg,mekɨnɨ,excel,32-76,短,,2026學習詞表-31茂林魯凱語.xlsx,31茂林魯凱語,1037,,
full,ruk_mg,siɨtɨ,excel,32-79,滿滿,,2026學習詞表-31茂林魯凱語.xlsx,31茂林魯凱語,1040,,
wipe,ruk_mg,drisidrisi,excel,33-06,擦拭,,2026學習詞表-31茂林魯凱語.xlsx,31茂林魯凱語,1048,,
throw,ruk_mg,bongu,excel,34-19,丟棄,,2026學習詞表-31茂林魯凱語.xlsx,31茂林魯凱語,1069,,
count,ruk_mg,isisipi,excel,34-29,數(計算),,2026學習詞表-31茂林魯凱語.xlsx,31茂林魯凱語,1079,,
good,ruk_mg,margi,excel,34-34,好,,2026學習詞表-31茂林魯凱語.xlsx,31茂林魯凱語,1084,,
not,ruk_mg,ikɨmani,excel,35-03,不是(回答用),,2026學習詞表-31茂林魯凱語.xlsx,31茂林魯凱語,1092,,
because,ruk_mg,nakudraka,excel,36-05,因為,,2026學習詞表-31茂林魯凱語.xlsx,31茂林魯凱語,1101,,
and,ruk_mg,si / ki,excel,36-18,和,,2026學習詞表-31茂林魯凱語.xlsx,31茂林魯凱語,1114,,
if,ruk_mg,ina,excel,36-22,如果,,2026學習詞表-31茂林魯凱語.xlsx,31茂林魯凱語,1118,,
one,ruk_mn,neka/maeaea,excel,01-01,一,,2026學習詞表-32萬山魯凱語.xlsx,32萬山魯凱語,5,neka數數使用/maeaea計量使用,
two,ruk_mn,madhoʼa,excel,01-02,二,,2026學習詞表-32萬山魯凱語.xlsx,32萬山魯凱語,6,nosa 數數時的用法,
three,ruk_mn,matolro,excel,01-03,三,,2026學習詞表-32萬山魯凱語.xlsx,32萬山魯凱語,7,tolro 數數時的用法,
four,ruk_mn,maʼepate,excel,01-04,四,,2026學習詞表-32萬山魯凱語.xlsx,32萬山魯凱語,8,pate 數數時的用法,
five,ruk_mn,malrima,excel,01-05,五,,2026學習詞表-32萬山魯凱語.xlsx,32萬山魯凱語,9,lrima 數數時的用法,
six,ruk_mn,maeneme,excel,01-06,六,,2026學習詞表-32萬山魯凱語.xlsx,32萬山魯凱語,10,neme 數數時的用法,
seven,ruk_mn,mapito,excel,01-07,七,,2026學習詞表-32萬山魯凱語.xlsx,32萬山魯凱語,11,pito 數數時的用法,
eight,ruk_mn,mavalro,excel,01-08,八,,2026學習詞表-32萬山魯凱語.xlsx,32萬山魯凱語,12,valro 數數時的用法,
nine,ruk_mn,mavangate,excel,01-09,九,,2026學習詞表-32萬山魯凱語.xlsx,32萬山魯凱語,13,vangate 數數時的用法,
ten,ruk_mn,mamangele,excel,01-10,十,,2026學習詞表-32萬山魯凱語.xlsx,32萬山魯凱語,14,polroko 數數時的用法,
twenty,ruk_mn,mamapoʼale,excel,01-20,二十,,2026學習詞表-32萬山魯凱語.xlsx,32萬山魯凱語,24,,
hundred,ruk_mn,idhai,excel,01-34,百,,2026學習詞表-32萬山魯凱語.xlsx,32萬山魯凱語,38,,
hundred,ruk_mn,maeaea idhai,excel,01-35,一百,,2026學習詞表-32萬山魯凱語.xlsx,32萬山魯凱語,39,,
some,ruk_mn,dhoma,excel,01-38,一些,,2026學習詞表-32萬山魯凱語.xlsx,32萬山魯凱語,42,,
all,ruk_mn,poelre,excel,01-43,全部,,2026學習詞表-32萬山魯凱語.xlsx,32萬山魯凱語,47,,
few,ruk_mn,masiiʼi,excel,01-44,一點點,,2026學習詞表-32萬山魯凱語.xlsx,32萬山魯凱語,48,,
you_singular,ruk_mn,imiyaʼe,excel,02-01,你,,2026學習詞表-32萬山魯凱語.xlsx,32萬山魯凱語,51,,
i,ruk_mn,ilrae,excel,02-02,我,,2026學習詞表-32萬山魯凱語.xlsx,32萬山魯凱語,52,,
he,ruk_mn,ine,excel,02-03,他,,2026學習詞表-32萬山魯凱語.xlsx,32萬山魯凱語,53,,
you_plural,ruk_mn,inome,excel,02-04,你們,,2026學習詞表-32萬山魯凱語.xlsx,32萬山魯凱語,54,,
we,ruk_mn,iname,excel,02-05,我們,,2026學習詞表-32萬山魯凱語.xlsx,32萬山魯凱語,55,,
they,ruk_mn,analo,excel,02-06,他們,,2026學習詞表-32萬山魯凱語.xlsx,32萬山魯凱語,56,,
we,ruk_mn,nai,excel,02-13,我們(排除式),,2026學習詞表-32萬山魯凱語.xlsx,32萬山魯凱語,63,,
we,ruk_mn,imite,excel,02-14,咱們(包含式),,2026學習詞表-32萬山魯凱語.xlsx,32萬山魯凱語,64,,
that,ruk_mn,ana,excel,02-16,那個,,2026學習詞表-32萬山魯凱語.xlsx,32萬山魯凱語,66,,
this,ruk_mn,ʼina,excel,02-17,這個,,2026學習詞表-32萬山魯凱語.xlsx,32萬山魯凱語,67,,
here,ruk_mn,ʼinaai,excel,02-18,這裡,,2026學習詞表-32萬山魯凱語.xlsx,32萬山魯凱語,68,,
there,ruk_mn,aanai,excel,02-19,那裡,,2026學習詞表-32萬山魯凱語.xlsx,32萬山魯凱語,69,,
how,ruk_mn,amokoani,excel,03-03,如何:怎麼樣,,2026學習詞表-32萬山魯凱語.xlsx,32萬山魯凱語,74,,
when,ruk_mn,kalaʼomae,excel,03-04,何時(未發生),,2026學習詞表-32萬山魯凱語.xlsx,32萬山魯凱語,75,,
who,ruk_mn,aangai,excel,03-05,誰,,2026學習詞表-32萬山魯凱語.xlsx,32萬山魯凱語,76,,
where,ruk_mn,aikiedha,excel,03-07,哪裡,,2026學習詞表-32萬山魯凱語.xlsx,32萬山魯凱語,78,,
how,ruk_mn,apokoa,excel,03-09,怎麼,,2026學習詞表-32萬山魯凱語.xlsx,32萬山魯凱語,80,,
where,ruk_mn,omaedha,excel,03-12,什麼地方,,2026學習詞表-32萬山魯凱語.xlsx,32萬山魯凱語,83,,
when,ruk_mn,kalaʼomaengadha,excel,03-13,何時(已發生),,2026學習詞表-32萬山魯凱語.xlsx,32萬山魯凱語,84,,
father,ruk_mn,amake,excel,04-01,爸爸,,2026學習詞表-32萬山魯凱語.xlsx,32萬山魯凱語,87,ama對外稱謂/amake直稱,
mother,ruk_mn,inake,excel,04-02,媽媽,,2026學習詞表-32萬山魯凱語.xlsx,32萬山魯凱語,88,ina對外稱謂/inake直稱,
wife,ruk_mn,lamengae,excel,04-07,配偶,,2026學習詞表-32萬山魯凱語.xlsx,32萬山魯凱語,93,,
husband,ruk_mn,lamengae,excel,04-07,配偶,,2026學習詞表-32萬山魯凱語.xlsx,32萬山魯凱語,93,,
wife,ruk_mn,lamengae,excel,04-15,丈夫/妻子,,2026學習詞表-32萬山魯凱語.xlsx,32萬山魯凱語,101,亦作：夫妻之間稱呼,
husband,ruk_mn,lamengae,excel,04-15,丈夫/妻子,,2026學習詞表-32萬山魯凱語.xlsx,32萬山魯凱語,101,亦作：夫妻之間稱呼,
name,ruk_mn,alrace,excel,05-01,名字,,2026學習詞表-32萬山魯凱語.xlsx,32萬山魯凱語,114,,
child,ruk_mn,lroolai,excel,05-05,孩童,,2026學習詞表-32萬山魯凱語.xlsx,32萬山魯凱語,118,,
woman,ruk_mn,ʼavai,excel,05-07,女性,,2026學習詞表-32萬山魯凱語.xlsx,32萬山魯凱語,120,,
man,ruk_mn,ʼaolai,excel,05-08,男性,,2026學習詞表-32萬山魯凱語.xlsx,32萬山魯凱語,121,,
person,ruk_mn,ocao,excel,05-09,人類,,2026學習詞表-32萬山魯凱語.xlsx,32萬山魯凱語,122,,
ear,ruk_mn,calringa,excel,06-01,耳朵,,2026學習詞表-32萬山魯凱語.xlsx,32萬山魯凱語,140,,
leg,ruk_mn,dhalroae,excel,06-02,大腿,,2026學習詞表-32萬山魯凱語.xlsx,32萬山魯凱語,141,,
eye,ruk_mn,lringao,excel,06-03,眼睛,,2026學習詞表-32萬山魯凱語.xlsx,32萬山魯凱語,142,,
mouth,ruk_mn,ngodhoi,excel,06-05,嘴巴,,2026學習詞表-32萬山魯凱語.xlsx,32萬山魯凱語,144,,
head,ruk_mn,cokonoho,excel,06-06,頭,,2026學習詞表-32萬山魯凱語.xlsx,32萬山魯凱語,145,亦稱作：cokonoro,
fingernail,ruk_mn,loka,excel,06-07,指甲,,2026學習詞表-32萬山魯凱語.xlsx,32萬山魯凱語,146,,
hand,ruk_mn,alrima,excel,06-08,手,,2026學習詞表-32萬山魯凱語.xlsx,32萬山魯凱語,147,,
nose,ruk_mn,ngongoʼo,excel,06-10,鼻子,,2026學習詞表-32萬山魯凱語.xlsx,32萬山魯凱語,149,,
foot,ruk_mn,okoko,excel,06-11,腳,,2026學習詞表-32萬山魯凱語.xlsx,32萬山魯凱語,150,,
tooth,ruk_mn,aliʼi,excel,06-12,牙齒,,2026學習詞表-32萬山魯凱語.xlsx,32萬山魯凱語,151,,
hair,ruk_mn,iyoʼo,excel,06-13,頭髮,,2026學習詞表-32萬山魯凱語.xlsx,32萬山魯凱語,152,亦稱作：io’o,
blood,ruk_mn,ehai,excel,06-14,血,,2026學習詞表-32萬山魯凱語.xlsx,32萬山魯凱語,153,亦稱作：erai,
meat,ruk_mn,lroho,excel,06-15,肉,,2026學習詞表-32萬山魯凱語.xlsx,32萬山魯凱語,154,,
belly,ruk_mn,vahange,excel,06-17,肚子,,2026學習詞表-32萬山魯凱語.xlsx,32萬山魯凱語,156,,
breast,ruk_mn,soso,excel,06-18,乳房,,2026學習詞表-32萬山魯凱語.xlsx,32萬山魯凱語,157,,
back,ruk_mn,dhelrehe,excel,06-22,背部,,2026學習詞表-32萬山魯凱語.xlsx,32萬山魯凱語,161,,
skin,ruk_mn,picingi,excel,06-23,皮,,2026學習詞表-32萬山魯凱語.xlsx,32萬山魯凱語,162,,
heart,ruk_mn,tetene,excel,06-28,心臟,,2026學習詞表-32萬山魯凱語.xlsx,32萬山魯凱語,167,,
knee,ruk_mn,sahao,excel,06-31,膝蓋,,2026學習詞表-32萬山魯凱語.xlsx,32萬山魯凱語,170,,
liver,ruk_mn,asai,excel,06-34,肝臟,,2026學習詞表-32萬山魯凱語.xlsx,32萬山魯凱語,173,,
fat,ruk_mn,ʼimaʼa,excel,06-37,油脂,,2026學習詞表-32萬山魯凱語.xlsx,32萬山魯凱語,176,,
tongue,ruk_mn,lridhame,excel,06-42,舌頭,,2026學習詞表-32萬山魯凱語.xlsx,32萬山魯凱語,181,,
neck,ruk_mn,lreʼe,excel,06-47,脖子,,2026學習詞表-32萬山魯凱語.xlsx,32萬山魯凱語,186,,
neck,ruk_mn,lreʼe,excel,06-52,頸子；領子,,2026學習詞表-32萬山魯凱語.xlsx,32萬山魯凱語,191,,
tail,ruk_mn,ʼiko,excel,07-01,尾巴,,2026學習詞表-32萬山魯凱語.xlsx,32萬山魯凱語,197,,
dog,ruk_mn,taʼolro,excel,07-03,狗,,2026學習詞表-32萬山魯凱語.xlsx,32萬山魯凱語,199,,
bird,ruk_mn,aalrame,excel,07-06,鳥,,2026學習詞表-32萬山魯凱語.xlsx,32萬山魯凱語,202,,
fish,ruk_mn,kaʼange,excel,07-07,魚,,2026學習詞表-32萬山魯凱語.xlsx,32萬山魯凱語,203,,
snake,ruk_mn,ʼolraʼa,excel,07-19,蛇,,2026學習詞表-32萬山魯凱語.xlsx,32萬山魯凱語,215,通稱,
louse,ruk_mn,koco,excel,07-33,頭蝨,,2026學習詞表-32萬山魯凱語.xlsx,32萬山魯凱語,229,,
worm,ruk_mn,atolriki,excel,07-39,蚯蚓,,2026學習詞表-32萬山魯凱語.xlsx,32萬山魯凱語,235,,
wing,ruk_mn,ciyahe,excel,07-49,翅膀,,2026學習詞表-32萬山魯凱語.xlsx,32萬山魯凱語,245,亦稱作：ciare,
horn,ruk_mn,laongo,excel,07-64,(動物的)角,,2026學習詞表-32萬山魯凱語.xlsx,32萬山魯凱語,260,,
tree,ruk_mn,ʼangato,excel,08-03,樹,,2026學習詞表-32萬山魯凱語.xlsx,32萬山魯凱語,265,,
leaf,ruk_mn,liʼange,excel,08-06,葉子,,2026學習詞表-32萬山魯凱語.xlsx,32萬山魯凱語,268,,
flower,ruk_mn,ʼaelrenge,excel,08-09,花朵,,2026學習詞表-32萬山魯凱語.xlsx,32萬山魯凱語,271,,
stick,ruk_mn,pihingi,excel,08-15,樹枝,,2026學習詞表-32萬山魯凱語.xlsx,32萬山魯凱語,277,,
fruit,ruk_mn,madho,excel,08-16,(植物的)果實,,2026學習詞表-32萬山魯凱語.xlsx,32萬山魯凱語,278,,
grass,ruk_mn,ʼolrao,excel,08-20,草,,2026學習詞表-32萬山魯凱語.xlsx,32萬山魯凱語,282,,
fruit,ruk_mn,ngeta madho,excel,08-24,水果,,2026學習詞表-32萬山魯凱語.xlsx,32萬山魯凱語,286,,
root,ruk_mn,'angato ʼamici,excel,08-28,樹根,,2026學習詞表-32萬山魯凱語.xlsx,32萬山魯凱語,290,,
seed,ruk_mn,ʼepe,excel,08-44,種子,,2026學習詞表-32萬山魯凱語.xlsx,32萬山魯凱語,306,’epe菜籽、covo種子,
rope,ruk_mn,caiʼi,excel,09-15,繩索,,2026學習詞表-32萬山魯凱語.xlsx,32萬山魯凱語,335,,
stick,ruk_mn,holroso,excel,09-18,枝條,,2026學習詞表-32萬山魯凱語.xlsx,32萬山魯凱語,338,,
ash,ruk_mn,hangele avo,excel,09-49,木炭灰,,2026學習詞表-32萬山魯凱語.xlsx,32萬山魯凱語,369,,
road,ruk_mn,valrevalreʼae,excel,10-01,道路,,2026學習詞表-32萬山魯凱語.xlsx,32萬山魯凱語,393,,
wind,ruk_mn,veʼeveʼe,excel,10-04,風,,2026學習詞表-32萬山魯凱語.xlsx,32萬山魯凱語,396,,
sand,ruk_mn,enai,excel,10-05,沙子,,2026學習詞表-32萬山魯凱語.xlsx,32萬山魯凱語,397,,
earth,ruk_mn,dhaʼe,excel,10-06,泥土,,2026學習詞表-32萬山魯凱語.xlsx,32萬山魯凱語,398,,
river,ruk_mn,dhakehale,excel,10-07,河流,,2026學習詞表-32萬山魯凱語.xlsx,32萬山魯凱語,399,亦稱作：dhakerale,
lake,ruk_mn,valange,excel,10-08,湖泊,,2026學習詞表-32萬山魯凱語.xlsx,32萬山魯凱語,400,valro指海洋、深潭,
forest,ruk_mn,ngao’atoe,excel,10-09,森林,,2026學習詞表-32萬山魯凱語.xlsx,32萬山魯凱語,401,tapatolrengae,
sun,ruk_mn,koliʼi,excel,11-02,太陽,,2026學習詞表-32萬山魯凱語.xlsx,32萬山魯凱語,417,,
moon,ruk_mn,dhamahe,excel,11-03,月亮,,2026學習詞表-32萬山魯凱語.xlsx,32萬山魯凱語,418,亦稱作：dhamare,
sky,ruk_mn,tevelengae,excel,11-04,天空,,2026學習詞表-32萬山魯凱語.xlsx,32萬山魯凱語,419,,
star,ruk_mn,tahiyo,excel,11-05,星星,,2026學習詞表-32萬山魯凱語.xlsx,32萬山魯凱語,420,亦稱作：tario,
rain,ruk_mn,dhaʼolo,excel,11-06,雨,,2026學習詞表-32萬山魯凱語.xlsx,32萬山魯凱語,421,,
snow,ruk_mn,ʼola,excel,11-07,雪,,2026學習詞表-32萬山魯凱語.xlsx,32萬山魯凱語,422,,
cloud,ruk_mn,kemeʼe,excel,11-12,雲,,2026學習詞表-32萬山魯凱語.xlsx,32萬山魯凱語,427,,
smoke,ruk_mn,loto,excel,11-13,煙,,2026學習詞表-32萬山魯凱語.xlsx,32萬山魯凱語,428,,
fire,ruk_mn,apoi,excel,11-17,火,,2026學習詞表-32萬山魯凱語.xlsx,32萬山魯凱語,432,,
ice,ruk_mn,koolri,excel,11-18,冰,,2026學習詞表-32萬山魯凱語.xlsx,32萬山魯凱語,433,’ola,
stone,ruk_mn,apoto,excel,12-05,石頭,,2026學習詞表-32萬山魯凱語.xlsx,32萬山魯凱語,454,,
night,ruk_mn,maongo,excel,13-02,晚上,,2026學習詞表-32萬山魯凱語.xlsx,32萬山魯凱語,471,,
day,ruk_mn,alidhaaʼe,excel,13-07,白天,,2026學習詞表-32萬山魯凱語.xlsx,32萬山魯凱語,476,,
night,ruk_mn,maongonae,excel,13-22,夜,,2026學習詞表-32萬山魯凱語.xlsx,32萬山魯凱語,491,,
year,ruk_mn,caili,excel,13-28,年,,2026學習詞表-32萬山魯凱語.xlsx,32萬山魯凱語,497,,
in,ruk_mn,ʼadhingi,excel,14-01,裡面,,2026學習詞表-32萬山魯凱語.xlsx,32萬山魯凱語,502,,
at,ruk_mn,omiki taikiedha,excel,14-02,在某處,,2026學習詞表-32萬山魯凱語.xlsx,32萬山魯凱語,503,omiki taikiedha,
right,ruk_mn,analae,excel,14-10,右邊,,2026學習詞表-32萬山魯凱語.xlsx,32萬山魯凱語,511,,
left,ruk_mn,ihie,excel,14-11,左邊,,2026學習詞表-32萬山魯凱語.xlsx,32萬山魯凱語,512,,
water,ruk_mn,acilai,excel,21-02,水,,2026學習詞表-32萬山魯凱語.xlsx,32萬山魯凱語,601,,
salt,ruk_mn,timo,excel,21-07,鹽,,2026學習詞表-32萬山魯凱語.xlsx,32萬山魯凱語,606,,
egg,ruk_mn,kahadhoho,excel,21-09,蛋,,2026學習詞表-32萬山魯凱語.xlsx,32萬山魯凱語,608,亦稱作：karadhoho,
white,ruk_mn,tapoli,excel,22-01,白色,,2026學習詞表-32萬山魯凱語.xlsx,32萬山魯凱語,626,,
black,ruk_mn,taecelrange,excel,22-02,黑色,,2026學習詞表-32萬山魯凱語.xlsx,32萬山魯凱語,627,,
red,ruk_mn,tadhiliyange,excel,22-03,紅色,,2026學習詞表-32萬山魯凱語.xlsx,32萬山魯凱語,628,,
yellow,ruk_mn,tavalaʼavaʼa,excel,22-05,黃色,,2026學習詞表-32萬山魯凱語.xlsx,32萬山魯凱語,630,,
green,ruk_mn,taʼalekeʼeke,excel,22-08,綠色,,2026學習詞表-32萬山魯凱語.xlsx,32萬山魯凱語,633,,
give,ruk_mn,voaʼi,excel,25-07,給,,2026學習詞表-32萬山魯凱語.xlsx,32萬山魯凱語,663,,
come,ruk_mn,maavaʼi,excel,25-08,來,,2026學習詞表-32萬山魯凱語.xlsx,32萬山魯凱語,664,,
walk,ruk_mn,dhoadhaace,excel,25-10,走路,,2026學習詞表-32萬山魯凱語.xlsx,32萬山魯凱語,666,,
fly,ruk_mn,ʼinipalai,excel,25-12,飛,,2026學習詞表-32萬山魯凱語.xlsx,32萬山魯凱語,668,,
fall,ruk_mn,malrolro,excel,25-26,(植物的果實)掉落,,2026學習詞表-32萬山魯凱語.xlsx,32萬山魯凱語,682,,
sit,ruk_mn,toloholrae,excel,25-43,坐著,,2026學習詞表-32萬山魯凱語.xlsx,32萬山魯凱語,699,,
stand,ruk_mn,idhiʼi,excel,25-44,站著,,2026學習詞表-32萬山魯凱語.xlsx,32萬山魯凱語,700,,
sit,ruk_mn,toloholrana,excel,26-03,坐下,,2026學習詞表-32萬山魯凱語.xlsx,32萬山魯凱語,712,,
hit,ruk_mn,kelrakelrange,excel,26-08,打(人),,2026學習詞表-32萬山魯凱語.xlsx,32萬山魯凱語,717,,
stab,ruk_mn,hoahoake,excel,26-09,刺,,2026學習詞表-32萬山魯凱語.xlsx,32萬山魯凱語,718,,
push,ruk_mn,dhodhoho,excel,26-13,推,,2026學習詞表-32萬山魯凱語.xlsx,32萬山魯凱語,722,dhodhoro,
scratch,ruk_mn,kokaʼao,excel,26-18,抓癢,,2026學習詞表-32萬山魯凱語.xlsx,32萬山魯凱語,727,,
lie,ruk_mn,ivahahe,excel,26-20,躺,,2026學習詞表-32萬山魯凱語.xlsx,32萬山魯凱語,729,,
blow,ruk_mn,voʼoto,excel,26-28,吹,,2026學習詞表-32萬山魯凱語.xlsx,32萬山魯凱語,737,,
dig,ruk_mn,kohokoho,excel,26-29,挖掘,,2026學習詞表-32萬山魯凱語.xlsx,32萬山魯凱語,738,korokoro,
cut,ruk_mn,vecake,excel,26-30,切,,2026學習詞表-32萬山魯凱語.xlsx,32萬山魯凱語,739,,
swim,ruk_mn,longolangoi,excel,26-31,游泳,,2026學習詞表-32萬山魯凱語.xlsx,32萬山魯凱語,740,,
tie,ruk_mn,kehenge,excel,26-38,綁住,,2026學習詞表-32萬山魯凱語.xlsx,32萬山魯凱語,747,’evehe / ’evere,
pull,ruk_mn,vilivili,excel,26-39,拉,,2026學習詞表-32萬山魯凱語.xlsx,32萬山魯凱語,748,,
split,ruk_mn,lridhiidhoko,excel,26-40,劈(木材),,2026學習詞表-32萬山魯凱語.xlsx,32萬山魯凱語,749,olridhiidhoko,
hold,ruk_mn,toihiihi,excel,26-42,提著,,2026學習詞表-32萬山魯凱語.xlsx,32萬山魯凱語,751,toiriiri,
hold,ruk_mn,hemeheme,excel,26-43,握著,,2026學習詞表-32萬山魯凱語.xlsx,32萬山魯凱語,752,,
tie,ruk_mn,’evehe,excel,26-44,捆綁,,2026學習詞表-32萬山魯凱語.xlsx,32萬山魯凱語,753,’evere,
scratch,ruk_mn,koikai,excel,26-56,搔癢,,2026學習詞表-32萬山魯凱語.xlsx,32萬山魯凱語,765,,
rub,ruk_mn,hopahopo,excel,26-85,揉搓(衣物),,2026學習詞表-32萬山魯凱語.xlsx,32萬山魯凱語,794,,
lie,ruk_mn,ʼahoʼiiʼidhiʼi,excel,26-88,側臥,,2026學習詞表-32萬山魯凱語.xlsx,32萬山魯凱語,797,,
fight,ruk_mn,maʼoloco,excel,26-96,打架,,2026學習詞表-32萬山魯凱語.xlsx,32萬山魯凱語,805,,
squeeze,ruk_mn,hisisi,excel,26-97,擠,,2026學習詞表-32萬山魯凱語.xlsx,32萬山魯凱語,806,,
dig,ruk_mn,kodhokodho,excel,26-100,(用手)挖掘,,2026學習詞表-32萬山魯凱語.xlsx,32萬山魯凱語,809,,
stand,ruk_mn,ʼinicekala,excel,26-105,起立,,2026學習詞表-32萬山魯凱語.xlsx,32萬山魯凱語,814,,
eat,ruk_mn,kone,excel,27-01,吃,,2026學習詞表-32萬山魯凱語.xlsx,32萬山魯凱語,816,,
suck,ruk_mn,sehepe,excel,27-02,吸,,2026學習詞表-32萬山魯凱語.xlsx,32萬山魯凱語,817,serepe。 sepesepe吸允。,
drink,ruk_mn,ʼongolo,excel,27-03,喝,,2026學習詞表-32萬山魯凱語.xlsx,32萬山魯凱語,818,,
vomit,ruk_mn,ʼoadhe,excel,27-04,吐,,2026學習詞表-32萬山魯凱語.xlsx,32萬山魯凱語,819,,
bite,ruk_mn,ʼelrate,excel,27-05,咬,,2026學習詞表-32萬山魯凱語.xlsx,32萬山魯凱語,820,,
eat,ruk_mn,okane,excel,27-15,吃(東西),,2026學習詞表-32萬山魯凱語.xlsx,32萬山魯凱語,830,,
know,ruk_mn,lrihoʼo,excel,28-02,知道,,2026學習詞表-32萬山魯凱語.xlsx,32萬山魯凱語,836,,
see,ruk_mn,cengele,excel,28-03,看,,2026學習詞表-32萬山魯凱語.xlsx,32萬山魯凱語,837,,
say,ruk_mn,ʼaovaovaha,excel,28-04,說,,2026學習詞表-32萬山魯凱語.xlsx,32萬山魯凱語,838,,
smell,ruk_mn,ʼovalri,excel,28-07,聞(如聞味道),,2026學習詞表-32萬山魯凱語.xlsx,32萬山魯凱語,841,,
hear,ruk_mn,siyalalra,excel,28-19,聽,,2026學習詞表-32萬山魯凱語.xlsx,32萬山魯凱語,853,,
think,ruk_mn,apaʼiidhedhedheme,excel,28-25,想(思考),,2026學習詞表-32萬山魯凱語.xlsx,32萬山魯凱語,859,,
fear,ruk_mn,ʼokolodho,excel,29-02,害怕,,2026學習詞表-32萬山魯凱語.xlsx,32萬山魯凱語,866,,
wash,ruk_mn,ʼenaʼenao,excel,30-02,洗(衣物),,2026學習詞表-32萬山魯凱語.xlsx,32萬山魯凱語,876,,
sleep,ruk_mn,ʼapece,excel,30-09,睡覺,,2026學習詞表-32萬山魯凱語.xlsx,32萬山魯凱語,883,,
kill,ruk_mn,colo,excel,30-10,殺牲畜,,2026學習詞表-32萬山魯凱語.xlsx,32萬山魯凱語,884,,
lie,ruk_mn,ʼapeʼapece,excel,30-16,躺臥,,2026學習詞表-32萬山魯凱語.xlsx,32萬山魯凱語,890,,
burn,ruk_mn,topoi,excel,30-20,燒(如燒稻草),,2026學習詞表-32萬山魯凱語.xlsx,32萬山魯凱語,894,,
hunt,ruk_mn,alolro,excel,30-25,陷獵(地洞),,2026學習詞表-32萬山魯凱語.xlsx,32萬山魯凱語,899,tokoho用繩套,
burn,ruk_mn,lridhaidhape,excel,30-54,燃燒,,2026學習詞表-32萬山魯凱語.xlsx,32萬山魯凱語,928,,
drink,ruk_mn,ʼongolo (acilai),excel,30-61,喝(水),,2026學習詞表-32萬山魯凱語.xlsx,32萬山魯凱語,935,,
sing,ruk_mn,omale,excel,30-64,唱歌,,2026學習詞表-32萬山魯凱語.xlsx,32萬山魯凱語,938,,
play,ruk_mn,ʼosahiyo,excel,30-65,玩耍,,2026學習詞表-32萬山魯凱語.xlsx,32萬山魯凱語,939,亦稱作：’olilio,
die,ruk_mn,maʼete,excel,31-01,死亡,,2026學習詞表-32萬山魯凱語.xlsx,32萬山魯凱語,941,,
live,ruk_mn,modhipi,excel,31-08,活的,,2026學習詞表-32萬山魯凱語.xlsx,32萬山魯凱語,948,,
heavy,ruk_mn,madheʼelrehe,excel,32-02,重(重量),,2026學習詞表-32萬山魯凱語.xlsx,32萬山魯凱語,963,dhe'elrehae 重量,
big,ruk_mn,takatoalrai,excel,32-05,大的,,2026學習詞表-32萬山魯凱語.xlsx,32萬山魯凱語,966,,
cold,ruk_mn,kecelre,excel,32-08,冷,,2026學習詞表-32萬山魯凱語.xlsx,32萬山魯凱語,969,kakecelre / kecelre,
small,ruk_mn,takasiʼi,excel,32-09,小的,,2026學習詞表-32萬山魯凱語.xlsx,32萬山魯凱語,970,,
many,ruk_mn,kadhao,excel,32-10,多,,2026學習詞表-32萬山魯凱語.xlsx,32萬山魯凱語,971,,
cold,ruk_mn,maateteleke,excel,32-12,冰冷,,2026學習詞表-32萬山魯凱語.xlsx,32萬山魯凱語,973,,
few,ruk_mn,mapikai ka,excel,32-14,少的,,2026學習詞表-32萬山魯凱語.xlsx,32萬山魯凱語,975,,
laugh,ruk_mn,kaʼomao,excel,32-16,笑,,2026學習詞表-32萬山魯凱語.xlsx,32萬山魯凱語,977,ma'omao,
wet,ruk_mn,takaesenge,excel,32-17,濕的,,2026學習詞表-32萬山魯凱語.xlsx,32萬山魯凱語,978,,
thick,ruk_mn,takalriʼemedhe,excel,32-19,厚的,,2026學習詞表-32萬山魯凱語.xlsx,32萬山魯凱語,980,,
thin,ruk_mn,takalovehe,excel,32-21,薄的,,2026學習詞表-32萬山魯凱語.xlsx,32萬山魯凱語,982,亦作：kalovere,
dirty,ruk_mn,kodholro,excel,32-22,髒,,2026學習詞表-32萬山魯凱語.xlsx,32萬山魯凱語,983,takakodholro 髒的,
dry,ruk_mn,taka'angenge,excel,32-28,乾的,,2026學習詞表-32萬山魯凱語.xlsx,32萬山魯凱語,989,taplacapi、乾燥,
new,ruk_mn,vaoʼae,excel,32-31,新的,,2026學習詞表-32萬山魯凱語.xlsx,32萬山魯凱語,992,,
old,ruk_mn,olalrae,excel,32-32,舊的,,2026學習詞表-32萬山魯凱語.xlsx,32萬山魯凱語,993,,
near,ruk_mn,ʼaidhali,excel,32-33,近,,2026學習詞表-32萬山魯凱語.xlsx,32萬山魯凱語,994,,
bad,ruk_mn,katakolra,excel,32-35,壞掉,,2026學習詞表-32萬山魯凱語.xlsx,32萬山魯凱語,996,,
far,ruk_mn,kaʼadhaili,excel,32-37,遠,,2026學習詞表-32萬山魯凱語.xlsx,32萬山魯凱語,998,,
swell,ruk_mn,ʼovalrake,excel,32-38,腫,,2026學習詞表-32萬山魯凱語.xlsx,32萬山魯凱語,999,,
smooth,ruk_mn,kasohahe,excel,32-44,滑,,2026學習詞表-32萬山魯凱語.xlsx,32萬山魯凱語,1005,,
warm,ruk_mn,kalraveve,excel,32-56,暖和,,2026學習詞表-32萬山魯凱語.xlsx,32萬山魯凱語,1017,,
dull,ruk_mn,takaʼedheʼedhe,excel,32-57,鈍的(指器物),,2026學習詞表-32萬山魯凱語.xlsx,32萬山魯凱語,1018,或：mangihoto,
straight,ruk_mn,masokolroʼo,excel,32-65,直,,2026學習詞表-32萬山魯凱語.xlsx,32萬山魯凱語,1026,takasokolro'o 直的,
full,ruk_mn,soʼetenga,excel,32-66,滿了,,2026學習詞表-32萬山魯凱語.xlsx,32萬山魯凱語,1027,so’etenga表示已經滿了 so’ete:滿,
wide,ruk_mn,malripangaʼa,excel,32-68,(空間)寬敞,,2026學習詞表-32萬山魯凱語.xlsx,32萬山魯凱語,1029,malripala'a,
correct,ruk_mn,apakacehe,excel,32-69,正確,,2026學習詞表-32萬山魯凱語.xlsx,32萬山魯凱語,1030,apakacere,
warm,ruk_mn,takalraveve,excel,32-72,溫的(水),,2026學習詞表-32萬山魯凱語.xlsx,32萬山魯凱語,1033,takalraveve,
long,ruk_mn,ʼosangedhaʼa,excel,32-74,長,,2026學習詞表-32萬山魯凱語.xlsx,32萬山魯凱語,1035,,
short,ruk_mn,ʼoekeekedhe,excel,32-76,短,,2026學習詞表-32萬山魯凱語.xlsx,32萬山魯凱語,1037,,
full,ruk_mn,soʼete,excel,32-79,滿滿,,2026學習詞表-32萬山魯凱語.xlsx,32萬山魯凱語,1040,,
wipe,ruk_mn,ʼodhoʼodho,excel,33-06,擦拭,,2026學習詞表-32萬山魯凱語.xlsx,32萬山魯凱語,1048,’odho’odho拖地板 o’odhe’ele擦桌面 odhisidhisi塗抹,
throw,ruk_mn,longopai,excel,34-19,丟棄,,2026學習詞表-32萬山魯凱語.xlsx,32萬山魯凱語,1069,longotai,
count,ruk_mn,oaʼipi,excel,34-29,數(計算),,2026學習詞表-32萬山魯凱語.xlsx,32萬山魯凱語,1079,,
good,ruk_mn,mataadhiʼi,excel,34-34,好,,2026學習詞表-32萬山魯凱語.xlsx,32萬山魯凱語,1084,,
not,ruk_mn,ʼaina,excel,35-03,不是(回答用),,2026學習詞表-32萬山魯凱語.xlsx,32萬山魯凱語,1092,,
because,ruk_mn,alakai,excel,36-05,因為,,2026學習詞表-32萬山魯凱語.xlsx,32萬山魯凱語,1101,,
and,ruk_mn,la,excel,36-18,和,,2026學習詞表-32萬山魯凱語.xlsx,32萬山魯凱語,1114,,
if,ruk_mn,lo,excel,36-22,如果,,2026學習詞表-32萬山魯凱語.xlsx,32萬山魯凱語,1118,,
one,trv,kingal,excel,01-01,一,,2026學習詞表-33太魯閣語.xlsx,33太魯閣語,5,古語用字uwin,
two,trv,dha,excel,01-02,二,,2026學習詞表-33太魯閣語.xlsx,33太魯閣語,6,,
three,trv,tru,excel,01-03,三,,2026學習詞表-33太魯閣語.xlsx,33太魯閣語,7,,
four,trv,spat,excel,01-04,四,,2026學習詞表-33太魯閣語.xlsx,33太魯閣語,8,,
five,trv,rima,excel,01-05,五,,2026學習詞表-33太魯閣語.xlsx,33太魯閣語,9,,
six,trv,mataru,excel,01-06,六,,2026學習詞表-33太魯閣語.xlsx,33太魯閣語,10,,
seven,trv,empitu,excel,01-07,七,,2026學習詞表-33太魯閣語.xlsx,33太魯閣語,11,,
eight,trv,maspat,excel,01-08,八,,2026學習詞表-33太魯閣語.xlsx,33太魯閣語,12,,
nine,trv,mngari,excel,01-09,九,,2026學習詞表-33太魯閣語.xlsx,33太魯閣語,13,,
ten,trv,maxal,excel,01-10,十,,2026學習詞表-33太魯閣語.xlsx,33太魯閣語,14,,
twenty,trv,empusal,excel,01-20,二十,,2026學習詞表-33太魯閣語.xlsx,33太魯閣語,24,,
hundred,trv,kbkuy,excel,01-34,百,,2026學習詞表-33太魯閣語.xlsx,33太魯閣語,38,,
hundred,trv,kingal kbkuy,excel,01-35,一百,,2026學習詞表-33太魯閣語.xlsx,33太魯閣語,39,,
some,trv,cicih,excel,01-38,一些(數量),,2026學習詞表-33太魯閣語.xlsx,33太魯閣語,42,,
all,trv,kana,excel,01-43,全部,,2026學習詞表-33太魯閣語.xlsx,33太魯閣語,47,,
few,trv,cipiq,excel,01-44,一點點,,2026學習詞表-33太魯閣語.xlsx,33太魯閣語,48,,
you_singular,trv,isu,excel,02-01,你,,2026學習詞表-33太魯閣語.xlsx,33太魯閣語,51,主格/第二人稱,
i,trv,yaku,excel,02-02,我,,2026學習詞表-33太魯閣語.xlsx,33太魯閣語,52,主格/第一人稱,
he,trv,hiya,excel,02-03,他,,2026學習詞表-33太魯閣語.xlsx,33太魯閣語,53,主格/第三人稱,
you_plural,trv,yamu,excel,02-04,你們,,2026學習詞表-33太魯閣語.xlsx,33太魯閣語,54,主格;第二人稱複數;排他性,
we,trv,yami,excel,02-05,我們,,2026學習詞表-33太魯閣語.xlsx,33太魯閣語,55,主格;第一人稱複數;排他性,
they,trv,dhiya,excel,02-06,他們,,2026學習詞表-33太魯閣語.xlsx,33太魯閣語,56,主格;第三人稱複數;排他性,
we,trv,yami,excel,02-13,我們(排除式),,2026學習詞表-33太魯閣語.xlsx,33太魯閣語,63,主格;第一人稱複數;排他性,
we,trv,ita,excel,02-14,咱們(包含式),,2026學習詞表-33太魯閣語.xlsx,33太魯閣語,64,主格;第一人稱複數;包含式,
that,trv,gaga,excel,02-16,那個,,2026學習詞表-33太魯閣語.xlsx,33太魯閣語,66,,
this,trv,nii,excel,02-17,這個,,2026學習詞表-33太魯閣語.xlsx,33太魯閣語,67,,
here,trv,hini,excel,02-18,這裡,,2026學習詞表-33太魯閣語.xlsx,33太魯閣語,68,,
there,trv,hiya,excel,02-19,那裡,,2026學習詞表-33太魯閣語.xlsx,33太魯閣語,69,,
what,trv,manu,excel,03-02,什麼,,2026學習詞表-33太魯閣語.xlsx,33太魯閣語,73,,
how,trv,huya,excel,03-03,如何,,2026學習詞表-33太魯閣語.xlsx,33太魯閣語,74,,
when,trv,knuwan,excel,03-04,何時,,2026學習詞表-33太魯閣語.xlsx,33太魯閣語,75,,
who,trv,ima,excel,03-05,誰,,2026學習詞表-33太魯閣語.xlsx,33太魯閣語,76,,
where,trv,inu,excel,03-07,哪裡,,2026學習詞表-33太魯閣語.xlsx,33太魯閣語,78,,
where,trv,quri inu,excel,03-12,哪裡,,2026學習詞表-33太魯閣語.xlsx,33太魯閣語,83,,
father,trv,tama,excel,04-01,爸爸,,2026學習詞表-33太魯閣語.xlsx,33太魯閣語,87,,
mother,trv,bubu,excel,04-02,媽媽,,2026學習詞表-33太魯閣語.xlsx,33太魯閣語,88,,
wife,trv,bais,excel,04-07,配偶,,2026學習詞表-33太魯閣語.xlsx,33太魯閣語,93,,
husband,trv,bais,excel,04-07,配偶,,2026學習詞表-33太魯閣語.xlsx,33太魯閣語,93,,
husband,trv,snaw,excel,04-15,丈夫,,2026學習詞表-33太魯閣語.xlsx,33太魯閣語,101,,
name,trv,hangan,excel,05-01,名字,,2026學習詞表-33太魯閣語.xlsx,33太魯閣語,114,,
child,trv,laqi,excel,05-05,孩童,,2026學習詞表-33太魯閣語.xlsx,33太魯閣語,118,,
wife,trv,kuyuh,excel,05-07,妻子,,2026學習詞表-33太魯閣語.xlsx,33太魯閣語,120,或女性,
husband,trv,snaw,excel,05-08,丈夫,,2026學習詞表-33太魯閣語.xlsx,33太魯閣語,121,或男性,
person,trv,seejiq,excel,05-09,人,,2026學習詞表-33太魯閣語.xlsx,33太魯閣語,122,,
ear,trv,birat,excel,06-01,耳朵,,2026學習詞表-33太魯閣語.xlsx,33太魯閣語,140,,
leg,trv,btriq,excel,06-02,大腿,,2026學習詞表-33太魯閣語.xlsx,33太魯閣語,141,,
eye,trv,dowriq,excel,06-03,眼睛,,2026學習詞表-33太魯閣語.xlsx,33太魯閣語,142,,
mouth,trv,quwaq,excel,06-05,嘴巴,,2026學習詞表-33太魯閣語.xlsx,33太魯閣語,144,,
head,trv,tunux,excel,06-06,頭,,2026學習詞表-33太魯閣語.xlsx,33太魯閣語,145,,
fingernail,trv,kukuh,excel,06-07,指甲,,2026學習詞表-33太魯閣語.xlsx,33太魯閣語,146,,
hand,trv,baga,excel,06-08,手,,2026學習詞表-33太魯閣語.xlsx,33太魯閣語,147,,
nose,trv,muhing,excel,06-10,鼻子,,2026學習詞表-33太魯閣語.xlsx,33太魯閣語,149,,
foot,trv,qaqay,excel,06-11,腳,,2026學習詞表-33太魯閣語.xlsx,33太魯閣語,150,,
tooth,trv,gupun,excel,06-12,牙齒,,2026學習詞表-33太魯閣語.xlsx,33太魯閣語,151,,
hair,trv,sneunux,excel,06-13,頭髮,,2026學習詞表-33太魯閣語.xlsx,33太魯閣語,152,,
blood,trv,dara,excel,06-14,血,,2026學習詞表-33太魯閣語.xlsx,33太魯閣語,153,,
meat,trv,hiyi,excel,06-15,肉,,2026學習詞表-33太魯閣語.xlsx,33太魯閣語,154,,
belly,trv,nbuyas,excel,06-17,肚子,,2026學習詞表-33太魯閣語.xlsx,33太魯閣語,156,,
breast,trv,unuh,excel,06-18,乳房,,2026學習詞表-33太魯閣語.xlsx,33太魯閣語,157,,
back,trv,bukuy,excel,06-22,背部,,2026學習詞表-33太魯閣語.xlsx,33太魯閣語,161,,
skin,trv,qraqil,excel,06-23,皮膚,,2026學習詞表-33太魯閣語.xlsx,33太魯閣語,162,,
heart,trv,tama baraq,excel,06-28,心臟,,2026學習詞表-33太魯閣語.xlsx,33太魯閣語,167,,
knee,trv,bqlit,excel,06-31,膝蓋,,2026學習詞表-33太魯閣語.xlsx,33太魯閣語,170,,
liver,trv,rumul,excel,06-34,肝臟,,2026學習詞表-33太魯閣語.xlsx,33太魯閣語,173,,
fat,trv,siyang,excel,06-37,油脂,,2026學習詞表-33太魯閣語.xlsx,33太魯閣語,176,,
tongue,trv,hma,excel,06-42,舌頭,,2026學習詞表-33太魯閣語.xlsx,33太魯閣語,181,,
neck,trv,waru,excel,06-47,脖子,,2026學習詞表-33太魯閣語.xlsx,33太魯閣語,186,,
neck,trv,tudu waru,excel,06-52,頸子,,2026學習詞表-33太魯閣語.xlsx,33太魯閣語,191,,
tail,trv,ngungu,excel,07-01,尾巴,,2026學習詞表-33太魯閣語.xlsx,33太魯閣語,197,,
dog,trv,huling,excel,07-03,狗,,2026學習詞表-33太魯閣語.xlsx,33太魯閣語,199,,
bird,trv,qbhni,excel,07-06,鳥,,2026學習詞表-33太魯閣語.xlsx,33太魯閣語,202,,
fish,trv,qsurux,excel,07-07,魚,,2026學習詞表-33太魯閣語.xlsx,33太魯閣語,203,,
snake,trv,quyu,excel,07-19,蛇,,2026學習詞表-33太魯閣語.xlsx,33太魯閣語,215,統稱,
louse,trv,quhing,excel,07-33,頭蝨,,2026學習詞表-33太魯閣語.xlsx,33太魯閣語,229,,
worm,trv,bisur,excel,07-39,蚯蚓,,2026學習詞表-33太魯閣語.xlsx,33太魯閣語,235,,
wing,trv,pahing,excel,07-49,翅膀,,2026學習詞表-33太魯閣語.xlsx,33太魯閣語,245,,
horn,trv,urung,excel,07-64,(動物的)角,,2026學習詞表-33太魯閣語.xlsx,33太魯閣語,260,,
tree,trv,qhuni,excel,08-03,樹,,2026學習詞表-33太魯閣語.xlsx,33太魯閣語,265,,
leaf,trv,rnabaw,excel,08-06,葉子,,2026學習詞表-33太魯閣語.xlsx,33太魯閣語,268,,
flower,trv,phpah,excel,08-09,花朵,,2026學習詞表-33太魯閣語.xlsx,33太魯閣語,271,,
stick,trv,sida,excel,08-15,樹枝,,2026學習詞表-33太魯閣語.xlsx,33太魯閣語,277,,
fruit,trv,hiyi qhuni,excel,08-16,水果,,2026學習詞表-33太魯閣語.xlsx,33太魯閣語,278,,
grass,trv,spriq,excel,08-20,草,,2026學習詞表-33太魯閣語.xlsx,33太魯閣語,282,,
root,trv,gamil,excel,08-28,根,,2026學習詞表-33太魯閣語.xlsx,33太魯閣語,290,,
seed,trv,ghak,excel,08-44,種子,,2026學習詞表-33太魯閣語.xlsx,33太魯閣語,306,,
rope,trv,gasil,excel,09-15,繩索,,2026學習詞表-33太魯閣語.xlsx,33太魯閣語,335,,
stick,trv,qaraw,excel,09-18,枝條,,2026學習詞表-33太魯閣語.xlsx,33太魯閣語,338,,
ash,trv,qbulit,excel,09-49,炭灰,,2026學習詞表-33太魯閣語.xlsx,33太魯閣語,369,,
road,trv,elug,excel,10-01,道路,,2026學習詞表-33太魯閣語.xlsx,33太魯閣語,393,,
wind,trv,bgihur,excel,10-04,風,,2026學習詞表-33太魯閣語.xlsx,33太魯閣語,396,,
sand,trv,bnaqig,excel,10-05,沙子,,2026學習詞表-33太魯閣語.xlsx,33太魯閣語,397,,
earth,trv,dxgal,excel,10-06,泥土,,2026學習詞表-33太魯閣語.xlsx,33太魯閣語,398,,
river,trv,yayung,excel,10-07,河流,,2026學習詞表-33太魯閣語.xlsx,33太魯閣語,399,,
lake,trv,gsilung,excel,10-08,湖泊,,2026學習詞表-33太魯閣語.xlsx,33太魯閣語,400,,
forest,trv,rnaaw,excel,10-09,森林,,2026學習詞表-33太魯閣語.xlsx,33太魯閣語,401,,
sun,trv,hidaw,excel,11-02,太陽,,2026學習詞表-33太魯閣語.xlsx,33太魯閣語,417,,
moon,trv,idas,excel,11-03,月亮,,2026學習詞表-33太魯閣語.xlsx,33太魯閣語,418,,
sky,trv,karat,excel,11-04,天空,,2026學習詞表-33太魯閣語.xlsx,33太魯閣語,419,,
star,trv,pngrah,excel,11-05,星星,,2026學習詞表-33太魯閣語.xlsx,33太魯閣語,420,,
rain,trv,quyux,excel,11-06,雨,,2026學習詞表-33太魯閣語.xlsx,33太魯閣語,421,,
snow,trv,huda,excel,11-07,雪,,2026學習詞表-33太魯閣語.xlsx,33太魯閣語,422,,
cloud,trv,rulung,excel,11-12,雲,,2026學習詞表-33太魯閣語.xlsx,33太魯閣語,427,,
smoke,trv,qrngul,excel,11-13,煙,,2026學習詞表-33太魯閣語.xlsx,33太魯閣語,428,,
fire,trv,tahut,excel,11-17,火,,2026學習詞表-33太魯閣語.xlsx,33太魯閣語,432,,
ice,trv,huda,excel,11-18,冰,,2026學習詞表-33太魯閣語.xlsx,33太魯閣語,433,,
stone,trv,btunux,excel,12-05,石頭,,2026學習詞表-33太魯閣語.xlsx,33太魯閣語,454,,
night,trv,keeman,excel,13-02,晚上,,2026學習詞表-33太魯閣語.xlsx,33太魯閣語,471,,
day,trv,jiyan,excel,13-07,白天,,2026學習詞表-33太魯閣語.xlsx,33太魯閣語,476,,
night,trv,rabi,excel,13-22,夜,,2026學習詞表-33太魯閣語.xlsx,33太魯閣語,491,,
year,trv,hngkawas,excel,13-28,年,,2026學習詞表-33太魯閣語.xlsx,33太魯閣語,497,,
in,trv,ruwan,excel,14-01,裡面,,2026學習詞表-33太魯閣語.xlsx,33太魯閣語,502,,
at,trv,ga hiya,excel,14-02,在某處,,2026學習詞表-33太魯閣語.xlsx,33太魯閣語,503,,
right,trv,narat,excel,14-10,右邊,,2026學習詞表-33太魯閣語.xlsx,33太魯閣語,511,,
left,trv,iril,excel,14-11,左邊,,2026學習詞表-33太魯閣語.xlsx,33太魯閣語,512,,
water,trv,qsiya,excel,21-02,水,,2026學習詞表-33太魯閣語.xlsx,33太魯閣語,601,,
salt,trv,cimu,excel,21-07,鹽,,2026學習詞表-33太魯閣語.xlsx,33太魯閣語,606,,
egg,trv,balung rudux,excel,21-09,雞蛋,,2026學習詞表-33太魯閣語.xlsx,33太魯閣語,608,族語balung另指睪丸之意，故食用蛋balung後面一定要加「雞」(雞蛋),
white,trv,bhgay,excel,22-01,白色,,2026學習詞表-33太魯閣語.xlsx,33太魯閣語,626,,
black,trv,mqalux,excel,22-02,黑色的,,2026學習詞表-33太魯閣語.xlsx,33太魯閣語,627,,
red,trv,embanah,excel,22-03,紅色的,,2026學習詞表-33太魯閣語.xlsx,33太魯閣語,628,,
yellow,trv,mgrhibung,excel,22-05,黃色的,,2026學習詞表-33太魯閣語.xlsx,33太魯閣語,630,embalung-黃色的(口語化)  empurah-深黃色,
green,trv,mgpajiq,excel,22-08,綠色的,,2026學習詞表-33太魯閣語.xlsx,33太魯閣語,633,,
correct,trv,kiya,excel,24-06,對的,,2026學習詞表-33太魯閣語.xlsx,33太魯閣語,644,,
give,trv,mgay,excel,25-07,給,,2026學習詞表-33太魯閣語.xlsx,33太魯閣語,663,,
come,trv,miyah,excel,25-08,來,,2026學習詞表-33太魯閣語.xlsx,33太魯閣語,664,,
walk,trv,mksa,excel,25-10,走路,,2026學習詞表-33太魯閣語.xlsx,33太魯閣語,666,,
fly,trv,skaya,excel,25-12,飛,,2026學習詞表-33太魯閣語.xlsx,33太魯閣語,668,,
fall,trv,mhrhur,excel,25-26,掉落,,2026學習詞表-33太魯閣語.xlsx,33太魯閣語,682,指植物的果實掉落,
sit,trv,tluung,excel,25-43,坐著,,2026學習詞表-33太魯閣語.xlsx,33太魯閣語,699,,
stand,trv,hiyug,excel,25-44,站著,,2026學習詞表-33太魯閣語.xlsx,33太魯閣語,700,,
sit,trv,tluung,excel,26-03,坐下,,2026學習詞表-33太魯閣語.xlsx,33太魯閣語,712,,
hit,trv,smipaq,excel,26-08,打(人),,2026學習詞表-33太魯閣語.xlsx,33太魯閣語,717,,
stab,trv,meytaq,excel,26-09,刺,,2026學習詞表-33太魯閣語.xlsx,33太魯閣語,718,,
push,trv,smikul,excel,26-13,推,,2026學習詞表-33太魯閣語.xlsx,33太魯閣語,722,,
scratch,trv,kmaguh rkrak,excel,26-18,抓癢,,2026學習詞表-33太魯閣語.xlsx,33太魯閣語,727,,
lie,trv,msbaang,excel,26-20,躺,,2026學習詞表-33太魯閣語.xlsx,33太魯閣語,729,躺臥,
blow,trv,miyuk,excel,26-28,吹,,2026學習詞表-33太魯閣語.xlsx,33太魯閣語,737,,
dig,trv,kmari,excel,26-29,挖,,2026學習詞表-33太魯閣語.xlsx,33太魯閣語,738,,
cut,trv,kmrut,excel,26-30,切,,2026學習詞表-33太魯閣語.xlsx,33太魯閣語,739,,
swim,trv,tmapaq,excel,26-31,游泳,,2026學習詞表-33太魯閣語.xlsx,33太魯閣語,740,,
split,trv,dmka,excel,26-37,剖半,,2026學習詞表-33太魯閣語.xlsx,33太魯閣語,746,,
tie,trv,mkuy,excel,26-38,綁住,,2026學習詞表-33太魯閣語.xlsx,33太魯閣語,747,,
pull,trv,blbil,excel,26-39,拉,,2026學習詞表-33太魯閣語.xlsx,33太魯閣語,748,,
split,trv,smaax,excel,26-40,劈(木材),,2026學習詞表-33太魯閣語.xlsx,33太魯閣語,749,,
hold,trv,dmijil,excel,26-42,提著,,2026學習詞表-33太魯閣語.xlsx,33太魯閣語,751,,
hold,trv,dmuuy,excel,26-43,握著,,2026學習詞表-33太魯閣語.xlsx,33太魯閣語,752,dmuuy中文為'握/用'，mangal為'取'之意,
tie,trv,mkuy,excel,26-44,捆綁,,2026學習詞表-33太魯閣語.xlsx,33太魯閣語,753,,
scratch,trv,kmgkaw,excel,26-56,搔癢,,2026學習詞表-33太魯閣語.xlsx,33太魯閣語,765,,
rub,trv,rmdrut,excel,26-85,揉搓(衣物),,2026學習詞表-33太魯閣語.xlsx,33太魯閣語,794,,
lie,trv,tkbaang,excel,26-88,側臥,,2026學習詞表-33太魯閣語.xlsx,33太魯閣語,797,,
fight,trv,mkeekan,excel,26-96,打架,,2026學習詞表-33太魯閣語.xlsx,33太魯閣語,805,,
squeeze,trv,kmiyux,excel,26-97,擠,,2026學習詞表-33太魯閣語.xlsx,33太魯閣語,806,,
dig,trv,kmari,excel,26-100,挖(用手),,2026學習詞表-33太魯閣語.xlsx,33太魯閣語,809,,
stand,trv,hiyug,excel,26-105,站著,,2026學習詞表-33太魯閣語.xlsx,33太魯閣語,814,,
eat,trv,mkan,excel,27-01,吃,,2026學習詞表-33太魯閣語.xlsx,33太魯閣語,816,,
suck,trv,qmqung,excel,27-02,吸,,2026學習詞表-33太魯閣語.xlsx,33太魯閣語,817,,
drink,trv,mimah,excel,27-03,喝,,2026學習詞表-33太魯閣語.xlsx,33太魯閣語,818,,
vomit,trv,pbrih,excel,27-04,吐,,2026學習詞表-33太魯閣語.xlsx,33太魯閣語,819,,
bite,trv,qmiyut,excel,27-05,咬,,2026學習詞表-33太魯閣語.xlsx,33太魯閣語,820,,
know,trv,mkla,excel,28-02,知道,,2026學習詞表-33太魯閣語.xlsx,33太魯閣語,836,,
see,trv,qmita,excel,28-03,看,,2026學習詞表-33太魯閣語.xlsx,33太魯閣語,837,,
say,trv,rmngaw,excel,28-04,說,,2026學習詞表-33太魯閣語.xlsx,33太魯閣語,838,,
smell,trv,smknux,excel,28-07,聞(如聞味道),,2026學習詞表-33太魯閣語.xlsx,33太魯閣語,841,,
hear,trv,embahang,excel,28-19,聽,,2026學習詞表-33太魯閣語.xlsx,33太魯閣語,853,,
think,trv,lmnglung,excel,28-25,想,,2026學習詞表-33太魯閣語.xlsx,33太魯閣語,859,,
fear,trv,miisug,excel,29-02,害怕,,2026學習詞表-33太魯閣語.xlsx,33太魯閣語,866,,
wash,trv,mahu,excel,30-02,洗(衣物),,2026學習詞表-33太魯閣語.xlsx,33太魯閣語,876,,
sleep,trv,mtaqi,excel,30-09,睡覺,,2026學習詞表-33太魯閣語.xlsx,33太魯閣語,883,,
lie,trv,msbaang,excel,30-16,躺臥,,2026學習詞表-33太魯閣語.xlsx,33太魯閣語,890,,
burn,trv,sqama,excel,30-20,燒,,2026學習詞表-33太魯閣語.xlsx,33太魯閣語,894,燒稻草psqama gnsal,
hunt,trv,qmlubung,excel,30-25,陷獵,,2026學習詞表-33太魯閣語.xlsx,33太魯閣語,899,,
burn,trv,sqama,excel,30-54,燃燒,,2026學習詞表-33太魯閣語.xlsx,33太魯閣語,928,,
drink,trv,mimah(qsiya),excel,30-61,喝(水),,2026學習詞表-33太魯閣語.xlsx,33太魯閣語,935,,
dig,trv,kmari,excel,30-62,挖,,2026學習詞表-33太魯閣語.xlsx,33太魯閣語,936,,
sing,trv,meuyas,excel,30-64,唱歌,,2026學習詞表-33太魯閣語.xlsx,33太魯閣語,938,,
play,trv,hmrapas,excel,30-65,玩耍,,2026學習詞表-33太魯閣語.xlsx,33太魯閣語,939,,
die,trv,mhuqil,excel,31-01,死亡,,2026學習詞表-33太魯閣語.xlsx,33太魯閣語,941,,
live,trv,meudus,excel,31-08,活的,,2026學習詞表-33太魯閣語.xlsx,33太魯閣語,948,,
heavy,trv,shjil,excel,32-02,重,,2026學習詞表-33太魯閣語.xlsx,33太魯閣語,963,,
big,trv,paru,excel,32-05,大的,,2026學習詞表-33太魯閣語.xlsx,33太魯閣語,966,,
cold,trv,mskuy,excel,32-08,冷,,2026學習詞表-33太魯閣語.xlsx,33太魯閣語,969,,
small,trv,bilaq,excel,32-09,小的,,2026學習詞表-33太魯閣語.xlsx,33太魯閣語,970,,
many,trv,lala,excel,32-10,多,,2026學習詞表-33太魯閣語.xlsx,33太魯閣語,971,,
cold,trv,mskuy,excel,32-12,冰冷,,2026學習詞表-33太魯閣語.xlsx,33太魯閣語,973,,
small,trv,bilaq,excel,32-14,小的/少的,,2026學習詞表-33太魯閣語.xlsx,33太魯閣語,975,,
laugh,trv,mhulis,excel,32-16,笑,,2026學習詞表-33太魯閣語.xlsx,33太魯閣語,977,,
wet,trv,mhuriq,excel,32-17,濕的,,2026學習詞表-33太魯閣語.xlsx,33太魯閣語,978,,
thick,trv,mkndux,excel,32-19,厚的,,2026學習詞表-33太魯閣語.xlsx,33太魯閣語,980,,
dirty,trv,mruciq,excel,32-22,髒,,2026學習詞表-33太魯閣語.xlsx,33太魯閣語,983,,
dry,trv,mdngu,excel,32-28,乾的,,2026學習詞表-33太魯閣語.xlsx,33太魯閣語,989,,
new,trv,bgurah,excel,32-31,新的,,2026學習詞表-33太魯閣語.xlsx,33太魯閣語,992,,
old,trv,smudal,excel,32-32,舊的,,2026學習詞表-33太魯閣語.xlsx,33太魯閣語,993,,
near,trv,dalih,excel,32-33,近,,2026學習詞表-33太魯閣語.xlsx,33太魯閣語,994,,
bad,trv,naqih,excel,32-35,壞掉,,2026學習詞表-33太魯閣語.xlsx,33太魯閣語,996,,
far,trv,thiyaq,excel,32-37,遠,,2026學習詞表-33太魯閣語.xlsx,33太魯閣語,998,,
swell,trv,mllabu,excel,32-38,腫,,2026學習詞表-33太魯閣語.xlsx,33太魯閣語,999,,
smooth,trv,sdhriq,excel,32-44,滑,,2026學習詞表-33太魯閣語.xlsx,33太魯閣語,1005,,
many,trv,hbaraw,excel,32-49,眾多,,2026學習詞表-33太魯閣語.xlsx,33太魯閣語,1010,,
warm,trv,meuxul,excel,32-56,暖和,,2026學習詞表-33太魯閣語.xlsx,33太魯閣語,1017,,
dull,trv,mtkdang,excel,32-57,鈍的,,2026學習詞表-33太魯閣語.xlsx,33太魯閣語,1018,,
straight,trv,slagu,excel,32-65,直,,2026學習詞表-33太魯閣語.xlsx,33太魯閣語,1026,,
full,trv,thngay da,excel,32-66,滿了,,2026學習詞表-33太魯閣語.xlsx,33太魯閣語,1027,,
wide,trv,kuwah,excel,32-68,寬敞/開闊,,2026學習詞表-33太魯閣語.xlsx,33太魯閣語,1029,,
correct,trv,balay,excel,32-69,正確,,2026學習詞表-33太魯閣語.xlsx,33太魯閣語,1030,,
warm,trv,meuxul,excel,32-72,暖和,,2026學習詞表-33太魯閣語.xlsx,33太魯閣語,1033,,
long,trv,bbaraw,excel,32-74,長,,2026學習詞表-33太魯閣語.xlsx,33太魯閣語,1035,,
short,trv,llbu,excel,32-76,短,,2026學習詞表-33太魯閣語.xlsx,33太魯閣語,1037,,
full,trv,htngay,excel,32-79,滿滿,,2026學習詞表-33太魯閣語.xlsx,33太魯閣語,1040,,
wipe,trv,smrus,excel,33-06,擦拭,,2026學習詞表-33太魯閣語.xlsx,33太魯閣語,1048,,
throw,trv,qmada,excel,34-19,丟棄,,2026學習詞表-33太魯閣語.xlsx,33太魯閣語,1069,,
count,trv,smpug,excel,34-29,數算,,2026學習詞表-33太魯閣語.xlsx,33太魯閣語,1079,,
good,trv,iq wa!,excel,34-34,好的,,2026學習詞表-33太魯閣語.xlsx,33太魯閣語,1084,,
not,trv,aji,excel,35-03,不是,,2026學習詞表-33太魯閣語.xlsx,33太魯閣語,1092,,
because,trv,yaasa,excel,36-05,因為,,2026學習詞表-33太魯閣語.xlsx,33太魯閣語,1101,,
and,trv,ni,excel,36-18,和,,2026學習詞表-33太魯閣語.xlsx,33太魯閣語,1114,,
if,trv,nasi,excel,36-22,如果,,2026學習詞表-33太魯閣語.xlsx,33太魯閣語,1118,,
all,trv,kana,excel,36-28,都/全,,2026學習詞表-33太魯閣語.xlsx,33太魯閣語,1124,,
one,kav,ussiq,excel,01-01,一,,2026學習詞表-34噶瑪蘭語.xlsx,34噶瑪蘭語,5,,
two,kav,uzusa,excel,01-02,二,,2026學習詞表-34噶瑪蘭語.xlsx,34噶瑪蘭語,6,,
three,kav,utulu,excel,01-03,三,,2026學習詞表-34噶瑪蘭語.xlsx,34噶瑪蘭語,7,,
four,kav,usepat,excel,01-04,四,,2026學習詞表-34噶瑪蘭語.xlsx,34噶瑪蘭語,8,,
five,kav,ulima,excel,01-05,五,,2026學習詞表-34噶瑪蘭語.xlsx,34噶瑪蘭語,9,,
six,kav,unem,excel,01-06,六,,2026學習詞表-34噶瑪蘭語.xlsx,34噶瑪蘭語,10,,
seven,kav,upitu,excel,01-07,七,,2026學習詞表-34噶瑪蘭語.xlsx,34噶瑪蘭語,11,,
eight,kav,uwalu,excel,01-08,八,,2026學習詞表-34噶瑪蘭語.xlsx,34噶瑪蘭語,12,,
nine,kav,usiwa,excel,01-09,九,,2026學習詞表-34噶瑪蘭語.xlsx,34噶瑪蘭語,13,,
ten,kav,Rabetin,excel,01-10,十,,2026學習詞表-34噶瑪蘭語.xlsx,34噶瑪蘭語,14,,
twenty,kav,uzusa betin,excel,01-20,二十,,2026學習詞表-34噶瑪蘭語.xlsx,34噶瑪蘭語,24,,
hundred,kav,Rasibu,excel,01-34,百,,2026學習詞表-34噶瑪蘭語.xlsx,34噶瑪蘭語,38,,
hundred,kav,Rasibu,excel,01-35,一百,,2026學習詞表-34噶瑪蘭語.xlsx,34噶瑪蘭語,39,,
some,kav,kiya,excel,01-38,一些,,2026學習詞表-34噶瑪蘭語.xlsx,34噶瑪蘭語,42,,
all,kav,meniz,excel,01-43,全部,,2026學習詞表-34噶瑪蘭語.xlsx,34噶瑪蘭語,47,,
few,kav,kikiya,excel,01-44,一點點,,2026學習詞表-34噶瑪蘭語.xlsx,34噶瑪蘭語,48,,
you_singular,kav,aisu,excel,02-01,你,,2026學習詞表-34噶瑪蘭語.xlsx,34噶瑪蘭語,51,主格,
i,kav,aiku,excel,02-02,我,,2026學習詞表-34噶瑪蘭語.xlsx,34噶瑪蘭語,52,主格,
he,kav,aizipna,excel,02-03,他,,2026學習詞表-34噶瑪蘭語.xlsx,34噶瑪蘭語,53,主格,
you_plural,kav,aimu,excel,02-04,你們,,2026學習詞表-34噶瑪蘭語.xlsx,34噶瑪蘭語,54,主格,
we,kav,aimi,excel,02-05,我們,,2026學習詞表-34噶瑪蘭語.xlsx,34噶瑪蘭語,55,主格,
they,kav,qaniyau,excel,02-06,他們,,2026學習詞表-34噶瑪蘭語.xlsx,34噶瑪蘭語,56,主格,
we,kav,aimi,excel,02-13,我們(排除式),,2026學習詞表-34噶瑪蘭語.xlsx,34噶瑪蘭語,63,主格,
we,kav,aita,excel,02-14,咱們(包含式),,2026學習詞表-34噶瑪蘭語.xlsx,34噶瑪蘭語,64,主格,
that,kav,ʼnay,excel,02-16,那個,,2026學習詞表-34噶瑪蘭語.xlsx,34噶瑪蘭語,66,,
this,kav,zau,excel,02-17,這個,,2026學習詞表-34噶瑪蘭語.xlsx,34噶瑪蘭語,67,,
here,kav,tazian,excel,02-18,這裡,,2026學習詞表-34噶瑪蘭語.xlsx,34噶瑪蘭語,68,,
there,kav,tawian,excel,02-19,那裡,,2026學習詞表-34噶瑪蘭語.xlsx,34噶瑪蘭語,69,,
what,kav,niana,excel,03-02,什麼,,2026學習詞表-34噶瑪蘭語.xlsx,34噶瑪蘭語,73,,
how,kav,naquni,excel,03-03,如何,,2026學習詞表-34噶瑪蘭語.xlsx,34噶瑪蘭語,74,,
when,kav,qumni,excel,03-04,何時(未發生),,2026學習詞表-34噶瑪蘭語.xlsx,34噶瑪蘭語,75,無分時態,
who,kav,tiana,excel,03-05,誰,,2026學習詞表-34噶瑪蘭語.xlsx,34噶瑪蘭語,76,,
where,kav,tanian,excel,03-07,哪裡,,2026學習詞表-34噶瑪蘭語.xlsx,34噶瑪蘭語,78,,
how,kav,manna,excel,03-09,怎麼,,2026學習詞表-34噶瑪蘭語.xlsx,34噶瑪蘭語,80,,
where,kav,tanian,excel,03-12,什麼地方,,2026學習詞表-34噶瑪蘭語.xlsx,34噶瑪蘭語,83,,
when,kav,qumni,excel,03-13,何時(已發生),,2026學習詞表-34噶瑪蘭語.xlsx,34噶瑪蘭語,84,無分時態,
father,kav,tama,excel,04-01,爸爸,,2026學習詞表-34噶瑪蘭語.xlsx,34噶瑪蘭語,87,,
mother,kav,tina,excel,04-02,媽媽,,2026學習詞表-34噶瑪蘭語.xlsx,34噶瑪蘭語,88,,
wife,kav,tisin,excel,04-07,配偶,,2026學習詞表-34噶瑪蘭語.xlsx,34噶瑪蘭語,93,另作napawan,
husband,kav,tisin,excel,04-07,配偶,,2026學習詞表-34噶瑪蘭語.xlsx,34噶瑪蘭語,93,另作napawan,
wife,kav,napawan,excel,04-15,丈夫、妻子,,2026學習詞表-34噶瑪蘭語.xlsx,34噶瑪蘭語,101,另一半：tisin 丈夫：pakuwayan,
husband,kav,napawan,excel,04-15,丈夫、妻子,,2026學習詞表-34噶瑪蘭語.xlsx,34噶瑪蘭語,101,另一半：tisin 丈夫：pakuwayan,
name,kav,nangan,excel,05-01,名字,,2026學習詞表-34噶瑪蘭語.xlsx,34噶瑪蘭語,114,,
child,kav,sunis,excel,05-05,孩童,,2026學習詞表-34噶瑪蘭語.xlsx,34噶瑪蘭語,118,,
woman,kav,tazungan,excel,05-07,女性,,2026學習詞表-34噶瑪蘭語.xlsx,34噶瑪蘭語,120,,
man,kav,Runanay,excel,05-08,男性,,2026學習詞表-34噶瑪蘭語.xlsx,34噶瑪蘭語,121,,
person,kav,lazat,excel,05-09,人,,2026學習詞表-34噶瑪蘭語.xlsx,34噶瑪蘭語,122,,
ear,kav,kayal,excel,06-01,耳朵,,2026學習詞表-34噶瑪蘭語.xlsx,34噶瑪蘭語,140,,
leg,kav,penaniyan,excel,06-02,大腿,,2026學習詞表-34噶瑪蘭語.xlsx,34噶瑪蘭語,141,,
eye,kav,mata,excel,06-03,眼睛,,2026學習詞表-34噶瑪蘭語.xlsx,34噶瑪蘭語,142,,
mouth,kav,ngibiR,excel,06-05,嘴巴,,2026學習詞表-34噶瑪蘭語.xlsx,34噶瑪蘭語,144,,
head,kav,uRu,excel,06-06,頭,,2026學習詞表-34噶瑪蘭語.xlsx,34噶瑪蘭語,145,,
fingernail,kav,qenuqus,excel,06-07,指甲,,2026學習詞表-34噶瑪蘭語.xlsx,34噶瑪蘭語,146,,
hand,kav,lima,excel,06-08,手,,2026學習詞表-34噶瑪蘭語.xlsx,34噶瑪蘭語,147,,
nose,kav,unung,excel,06-10,鼻子,,2026學習詞表-34噶瑪蘭語.xlsx,34噶瑪蘭語,149,,
foot,kav,zapan,excel,06-11,腳,,2026學習詞表-34噶瑪蘭語.xlsx,34噶瑪蘭語,150,,
tooth,kav,bangRaw,excel,06-12,牙齒,,2026學習詞表-34噶瑪蘭語.xlsx,34噶瑪蘭語,151,,
hair,kav,buqes,excel,06-13,頭髮,,2026學習詞表-34噶瑪蘭語.xlsx,34噶瑪蘭語,152,,
blood,kav,Rinang,excel,06-14,血,,2026學習詞表-34噶瑪蘭語.xlsx,34噶瑪蘭語,153,,
meat,kav,ʼsi,excel,06-15,肉,,2026學習詞表-34噶瑪蘭語.xlsx,34噶瑪蘭語,154,,
belly,kav,bedes,excel,06-17,肚子,,2026學習詞表-34噶瑪蘭語.xlsx,34噶瑪蘭語,156,,
breast,kav,sisu,excel,06-18,乳房,,2026學習詞表-34噶瑪蘭語.xlsx,34噶瑪蘭語,157,,
back,kav,tuRuz,excel,06-22,背部,,2026學習詞表-34噶瑪蘭語.xlsx,34噶瑪蘭語,161,,
skin,kav,lubung,excel,06-23,皮,,2026學習詞表-34噶瑪蘭語.xlsx,34噶瑪蘭語,162,,
heart,kav,anem,excel,06-28,心臟,,2026學習詞表-34噶瑪蘭語.xlsx,34噶瑪蘭語,167,,
knee,kav,tusuz,excel,06-31,膝蓋,,2026學習詞表-34噶瑪蘭語.xlsx,34噶瑪蘭語,170,,
liver,kav,penazengitan/pazengitan,excel,06-34,肝臟,,2026學習詞表-34噶瑪蘭語.xlsx,34噶瑪蘭語,173,,
fat,kav,siti,excel,06-37,油脂,,2026學習詞表-34噶瑪蘭語.xlsx,34噶瑪蘭語,176,,
tongue,kav,lidam,excel,06-42,舌頭,,2026學習詞表-34噶瑪蘭語.xlsx,34噶瑪蘭語,181,,
neck,kav,lulen,excel,06-47,脖子,,2026學習詞表-34噶瑪蘭語.xlsx,34噶瑪蘭語,186,,
neck,kav,lulen,excel,06-52,頸子,,2026學習詞表-34噶瑪蘭語.xlsx,34噶瑪蘭語,191,,
tail,kav,liqud,excel,07-01,尾巴,,2026學習詞表-34噶瑪蘭語.xlsx,34噶瑪蘭語,197,,
dog,kav,wasu,excel,07-03,狗,,2026學習詞表-34噶瑪蘭語.xlsx,34噶瑪蘭語,199,,
bird,kav,adam,excel,07-06,鳥,,2026學習詞表-34噶瑪蘭語.xlsx,34噶瑪蘭語,202,,
fish,kav,baut,excel,07-07,魚,,2026學習詞表-34噶瑪蘭語.xlsx,34噶瑪蘭語,203,,
snake,kav,siqqay,excel,07-19,蛇,,2026學習詞表-34噶瑪蘭語.xlsx,34噶瑪蘭語,215,,
louse,kav,qutu,excel,07-33,頭蝨,,2026學習詞表-34噶瑪蘭語.xlsx,34噶瑪蘭語,229,,
worm,kav,keladut,excel,07-39,蚯蚓,,2026學習詞表-34噶瑪蘭語.xlsx,34噶瑪蘭語,235,,
wing,kav,pakuz,excel,07-49,翅膀,,2026學習詞表-34噶瑪蘭語.xlsx,34噶瑪蘭語,245,,
horn,kav,waki,excel,07-64,(動物的)角,,2026學習詞表-34噶瑪蘭語.xlsx,34噶瑪蘭語,260,,
tree,kav,paRin,excel,08-03,樹,,2026學習詞表-34噶瑪蘭語.xlsx,34噶瑪蘭語,265,,
leaf,kav,biRi,excel,08-06,葉子,,2026學習詞表-34噶瑪蘭語.xlsx,34噶瑪蘭語,268,,
flower,kav,simau,excel,08-09,花朵,,2026學習詞表-34噶瑪蘭語.xlsx,34噶瑪蘭語,271,,
stick,kav,pising,excel,08-15,樹枝,,2026學習詞表-34噶瑪蘭語.xlsx,34噶瑪蘭語,277,,
fruit,kav,ʼsi,excel,08-16,(植物的)果實,,2026學習詞表-34噶瑪蘭語.xlsx,34噶瑪蘭語,278,較完整的說法：’si na penaluman,
grass,kav,suway,excel,08-20,草,,2026學習詞表-34噶瑪蘭語.xlsx,34噶瑪蘭語,282,,
fruit,kav,suykuo,excel,08-24,水果,,2026學習詞表-34噶瑪蘭語.xlsx,34噶瑪蘭語,286,,
root,kav,Rabas,excel,08-28,樹根,,2026學習詞表-34噶瑪蘭語.xlsx,34噶瑪蘭語,290,,
seed,kav,tissan,excel,08-44,種子,,2026學習詞表-34噶瑪蘭語.xlsx,34噶瑪蘭語,306,,
rope,kav,Rais,excel,09-15,繩索,,2026學習詞表-34噶瑪蘭語.xlsx,34噶瑪蘭語,335,,
stick,kav,pising,excel,09-18,枝條,,2026學習詞表-34噶瑪蘭語.xlsx,34噶瑪蘭語,338,,
ash,kav,ibu,excel,09-49,炭灰,,2026學習詞表-34噶瑪蘭語.xlsx,34噶瑪蘭語,369,,
road,kav,lazan,excel,10-01,道路,,2026學習詞表-34噶瑪蘭語.xlsx,34噶瑪蘭語,393,,
wind,kav,bali,excel,10-04,風,,2026學習詞表-34噶瑪蘭語.xlsx,34噶瑪蘭語,396,,
sand,kav,buqan,excel,10-05,沙子,,2026學習詞表-34噶瑪蘭語.xlsx,34噶瑪蘭語,397,,
earth,kav,melanay/manay,excel,10-06,泥土,,2026學習詞表-34噶瑪蘭語.xlsx,34噶瑪蘭語,398,另作manay,
river,kav,iRuR,excel,10-07,河流,,2026學習詞表-34噶瑪蘭語.xlsx,34噶瑪蘭語,399,,
lake,kav,betuq,excel,10-08,湖泊,,2026學習詞表-34噶瑪蘭語.xlsx,34噶瑪蘭語,400,,
forest,kav,paRpaRin,excel,10-09,森林,,2026學習詞表-34噶瑪蘭語.xlsx,34噶瑪蘭語,401,,
sun,kav,sezang,excel,11-02,太陽,,2026學習詞表-34噶瑪蘭語.xlsx,34噶瑪蘭語,417,,
moon,kav,bulan,excel,11-03,月亮,,2026學習詞表-34噶瑪蘭語.xlsx,34噶瑪蘭語,418,,
sky,kav,deddan,excel,11-04,天空,,2026學習詞表-34噶瑪蘭語.xlsx,34噶瑪蘭語,419,,
star,kav,buletedan,excel,11-05,星星,,2026學習詞表-34噶瑪蘭語.xlsx,34噶瑪蘭語,420,,
rain,kav,uzan,excel,11-06,雨,,2026學習詞表-34噶瑪蘭語.xlsx,34噶瑪蘭語,421,,
snow,kav,suRena,excel,11-07,雪,,2026學習詞表-34噶瑪蘭語.xlsx,34噶瑪蘭語,422,,
cloud,kav,lanem,excel,11-12,雲,,2026學習詞表-34噶瑪蘭語.xlsx,34噶瑪蘭語,427,,
smoke,kav,qiReb/qayReb,excel,11-13,煙,,2026學習詞表-34噶瑪蘭語.xlsx,34噶瑪蘭語,428,,
fire,kav,Ramaz,excel,11-17,火,,2026學習詞表-34噶瑪蘭語.xlsx,34噶瑪蘭語,432,,
ice,kav,suRena,excel,11-18,冰,,2026學習詞表-34噶瑪蘭語.xlsx,34噶瑪蘭語,433,,
stone,kav,bettu,excel,12-05,石頭,,2026學習詞表-34噶瑪蘭語.xlsx,34噶瑪蘭語,454,,
night,kav,qaRabi/tuRabi,excel,13-02,晚上,,2026學習詞表-34噶瑪蘭語.xlsx,34噶瑪蘭語,471,,
day,kav,teRi,excel,13-07,白天,,2026學習詞表-34噶瑪蘭語.xlsx,34噶瑪蘭語,476,,
night,kav,qaRabi,excel,13-22,夜,,2026學習詞表-34噶瑪蘭語.xlsx,34噶瑪蘭語,491,,
year,kav,tasaw,excel,13-28,年,,2026學習詞表-34噶瑪蘭語.xlsx,34噶瑪蘭語,497,,
in,kav,teReq,excel,14-01,裡面,,2026學習詞表-34噶瑪蘭語.xlsx,34噶瑪蘭語,502,,
at,kav,tanian semani/taizan,excel,14-02,在某處,,2026學習詞表-34噶瑪蘭語.xlsx,34噶瑪蘭語,503,不知道在哪裡的某處/不用指明彼此知道的某處,
right,kav,kawanan,excel,14-10,右邊,,2026學習詞表-34噶瑪蘭語.xlsx,34噶瑪蘭語,511,,
left,kav,kawili,excel,14-11,左邊,,2026學習詞表-34噶瑪蘭語.xlsx,34噶瑪蘭語,512,,
water,kav,zanum,excel,21-02,水,,2026學習詞表-34噶瑪蘭語.xlsx,34噶瑪蘭語,601,,
salt,kav,zemiyan/miyan,excel,21-07,鹽,,2026學習詞表-34噶瑪蘭語.xlsx,34噶瑪蘭語,606,,
egg,kav,tiRuR,excel,21-09,蛋,,2026學習詞表-34噶瑪蘭語.xlsx,34噶瑪蘭語,608,,
white,kav,busaR,excel,22-01,白色,,2026學習詞表-34噶瑪蘭語.xlsx,34噶瑪蘭語,626,,
black,kav,tengen,excel,22-02,黑色,,2026學習詞表-34噶瑪蘭語.xlsx,34噶瑪蘭語,627,,
red,kav,tebaRi,excel,22-03,紅色,,2026學習詞表-34噶瑪蘭語.xlsx,34噶瑪蘭語,628,,
yellow,kav,Rapedadaw,excel,22-05,黃色的,,2026學習詞表-34噶瑪蘭語.xlsx,34噶瑪蘭語,630,,
green,kav,puli,excel,22-08,綠色,,2026學習詞表-34噶瑪蘭語.xlsx,34噶瑪蘭語,633,亦即為藍色,
give,kav,bula,excel,25-07,給,,2026學習詞表-34噶瑪蘭語.xlsx,34噶瑪蘭語,663,,
come,kav,mawtu,excel,25-08,來,,2026學習詞表-34噶瑪蘭語.xlsx,34噶瑪蘭語,664,,
walk,kav,semaqay,excel,25-10,走路,,2026學習詞表-34噶瑪蘭語.xlsx,34噶瑪蘭語,666,,
fly,kav,temanbaseR,excel,25-12,飛,,2026學習詞表-34噶瑪蘭語.xlsx,34噶瑪蘭語,668,,
fall,kav,bibiq,excel,25-26,(植物的果實)掉落,,2026學習詞表-34噶瑪蘭語.xlsx,34噶瑪蘭語,682,,
sit,kav,madded,excel,25-43,坐著,,2026學習詞表-34噶瑪蘭語.xlsx,34噶瑪蘭語,699,,
stand,kav,miRi,excel,25-44,站著,,2026學習詞表-34噶瑪蘭語.xlsx,34噶瑪蘭語,700,,
sit,kav,madded,excel,26-03,坐下,,2026學習詞表-34噶瑪蘭語.xlsx,34噶瑪蘭語,712,,
hit,kav,babbal,excel,26-08,打(人),,2026學習詞表-34噶瑪蘭語.xlsx,34噶瑪蘭語,717,,
stab,kav,temuqiq,excel,26-09,刺,,2026學習詞表-34噶瑪蘭語.xlsx,34噶瑪蘭語,718,刀或矛刺殺：tumbeq,
push,kav,semuzuq,excel,26-13,推,,2026學習詞表-34噶瑪蘭語.xlsx,34噶瑪蘭語,722,,
scratch,kav,qemaRaw,excel,26-18,抓癢,,2026學習詞表-34噶瑪蘭語.xlsx,34噶瑪蘭語,727,,
lie,kav,siqulin,excel,26-20,躺,,2026學習詞表-34噶瑪蘭語.xlsx,34噶瑪蘭語,729,,
blow,kav,semiyup,excel,26-28,吹,,2026學習詞表-34噶瑪蘭語.xlsx,34噶瑪蘭語,737,,
dig,kav,kemutkut,excel,26-29,挖掘,,2026學習詞表-34噶瑪蘭語.xlsx,34噶瑪蘭語,738,,
cut,kav,kemilas,excel,26-30,切,,2026學習詞表-34噶瑪蘭語.xlsx,34噶瑪蘭語,739,,
swim,kav,menanguy,excel,26-31,游泳,,2026學習詞表-34噶瑪蘭語.xlsx,34噶瑪蘭語,740,,
tie,kav,pemaRit,excel,26-38,綁住,,2026學習詞表-34噶瑪蘭語.xlsx,34噶瑪蘭語,747,,
pull,kav,tumbes,excel,26-39,拉,,2026學習詞表-34噶瑪蘭語.xlsx,34噶瑪蘭語,748,改圖片為拉衣服,
split,kav,semaksak,excel,26-40,劈(木材),,2026學習詞表-34噶瑪蘭語.xlsx,34噶瑪蘭語,749,,
hold,kav,misis,excel,26-42,提著,,2026學習詞表-34噶瑪蘭語.xlsx,34噶瑪蘭語,751,,
hold,kav,mimet,excel,26-43,握著,,2026學習詞表-34噶瑪蘭語.xlsx,34噶瑪蘭語,752,,
tie,kav,betbet,excel,26-44,捆綁,,2026學習詞表-34噶瑪蘭語.xlsx,34噶瑪蘭語,753,,
scratch,kav,semikiw,excel,26-56,搔癢,,2026學習詞表-34噶瑪蘭語.xlsx,34噶瑪蘭語,765,,
rub,kav,pusipus,excel,26-85,揉搓(衣物),,2026學習詞表-34噶瑪蘭語.xlsx,34噶瑪蘭語,794,,
lie,kav,sukinil maynep,excel,26-88,側臥,,2026學習詞表-34噶瑪蘭語.xlsx,34噶瑪蘭語,797,,
fight,kav,mabud,excel,26-96,打架,,2026學習詞表-34噶瑪蘭語.xlsx,34噶瑪蘭語,805,,
squeeze,kav,pedeq,excel,26-97,擠,,2026學習詞表-34噶瑪蘭語.xlsx,34噶瑪蘭語,806,,
dig,kav,kemutkut,excel,26-100,(用手)挖掘,,2026學習詞表-34噶瑪蘭語.xlsx,34噶瑪蘭語,809,,
stand,kav,qiRi,excel,26-105,起立,,2026學習詞表-34噶瑪蘭語.xlsx,34噶瑪蘭語,814,,
eat,kav,qeman,excel,27-01,吃,,2026學習詞表-34噶瑪蘭語.xlsx,34噶瑪蘭語,816,,
suck,kav,semisep,excel,27-02,吸,,2026學習詞表-34噶瑪蘭語.xlsx,34噶瑪蘭語,817,,
drink,kav,menanum,excel,27-03,喝,,2026學習詞表-34噶瑪蘭語.xlsx,34噶瑪蘭語,818,,
vomit,kav,muti,excel,27-04,吐,,2026學習詞表-34噶瑪蘭語.xlsx,34噶瑪蘭語,819,,
bite,kav,qemaRat,excel,27-05,咬,,2026學習詞表-34噶瑪蘭語.xlsx,34噶瑪蘭語,820,,
eat,kav,qeman,excel,27-15,吃(東西),,2026學習詞表-34噶瑪蘭語.xlsx,34噶瑪蘭語,830,,
know,kav,suppaRan,excel,28-02,知道,,2026學習詞表-34噶瑪蘭語.xlsx,34噶瑪蘭語,836,,
see,kav,temayta,excel,28-03,看,,2026學習詞表-34噶瑪蘭語.xlsx,34噶瑪蘭語,837,,
say,kav,semanu,excel,28-04,說,,2026學習詞表-34噶瑪蘭語.xlsx,34噶瑪蘭語,838,,
smell,kav,semingut,excel,28-07,聞(如聞味道),,2026學習詞表-34噶瑪蘭語.xlsx,34噶瑪蘭語,841,,
hear,kav,mipil,excel,28-19,聽,,2026學習詞表-34噶瑪蘭語.xlsx,34噶瑪蘭語,853,,
think,kav,kasianem,excel,28-25,想(思考),,2026學習詞表-34噶瑪蘭語.xlsx,34噶瑪蘭語,859,,
fear,kav,maytis,excel,29-02,害怕,,2026學習詞表-34噶瑪蘭語.xlsx,34噶瑪蘭語,866,,
wash,kav,qaybasi,excel,30-02,洗(衣物),,2026學習詞表-34噶瑪蘭語.xlsx,34噶瑪蘭語,876,,
sleep,kav,maynep,excel,30-09,睡覺,,2026學習詞表-34噶瑪蘭語.xlsx,34噶瑪蘭語,883,,
kill,kav,mettung,excel,30-10,殺牲畜,,2026學習詞表-34噶瑪蘭語.xlsx,34噶瑪蘭語,884,,
lie,kav,siqulin,excel,30-16,躺臥,,2026學習詞表-34噶瑪蘭語.xlsx,34噶瑪蘭語,890,,
burn,kav,temaq,excel,30-20,燒(如燒稻草),,2026學習詞表-34噶瑪蘭語.xlsx,34噶瑪蘭語,894,,
hunt,kav,temikas,excel,30-25,陷獵,,2026學習詞表-34噶瑪蘭語.xlsx,34噶瑪蘭語,899,,
burn,kav,muRas,excel,30-54,燃燒,,2026學習詞表-34噶瑪蘭語.xlsx,34噶瑪蘭語,928,,
drink,kav,menanum,excel,30-61,喝(水),,2026學習詞表-34噶瑪蘭語.xlsx,34噶瑪蘭語,935,,
sing,kav,satezay,excel,30-64,唱歌,,2026學習詞表-34噶瑪蘭語.xlsx,34噶瑪蘭語,938,,
play,kav,mawRawRat,excel,30-65,玩耍,,2026學習詞表-34噶瑪蘭語.xlsx,34噶瑪蘭語,939,,
die,kav,mepatay,excel,31-01,死亡,,2026學習詞表-34噶瑪蘭語.xlsx,34噶瑪蘭語,941,,
live,kav,binnus ay,excel,31-08,活的,,2026學習詞表-34噶瑪蘭語.xlsx,34噶瑪蘭語,948,,
heavy,kav,zinneq,excel,32-02,重(重量),,2026學習詞表-34噶瑪蘭語.xlsx,34噶瑪蘭語,963,,
big,kav,Raya,excel,32-05,大,,2026學習詞表-34噶瑪蘭語.xlsx,34噶瑪蘭語,966,,
cold,kav,sessen,excel,32-08,冷,,2026學習詞表-34噶瑪蘭語.xlsx,34噶瑪蘭語,969,,
small,kav,kitut,excel,32-09,小,,2026學習詞表-34噶瑪蘭語.xlsx,34噶瑪蘭語,970,,
many,kav,muwaza,excel,32-10,多,,2026學習詞表-34噶瑪蘭語.xlsx,34噶瑪蘭語,971,,
cold,kav,tuRpus,excel,32-12,冰冷,,2026學習詞表-34噶瑪蘭語.xlsx,34噶瑪蘭語,973,,
few,kav,kiya,excel,32-14,少,,2026學習詞表-34噶瑪蘭語.xlsx,34噶瑪蘭語,975,,
laugh,kav,metawa,excel,32-16,笑,,2026學習詞表-34噶瑪蘭語.xlsx,34噶瑪蘭語,977,,
wet,kav,mezizi,excel,32-17,濕,,2026學習詞表-34噶瑪蘭語.xlsx,34噶瑪蘭語,978,,
thick,kav,Rutuz,excel,32-19,厚,,2026學習詞表-34噶瑪蘭語.xlsx,34噶瑪蘭語,980,,
thin,kav,inpis,excel,32-21,薄,,2026學習詞表-34噶瑪蘭語.xlsx,34噶瑪蘭語,982,,
dirty,kav,dasam,excel,32-22,髒,,2026學習詞表-34噶瑪蘭語.xlsx,34噶瑪蘭語,983,,
dry,kav,mayseng,excel,32-28,乾,,2026學習詞表-34噶瑪蘭語.xlsx,34噶瑪蘭語,989,,
new,kav,tasu,excel,32-31,新,,2026學習詞表-34噶瑪蘭語.xlsx,34噶瑪蘭語,992,,
old,kav,ʼzan,excel,32-32,舊,,2026學習詞表-34噶瑪蘭語.xlsx,34噶瑪蘭語,993,,
near,kav,zaki,excel,32-33,近,,2026學習詞表-34噶瑪蘭語.xlsx,34噶瑪蘭語,994,,
bad,kav,meRapsi,excel,32-35,壞掉,,2026學習詞表-34噶瑪蘭語.xlsx,34噶瑪蘭語,996,,
far,kav,daud,excel,32-37,遠,,2026學習詞表-34噶瑪蘭語.xlsx,34噶瑪蘭語,998,,
swell,kav,bunul,excel,32-38,腫,,2026學習詞表-34噶瑪蘭語.xlsx,34噶瑪蘭語,999,,
smooth,kav,senulal,excel,32-44,滑,,2026學習詞表-34噶瑪蘭語.xlsx,34噶瑪蘭語,1005,,
rotten,kav,mediyuq,excel,32-54,腐爛,,2026學習詞表-34噶瑪蘭語.xlsx,34噶瑪蘭語,1015,,
warm,kav,selizu,excel,32-56,暖和,,2026學習詞表-34噶瑪蘭語.xlsx,34噶瑪蘭語,1017,,
dull,kav,meRazes,excel,32-57,鈍,,2026學習詞表-34噶瑪蘭語.xlsx,34噶瑪蘭語,1018,,
straight,kav,tingzen,excel,32-65,直,,2026學習詞表-34噶瑪蘭語.xlsx,34噶瑪蘭語,1026,,
full,kav,puniR ti,excel,32-66,滿了,,2026學習詞表-34噶瑪蘭語.xlsx,34噶瑪蘭語,1027,,
wide,kav,tabay,excel,32-68,(空間)寬敞,,2026學習詞表-34噶瑪蘭語.xlsx,34噶瑪蘭語,1029,,
correct,kav,maqezaq,excel,32-69,正確,,2026學習詞表-34噶瑪蘭語.xlsx,34噶瑪蘭語,1030,,
warm,kav,sanangan qenamammaq na,excel,32-72,溫的(水),,2026學習詞表-34噶瑪蘭語.xlsx,34噶瑪蘭語,1033,,
long,kav,maRung,excel,32-74,長,,2026學習詞表-34噶瑪蘭語.xlsx,34噶瑪蘭語,1035,,
short,kav,kezut,excel,32-76,短,,2026學習詞表-34噶瑪蘭語.xlsx,34噶瑪蘭語,1037,,
full,kav,puniR,excel,32-79,滿滿,,2026學習詞表-34噶瑪蘭語.xlsx,34噶瑪蘭語,1040,,
wipe,kav,semupas,excel,33-06,擦拭,,2026學習詞表-34噶瑪蘭語.xlsx,34噶瑪蘭語,1048,,
throw,kav,muwalin,excel,34-19,丟棄,,2026學習詞表-34噶瑪蘭語.xlsx,34噶瑪蘭語,1069,,
count,kav,sabidang,excel,34-29,數(計算),,2026學習詞表-34噶瑪蘭語.xlsx,34噶瑪蘭語,1079,,
good,kav,nengi,excel,34-34,好,,2026學習詞表-34噶瑪蘭語.xlsx,34噶瑪蘭語,1084,,
not,kav,ussa,excel,35-03,不是(回答用),,2026學習詞表-34噶瑪蘭語.xlsx,34噶瑪蘭語,1092,,
and,kav,seRay,excel,36-18,和,,2026學習詞表-34噶瑪蘭語.xlsx,34噶瑪蘭語,1114,,
if,kav,azu,excel,36-22,如果,,2026學習詞表-34噶瑪蘭語.xlsx,34噶瑪蘭語,1118,,
one,tso,coni,excel,01-01,一,,2026學習詞表-35鄒語.xlsx,35鄒語,5,,
two,tso,yuso,excel,01-02,二,,2026學習詞表-35鄒語.xlsx,35鄒語,6,,
three,tso,tuyu,excel,01-03,三,,2026學習詞表-35鄒語.xlsx,35鄒語,7,,
four,tso,sʉptʉ,excel,01-04,四,,2026學習詞表-35鄒語.xlsx,35鄒語,8,,
five,tso,eimo,excel,01-05,五,,2026學習詞表-35鄒語.xlsx,35鄒語,9,,
six,tso,nomʉ,excel,01-06,六,,2026學習詞表-35鄒語.xlsx,35鄒語,10,,
seven,tso,pitu,excel,01-07,七,,2026學習詞表-35鄒語.xlsx,35鄒語,11,,
eight,tso,voyu,excel,01-08,八,,2026學習詞表-35鄒語.xlsx,35鄒語,12,,
nine,tso,sio,excel,01-09,九,,2026學習詞表-35鄒語.xlsx,35鄒語,13,,
ten,tso,maskʉ,excel,01-10,十,,2026學習詞表-35鄒語.xlsx,35鄒語,14,,
twenty,tso,mpusku,excel,01-20,二十,,2026學習詞表-35鄒語.xlsx,35鄒語,24,,
hundred,tso,se’-,excel,01-34,百,,2026學習詞表-35鄒語.xlsx,35鄒語,38,,
hundred,tso,seʼconia/ seʼconza,excel,01-35,一百,,2026學習詞表-35鄒語.xlsx,35鄒語,39,seʼconia達邦說法/ seʼconza特富野說法,
some,tso,akeʼi,excel,01-38,一些,,2026學習詞表-35鄒語.xlsx,35鄒語,42,,
all,tso,acʉhʉ,excel,01-43,全部,,2026學習詞表-35鄒語.xlsx,35鄒語,47,,
few,tso,kakutia,excel,01-44,一點點,,2026學習詞表-35鄒語.xlsx,35鄒語,48,很少,
you_singular,tso,suu,excel,02-01,你,,2026學習詞表-35鄒語.xlsx,35鄒語,51,,
i,tso,aʼo,excel,02-02,我,,2026學習詞表-35鄒語.xlsx,35鄒語,52,,
he,tso,taini,excel,02-03,他,,2026學習詞表-35鄒語.xlsx,35鄒語,53,,
you_plural,tso,muu,excel,02-04,你們,,2026學習詞表-35鄒語.xlsx,35鄒語,54,,
we,tso,a’mia/a’mi,excel,02-05,我們,,2026學習詞表-35鄒語.xlsx,35鄒語,55,a’mia達邦說法/a’mi特富野說法,
they,tso,hin’i,excel,02-06,他們,,2026學習詞表-35鄒語.xlsx,35鄒語,56,,
we,tso,a’mi/a’mia,excel,02-13,我們(排除式),,2026學習詞表-35鄒語.xlsx,35鄒語,63,a’mi達邦說法/a’mia特富野說法,
we,tso,aʼto,excel,02-14,咱們(包含式),,2026學習詞表-35鄒語.xlsx,35鄒語,64,,
that,tso,tonoi,excel,02-16,那個,,2026學習詞表-35鄒語.xlsx,35鄒語,66,,
this,tso,eni,excel,02-17,這個,,2026學習詞表-35鄒語.xlsx,35鄒語,67,,
here,tso,tanʼe,excel,02-18,這裡,,2026學習詞表-35鄒語.xlsx,35鄒語,68,,
there,tso,taʼe,excel,02-19,那裡,,2026學習詞表-35鄒語.xlsx,35鄒語,69,,
what,tso,cuma,excel,03-02,什麼,,2026學習詞表-35鄒語.xlsx,35鄒語,73,,
how,tso,mainenu,excel,03-03,如何,,2026學習詞表-35鄒語.xlsx,35鄒語,74,,
when,tso,ho homna,excel,03-04,何時(未發生),,2026學習詞表-35鄒語.xlsx,35鄒語,75,,
who,tso,sia,excel,03-05,誰,,2026學習詞表-35鄒語.xlsx,35鄒語,76,,
where,tso,nenu,excel,03-07,哪裡,,2026學習詞表-35鄒語.xlsx,35鄒語,78,,
how,tso,mainci,excel,03-09,怎麼,,2026學習詞表-35鄒語.xlsx,35鄒語,80,,
where,tso,no  nenu,excel,03-12,什麼地方,,2026學習詞表-35鄒語.xlsx,35鄒語,83,,
when,tso,ne homna,excel,03-13,何時(已發生),,2026學習詞表-35鄒語.xlsx,35鄒語,84,,
father,tso,amo,excel,04-01,爸爸,,2026學習詞表-35鄒語.xlsx,35鄒語,87,,
mother,tso,ino,excel,04-02,媽媽,,2026學習詞表-35鄒語.xlsx,35鄒語,88,,
wife,tso,vcongʉ,excel,04-07,配偶,,2026學習詞表-35鄒語.xlsx,35鄒語,93,,
husband,tso,vcongʉ,excel,04-07,配偶,,2026學習詞表-35鄒語.xlsx,35鄒語,93,,
husband,tso,vcongʉ,excel,04-15,丈夫,,2026學習詞表-35鄒語.xlsx,35鄒語,101,,
name,tso,ongko,excel,05-01,名字,,2026學習詞表-35鄒語.xlsx,35鄒語,114,,
child,tso,oko,excel,05-05,孩童,,2026學習詞表-35鄒語.xlsx,35鄒語,118,,
woman,tso,mamespingi,excel,05-07,女性,,2026學習詞表-35鄒語.xlsx,35鄒語,120,,
man,tso,hahocngʉ,excel,05-08,男性,,2026學習詞表-35鄒語.xlsx,35鄒語,121,,
person,tso,cou,excel,05-09,人,,2026學習詞表-35鄒語.xlsx,35鄒語,122,,
ear,tso,koyu,excel,06-01,耳朵,,2026學習詞表-35鄒語.xlsx,35鄒語,140,,
leg,tso,fainʉ,excel,06-02,大腿,,2026學習詞表-35鄒語.xlsx,35鄒語,141,,
eye,tso,mcoo,excel,06-03,眼睛,,2026學習詞表-35鄒語.xlsx,35鄒語,142,,
mouth,tso,ngayo,excel,06-05,嘴巴,,2026學習詞表-35鄒語.xlsx,35鄒語,144,,
head,tso,fnguu,excel,06-06,頭,,2026學習詞表-35鄒語.xlsx,35鄒語,145,,
fingernail,tso,huʼo,excel,06-07,指甲,,2026學習詞表-35鄒語.xlsx,35鄒語,146,,
hand,tso,emucu,excel,06-08,手,,2026學習詞表-35鄒語.xlsx,35鄒語,147,,
nose,tso,engʉcʉ,excel,06-10,鼻子,,2026學習詞表-35鄒語.xlsx,35鄒語,149,,
foot,tso,tʼango,excel,06-11,腳,,2026學習詞表-35鄒語.xlsx,35鄒語,150,,
tooth,tso,hisi,excel,06-12,牙齒,,2026學習詞表-35鄒語.xlsx,35鄒語,151,,
hair,tso,fʼʉsʉ,excel,06-13,頭髮,,2026學習詞表-35鄒語.xlsx,35鄒語,152,,
blood,tso,hmuyu,excel,06-14,血,,2026學習詞表-35鄒語.xlsx,35鄒語,153,,
meat,tso,fou,excel,06-15,肉,,2026學習詞表-35鄒語.xlsx,35鄒語,154,,
belly,tso,bʉyo,excel,06-17,肚子,,2026學習詞表-35鄒語.xlsx,35鄒語,156,,
breast,tso,nunʼu,excel,06-18,乳房,,2026學習詞表-35鄒語.xlsx,35鄒語,157,,
back,tso,fʼuhu,excel,06-22,背部,,2026學習詞表-35鄒語.xlsx,35鄒語,161,,
skin,tso,snʉfʉ,excel,06-23,皮膚,,2026學習詞表-35鄒語.xlsx,35鄒語,162,,
heart,tso,tʼuhu,excel,06-28,心臟,,2026學習詞表-35鄒語.xlsx,35鄒語,167,,
knee,tso,kali,excel,06-31,膝蓋,,2026學習詞表-35鄒語.xlsx,35鄒語,170,,
liver,tso,hʼonʉ,excel,06-34,肝臟,,2026學習詞表-35鄒語.xlsx,35鄒語,173,,
fat,tso,hʉsʉ,excel,06-37,油脂,,2026學習詞表-35鄒語.xlsx,35鄒語,176,,
tongue,tso,umo,excel,06-42,舌頭,,2026學習詞表-35鄒語.xlsx,35鄒語,181,,
neck,tso,sʉnʉ,excel,06-47,脖子,,2026學習詞表-35鄒語.xlsx,35鄒語,186,,
neck,tso,tʉ’tona,excel,06-52,頸子,,2026學習詞表-35鄒語.xlsx,35鄒語,191,,
tail,tso,civci,excel,07-01,尾巴,,2026學習詞表-35鄒語.xlsx,35鄒語,197,,
dog,tso,avʼu,excel,07-03,狗,,2026學習詞表-35鄒語.xlsx,35鄒語,199,,
bird,tso,zomʉ,excel,07-06,鳥,,2026學習詞表-35鄒語.xlsx,35鄒語,202,,
fish,tso,yoskʉ,excel,07-07,魚,,2026學習詞表-35鄒語.xlsx,35鄒語,203,,
snake,tso,fkoi,excel,07-19,蛇,,2026學習詞表-35鄒語.xlsx,35鄒語,215,,
louse,tso,ʼcuu,excel,07-33,頭蝨,,2026學習詞表-35鄒語.xlsx,35鄒語,229,,
worm,tso,polo,excel,07-39,蚯蚓,,2026學習詞表-35鄒語.xlsx,35鄒語,235,,
wing,tso,yopngu,excel,07-49,翅膀,,2026學習詞表-35鄒語.xlsx,35鄒語,245,,
horn,tso,sungu,excel,07-64,(動物的)角,,2026學習詞表-35鄒語.xlsx,35鄒語,260,,
tree,tso,evi,excel,08-03,樹,,2026學習詞表-35鄒語.xlsx,35鄒語,265,,
leaf,tso,ehʉngʉ,excel,08-06,葉子,,2026學習詞表-35鄒語.xlsx,35鄒語,268,,
flower,tso,bʉvnʉ,excel,08-09,花朵,,2026學習詞表-35鄒語.xlsx,35鄒語,271,,
stick,tso,ehti,excel,08-15,樹枝,,2026學習詞表-35鄒語.xlsx,35鄒語,277,,
fruit,tso,beahci,excel,08-16,(植物的)果實,,2026學習詞表-35鄒語.xlsx,35鄒語,278,,
grass,tso,kukuzo,excel,08-20,草,,2026學習詞表-35鄒語.xlsx,35鄒語,282,,
fruit,tso,beahci,excel,08-24,水果,,2026學習詞表-35鄒語.xlsx,35鄒語,286,,
root,tso,emisi,excel,08-28,樹根,,2026學習詞表-35鄒語.xlsx,35鄒語,290,,
seed,tso,tutu,excel,08-44,種子,,2026學習詞表-35鄒語.xlsx,35鄒語,306,,
rope,tso,vhongʉ ci teesi,excel,09-14,細繩,,2026學習詞表-35鄒語.xlsx,35鄒語,334,,
rope,tso,teesi,excel,09-15,繩索,,2026學習詞表-35鄒語.xlsx,35鄒語,335,,
stick,tso,esou,excel,09-18,枝條,,2026學習詞表-35鄒語.xlsx,35鄒語,338,,
ash,tso,fuu,excel,09-49,炭灰,,2026學習詞表-35鄒語.xlsx,35鄒語,369,,
road,tso,ceonʉ,excel,10-01,道路,,2026學習詞表-35鄒語.xlsx,35鄒語,393,,
wind,tso,poepe,excel,10-04,風,,2026學習詞表-35鄒語.xlsx,35鄒語,396,,
sand,tso,fuefu’u,excel,10-05,沙子,,2026學習詞表-35鄒語.xlsx,35鄒語,397,,
earth,tso,ceoa,excel,10-06,泥土,,2026學習詞表-35鄒語.xlsx,35鄒語,398,,
river,tso,cʼoeha,excel,10-07,河流(大),,2026學習詞表-35鄒語.xlsx,35鄒語,399,,
lake,tso,topngu,excel,10-08,湖泊,,2026學習詞表-35鄒語.xlsx,35鄒語,400,,
forest,tso,fuengu,excel,10-09,森林,,2026學習詞表-35鄒語.xlsx,35鄒語,401,,
sun,tso,hie,excel,11-02,太陽,,2026學習詞表-35鄒語.xlsx,35鄒語,417,,
moon,tso,feohʉ,excel,11-03,月亮,,2026學習詞表-35鄒語.xlsx,35鄒語,418,,
sky,tso,engʉca,excel,11-04,天空,,2026學習詞表-35鄒語.xlsx,35鄒語,419,,
star,tso,congeoha,excel,11-05,星星,,2026學習詞表-35鄒語.xlsx,35鄒語,420,,
rain,tso,tnʉyʉ,excel,11-06,雨,,2026學習詞表-35鄒語.xlsx,35鄒語,421,,
snow,tso,yuho,excel,11-07,雪,,2026學習詞表-35鄒語.xlsx,35鄒語,422,,
fog,tso,mvʉecʉ,excel,11-12,霧,,2026學習詞表-35鄒語.xlsx,35鄒語,427,,
smoke,tso,feufeu,excel,11-13,煙,,2026學習詞表-35鄒語.xlsx,35鄒語,428,,
fire,tso,puzu,excel,11-17,火,,2026學習詞表-35鄒語.xlsx,35鄒語,432,,
ice,tso,kooli,excel,11-18,冰,,2026學習詞表-35鄒語.xlsx,35鄒語,433,借自日語,
stone,tso,fatu,excel,12-05,石頭,,2026學習詞表-35鄒語.xlsx,35鄒語,454,,
night,tso,yofna,excel,13-02,晚上,,2026學習詞表-35鄒語.xlsx,35鄒語,471,,
day,tso,hie,excel,13-07,白天,,2026學習詞表-35鄒語.xlsx,35鄒語,476,,
night,tso,feʉngna,excel,13-10,黑夜,,2026學習詞表-35鄒語.xlsx,35鄒語,479,,
night,tso,feʉngna,excel,13-22,夜,,2026學習詞表-35鄒語.xlsx,35鄒語,491,,
year,tso,tonsoha,excel,13-28,(一)年,,2026學習詞表-35鄒語.xlsx,35鄒語,497,,
in,tso,ʼayumona,excel,14-01,裡面,,2026學習詞表-35鄒語.xlsx,35鄒語,502,,
at,tso,mia’unu,excel,14-02,在某處,,2026學習詞表-35鄒語.xlsx,35鄒語,503,,
right,tso,vhona,excel,14-10,右邊,,2026學習詞表-35鄒語.xlsx,35鄒語,511,,
left,tso,veina,excel,14-11,左邊,,2026學習詞表-35鄒語.xlsx,35鄒語,512,,
water,tso,chumu,excel,21-02,水,,2026學習詞表-35鄒語.xlsx,35鄒語,601,,
salt,tso,siu,excel,21-07,鹽,,2026學習詞表-35鄒語.xlsx,35鄒語,606,,
egg,tso,fcuyu,excel,21-09,蛋,,2026學習詞表-35鄒語.xlsx,35鄒語,608,,
white,tso,fʉecʉ’ia/fʉecʉ’za,excel,22-01,白色,,2026學習詞表-35鄒語.xlsx,35鄒語,626,fʉecʉ’ia達邦說法/fuecʉ’za特富野社說法,
black,tso,kuaʼonga,excel,22-02,黑色,,2026學習詞表-35鄒語.xlsx,35鄒語,627,,
red,tso,fʉhngoya,excel,22-03,紅色,,2026學習詞表-35鄒語.xlsx,35鄒語,628,,
yellow,tso,hofʼoya,excel,22-05,黃色的,,2026學習詞表-35鄒語.xlsx,35鄒語,630,,
green,tso,enghova,excel,22-08,綠色/藍色,,2026學習詞表-35鄒語.xlsx,35鄒語,633,,
come,tso,mino,excel,25-05,過來,,2026學習詞表-35鄒語.xlsx,35鄒語,661,,
give,tso,mofi,excel,25-07,給,,2026學習詞表-35鄒語.xlsx,35鄒語,663,,
come,tso,mino,excel,25-08,來,,2026學習詞表-35鄒語.xlsx,35鄒語,664,,
walk,tso,coeconʉ,excel,25-10,走路,,2026學習詞表-35鄒語.xlsx,35鄒語,666,,
fly,tso,toesoso,excel,25-12,飛,,2026學習詞表-35鄒語.xlsx,35鄒語,668,,
fall,tso,supeohʉ,excel,25-26,掉落,,2026學習詞表-35鄒語.xlsx,35鄒語,682,,
sit,tso,yusuhngu,excel,25-43,坐著,,2026學習詞表-35鄒語.xlsx,35鄒語,699,,
stand,tso,yacʼʉ,excel,25-44,站著,,2026學習詞表-35鄒語.xlsx,35鄒語,700,,
sit,tso,yusuhngu,excel,26-03,坐下,,2026學習詞表-35鄒語.xlsx,35鄒語,712,,
play,tso,yoyaso,excel,26-06,玩,,2026學習詞表-35鄒語.xlsx,35鄒語,715,,
hit,tso,eobako,excel,26-08,打(人),,2026學習詞表-35鄒語.xlsx,35鄒語,717,,
stab,tso,smuyuʼcu,excel,26-09,刺,,2026學習詞表-35鄒語.xlsx,35鄒語,718,,
push,tso,poeʼohʉ,excel,26-13,推,,2026學習詞表-35鄒語.xlsx,35鄒語,722,,
scratch,tso,tuokeo,excel,26-18,抓癢,,2026學習詞表-35鄒語.xlsx,35鄒語,727,,
lie,tso,tohbako,excel,26-20,躺,,2026學習詞表-35鄒語.xlsx,35鄒語,729,,
blow,tso,meepeucu,excel,26-28,吹,,2026學習詞表-35鄒語.xlsx,35鄒語,737,,
dig,tso,maʼe,excel,26-29,挖掘,,2026學習詞表-35鄒語.xlsx,35鄒語,738,,
cut,tso,maapaso,excel,26-30,切,,2026學習詞表-35鄒語.xlsx,35鄒語,739,,
swim,tso,yuuhnguzu,excel,26-31,游泳,,2026學習詞表-35鄒語.xlsx,35鄒語,740,,
tie,tso,seo’eisi,excel,26-38,綁住,,2026學習詞表-35鄒語.xlsx,35鄒語,747,,
pull,tso,e’tʉ,excel,26-39,拉,,2026學習詞表-35鄒語.xlsx,35鄒語,748,,
split,tso,tʉpeʉcngʉ,excel,26-40,劈(木材),,2026學習詞表-35鄒語.xlsx,35鄒語,749,,
hold,tso,tiatatvia,excel,26-42,提著,,2026學習詞表-35鄒語.xlsx,35鄒語,751,,
hold,tso,pʉta,excel,26-43,握著,,2026學習詞表-35鄒語.xlsx,35鄒語,752,,
tie,tso,seo’eisi/seo’isi,excel,26-44,捆綁,,2026學習詞表-35鄒語.xlsx,35鄒語,753,,
scratch,tso,tuokeo,excel,26-56,搔癢,,2026學習詞表-35鄒語.xlsx,35鄒語,765,,
wipe,tso,pahisi,excel,26-83,擦,,2026學習詞表-35鄒語.xlsx,35鄒語,792,,
rub,tso,ta’mucmuca,excel,26-85,揉搓,,2026學習詞表-35鄒語.xlsx,35鄒語,794,,
lie,tso,tohʼiei,excel,26-88,側臥,,2026學習詞表-35鄒語.xlsx,35鄒語,797,,
fight,tso,muutu,excel,26-96,打架,,2026學習詞表-35鄒語.xlsx,35鄒語,805,,
dig,tso,yu’e,excel,26-100,(用手)挖掘,,2026學習詞表-35鄒語.xlsx,35鄒語,809,,
stand,tso,yʉcʼʉ,excel,26-105,起立,,2026學習詞表-35鄒語.xlsx,35鄒語,814,,
eat,tso,bonʉ,excel,27-01,吃,,2026學習詞表-35鄒語.xlsx,35鄒語,816,,
suck,tso,eseuseu,excel,27-02,吸,,2026學習詞表-35鄒語.xlsx,35鄒語,817,,
drink,tso,mimo,excel,27-03,喝,,2026學習詞表-35鄒語.xlsx,35鄒語,818,,
vomit,tso,teavto,excel,27-04,吐,,2026學習詞表-35鄒語.xlsx,35鄒語,819,,
bite,tso,boecx,excel,27-05,咬,,2026學習詞表-35鄒語.xlsx,35鄒語,820,,
eat,tso,ana,excel,27-15,吃(東西),,2026學習詞表-35鄒語.xlsx,35鄒語,830,,
know,tso,cohivi,excel,28-02,知道,,2026學習詞表-35鄒語.xlsx,35鄒語,836,,
see,tso,aiti,excel,28-03,看,,2026學習詞表-35鄒語.xlsx,35鄒語,837,,
say,tso,mainca,excel,28-04,說,,2026學習詞表-35鄒語.xlsx,35鄒語,838,,
smell,tso,elʉi,excel,28-07,聞(如聞味道),,2026學習詞表-35鄒語.xlsx,35鄒語,841,,
hear,tso,tmalʉ,excel,28-19,聽,,2026學習詞表-35鄒語.xlsx,35鄒語,853,,
think,tso,ma’to’tohngʉ,excel,28-25,想,,2026學習詞表-35鄒語.xlsx,35鄒語,859,,
fear,tso,smoyo,excel,29-02,害怕,,2026學習詞表-35鄒語.xlsx,35鄒語,866,,
wash,tso,tufku,excel,30-02,洗(衣服),,2026學習詞表-35鄒語.xlsx,35鄒語,876,,
sleep,tso,oengʉtʉ,excel,30-09,睡覺,,2026學習詞表-35鄒語.xlsx,35鄒語,883,,
kill,tso,cmuhu,excel,30-10,殺(牲畜),,2026學習詞表-35鄒語.xlsx,35鄒語,884,,
lie,tso,oevoi,excel,30-16,躺臥,,2026學習詞表-35鄒語.xlsx,35鄒語,890,,
burn,tso,hmoi,excel,30-20,燒(如燒稻草),,2026學習詞表-35鄒語.xlsx,35鄒語,894,,
hunt,tso,boepono,excel,30-25,陷獵,,2026學習詞表-35鄒語.xlsx,35鄒語,899,,
burn,tso,yuniou/yunzou,excel,30-54,燃燒,,2026學習詞表-35鄒語.xlsx,35鄒語,928,,
drink,tso,mimo,excel,30-61,喝(水),,2026學習詞表-35鄒語.xlsx,35鄒語,935,,
sing,tso,pasunaeno,excel,30-64,唱歌,,2026學習詞表-35鄒語.xlsx,35鄒語,938,,
play,tso,yoyaso,excel,30-65,玩耍,,2026學習詞表-35鄒語.xlsx,35鄒語,939,,
die,tso,mcoi,excel,31-01,死亡,,2026學習詞表-35鄒語.xlsx,35鄒語,941,,
live,tso,yansoua,excel,31-08,活的,,2026學習詞表-35鄒語.xlsx,35鄒語,948,,
heavy,tso,ecvʉhʉ,excel,32-02,重(重量),,2026學習詞表-35鄒語.xlsx,35鄒語,963,,
big,tso,meoisi,excel,32-05,大的,,2026學習詞表-35鄒語.xlsx,35鄒語,966,,
cold,tso,soyʉmʉ,excel,32-08,冷,,2026學習詞表-35鄒語.xlsx,35鄒語,969,,
small,tso,okosi,excel,32-09,小的,,2026學習詞表-35鄒語.xlsx,35鄒語,970,,
many,tso,manʼi,excel,32-10,多,,2026學習詞表-35鄒語.xlsx,35鄒語,971,,
cold,tso,coheʉceʉ,excel,32-12,冰冷,,2026學習詞表-35鄒語.xlsx,35鄒語,973,,
few,tso,kakutia,excel,32-14,少的,,2026學習詞表-35鄒語.xlsx,35鄒語,975,,
laugh,tso,cocvo,excel,32-16,笑,,2026學習詞表-35鄒語.xlsx,35鄒語,977,,
wet,tso,noeʼʉcʉ,excel,32-17,濕的,,2026學習詞表-35鄒語.xlsx,35鄒語,978,,
thick,tso,ocmʉyʉ,excel,32-19,厚的,,2026學習詞表-35鄒語.xlsx,35鄒語,980,,
thin,tso,hipsi,excel,32-21,薄的,,2026學習詞表-35鄒語.xlsx,35鄒語,982,,
dirty,tso,caʼi,excel,32-22,髒,,2026學習詞表-35鄒語.xlsx,35鄒語,983,,
dry,tso,keolo,excel,32-28,乾的,,2026學習詞表-35鄒語.xlsx,35鄒語,989,,
new,tso,faeva,excel,32-31,新的,,2026學習詞表-35鄒語.xlsx,35鄒語,992,,
old,tso,noanaʼo,excel,32-32,舊的,,2026學習詞表-35鄒語.xlsx,35鄒語,993,,
near,tso,cumʼu,excel,32-33,近,,2026學習詞表-35鄒語.xlsx,35鄒語,994,,
bad,tso,kuzo,excel,32-35,壞掉,,2026學習詞表-35鄒語.xlsx,35鄒語,996,,
far,tso,covhi,excel,32-37,遠,,2026學習詞表-35鄒語.xlsx,35鄒語,998,,
swell,tso,yuofeoʼʉ,excel,32-38,腫,,2026學習詞表-35鄒語.xlsx,35鄒語,999,,
smooth,tso,mafeʉesʉ,excel,32-44,滑,,2026學習詞表-35鄒語.xlsx,35鄒語,1005,,
warm,tso,noyano,excel,32-56,暖和,,2026學習詞表-35鄒語.xlsx,35鄒語,1017,,
dull,tso,aʼngʉʼngʉ,excel,32-57,鈍的,,2026學習詞表-35鄒語.xlsx,35鄒語,1018,,
straight,tso,sʉngcʉ,excel,32-65,直,,2026學習詞表-35鄒語.xlsx,35鄒語,1026,,
full,tso,ngangcʉngcʉ,excel,32-66,滿了,,2026學習詞表-35鄒語.xlsx,35鄒語,1027,,
wide,tso,cocoya,excel,32-68,(空間)寬敞,,2026學習詞表-35鄒語.xlsx,35鄒語,1029,,
correct,tso,emio/emzo,excel,32-69,正確,,2026學習詞表-35鄒語.xlsx,35鄒語,1030,emio達邦說法/emzo特富野說法,
warm,tso,noyano,excel,32-72,溫的(水),,2026學習詞表-35鄒語.xlsx,35鄒語,1033,,
long,tso,tacvohʼi,excel,32-74,長,,2026學習詞表-35鄒語.xlsx,35鄒語,1035,,
short,tso,nanʉhtʉ,excel,32-76,短,,2026學習詞表-35鄒語.xlsx,35鄒語,1037,,
full,tso,ngangcʉngcʉ,excel,32-79,滿滿,,2026學習詞表-35鄒語.xlsx,35鄒語,1040,,
wipe,tso,pahisi,excel,33-06,擦拭,,2026學習詞表-35鄒語.xlsx,35鄒語,1048,,
throw,tso,ciha,excel,34-19,丟棄,,2026學習詞表-35鄒語.xlsx,35鄒語,1069,,
count,tso,tasvʉta,excel,34-29,數(計算),,2026學習詞表-35鄒語.xlsx,35鄒語,1079,,
good,tso,tee,excel,34-34,好的,,2026學習詞表-35鄒語.xlsx,35鄒語,1084,,
not,tso,oʼasaʼa,excel,35-03,不是(回答用),,2026學習詞表-35鄒語.xlsx,35鄒語,1092,,
because,tso,moʼso,excel,36-05,因為,,2026學習詞表-35鄒語.xlsx,35鄒語,1101,,
and,tso,ho,excel,36-18,和,,2026學習詞表-35鄒語.xlsx,35鄒語,1114,,
if,tso,honci,excel,36-22,如果,,2026學習詞表-35鄒語.xlsx,35鄒語,1118,,
one,knv,ucani,excel,01-01,一,,2026學習詞表-36卡那卡那富語.xlsx,36卡那卡那富語,5,,
two,knv,urucin,excel,01-02,二,,2026學習詞表-36卡那卡那富語.xlsx,36卡那卡那富語,6,,
three,knv,uturu,excel,01-03,三,,2026學習詞表-36卡那卡那富語.xlsx,36卡那卡那富語,7,,
four,knv,usʉpatʉ,excel,01-04,四,,2026學習詞表-36卡那卡那富語.xlsx,36卡那卡那富語,8,,
five,knv,urima,excel,01-05,五,,2026學習詞表-36卡那卡那富語.xlsx,36卡那卡那富語,9,,
six,knv,unʉmʉ,excel,01-06,六,,2026學習詞表-36卡那卡那富語.xlsx,36卡那卡那富語,10,,
seven,knv,upitu,excel,01-07,七,,2026學習詞表-36卡那卡那富語.xlsx,36卡那卡那富語,11,,
eight,knv,uaru,excel,01-08,八,,2026學習詞表-36卡那卡那富語.xlsx,36卡那卡那富語,12,,
nine,knv,usia,excel,01-09,九,,2026學習詞表-36卡那卡那富語.xlsx,36卡那卡那富語,13,,
ten,knv,umaan,excel,01-10,十,,2026學習詞表-36卡那卡那富語.xlsx,36卡那卡那富語,14,,
twenty,knv,mapusan,excel,01-20,二十,,2026學習詞表-36卡那卡那富語.xlsx,36卡那卡那富語,24,,
hundred,knv,mʉna,excel,01-34,百,,2026學習詞表-36卡那卡那富語.xlsx,36卡那卡那富語,38,,
hundred,knv,cani mʉna,excel,01-35,一百,,2026學習詞表-36卡那卡那富語.xlsx,36卡那卡那富語,39,,
some,knv,tiʼingi,excel,01-38,一些,,2026學習詞表-36卡那卡那富語.xlsx,36卡那卡那富語,42,,
all,knv,kavangvang,excel,01-43,全部,,2026學習詞表-36卡那卡那富語.xlsx,36卡那卡那富語,47,另作:也是,
few,knv,tiʼingai,excel,01-44,一點點,,2026學習詞表-36卡那卡那富語.xlsx,36卡那卡那富語,48,另作:小的,
you_singular,knv,kasu,excel,02-01,你,,2026學習詞表-36卡那卡那富語.xlsx,36卡那卡那富語,51,,
i,knv,iku,excel,02-02,我,,2026學習詞表-36卡那卡那富語.xlsx,36卡那卡那富語,52,,
he,knv,nguain,excel,02-03,他,,2026學習詞表-36卡那卡那富語.xlsx,36卡那卡那富語,53,,
you_plural,knv,ikamu,excel,02-04,你們,,2026學習詞表-36卡那卡那富語.xlsx,36卡那卡那富語,54,,
we,knv,kita,excel,02-05,我們,,2026學習詞表-36卡那卡那富語.xlsx,36卡那卡那富語,55,,
they,knv,nguani,excel,02-06,他們,,2026學習詞表-36卡那卡那富語.xlsx,36卡那卡那富語,56,,
we,knv,kimia,excel,02-13,我們(排除式),,2026學習詞表-36卡那卡那富語.xlsx,36卡那卡那富語,63,,
we,knv,kitana,excel,02-14,咱們(包含式),,2026學習詞表-36卡那卡那富語.xlsx,36卡那卡那富語,64,,
that,knv,isa,excel,02-16,那個,,2026學習詞表-36卡那卡那富語.xlsx,36卡那卡那富語,66,說話者以及聽話者都可以看得到的「那個」,
this,knv,isi,excel,02-17,這個,,2026學習詞表-36卡那卡那富語.xlsx,36卡那卡那富語,67,,
here,knv,nesi,excel,02-18,這裡,,2026學習詞表-36卡那卡那富語.xlsx,36卡那卡那富語,68,,
there,knv,nesa,excel,02-19,那裡,,2026學習詞表-36卡那卡那富語.xlsx,36卡那卡那富語,69,不確定位置的「那裡」,
what,knv,neni,excel,03-02,什麼,,2026學習詞表-36卡那卡那富語.xlsx,36卡那卡那富語,73,,
how,knv,makananu,excel,03-03,如何,,2026學習詞表-36卡那卡那富語.xlsx,36卡那卡那富語,74,尚未發生狀況的用詞,
when,knv,nukanmana,excel,03-04,何時(未發生),,2026學習詞表-36卡那卡那富語.xlsx,36卡那卡那富語,75,,
who,knv,neni,excel,03-05,誰,,2026學習詞表-36卡那卡那富語.xlsx,36卡那卡那富語,76,,
where,knv,nanu,excel,03-07,哪裡,,2026學習詞表-36卡那卡那富語.xlsx,36卡那卡那富語,78,,
how,knv,makananu,excel,03-09,怎麼,,2026學習詞表-36卡那卡那富語.xlsx,36卡那卡那富語,80,,
where,knv,nanu,excel,03-12,什麼地方,,2026學習詞表-36卡那卡那富語.xlsx,36卡那卡那富語,83,,
when,knv,minmana,excel,03-13,何時(過去式),,2026學習詞表-36卡那卡那富語.xlsx,36卡那卡那富語,84,,
father,knv,cuma,excel,04-01,爸爸,,2026學習詞表-36卡那卡那富語.xlsx,36卡那卡那富語,87,,
mother,knv,cina,excel,04-02,媽媽,,2026學習詞表-36卡那卡那富語.xlsx,36卡那卡那富語,88,,
wife,knv,ʼucangʉ,excel,04-07,配偶,,2026學習詞表-36卡那卡那富語.xlsx,36卡那卡那富語,93,,
husband,knv,ʼucangʉ,excel,04-07,配偶,,2026學習詞表-36卡那卡那富語.xlsx,36卡那卡那富語,93,,
husband,knv,’ucangʉ,excel,04-15,丈夫,,2026學習詞表-36卡那卡那富語.xlsx,36卡那卡那富語,101,,
name,knv,nganai,excel,05-01,名字,,2026學習詞表-36卡那卡那富語.xlsx,36卡那卡那富語,114,,
child,knv,manu,excel,05-05,孩童,,2026學習詞表-36卡那卡那富語.xlsx,36卡那卡那富語,118,,
woman,knv,nanakʉ,excel,05-07,女性,,2026學習詞表-36卡那卡那富語.xlsx,36卡那卡那富語,120,,
man,knv,sarunai,excel,05-08,男性,,2026學習詞表-36卡那卡那富語.xlsx,36卡那卡那富語,121,,
person,knv,cau,excel,05-09,人,,2026學習詞表-36卡那卡那富語.xlsx,36卡那卡那富語,122,,
ear,knv,tʉkʉ,excel,06-01,耳朵,,2026學習詞表-36卡那卡那富語.xlsx,36卡那卡那富語,140,,
leg,knv,paisi,excel,06-02,大腿,,2026學習詞表-36卡那卡那富語.xlsx,36卡那卡那富語,141,,
eye,knv,voʼin,excel,06-03,眼睛,,2026學習詞表-36卡那卡那富語.xlsx,36卡那卡那富語,142,,
mouth,knv,ivici,excel,06-05,嘴巴,,2026學習詞表-36卡那卡那富語.xlsx,36卡那卡那富語,144,,
head,knv,navungu,excel,06-06,頭,,2026學習詞表-36卡那卡那富語.xlsx,36卡那卡那富語,145,,
fingernail,knv,ʼanuka,excel,06-07,指甲,,2026學習詞表-36卡那卡那富語.xlsx,36卡那卡那富語,146,,
hand,knv,ramucu,excel,06-08,手,,2026學習詞表-36卡那卡那富語.xlsx,36卡那卡那富語,147,,
nose,knv,tangʉca,excel,06-10,鼻子,,2026學習詞表-36卡那卡那富語.xlsx,36卡那卡那富語,149,,
foot,knv,ʼacipi,excel,06-11,腳,,2026學習詞表-36卡那卡那富語.xlsx,36卡那卡那富語,150,,
tooth,knv,anisi,excel,06-12,牙齒,,2026學習詞表-36卡那卡那富語.xlsx,36卡那卡那富語,151,,
hair,knv,vʉkʉsʉ,excel,06-13,頭髮,,2026學習詞表-36卡那卡那富語.xlsx,36卡那卡那富語,152,,
blood,knv,nimuruʼu,excel,06-14,血,,2026學習詞表-36卡那卡那富語.xlsx,36卡那卡那富語,153,,
meat,knv,ʼaramʉ,excel,06-15,肉,,2026學習詞表-36卡那卡那富語.xlsx,36卡那卡那富語,154,,
belly,knv,vʉcʉkʉ,excel,06-17,肚子,,2026學習詞表-36卡那卡那富語.xlsx,36卡那卡那富語,156,,
breast,knv,mumu,excel,06-18,乳房,,2026學習詞表-36卡那卡那富語.xlsx,36卡那卡那富語,157,,
back,knv,kukuca,excel,06-22,背部,,2026學習詞表-36卡那卡那富語.xlsx,36卡那卡那富語,161,,
skin,knv,rapatʉ,excel,06-23,皮,,2026學習詞表-36卡那卡那富語.xlsx,36卡那卡那富語,162,,
heart,knv,tukunu,excel,06-28,心臟,,2026學習詞表-36卡那卡那富語.xlsx,36卡那卡那富語,167,,
knee,knv,’ʉvʉ,excel,06-31,膝蓋,,2026學習詞表-36卡那卡那富語.xlsx,36卡那卡那富語,170,,
liver,knv,civuin,excel,06-34,肝臟,,2026學習詞表-36卡那卡那富語.xlsx,36卡那卡那富語,173,,
fat,knv,ʼangirisi,excel,06-37,油脂,,2026學習詞表-36卡那卡那富語.xlsx,36卡那卡那富語,176,,
tongue,knv,ʼavasʉ,excel,06-42,舌頭,,2026學習詞表-36卡那卡那富語.xlsx,36卡那卡那富語,181,,
neck,knv,ʉʼʉrʉ,excel,06-47,脖子,,2026學習詞表-36卡那卡那富語.xlsx,36卡那卡那富語,186,,
neck,knv,ngacaʼʉ tʉkʉ,excel,06-52,頸子,,2026學習詞表-36卡那卡那富語.xlsx,36卡那卡那富語,191,,
tail,knv,icici,excel,07-01,尾巴,,2026學習詞表-36卡那卡那富語.xlsx,36卡那卡那富語,197,,
dog,knv,tacau,excel,07-03,狗,,2026學習詞表-36卡那卡那富語.xlsx,36卡那卡那富語,199,,
bird,knv,tapinange,excel,07-06,鳥,,2026學習詞表-36卡那卡那富語.xlsx,36卡那卡那富語,202,,
fish,knv,vutukuru,excel,07-07,魚,,2026學習詞表-36卡那卡那富語.xlsx,36卡那卡那富語,203,,
snake,knv,vunai,excel,07-19,蛇,,2026學習詞表-36卡那卡那富語.xlsx,36卡那卡那富語,215,,
louse,knv,kucu,excel,07-33,頭蝨,,2026學習詞表-36卡那卡那富語.xlsx,36卡那卡那富語,229,,
worm,knv,ngicaʼʉ,excel,07-39,蚯蚓,,2026學習詞表-36卡那卡那富語.xlsx,36卡那卡那富語,235,,
wing,knv,pakʉ,excel,07-49,翅膀,,2026學習詞表-36卡那卡那富語.xlsx,36卡那卡那富語,245,,
horn,knv,uʼungu,excel,07-64,(動物的)角,,2026學習詞表-36卡那卡那富語.xlsx,36卡那卡那富語,260,,
tree,knv,karu,excel,08-03,樹,,2026學習詞表-36卡那卡那富語.xlsx,36卡那卡那富語,265,,
leaf,knv,ranʉngʉ,excel,08-06,葉子,,2026學習詞表-36卡那卡那富語.xlsx,36卡那卡那富語,268,,
flower,knv,vungavung,excel,08-09,花朵,,2026學習詞表-36卡那卡那富語.xlsx,36卡那卡那富語,271,,
stick,knv,rapiʼi karu,excel,08-15,樹枝,,2026學習詞表-36卡那卡那富語.xlsx,36卡那卡那富語,277,,
fruit,knv,macuʼu,excel,08-16,(植物的)果實,,2026學習詞表-36卡那卡那富語.xlsx,36卡那卡那富語,278,,
grass,knv,cʉnʉ,excel,08-20,草,,2026學習詞表-36卡那卡那富語.xlsx,36卡那卡那富語,282,,
fruit,knv,macuʼu,excel,08-24,水果,,2026學習詞表-36卡那卡那富語.xlsx,36卡那卡那富語,286,,
root,knv,ramisi,excel,08-28,樹根,,2026學習詞表-36卡那卡那富語.xlsx,36卡那卡那富語,290,,
seed,knv,rapʉ,excel,08-44,種子,,2026學習詞表-36卡那卡那富語.xlsx,36卡那卡那富語,306,,
rope,knv,tarisi,excel,09-15,繩索,,2026學習詞表-36卡那卡那富語.xlsx,36卡那卡那富語,335,,
stick,knv,rapiʼi,excel,09-18,枝條,,2026學習詞表-36卡那卡那富語.xlsx,36卡那卡那富語,338,,
ash,knv,ʼavu,excel,09-49,炭灰,,2026學習詞表-36卡那卡那富語.xlsx,36卡那卡那富語,369,,
road,knv,cacanʉ,excel,10-01,道路,,2026學習詞表-36卡那卡那富語.xlsx,36卡那卡那富語,393,,
wind,knv,pariapara,excel,10-04,風,,2026學習詞表-36卡那卡那富語.xlsx,36卡那卡那富語,396,,
sand,knv,ravuku,excel,10-05,沙子,,2026學習詞表-36卡那卡那富語.xlsx,36卡那卡那富語,397,,
earth,knv,ʼʉnai,excel,10-06,泥土,,2026學習詞表-36卡那卡那富語.xlsx,36卡那卡那富語,398,,
river,knv,cakʉran,excel,10-07,河流,,2026學習詞表-36卡那卡那富語.xlsx,36卡那卡那富語,399,,
lake,knv,nivuru,excel,10-08,湖泊,,2026學習詞表-36卡那卡那富語.xlsx,36卡那卡那富語,400,,
forest,knv,tantanau,excel,10-09,森林,,2026學習詞表-36卡那卡那富語.xlsx,36卡那卡那富語,401,,
sun,knv,taniarʉ,excel,11-02,太陽,,2026學習詞表-36卡那卡那富語.xlsx,36卡那卡那富語,417,,
moon,knv,vuanʉ,excel,11-03,月亮,,2026學習詞表-36卡那卡那富語.xlsx,36卡那卡那富語,418,,
sky,knv,kakangca,excel,11-04,天空,,2026學習詞表-36卡那卡那富語.xlsx,36卡那卡那富語,419,,
star,knv,tamtasai,excel,11-05,星星,,2026學習詞表-36卡那卡那富語.xlsx,36卡那卡那富語,420,,
rain,knv,ʼʉcanʉ,excel,11-06,雨,,2026學習詞表-36卡那卡那富語.xlsx,36卡那卡那富語,421,,
snow,knv,ʉrʉna,excel,11-07,雪,,2026學習詞表-36卡那卡那富語.xlsx,36卡那卡那富語,422,,
cloud,knv,ʉcʉ,excel,11-12,雲,,2026學習詞表-36卡那卡那富語.xlsx,36卡那卡那富語,427,,
smoke,knv,ʼʉʉvʉ,excel,11-13,煙,,2026學習詞表-36卡那卡那富語.xlsx,36卡那卡那富語,428,,
fire,knv,ʼapuru,excel,11-17,火,,2026學習詞表-36卡那卡那富語.xlsx,36卡那卡那富語,432,,
ice,knv,ʉrʉna,excel,11-18,冰,,2026學習詞表-36卡那卡那富語.xlsx,36卡那卡那富語,433,,
stone,knv,vatu,excel,12-05,石頭,,2026學習詞表-36卡那卡那富語.xlsx,36卡那卡那富語,454,,
night,knv,rovana,excel,13-02,晚上,,2026學習詞表-36卡那卡那富語.xlsx,36卡那卡那富語,471,,
day,knv,caʼania,excel,13-07,白天,,2026學習詞表-36卡那卡那富語.xlsx,36卡那卡那富語,476,,
night,knv,rovana,excel,13-22,夜,,2026學習詞表-36卡那卡那富語.xlsx,36卡那卡那富語,491,,
year,knv,cenana,excel,13-28,年,,2026學習詞表-36卡那卡那富語.xlsx,36卡那卡那富語,497,另作：「年歲」之意,
in,knv,tisikara,excel,14-01,裡面,,2026學習詞表-36卡那卡那富語.xlsx,36卡那卡那富語,502,,
at,knv,ʼesi,excel,14-02,在(某處),,2026學習詞表-36卡那卡那富語.xlsx,36卡那卡那富語,503,,
right,knv,anani,excel,14-10,右邊,,2026學習詞表-36卡那卡那富語.xlsx,36卡那卡那富語,511,,
left,knv,iriri,excel,14-11,左邊,,2026學習詞表-36卡那卡那富語.xlsx,36卡那卡那富語,512,,
water,knv,canumu,excel,21-02,水,,2026學習詞表-36卡那卡那富語.xlsx,36卡那卡那富語,601,,
salt,knv,maʼain,excel,21-07,鹽,,2026學習詞表-36卡那卡那富語.xlsx,36卡那卡那富語,606,,
egg,knv,ʼiciuru,excel,21-09,蛋,,2026學習詞表-36卡那卡那富語.xlsx,36卡那卡那富語,608,(在)生蛋muruvʉnʉ,
white,knv,tapunia,excel,22-01,白色,,2026學習詞表-36卡那卡那富語.xlsx,36卡那卡那富語,626,,
black,knv,taʼʉrʉm,excel,22-02,黑色,,2026學習詞表-36卡那卡那富語.xlsx,36卡那卡那富語,627,,
red,knv,masinang,excel,22-03,紅色,,2026學習詞表-36卡那卡那富語.xlsx,36卡那卡那富語,628,,
yellow,knv,tanavikarʉ,excel,22-05,黃色的,,2026學習詞表-36卡那卡那富語.xlsx,36卡那卡那富語,630,,
green,knv,tavacuku,excel,22-08,綠色,,2026學習詞表-36卡那卡那富語.xlsx,36卡那卡那富語,633,,
give,knv,movua,excel,25-07,給,,2026學習詞表-36卡那卡那富語.xlsx,36卡那卡那富語,663,,
come,knv,ivata,excel,25-08,(請)來,,2026學習詞表-36卡那卡那富語.xlsx,36卡那卡那富語,664,,
walk,knv,mucacanʉ,excel,25-10,走路,,2026學習詞表-36卡那卡那富語.xlsx,36卡那卡那富語,666,,
fly,knv,mingane,excel,25-12,飛,,2026學習詞表-36卡那卡那富語.xlsx,36卡那卡那富語,668,,
fall,knv,matapariʼi,excel,25-26,掉落,,2026學習詞表-36卡那卡那富語.xlsx,36卡那卡那富語,682,,
sit,knv,tupuru,excel,25-43,坐著,,2026學習詞表-36卡那卡那富語.xlsx,36卡那卡那富語,699,,
stand,knv,muciri,excel,25-44,站著,,2026學習詞表-36卡那卡那富語.xlsx,36卡那卡那富語,700,,
sit,knv,tupurua,excel,26-03,坐下,,2026學習詞表-36卡那卡那富語.xlsx,36卡那卡那富語,712,,
play,knv,sumasimaʼʉ,excel,26-06,玩,,2026學習詞表-36卡那卡那富語.xlsx,36卡那卡那富語,715,,
hit,knv,marivuraʼʉ,excel,26-08,打(人),,2026學習詞表-36卡那卡那富語.xlsx,36卡那卡那富語,717,,
stab,knv,cumacakʉpʉ,excel,26-09,刺,,2026學習詞表-36卡那卡那富語.xlsx,36卡那卡那富語,718,,
push,knv,mapurai,excel,26-13,推,,2026學習詞表-36卡那卡那富語.xlsx,36卡那卡那富語,722,,
scratch,knv,kumakirikiri,excel,26-18,抓癢,,2026學習詞表-36卡那卡那富語.xlsx,36卡那卡那富語,727,,
lie,knv,matasaʼai,excel,26-20,躺,,2026學習詞表-36卡那卡那富語.xlsx,36卡那卡那富語,729,,
blow,knv,purarupu,excel,26-28,吹,,2026學習詞表-36卡那卡那富語.xlsx,36卡那卡那富語,737,,
dig,knv,kumakoru,excel,26-29,挖掘,,2026學習詞表-36卡那卡那富語.xlsx,36卡那卡那富語,738,,
cut,knv,ʼumaʼuru,excel,26-30,切,,2026學習詞表-36卡那卡那富語.xlsx,36卡那卡那富語,739,,
swim,knv,makananguru,excel,26-31,游泳,,2026學習詞表-36卡那卡那富語.xlsx,36卡那卡那富語,740,,
tie,knv,mumʉnʉ,excel,26-38,綁住,,2026學習詞表-36卡那卡那富語.xlsx,36卡那卡那富語,747,kumakiri拴住,
pull,knv,marisʉʼʉrʉ,excel,26-39,拉,,2026學習詞表-36卡那卡那富語.xlsx,36卡那卡那富語,748,,
split,knv,cumacapiʼi,excel,26-40,劈(木材),,2026學習詞表-36卡那卡那富語.xlsx,36卡那卡那富語,749,,
hold,knv,mukʉrʉ,excel,26-42,提著,,2026學習詞表-36卡那卡那富語.xlsx,36卡那卡那富語,751,,
hold,knv,mukʉrʉ,excel,26-43,握著,,2026學習詞表-36卡那卡那富語.xlsx,36卡那卡那富語,752,,
tie,knv,mumʉnʉ,excel,26-44,捆綁,,2026學習詞表-36卡那卡那富語.xlsx,36卡那卡那富語,753,,
scratch,knv,kumakirikiri,excel,26-56,搔癢,,2026學習詞表-36卡那卡那富語.xlsx,36卡那卡那富語,765,,
rub,knv,mariruru,excel,26-85,揉搓(衣物),,2026學習詞表-36卡那卡那富語.xlsx,36卡那卡那富語,794,,
lie,knv,makaningiri,excel,26-88,側臥,,2026學習詞表-36卡那卡那富語.xlsx,36卡那卡那富語,797,,
fight,knv,maʼanungu,excel,26-96,打架,,2026學習詞表-36卡那卡那富語.xlsx,36卡那卡那富語,805,,
squeeze,knv,pasi’ʉpʉcʉn,excel,26-97,擠壓,,2026學習詞表-36卡那卡那富語.xlsx,36卡那卡那富語,806,,
dig,knv,kumakoru,excel,26-100,挖掘,,2026學習詞表-36卡那卡那富語.xlsx,36卡那卡那富語,809,,
stand,knv,aratakarʉ,excel,26-105,起立,,2026學習詞表-36卡那卡那富語.xlsx,36卡那卡那富語,814,,
eat,knv,kumakʉnʉ,excel,27-01,吃,,2026學習詞表-36卡那卡那富語.xlsx,36卡那卡那富語,816,,
suck,knv,maricucu,excel,27-02,吸,,2026學習詞表-36卡那卡那富語.xlsx,36卡那卡那富語,817,,
drink,knv,mima,excel,27-03,喝,,2026學習詞表-36卡那卡那富語.xlsx,36卡那卡那富語,818,,
vomit,knv,puriʼi,excel,27-04,吐,,2026學習詞表-36卡那卡那富語.xlsx,36卡那卡那富語,819,,
bite,knv,rumaraʼisi,excel,27-05,咬,,2026學習詞表-36卡那卡那富語.xlsx,36卡那卡那富語,820,,
eat,knv,kumakʉnʉ,excel,27-15,吃,,2026學習詞表-36卡那卡那富語.xlsx,36卡那卡那富語,830,,
know,knv,tavarʉʼʉ,excel,28-02,知道,,2026學習詞表-36卡那卡那富語.xlsx,36卡那卡那富語,836,,
see,knv,cumacʉʼʉra,excel,28-03,看,,2026學習詞表-36卡那卡那富語.xlsx,36卡那卡那富語,837,,
say,knv,pokarikari,excel,28-04,說,,2026學習詞表-36卡那卡那富語.xlsx,36卡那卡那富語,838,makari跟(某)說話,
smell,knv,marisauvu,excel,28-07,聞(如聞味道),,2026學習詞表-36卡那卡那富語.xlsx,36卡那卡那富語,841,,
hear,knv,tumatimana,excel,28-19,聽,,2026學習詞表-36卡那卡那富語.xlsx,36卡那卡那富語,853,,
think,knv,pacʉpʉngʉ,excel,28-25,想(思考),,2026學習詞表-36卡那卡那富語.xlsx,36卡那卡那富語,859,,
fear,knv,maʼicʉpʉ,excel,29-02,害怕,,2026學習詞表-36卡那卡那富語.xlsx,36卡那卡那富語,866,naricakʉ 膽小,
wash,knv,masipʉcʉ,excel,30-02,洗(衣物),,2026學習詞表-36卡那卡那富語.xlsx,36卡那卡那富語,876,,
sleep,knv,siʼicʉpʉ,excel,30-09,睡覺,,2026學習詞表-36卡那卡那富語.xlsx,36卡那卡那富語,883,,
kill,knv,miapacai,excel,30-10,殺牲畜,,2026學習詞表-36卡那卡那富語.xlsx,36卡那卡那富語,884,,
lie,knv,matasaʼai,excel,30-16,躺臥,,2026學習詞表-36卡那卡那富語.xlsx,36卡那卡那富語,890,,
burn,knv,cumacunu,excel,30-20,燒(如燒稻草),,2026學習詞表-36卡那卡那富語.xlsx,36卡那卡那富語,894,,
hunt,knv,muringai,excel,30-25,陷獵,,2026學習詞表-36卡那卡那富語.xlsx,36卡那卡那富語,899,,
burn,knv,mucunu,excel,30-54,燃燒,,2026學習詞表-36卡那卡那富語.xlsx,36卡那卡那富語,928,,
drink,knv,mima,excel,30-61,喝(水),,2026學習詞表-36卡那卡那富語.xlsx,36卡那卡那富語,935,,
dig,knv,kumakoru,excel,30-62,挖掘,,2026學習詞表-36卡那卡那富語.xlsx,36卡那卡那富語,936,,
sing,knv,paracani,excel,30-64,唱歌,,2026學習詞表-36卡那卡那富語.xlsx,36卡那卡那富語,938,,
play,knv,sumasimaʼʉ,excel,30-65,玩耍,,2026學習詞表-36卡那卡那富語.xlsx,36卡那卡那富語,939,,
die,knv,mamacai,excel,31-01,死亡,,2026學習詞表-36卡那卡那富語.xlsx,36卡那卡那富語,941,,
live,knv,murungisaa,excel,31-08,活的,,2026學習詞表-36卡那卡那富語.xlsx,36卡那卡那富語,948,另作：「呼吸」之意,
heavy,knv,meʼicunu,excel,32-02,重(重量),,2026學習詞表-36卡那卡那富語.xlsx,36卡那卡那富語,963,,
big,knv,tatia,excel,32-05,大的,,2026學習詞表-36卡那卡那富語.xlsx,36卡那卡那富語,966,taatia 大大的,
cold,knv,makungu,excel,32-08,冷,,2026學習詞表-36卡那卡那富語.xlsx,36卡那卡那富語,969,,
small,knv,maʼura,excel,32-09,小的,,2026學習詞表-36卡那卡那富語.xlsx,36卡那卡那富語,970,ma’u’ura 小小的,
many,knv,ʼitumuru,excel,32-10,多,,2026學習詞表-36卡那卡那富語.xlsx,36卡那卡那富語,971,,
cold,knv,matatʉricang,excel,32-12,冰冷,,2026學習詞表-36卡那卡那富語.xlsx,36卡那卡那富語,973,,
few,knv,makangʉcʉ,excel,32-14,少的,,2026學習詞表-36卡那卡那富語.xlsx,36卡那卡那富語,975,,
laugh,knv,macaca,excel,32-16,笑,,2026學習詞表-36卡那卡那富語.xlsx,36卡那卡那富語,977,,
wet,knv,mʉrʉpʉ,excel,32-17,濕的,,2026學習詞表-36卡那卡那富語.xlsx,36卡那卡那富語,978,,
thick,knv,makacʉmʉrʉ,excel,32-19,厚的,,2026學習詞表-36卡那卡那富語.xlsx,36卡那卡那富語,980,,
thin,knv,manipi,excel,32-21,薄的,,2026學習詞表-36卡那卡那富語.xlsx,36卡那卡那富語,982,,
dirty,knv,cangkan,excel,32-22,髒,,2026學習詞表-36卡那卡那富語.xlsx,36卡那卡那富語,983,,
dry,knv,maringuna,excel,32-28,乾的,,2026學習詞表-36卡那卡那富語.xlsx,36卡那卡那富語,989,manakarʉ乾涸,
new,knv,voʼorua,excel,32-31,新的,,2026學習詞表-36卡那卡那富語.xlsx,36卡那卡那富語,992,,
old,knv,cʉngnan,excel,32-32,舊的,,2026學習詞表-36卡那卡那富語.xlsx,36卡那卡那富語,993,,
near,knv,aracan,excel,32-33,近,,2026學習詞表-36卡那卡那富語.xlsx,36卡那卡那富語,994,,
bad,knv,araka,excel,32-35,壞掉,,2026學習詞表-36卡那卡那富語.xlsx,36卡那卡那富語,996,niaraka壞掉了,
far,knv,araceni,excel,32-37,遠,,2026學習詞表-36卡那卡那富語.xlsx,36卡那卡那富語,998,,
swell,knv,muruvakʉ,excel,32-38,腫,,2026學習詞表-36卡那卡那富語.xlsx,36卡那卡那富語,999,,
smooth,knv,macaru,excel,32-44,滑,,2026學習詞表-36卡那卡那富語.xlsx,36卡那卡那富語,1005,,
warm,knv,maʼavu,excel,32-56,暖和,,2026學習詞表-36卡那卡那富語.xlsx,36卡那卡那富語,1017,,
dull,knv,manamʉ,excel,32-57,鈍的,,2026學習詞表-36卡那卡那富語.xlsx,36卡那卡那富語,1018,,
straight,knv,maʼinacʉ,excel,32-65,直,,2026學習詞表-36卡那卡那富語.xlsx,36卡那卡那富語,1026,,
full,knv,kuratumuru,excel,32-66,滿了,,2026學習詞表-36卡那卡那富語.xlsx,36卡那卡那富語,1027,,
wide,knv,mapunarʉ,excel,32-68,(空間)寬敞,,2026學習詞表-36卡那卡那富語.xlsx,36卡那卡那富語,1029,1.mapunarʉ 空間的寬 2.mavakan 體積的寬,
correct,knv,cucuru,excel,32-69,正確,,2026學習詞表-36卡那卡那富語.xlsx,36卡那卡那富語,1030,另作：「非常」之意,
warm,knv,maʼavu,excel,32-72,溫的(水),,2026學習詞表-36卡那卡那富語.xlsx,36卡那卡那富語,1033,,
long,knv,macasʉ,excel,32-74,長,,2026學習詞表-36卡那卡那富語.xlsx,36卡那卡那富語,1035,,
short,knv,mangtʉʼai,excel,32-76,短,,2026學習詞表-36卡那卡那富語.xlsx,36卡那卡那富語,1037,,
full,knv,kuratumuru,excel,32-79,滿滿,,2026學習詞表-36卡那卡那富語.xlsx,36卡那卡那富語,1040,miri’i指水滿,
wipe,knv,mururuʼu,excel,33-06,擦拭,,2026學習詞表-36卡那卡那富語.xlsx,36卡那卡那富語,1048,,
throw,knv,tumataini,excel,34-19,丟棄,,2026學習詞表-36卡那卡那富語.xlsx,36卡那卡那富語,1069,,
count,knv,sumasupʉrʉ,excel,34-29,數(計算),,2026學習詞表-36卡那卡那富語.xlsx,36卡那卡那富語,1079,另作:唸出來,
good,knv,manʉng,excel,34-34,好的,,2026學習詞表-36卡那卡那富語.xlsx,36卡那卡那富語,1084,mamanʉng很好,
not,knv,kaʼanʉ,excel,35-03,不是(回答用),,2026學習詞表-36卡那卡那富語.xlsx,36卡那卡那富語,1092,,
at,knv,ʼesi,excel,36-02,在,,2026學習詞表-36卡那卡那富語.xlsx,36卡那卡那富語,1098,,
because,knv,sii,excel,36-05,因為,,2026學習詞表-36卡那卡那富語.xlsx,36卡那卡那富語,1101,,
and,knv,mataa,excel,36-18,和,,2026學習詞表-36卡那卡那富語.xlsx,36卡那卡那富語,1114,另作:與；以及,
if,knv,noo,excel,36-22,如果,,2026學習詞表-36卡那卡那富語.xlsx,36卡那卡那富語,1118,相近詞彙:ucaniava假如；萬一,
one,hla,ucani,excel,01-01,一,,2026學習詞表-37拉阿魯哇語.xlsx,37拉阿魯哇語,5,,
two,hla,usua,excel,01-02,二,,2026學習詞表-37拉阿魯哇語.xlsx,37拉阿魯哇語,6,,
three,hla,utulu,excel,01-03,三,,2026學習詞表-37拉阿魯哇語.xlsx,37拉阿魯哇語,7,,
four,hla,upatʉ,excel,01-04,四,,2026學習詞表-37拉阿魯哇語.xlsx,37拉阿魯哇語,8,,
five,hla,ulima,excel,01-05,五,,2026學習詞表-37拉阿魯哇語.xlsx,37拉阿魯哇語,9,,
six,hla,ʉnʉmʉ,excel,01-06,六,,2026學習詞表-37拉阿魯哇語.xlsx,37拉阿魯哇語,10,,
seven,hla,upitu,excel,01-07,七,,2026學習詞表-37拉阿魯哇語.xlsx,37拉阿魯哇語,11,,
eight,hla,ualu,excel,01-08,八,,2026學習詞表-37拉阿魯哇語.xlsx,37拉阿魯哇語,12,,
nine,hla,usiia,excel,01-09,九,,2026學習詞表-37拉阿魯哇語.xlsx,37拉阿魯哇語,13,,
ten,hla,maahlʉ,excel,01-10,十,,2026學習詞表-37拉阿魯哇語.xlsx,37拉阿魯哇語,14,,
twenty,hla,mapuahlʉ,excel,01-20,二十,,2026學習詞表-37拉阿魯哇語.xlsx,37拉阿魯哇語,24,,
hundred,hla,hlimiungu,excel,01-34,百,,2026學習詞表-37拉阿魯哇語.xlsx,37拉阿魯哇語,38,,
hundred,hla,ucani hlimiungu,excel,01-35,一百,,2026學習詞表-37拉阿魯哇語.xlsx,37拉阿魯哇語,39,,
some,hla,amaimaini,excel,01-38,一些,,2026學習詞表-37拉阿魯哇語.xlsx,37拉阿魯哇語,42,,
all,hla,mʉmʉa,excel,01-43,全部,,2026學習詞表-37拉阿魯哇語.xlsx,37拉阿魯哇語,47,,
few,hla,maini,excel,01-44,一點點,,2026學習詞表-37拉阿魯哇語.xlsx,37拉阿魯哇語,48,,
you_singular,hla,ihlau,excel,02-01,你,,2026學習詞表-37拉阿魯哇語.xlsx,37拉阿魯哇語,51,,
i,hla,ihlaku,excel,02-02,我,,2026學習詞表-37拉阿魯哇語.xlsx,37拉阿魯哇語,52,,
he,hla,kanaʼana,excel,02-03,他,,2026學習詞表-37拉阿魯哇語.xlsx,37拉阿魯哇語,53,,
you_plural,hla,ihlamu,excel,02-04,你們,,2026學習詞表-37拉阿魯哇語.xlsx,37拉阿魯哇語,54,,
we,hla,ihlakia,excel,02-05,我們,,2026學習詞表-37拉阿魯哇語.xlsx,37拉阿魯哇語,55,(排除式)用於較小單位數,
they,hla,hlakanaʼana,excel,02-06,他們,,2026學習詞表-37拉阿魯哇語.xlsx,37拉阿魯哇語,56,,
we,hla,ihlahlamu,excel,02-13,我們(排除式),,2026學習詞表-37拉阿魯哇語.xlsx,37拉阿魯哇語,63,,
we,hla,ihlakia,excel,02-14,咱們(包含式),,2026學習詞表-37拉阿魯哇語.xlsx,37拉阿魯哇語,64,,
that,hla,kanaʼa,excel,02-16,那個,,2026學習詞表-37拉阿魯哇語.xlsx,37拉阿魯哇語,66,,
this,hla,kaniʼi,excel,02-17,這個,,2026學習詞表-37拉阿魯哇語.xlsx,37拉阿魯哇語,67,,
here,hla,naani,excel,02-18,這裡,,2026學習詞表-37拉阿魯哇語.xlsx,37拉阿魯哇語,68,,
there,hla,naana,excel,02-19,那裡,,2026學習詞表-37拉阿魯哇語.xlsx,37拉阿魯哇語,69,,
what,hla,ngasa,excel,03-02,什麼,,2026學習詞表-37拉阿魯哇語.xlsx,37拉阿魯哇語,73,,
how,hla,aunini,excel,03-03,如何,,2026學習詞表-37拉阿魯哇語.xlsx,37拉阿魯哇語,74,,
when,hla,cuhlaumangʉ,excel,03-04,何時(未發生),,2026學習詞表-37拉阿魯哇語.xlsx,37拉阿魯哇語,75,,
who,hla,ngahlaisa,excel,03-05,誰,,2026學習詞表-37拉阿魯哇語.xlsx,37拉阿魯哇語,76,,
where,hla,ninau,excel,03-07,哪裡,,2026學習詞表-37拉阿魯哇語.xlsx,37拉阿魯哇語,78,,
how,hla,itaʼiaraisa,excel,03-09,怎麼,,2026學習詞表-37拉阿魯哇語.xlsx,37拉阿魯哇語,80,,
where,hla,sasaruana ninau,excel,03-12,什麼地方,,2026學習詞表-37拉阿魯哇語.xlsx,37拉阿魯哇語,83,,
when,hla,kihlaumangʉ,excel,03-13,何時(已發生),,2026學習詞表-37拉阿魯哇語.xlsx,37拉阿魯哇語,84,,
father,hla,amaʼa,excel,04-01,爸爸,,2026學習詞表-37拉阿魯哇語.xlsx,37拉阿魯哇語,87,ama’a對他人提及；kaamu對爸爸的稱呼,
mother,hla,inaʼa,excel,04-02,媽媽,,2026學習詞表-37拉阿魯哇語.xlsx,37拉阿魯哇語,88,ina’a對他人提及； kainu對媽媽的稱呼,
wife,hla,usumanʉ,excel,04-07,配偶,,2026學習詞表-37拉阿魯哇語.xlsx,37拉阿魯哇語,93,,
husband,hla,usumanʉ,excel,04-07,配偶,,2026學習詞表-37拉阿魯哇語.xlsx,37拉阿魯哇語,93,,
husband,hla,usumanʉ,excel,04-15,丈夫,,2026學習詞表-37拉阿魯哇語.xlsx,37拉阿魯哇語,101,,
name,hla,ngahla,excel,05-01,名字,,2026學習詞表-37拉阿魯哇語.xlsx,37拉阿魯哇語,114,,
child,hla,mamaini,excel,05-05,孩童,,2026學習詞表-37拉阿魯哇語.xlsx,37拉阿魯哇語,118,,
woman,hla,ahlaina,excel,05-07,女性,,2026學習詞表-37拉阿魯哇語.xlsx,37拉阿魯哇語,120,,
man,hla,hlahlusa,excel,05-08,男性,,2026學習詞表-37拉阿魯哇語.xlsx,37拉阿魯哇語,121,,
person,hla,cucuʼu,excel,05-09,人,,2026學習詞表-37拉阿魯哇語.xlsx,37拉阿魯哇語,122,,
ear,hla,calinga,excel,06-01,耳朵,,2026學習詞表-37拉阿魯哇語.xlsx,37拉阿魯哇語,140,,
leg,hla,vanarʉ,excel,06-02,大腿,,2026學習詞表-37拉阿魯哇語.xlsx,37拉阿魯哇語,141,,
eye,hla,vulaihli,excel,06-03,眼睛,,2026學習詞表-37拉阿魯哇語.xlsx,37拉阿魯哇語,142,,
mouth,hla,ngusu,excel,06-05,嘴巴,,2026學習詞表-37拉阿魯哇語.xlsx,37拉阿魯哇語,144,,
head,hla,vunguʼu,excel,06-06,頭,,2026學習詞表-37拉阿魯哇語.xlsx,37拉阿魯哇語,145,,
fingernail,hla,ʼahluku,excel,06-07,指甲,,2026學習詞表-37拉阿魯哇語.xlsx,37拉阿魯哇語,146,,
hand,hla,ramucu,excel,06-08,手,,2026學習詞表-37拉阿魯哇語.xlsx,37拉阿魯哇語,147,,
nose,hla,ngunguru,excel,06-10,鼻子,,2026學習詞表-37拉阿魯哇語.xlsx,37拉阿魯哇語,149,,
foot,hla,saaʉ,excel,06-11,腳,,2026學習詞表-37拉阿魯哇語.xlsx,37拉阿魯哇語,150,,
tooth,hla,ahlii,excel,06-12,牙齒,,2026學習詞表-37拉阿魯哇語.xlsx,37拉阿魯哇語,151,,
hair,hla,vʉkʉʉ,excel,06-13,頭髮,,2026學習詞表-37拉阿魯哇語.xlsx,37拉阿魯哇語,152,,
blood,hla,caraʼʉ,excel,06-14,血,,2026學習詞表-37拉阿魯哇語.xlsx,37拉阿魯哇語,153,,
meat,hla,papaʼa,excel,06-15,肉,,2026學習詞表-37拉阿魯哇語.xlsx,37拉阿魯哇語,154,,
belly,hla,civuka,excel,06-17,肚子,,2026學習詞表-37拉阿魯哇語.xlsx,37拉阿魯哇語,156,,
breast,hla,ʼususu,excel,06-18,乳房,,2026學習詞表-37拉阿魯哇語.xlsx,37拉阿魯哇語,157,,
back,hla,likusu,excel,06-22,背部,,2026學習詞表-37拉阿魯哇語.xlsx,37拉阿魯哇語,161,,
skin,hla,kulalungu,excel,06-23,皮,,2026學習詞表-37拉阿魯哇語.xlsx,37拉阿魯哇語,162,,
heart,hla,hlikʉlʉcʉhla,excel,06-28,心臟,,2026學習詞表-37拉阿魯哇語.xlsx,37拉阿魯哇語,167,,
knee,hla,lasahlʉ,excel,06-31,膝蓋,,2026學習詞表-37拉阿魯哇語.xlsx,37拉阿魯哇語,170,,
liver,hla,ʼaciʼi,excel,06-34,肝臟,,2026學習詞表-37拉阿魯哇語.xlsx,37拉阿魯哇語,173,,
fat,hla,imarʉ,excel,06-37,油脂,,2026學習詞表-37拉阿魯哇語.xlsx,37拉阿魯哇語,176,,
tongue,hla,ʼavasʉ,excel,06-42,舌頭,,2026學習詞表-37拉阿魯哇語.xlsx,37拉阿魯哇語,181,,
neck,hla,alʉmʉsa,excel,06-47,脖子,,2026學習詞表-37拉阿魯哇語.xlsx,37拉阿魯哇語,186,,
neck,hla,kuangʉlʉhla,excel,06-52,頸子,,2026學習詞表-37拉阿魯哇語.xlsx,37拉阿魯哇語,191,,
tail,hla,ʼisisi,excel,07-01,尾巴,,2026學習詞表-37拉阿魯哇語.xlsx,37拉阿魯哇語,197,,
dog,hla,tasau,excel,07-03,狗,,2026學習詞表-37拉阿魯哇語.xlsx,37拉阿魯哇語,199,,
bird,hla,ahlamʉ,excel,07-06,鳥,,2026學習詞表-37拉阿魯哇語.xlsx,37拉阿魯哇語,202,,
fish,hla,vutukuhlu,excel,07-07,魚,,2026學習詞表-37拉阿魯哇語.xlsx,37拉阿魯哇語,203,,
snake,hla,vuhliʼi,excel,07-19,蛇,,2026學習詞表-37拉阿魯哇語.xlsx,37拉阿魯哇語,215,,
louse,hla,kucuʼu,excel,07-33,頭蝨,,2026學習詞表-37拉阿魯哇語.xlsx,37拉阿魯哇語,229,,
worm,hla,tangaluhlu,excel,07-39,蚯蚓,,2026學習詞表-37拉阿魯哇語.xlsx,37拉阿魯哇語,235,,
wing,hla,ʼalapungu,excel,07-49,翅膀,,2026學習詞表-37拉阿魯哇語.xlsx,37拉阿魯哇語,245,,
horn,hla,ʼuungu,excel,07-64,(動物的)角,,2026學習詞表-37拉阿魯哇語.xlsx,37拉阿魯哇語,260,,
tree,hla,kiuʼu,excel,08-03,樹,,2026學習詞表-37拉阿魯哇語.xlsx,37拉阿魯哇語,265,,
leaf,hla,rahlʉngʉ,excel,08-06,葉子,,2026學習詞表-37拉阿魯哇語.xlsx,37拉阿魯哇語,268,,
flower,hla,tavahlihla,excel,08-09,花朵,,2026學習詞表-37拉阿魯哇語.xlsx,37拉阿魯哇語,271,,
stick,hla,rapiʼi,excel,08-15,樹枝,,2026學習詞表-37拉阿魯哇語.xlsx,37拉阿魯哇語,277,,
fruit,hla,masuʼu,excel,08-16,(植物的)果實,,2026學習詞表-37拉阿魯哇語.xlsx,37拉阿魯哇語,278,,
grass,hla,sʉsʉngʉ,excel,08-20,草,,2026學習詞表-37拉阿魯哇語.xlsx,37拉阿魯哇語,282,,
fruit,hla,masuʼu,excel,08-24,水果,,2026學習詞表-37拉阿魯哇語.xlsx,37拉阿魯哇語,286,,
root,hla,ramii,excel,08-28,樹根,,2026學習詞表-37拉阿魯哇語.xlsx,37拉阿魯哇語,290,,
seed,hla,tutusuliʼi,excel,08-44,種子,,2026學習詞表-37拉阿魯哇語.xlsx,37拉阿魯哇語,306,,
rope,hla,siakilia,excel,09-15,繩索,,2026學習詞表-37拉阿魯哇語.xlsx,37拉阿魯哇語,335,,
stick,hla,kiana,excel,09-18,枝條,,2026學習詞表-37拉阿魯哇語.xlsx,37拉阿魯哇語,338,,
ash,hla,ʼavuʼu,excel,09-49,炭灰,,2026學習詞表-37拉阿魯哇語.xlsx,37拉阿魯哇語,369,,
road,hla,salaʼa,excel,10-01,道路,,2026學習詞表-37拉阿魯哇語.xlsx,37拉阿魯哇語,393,,
wind,hla,varatʉ,excel,10-04,風,,2026學習詞表-37拉阿魯哇語.xlsx,37拉阿魯哇語,396,,
sand,hla,lavuku,excel,10-05,沙子,,2026學習詞表-37拉阿魯哇語.xlsx,37拉阿魯哇語,397,,
earth,hla,hlicaʼa,excel,10-06,泥土(泥巴),,2026學習詞表-37拉阿魯哇語.xlsx,37拉阿魯哇語,398,,
river,hla,sakʉrahlʉ,excel,10-07,河流,,2026學習詞表-37拉阿魯哇語.xlsx,37拉阿魯哇語,399,,
lake,hla,taihlicua,excel,10-08,湖泊,,2026學習詞表-37拉阿魯哇語.xlsx,37拉阿魯哇語,400,,
forest,hla,ilangicana,excel,10-09,森林,,2026學習詞表-37拉阿魯哇語.xlsx,37拉阿魯哇語,401,,
sun,hla,tahliaria,excel,11-02,太陽,,2026學習詞表-37拉阿魯哇語.xlsx,37拉阿魯哇語,417,,
moon,hla,vulahlʉ,excel,11-03,月亮,,2026學習詞表-37拉阿魯哇語.xlsx,37拉阿魯哇語,418,,
sky,hla,langica,excel,11-04,天空,,2026學習詞表-37拉阿魯哇語.xlsx,37拉阿魯哇語,419,,
star,hla,ʼacangʉrahlʉ,excel,11-05,星星,,2026學習詞表-37拉阿魯哇語.xlsx,37拉阿魯哇語,420,,
rain,hla,usahlʉ,excel,11-06,雨,,2026學習詞表-37拉阿魯哇語.xlsx,37拉阿魯哇語,421,,
snow,hla,uruhla,excel,11-07,雪,,2026學習詞表-37拉阿魯哇語.xlsx,37拉阿魯哇語,422,,
cloud,hla,lulunga,excel,11-12,雲,,2026學習詞表-37拉阿魯哇語.xlsx,37拉阿魯哇語,427,,
smoke,hla,vuvula,excel,11-13,煙,,2026學習詞表-37拉阿魯哇語.xlsx,37拉阿魯哇語,428,,
fire,hla,apuhlu,excel,11-17,火,,2026學習詞表-37拉阿魯哇語.xlsx,37拉阿魯哇語,432,,
ice,hla,uruhla,excel,11-18,冰,,2026學習詞表-37拉阿魯哇語.xlsx,37拉阿魯哇語,433,,
stone,hla,vatuʼu,excel,12-05,石頭,,2026學習詞表-37拉阿魯哇語.xlsx,37拉阿魯哇語,454,,
night,hla,ruvana,excel,13-02,晚上,,2026學習詞表-37拉阿魯哇語.xlsx,37拉阿魯哇語,471,,
day,hla,sihlianʉ,excel,13-07,白天,,2026學習詞表-37拉阿魯哇語.xlsx,37拉阿魯哇語,476,,
night,hla,vʉrʉnganʉ,excel,13-22,夜,,2026學習詞表-37拉阿魯哇語.xlsx,37拉阿魯哇語,491,,
year,hla,caihli,excel,13-28,年,,2026學習詞表-37拉阿魯哇語.xlsx,37拉阿魯哇語,497,,
in,hla,rʉrʉmanʉ,excel,14-01,裡面,,2026學習詞表-37拉阿魯哇語.xlsx,37拉阿魯哇語,502,,
at,hla,ma naana,excel,14-02,在某處,,2026學習詞表-37拉阿魯哇語.xlsx,37拉阿魯哇語,503,,
right,hla,ahlanʉ,excel,14-10,右邊,,2026學習詞表-37拉阿魯哇語.xlsx,37拉阿魯哇語,511,,
left,hla,vaciki,excel,14-11,左邊,,2026學習詞表-37拉阿魯哇語.xlsx,37拉阿魯哇語,512,,
water,hla,sahlumu,excel,21-02,水,,2026學習詞表-37拉阿魯哇語.xlsx,37拉阿魯哇語,601,,
salt,hla,maihli,excel,21-07,鹽,,2026學習詞表-37拉阿魯哇語.xlsx,37拉阿魯哇語,606,,
egg,hla,ʼasarʉ,excel,21-09,蛋,,2026學習詞表-37拉阿魯哇語.xlsx,37拉阿魯哇語,608,,
white,hla,mapuhli,excel,22-01,白色,,2026學習詞表-37拉阿魯哇語.xlsx,37拉阿魯哇語,626,,
black,hla,malicʉcʉ,excel,22-02,黑色,,2026學習詞表-37拉阿魯哇語.xlsx,37拉阿魯哇語,627,,
red,hla,matavuhliu,excel,22-03,紅色,,2026學習詞表-37拉阿魯哇語.xlsx,37拉阿魯哇語,628,,
yellow,hla,mahlisarʉ,excel,22-05,黃色,,2026學習詞表-37拉阿魯哇語.xlsx,37拉阿魯哇語,630,,
green,hla,malangihlu,excel,22-08,綠色,,2026學習詞表-37拉阿魯哇語.xlsx,37拉阿魯哇語,633,,
give,hla,uvura,excel,25-07,給,,2026學習詞表-37拉阿魯哇語.xlsx,37拉阿魯哇語,663,,
come,hla,mʉcʉkʉhlʉ,excel,25-08,來,,2026學習詞表-37拉阿魯哇語.xlsx,37拉阿魯哇語,664,,
walk,hla,musasala,excel,25-10,走路,,2026學習詞表-37拉阿魯哇語.xlsx,37拉阿魯哇語,666,,
fly,hla,mipihlihli,excel,25-12,飛,,2026學習詞表-37拉阿魯哇語.xlsx,37拉阿魯哇語,668,,
fall,hla,mucapi,excel,25-26,(植物的果實)掉落,,2026學習詞表-37拉阿魯哇語.xlsx,37拉阿魯哇語,682,,
sit,hla,hlitupuru,excel,25-43,坐著,,2026學習詞表-37拉阿魯哇語.xlsx,37拉阿魯哇語,699,,
stand,hla,hlimusiri,excel,25-44,站著,,2026學習詞表-37拉阿魯哇語.xlsx,37拉阿魯哇語,700,,
sit,hla,tupurua,excel,26-03,坐下,,2026學習詞表-37拉阿魯哇語.xlsx,37拉阿魯哇語,712,,
hit,hla,marivakʉsʉ,excel,26-08,打(人),,2026學習詞表-37拉阿魯哇語.xlsx,37拉阿魯哇語,717,,
stab,hla,hlumivuru,excel,26-09,刺,,2026學習詞表-37拉阿魯哇語.xlsx,37拉阿魯哇語,718,,
push,hla,miapualʉ,excel,26-13,推,,2026學習詞表-37拉阿魯哇語.xlsx,37拉阿魯哇語,722,,
scratch,hla,kararu,excel,26-18,抓癢,,2026學習詞表-37拉阿魯哇語.xlsx,37拉阿魯哇語,727,,
lie,hla,musaʼai,excel,26-20,躺,,2026學習詞表-37拉阿魯哇語.xlsx,37拉阿魯哇語,729,,
blow,hla,paripa,excel,26-28,吹,,2026學習詞表-37拉阿魯哇語.xlsx,37拉阿魯哇語,737,,
dig,hla,kumali,excel,26-29,挖掘,,2026學習詞表-37拉阿魯哇語.xlsx,37拉阿魯哇語,738,,
cut,hla,marapici,excel,26-30,切,,2026學習詞表-37拉阿魯哇語.xlsx,37拉阿魯哇語,739,,
swim,hla,makahlangulu,excel,26-31,游泳,,2026學習詞表-37拉阿魯哇語.xlsx,37拉阿魯哇語,740,,
tie,hla,kumilii,excel,26-38,綁住,,2026學習詞表-37拉阿魯哇語.xlsx,37拉阿魯哇語,747,,
pull,hla,rʉkʉcʉ,excel,26-39,拉,,2026學習詞表-37拉阿魯哇語.xlsx,37拉阿魯哇語,748,,
split,hla,maripici,excel,26-40,劈(木材),,2026學習詞表-37拉阿魯哇語.xlsx,37拉阿魯哇語,749,,
hold,hla,hlimatihlaihlai,excel,26-42,提著,,2026學習詞表-37拉阿魯哇語.xlsx,37拉阿魯哇語,751,,
hold,hla,hlimaipʉkʉlʉ,excel,26-43,握著,,2026學習詞表-37拉阿魯哇語.xlsx,37拉阿魯哇語,752,,
tie,hla,palʉmʉhlʉ,excel,26-44,捆綁,,2026學習詞表-37拉阿魯哇語.xlsx,37拉阿魯哇語,753,,
scratch,hla,kumakikihli,excel,26-56,搔癢,,2026學習詞表-37拉阿魯哇語.xlsx,37拉阿魯哇語,765,,
rub,hla,rumarurumu,excel,26-85,揉搓(衣物),,2026學習詞表-37拉阿魯哇語.xlsx,37拉阿魯哇語,794,,
lie,hla,makahlukutukututu,excel,26-88,側臥,,2026學習詞表-37拉阿魯哇語.xlsx,37拉阿魯哇語,797,,
fight,hla,marisangihli,excel,26-96,打架,,2026學習詞表-37拉阿魯哇語.xlsx,37拉阿魯哇語,805,,
squeeze,hla,maiiaʉpʉcʉ,excel,26-97,擠,,2026學習詞表-37拉阿魯哇語.xlsx,37拉阿魯哇語,806,,
dig,hla,kumakali,excel,26-100,(用手)挖掘,,2026學習詞表-37拉阿魯哇語.xlsx,37拉阿魯哇語,809,,
stand,hla,umacʉka,excel,26-105,起立,,2026學習詞表-37拉阿魯哇語.xlsx,37拉阿魯哇語,814,,
eat,hla,uumu,excel,27-01,吃,,2026學習詞表-37拉阿魯哇語.xlsx,37拉阿魯哇語,816,,
suck,hla,malimucucu,excel,27-02,吸,,2026學習詞表-37拉阿魯哇語.xlsx,37拉阿魯哇語,817,,
drink,hla,miima,excel,27-03,喝,,2026學習詞表-37拉阿魯哇語.xlsx,37拉阿魯哇語,818,,
vomit,hla,tarʉta,excel,27-04,吐,,2026學習詞表-37拉阿魯哇語.xlsx,37拉阿魯哇語,819,,
bite,hla,umaracʉ,excel,27-05,咬,,2026學習詞表-37拉阿魯哇語.xlsx,37拉阿魯哇語,820,,
eat,hla,umau,excel,27-15,(要)吃,,2026學習詞表-37拉阿魯哇語.xlsx,37拉阿魯哇語,830,,
know,hla,macahlia,excel,28-02,知道,,2026學習詞表-37拉阿魯哇語.xlsx,37拉阿魯哇語,836,,
see,hla,kumita,excel,28-03,看,,2026學習詞表-37拉阿魯哇語.xlsx,37拉阿魯哇語,837,,
say,hla,ami,excel,28-04,說,,2026學習詞表-37拉阿魯哇語.xlsx,37拉阿魯哇語,838,,
smell,hla,umavali,excel,28-07,聞(如聞味道),,2026學習詞表-37拉阿魯哇語.xlsx,37拉阿魯哇語,841,,
hear,hla,tumimahla,excel,28-19,聽,,2026學習詞表-37拉阿魯哇語.xlsx,37拉阿魯哇語,853,,
think,hla,pacʉcʉcʉpʉngʉ,excel,28-25,想(思考),,2026學習詞表-37拉阿魯哇語.xlsx,37拉阿魯哇語,859,,
fear,hla,muruahlʉ,excel,29-02,害怕,,2026學習詞表-37拉阿魯哇語.xlsx,37拉阿魯哇語,866,,
wash,hla,hlumahlavu,excel,30-02,洗(衣物),,2026學習詞表-37拉阿魯哇語.xlsx,37拉阿魯哇語,876,,
sleep,hla,malusapʉ,excel,30-09,睡覺,,2026學習詞表-37拉阿魯哇語.xlsx,37拉阿魯哇語,883,,
kill,hla,papaci kuliʼi,excel,30-10,殺牲畜,,2026學習詞表-37拉阿魯哇語.xlsx,37拉阿魯哇語,884,,
lie,hla,matasaʼai,excel,30-16,躺臥,,2026學習詞表-37拉阿魯哇語.xlsx,37拉阿魯哇語,890,,
burn,hla,cumacuhlu,excel,30-20,燒(如燒稻草),,2026學習詞表-37拉阿魯哇語.xlsx,37拉阿魯哇語,894,,
hunt,hla,ringai,excel,30-25,陷獵,,2026學習詞表-37拉阿魯哇語.xlsx,37拉阿魯哇語,899,,
burn,hla,muacucuhlu,excel,30-54,燃燒,,2026學習詞表-37拉阿魯哇語.xlsx,37拉阿魯哇語,928,,
drink,hla,mima,excel,30-61,喝(水),,2026學習詞表-37拉阿魯哇語.xlsx,37拉阿魯哇語,935,,
sing,hla,pahlusahli,excel,30-64,唱歌,,2026學習詞表-37拉阿魯哇語.xlsx,37拉阿魯哇語,938,,
play,hla,pasaulaulaʼʉ,excel,30-65,玩耍,,2026學習詞表-37拉阿魯哇語.xlsx,37拉阿魯哇語,939,,
die,hla,maciʼi,excel,31-01,死亡,,2026學習詞表-37拉阿魯哇語.xlsx,37拉阿魯哇語,941,,
live,hla,mangusipi,excel,31-08,活的,,2026學習詞表-37拉阿魯哇語.xlsx,37拉阿魯哇語,948,,
heavy,hla,malisʉhlʉ,excel,32-02,重(重量),,2026學習詞表-37拉阿魯哇語.xlsx,37拉阿魯哇語,963,,
big,hla,taisa,excel,32-05,大(體積),,2026學習詞表-37拉阿魯哇語.xlsx,37拉阿魯哇語,966,,
cold,hla,masarʉmʉ,excel,32-08,冷(感受),,2026學習詞表-37拉阿魯哇語.xlsx,37拉阿魯哇語,969,,
small,hla,maini,excel,32-09,小(體積),,2026學習詞表-37拉阿魯哇語.xlsx,37拉阿魯哇語,970,,
many,hla,matumuhlu,excel,32-10,多(物品),,2026學習詞表-37拉阿魯哇語.xlsx,37拉阿魯哇語,971,,
cold,hla,matahlʉkʉtʉkʉ,excel,32-12,冰冷,,2026學習詞表-37拉阿魯哇語.xlsx,37拉阿魯哇語,973,,
few,hla,maini,excel,32-14,少的,,2026學習詞表-37拉阿魯哇語.xlsx,37拉阿魯哇語,975,,
laugh,hla,macaca,excel,32-16,笑,,2026學習詞表-37拉阿魯哇語.xlsx,37拉阿魯哇語,977,,
wet,hla,matarʉngʉrʉ,excel,32-17,濕的,,2026學習詞表-37拉阿魯哇語.xlsx,37拉阿魯哇語,978,,
thick,hla,makisʉmʉrʉ,excel,32-19,厚的,,2026學習詞表-37拉阿魯哇語.xlsx,37拉阿魯哇語,980,,
thin,hla,mahlipi,excel,32-21,薄的,,2026學習詞表-37拉阿魯哇語.xlsx,37拉阿魯哇語,982,,
dirty,hla,ʼaʉrʉ,excel,32-22,髒,,2026學習詞表-37拉阿魯哇語.xlsx,37拉阿魯哇語,983,,
dry,hla,maparapa,excel,32-28,乾的(衣服),,2026學習詞表-37拉阿魯哇語.xlsx,37拉阿魯哇語,989,,
new,hla,varuʼu,excel,32-31,新(程度),,2026學習詞表-37拉阿魯哇語.xlsx,37拉阿魯哇語,992,,
old,hla,ʉrʉkʉhlʉ,excel,32-32,舊(程度),,2026學習詞表-37拉阿魯哇語.xlsx,37拉阿魯哇語,993,,
near,hla,masahli,excel,32-33,近,,2026學習詞表-37拉阿魯哇語.xlsx,37拉阿魯哇語,994,,
bad,hla,marakaka,excel,32-35,壞掉,,2026學習詞表-37拉阿魯哇語.xlsx,37拉阿魯哇語,996,,
far,hla,masaihla,excel,32-37,遠,,2026學習詞表-37拉阿魯哇語.xlsx,37拉阿魯哇語,998,,
swell,hla,muluvalakʉ,excel,32-38,腫,,2026學習詞表-37拉阿魯哇語.xlsx,37拉阿魯哇語,999,,
smooth,hla,masavʉlʉ,excel,32-44,滑,,2026學習詞表-37拉阿魯哇語.xlsx,37拉阿魯哇語,1005,,
warm,hla,masunguli,excel,32-56,暖和,,2026學習詞表-37拉阿魯哇語.xlsx,37拉阿魯哇語,1017,,
dull,hla,malapalapangʉ,excel,32-57,鈍(如刀),,2026學習詞表-37拉阿魯哇語.xlsx,37拉阿魯哇語,1018,,
straight,hla,maʉngʉcʉ,excel,32-65,直,,2026學習詞表-37拉阿魯哇語.xlsx,37拉阿魯哇語,1026,,
full,hla,milii,excel,32-66,滿,,2026學習詞表-37拉阿魯哇語.xlsx,37拉阿魯哇語,1027,,
wide,hla,maranarʉ,excel,32-68,(空間)寬敞,,2026學習詞表-37拉阿魯哇語.xlsx,37拉阿魯哇語,1029,,
correct,hla,macuisa,excel,32-69,正確,,2026學習詞表-37拉阿魯哇語.xlsx,37拉阿魯哇語,1030,,
warm,hla,maʼavʉra,excel,32-72,溫的(水),,2026學習詞表-37拉阿魯哇語.xlsx,37拉阿魯哇語,1033,,
long,hla,mʉlʉngʉsʉ,excel,32-74,長,,2026學習詞表-37拉阿魯哇語.xlsx,37拉阿魯哇語,1035,,
short,hla,manitʉkʉ,excel,32-76,短,,2026學習詞表-37拉阿魯哇語.xlsx,37拉阿魯哇語,1037,,
full,hla,milii,excel,32-79,滿滿,,2026學習詞表-37拉阿魯哇語.xlsx,37拉阿魯哇語,1040,,
wipe,hla,sumasamusu,excel,33-06,擦拭,,2026學習詞表-37拉阿魯哇語.xlsx,37拉阿魯哇語,1048,,
throw,hla,matavilau,excel,34-19,丟棄,,2026學習詞表-37拉阿魯哇語.xlsx,37拉阿魯哇語,1069,,
count,hla,umaricacani,excel,34-29,數(計算),,2026學習詞表-37拉阿魯哇語.xlsx,37拉阿魯哇語,1079,,
good,hla,mavacangʉ,excel,34-34,好,,2026學習詞表-37拉阿魯哇語.xlsx,37拉阿魯哇語,1084,,
not,hla,ku,excel,35-03,不是(回答用),,2026學習詞表-37拉阿魯哇語.xlsx,37拉阿魯哇語,1092,,
because,hla,taʼiaraisaka,excel,36-05,因為,,2026學習詞表-37拉阿魯哇語.xlsx,37拉阿魯哇語,1101,,
and,hla,hla,excel,36-18,和,,2026學習詞表-37拉阿魯哇語.xlsx,37拉阿魯哇語,1114,,
if,hla,maci,excel,36-22,如果,,2026學習詞表-37拉阿魯哇語.xlsx,37拉阿魯哇語,1118,,
one,puy_py,sa/isa,excel,01-01,一,,2026學習詞表-38南王卑南語.xlsx,38南王卑南語,5,saya數物/misasa數人,
two,puy_py,druwa,excel,01-02,二,,2026學習詞表-38南王卑南語.xlsx,38南王卑南語,6,,
three,puy_py,telu,excel,01-03,三,,2026學習詞表-38南王卑南語.xlsx,38南王卑南語,7,,
four,puy_py,pat,excel,01-04,四,,2026學習詞表-38南王卑南語.xlsx,38南王卑南語,8,,
five,puy_py,lima,excel,01-05,五,,2026學習詞表-38南王卑南語.xlsx,38南王卑南語,9,,
six,puy_py,enem,excel,01-06,六,,2026學習詞表-38南王卑南語.xlsx,38南王卑南語,10,,
seven,puy_py,pitu,excel,01-07,七,,2026學習詞表-38南王卑南語.xlsx,38南王卑南語,11,數量詞,
eight,puy_py,walu,excel,01-08,八,,2026學習詞表-38南王卑南語.xlsx,38南王卑南語,12,數量詞,
nine,puy_py,iwa,excel,01-09,九,,2026學習詞表-38南王卑南語.xlsx,38南王卑南語,13,數量詞,
ten,puy_py,pulu,excel,01-10,十,,2026學習詞表-38南王卑南語.xlsx,38南王卑南語,14,數量詞,
twenty,puy_py,druwa pulu,excel,01-20,二十,,2026學習詞表-38南王卑南語.xlsx,38南王卑南語,24,數量詞,
hundred,puy_py,leman,excel,01-34,百,,2026學習詞表-38南王卑南語.xlsx,38南王卑南語,38,leman百的單位,
hundred,puy_py,sa leman,excel,01-35,一百,,2026學習詞表-38南王卑南語.xlsx,38南王卑南語,39,saya leman一個百,
few,puy_py,saima,excel,01-38,很少,,2026學習詞表-38南王卑南語.xlsx,38南王卑南語,42,指物品數量很少,
all,puy_py,peniya,excel,01-43,全部,,2026學習詞表-38南王卑南語.xlsx,38南王卑南語,47,,
few,puy_py,paranak,excel,01-44,一點點,,2026學習詞表-38南王卑南語.xlsx,38南王卑南語,48,指程度,
you_singular,puy_py,yuyu,excel,02-01,你,,2026學習詞表-38南王卑南語.xlsx,38南王卑南語,51,中性格,
i,puy_py,kuyku,excel,02-02,我,,2026學習詞表-38南王卑南語.xlsx,38南王卑南語,52,,
he,puy_py,taytaw,excel,02-03,他,,2026學習詞表-38南王卑南語.xlsx,38南王卑南語,53,,
you_plural,puy_py,muymu,excel,02-04,你們,,2026學習詞表-38南王卑南語.xlsx,38南王卑南語,54,,
we,puy_py,mi,excel,02-05,我們,,2026學習詞表-38南王卑南語.xlsx,38南王卑南語,55,排除主格,
they,puy_py,nadrunu,excel,02-06,他們,,2026學習詞表-38南王卑南語.xlsx,38南王卑南語,56,nadru是省略語,
we,puy_py,mimi,excel,02-13,我們(排除式),,2026學習詞表-38南王卑南語.xlsx,38南王卑南語,63,,
we,puy_py,tayta,excel,02-14,我們(包含式),,2026學習詞表-38南王卑南語.xlsx,38南王卑南語,64,,
that,puy_py,idrunu,excel,02-16,那個,,2026學習詞表-38南王卑南語.xlsx,38南王卑南語,66,idru是省略用語,
this,puy_py,idrini,excel,02-17,這個,,2026學習詞表-38南王卑南語.xlsx,38南王卑南語,67,idri是省略用語,
here,puy_py,kadrini,excel,02-18,這裡,,2026學習詞表-38南王卑南語.xlsx,38南王卑南語,68,kadri是省略用語,
there,puy_py,kadriyu,excel,02-19,那裡,,2026學習詞表-38南王卑南語.xlsx,38南王卑南語,69,kadru是省略用語,
what,puy_py,a manay,excel,03-02,什麼,,2026學習詞表-38南王卑南語.xlsx,38南王卑南語,73,,
how,puy_py,kemuda,excel,03-03,怎麼,,2026學習詞表-38南王卑南語.xlsx,38南王卑南語,74,,
when,puy_py,an asuwa,excel,03-04,何時(未發生),,2026學習詞表-38南王卑南語.xlsx,38南王卑南語,75,,
who,puy_py,i manay,excel,03-05,誰,,2026學習詞表-38南王卑南語.xlsx,38南王卑南語,76,,
where,puy_py,isuwa,excel,03-07,哪裡；何處,,2026學習詞表-38南王卑南語.xlsx,38南王卑南語,78,,
where,puy_py,isuwa,excel,03-12,什麼地方,,2026學習詞表-38南王卑南語.xlsx,38南王卑南語,83,,
when,puy_py,a asuwa,excel,03-13,何時(已發生),,2026學習詞表-38南王卑南語.xlsx,38南王卑南語,84,,
father,puy_py,ama,excel,04-01,爸爸,,2026學習詞表-38南王卑南語.xlsx,38南王卑南語,87,,
mother,puy_py,ina,excel,04-02,媽媽,,2026學習詞表-38南王卑南語.xlsx,38南王卑南語,88,,
wife,puy_py,kataguwin,excel,04-07,配偶,,2026學習詞表-38南王卑南語.xlsx,38南王卑南語,93,,
husband,puy_py,kataguwin,excel,04-07,配偶,,2026學習詞表-38南王卑南語.xlsx,38南王卑南語,93,,
wife,puy_py,kataguwin,excel,04-15,丈夫/妻子/配偶,,2026學習詞表-38南王卑南語.xlsx,38南王卑南語,101,,
husband,puy_py,kataguwin,excel,04-15,丈夫/妻子/配偶,,2026學習詞表-38南王卑南語.xlsx,38南王卑南語,101,,
name,puy_py,ngalad,excel,05-01,名字,,2026學習詞表-38南王卑南語.xlsx,38南王卑南語,114,,
child,puy_py,llallak,excel,05-05,孩童,,2026學習詞表-38南王卑南語.xlsx,38南王卑南語,118,,
woman,puy_py,babayan,excel,05-07,女性,,2026學習詞表-38南王卑南語.xlsx,38南王卑南語,120,,
man,puy_py,mainayan,excel,05-08,男性,,2026學習詞表-38南王卑南語.xlsx,38南王卑南語,121,,
person,puy_py,trau,excel,05-09,人,,2026學習詞表-38南王卑南語.xlsx,38南王卑南語,122,,
ear,puy_py,trangila,excel,06-01,耳朵,,2026學習詞表-38南王卑南語.xlsx,38南王卑南語,140,,
leg,puy_py,paa,excel,06-02,大腿,,2026學習詞表-38南王卑南語.xlsx,38南王卑南語,141,,
eye,puy_py,matra,excel,06-03,眼睛,,2026學習詞表-38南王卑南語.xlsx,38南王卑南語,142,,
mouth,puy_py,indan,excel,06-05,嘴巴,,2026學習詞表-38南王卑南語.xlsx,38南王卑南語,144,,
head,puy_py,tranguru,excel,06-06,頭,,2026學習詞表-38南王卑南語.xlsx,38南王卑南語,145,,
fingernail,puy_py,seki,excel,06-07,指甲,,2026學習詞表-38南王卑南語.xlsx,38南王卑南語,146,,
hand,puy_py,lima,excel,06-08,手,,2026學習詞表-38南王卑南語.xlsx,38南王卑南語,147,,
nose,puy_py,tingeran,excel,06-10,鼻子,,2026學習詞表-38南王卑南語.xlsx,38南王卑南語,149,,
foot,puy_py,dapall,excel,06-11,腳,,2026學習詞表-38南王卑南語.xlsx,38南王卑南語,150,,
tooth,puy_py,walli,excel,06-12,牙齒,,2026學習詞表-38南王卑南語.xlsx,38南王卑南語,151,,
hair,puy_py,arebu,excel,06-13,頭髮,,2026學習詞表-38南王卑南語.xlsx,38南王卑南語,152,,
blood,puy_py,damuk,excel,06-14,血,,2026學習詞表-38南王卑南語.xlsx,38南王卑南語,153,,
belly,puy_py,tiyall,excel,06-17,肚子,,2026學習詞表-38南王卑南語.xlsx,38南王卑南語,156,,
breast,puy_py,susu,excel,06-18,乳房,,2026學習詞表-38南王卑南語.xlsx,38南王卑南語,157,,
back,puy_py,drakur,excel,06-22,背部,,2026學習詞表-38南王卑南語.xlsx,38南王卑南語,161,,
skin,puy_py,lubitr,excel,06-23,皮,,2026學習詞表-38南王卑南語.xlsx,38南王卑南語,162,,
heart,puy_py,muredudu,excel,06-28,心臟,,2026學習詞表-38南王卑南語.xlsx,38南王卑南語,167,,
knee,puy_py,sungal,excel,06-31,膝蓋,,2026學習詞表-38南王卑南語.xlsx,38南王卑南語,170,,
liver,puy_py,rami,excel,06-34,肝臟,,2026學習詞表-38南王卑南語.xlsx,38南王卑南語,173,,
fat,puy_py,imar,excel,06-37,油脂,,2026學習詞表-38南王卑南語.xlsx,38南王卑南語,176,,
tongue,puy_py,sema,excel,06-42,舌頭,,2026學習詞表-38南王卑南語.xlsx,38南王卑南語,181,,
neck,puy_py,nien,excel,06-47,脖子,,2026學習詞表-38南王卑南語.xlsx,38南王卑南語,186,,
tail,puy_py,ikur,excel,07-01,尾巴,,2026學習詞表-38南王卑南語.xlsx,38南王卑南語,197,,
dog,puy_py,suwan,excel,07-03,狗,,2026學習詞表-38南王卑南語.xlsx,38南王卑南語,199,,
bird,puy_py,ayam,excel,07-06,鳥,,2026學習詞表-38南王卑南語.xlsx,38南王卑南語,202,,
fish,puy_py,kuraw,excel,07-07,魚,,2026學習詞表-38南王卑南語.xlsx,38南王卑南語,203,,
snake,puy_py,unan,excel,07-19,蛇,,2026學習詞表-38南王卑南語.xlsx,38南王卑南語,215,,
louse,puy_py,kutru,excel,07-33,頭蝨,,2026學習詞表-38南王卑南語.xlsx,38南王卑南語,229,,
worm,puy_py,uretati,excel,07-39,蚯蚓,,2026學習詞表-38南王卑南語.xlsx,38南王卑南語,235,,
wing,puy_py,pakepak,excel,07-49,翅膀,,2026學習詞表-38南王卑南語.xlsx,38南王卑南語,245,,
bird,puy_py,ayaayam,excel,07-57,鳥類,,2026學習詞表-38南王卑南語.xlsx,38南王卑南語,253,,
horn,puy_py,suang,excel,07-64,(動物的)角,,2026學習詞表-38南王卑南語.xlsx,38南王卑南語,260,,
tree,puy_py,kawi,excel,08-03,樹,,2026學習詞表-38南王卑南語.xlsx,38南王卑南語,265,,
leaf,puy_py,bira,excel,08-06,葉子,,2026學習詞表-38南王卑南語.xlsx,38南王卑南語,268,,
flower,puy_py,aputr,excel,08-09,花朵,,2026學習詞表-38南王卑南語.xlsx,38南王卑南語,271,,
stick,puy_py,saadr,excel,08-15,樹枝,,2026學習詞表-38南王卑南語.xlsx,38南王卑南語,277,,
fruit,puy_py,buwa,excel,08-16,(植物的)果實,,2026學習詞表-38南王卑南語.xlsx,38南王卑南語,278,,
grass,puy_py,tralun,excel,08-20,草,,2026學習詞表-38南王卑南語.xlsx,38南王卑南語,282,,
fruit,puy_py,kalimudan,excel,08-24,水果,,2026學習詞表-38南王卑南語.xlsx,38南王卑南語,286,,
root,puy_py,rami,excel,08-28,樹根,,2026學習詞表-38南王卑南語.xlsx,38南王卑南語,290,,
seed,puy_py,bini,excel,08-44,種子,,2026學習詞表-38南王卑南語.xlsx,38南王卑南語,306,,
rope,puy_py,tatilu,excel,09-15,繩索,,2026學習詞表-38南王卑南語.xlsx,38南王卑南語,335,,
stick,puy_py,saadr,excel,09-18,枝條,,2026學習詞表-38南王卑南語.xlsx,38南王卑南語,338,,
ash,puy_py,abu,excel,09-49,炭灰,,2026學習詞表-38南王卑南語.xlsx,38南王卑南語,369,,
road,puy_py,dalan,excel,10-01,道路,,2026學習詞表-38南王卑南語.xlsx,38南王卑南語,393,,
wind,puy_py,bali,excel,10-04,風,,2026學習詞表-38南王卑南語.xlsx,38南王卑南語,396,,
sand,puy_py,budek,excel,10-05,沙子,,2026學習詞表-38南王卑南語.xlsx,38南王卑南語,397,,
earth,puy_py,dare,excel,10-06,泥土,,2026學習詞表-38南王卑南語.xlsx,38南王卑南語,398,,
river,puy_py,kabalawasan,excel,10-07,河流,,2026學習詞表-38南王卑南語.xlsx,38南王卑南語,399,,
lake,puy_py,danaw,excel,10-08,湖泊,,2026學習詞表-38南王卑南語.xlsx,38南王卑南語,400,,
forest,puy_py,kawikawi,excel,10-09,森林,,2026學習詞表-38南王卑南語.xlsx,38南王卑南語,401,,
sun,puy_py,kadaw / serang,excel,11-02,太陽,,2026學習詞表-38南王卑南語.xlsx,38南王卑南語,417,,
moon,puy_py,bulan,excel,11-03,月亮,,2026學習詞表-38南王卑南語.xlsx,38南王卑南語,418,,
sky,puy_py,langitr,excel,11-04,天空,,2026學習詞表-38南王卑南語.xlsx,38南王卑南語,419,,
star,puy_py,triur,excel,11-05,星星,,2026學習詞表-38南王卑南語.xlsx,38南王卑南語,420,,
rain,puy_py,udall,excel,11-06,雨,,2026學習詞表-38南王卑南語.xlsx,38南王卑南語,421,,
snow,puy_py,urella,excel,11-07,雪,,2026學習詞表-38南王卑南語.xlsx,38南王卑南語,422,,
cloud,puy_py,kutrem,excel,11-12,雲,,2026學習詞表-38南王卑南語.xlsx,38南王卑南語,427,,
smoke,puy_py,aseban,excel,11-13,煙,,2026學習詞表-38南王卑南語.xlsx,38南王卑南語,428,masibulebul冒煙,
fire,puy_py,apuy,excel,11-17,火,,2026學習詞表-38南王卑南語.xlsx,38南王卑南語,432,,
ice,puy_py,kuli,excel,11-18,冰,,2026學習詞表-38南王卑南語.xlsx,38南王卑南語,433,,
stone,puy_py,barasa,excel,12-05,石頭,,2026學習詞表-38南王卑南語.xlsx,38南王卑南語,454,,
night,puy_py,karaub,excel,13-02,晚上,,2026學習詞表-38南王卑南語.xlsx,38南王卑南語,471,,
day,puy_py,uninan,excel,13-07,白天；白晝,,2026學習詞表-38南王卑南語.xlsx,38南王卑南語,476,,
night,puy_py,sungan,excel,13-22,夜,,2026學習詞表-38南王卑南語.xlsx,38南王卑南語,491,,
year,puy_py,ami,excel,13-28,年;歲,,2026學習詞表-38南王卑南語.xlsx,38南王卑南語,497,,
in,puy_py,sabak,excel,14-01,裡面;內,,2026學習詞表-38南王卑南語.xlsx,38南王卑南語,502,,
at,puy_py,ulraya i.....,excel,14-02,在某處,,2026學習詞表-38南王卑南語.xlsx,38南王卑南語,503,,
right,puy_py,tarawalran,excel,14-10,右邊,,2026學習詞表-38南王卑南語.xlsx,38南王卑南語,511,,
left,puy_py,tarawiri,excel,14-11,左邊,,2026學習詞表-38南王卑南語.xlsx,38南王卑南語,512,,
water,puy_py,enay,excel,21-02,水,,2026學習詞表-38南王卑南語.xlsx,38南王卑南語,601,,
salt,puy_py,ateri / iyam,excel,21-07,鹽,,2026學習詞表-38南王卑南語.xlsx,38南王卑南語,606,iyam借自台語,
egg,puy_py,bitrenun,excel,21-09,蛋,,2026學習詞表-38南王卑南語.xlsx,38南王卑南語,608,,
white,puy_py,bulenan,excel,22-01,白色,,2026學習詞表-38南王卑南語.xlsx,38南王卑南語,626,,
black,puy_py,udreudrem,excel,22-02,黑色,,2026學習詞表-38南王卑南語.xlsx,38南王卑南語,627,,
red,puy_py,midrarang,excel,22-03,紅色,,2026學習詞表-38南王卑南語.xlsx,38南王卑南語,628,,
yellow,puy_py,milanang,excel,22-05,黃色的,,2026學習詞表-38南王卑南語.xlsx,38南王卑南語,630,,
green,puy_py,miraat,excel,22-08,綠色,,2026學習詞表-38南王卑南語.xlsx,38南王卑南語,633,,
give,puy_py,beray,excel,25-07,給;贈,,2026學習詞表-38南王卑南語.xlsx,38南王卑南語,663,,
come,puy_py,alamu,excel,25-08,來,,2026學習詞表-38南王卑南語.xlsx,38南王卑南語,664,,
walk,puy_py,kemakawang,excel,25-10,走路,,2026學習詞表-38南王卑南語.xlsx,38南王卑南語,666,,
fly,puy_py,mubii,excel,25-12,飛,,2026學習詞表-38南王卑南語.xlsx,38南王卑南語,668,,
fall,puy_py,mutrerag,excel,25-26,掉落,,2026學習詞表-38南王卑南語.xlsx,38南王卑南語,682,,
sit,puy_py,matengadraw,excel,25-43,坐著,,2026學習詞表-38南王卑南語.xlsx,38南王卑南語,699,,
stand,puy_py,maretigir,excel,25-44,站著,,2026學習詞表-38南王卑南語.xlsx,38南王卑南語,700,,
sit,puy_py,matengadraw,excel,26-03,坐下,,2026學習詞表-38南王卑南語.xlsx,38南王卑南語,712,,
hit,puy_py,semallepit(dra trau),excel,26-08,打(人),,2026學習詞表-38南王卑南語.xlsx,38南王卑南語,717,penukepuk用棍棒打,
stab,puy_py,temabusuk,excel,26-09,刺,,2026學習詞表-38南王卑南語.xlsx,38南王卑南語,718,,
push,puy_py,semullud,excel,26-13,推,,2026學習詞表-38南王卑南語.xlsx,38南王卑南語,722,,
scratch,puy_py,gemutregutr,excel,26-18,抓癢,,2026學習詞表-38南王卑南語.xlsx,38南王卑南語,727,,
lie,puy_py,miedreng,excel,26-20,躺,,2026學習詞表-38南王卑南語.xlsx,38南王卑南語,729,,
blow,puy_py,emiyup,excel,26-28,吹,,2026學習詞表-38南王卑南語.xlsx,38南王卑南語,737,,
dig,puy_py,kemurekur,excel,26-29,挖;掘,,2026學習詞表-38南王卑南語.xlsx,38南王卑南語,738,,
cut,puy_py,kemeteket,excel,26-30,切,,2026學習詞表-38南王卑南語.xlsx,38南王卑南語,739,,
swim,puy_py,mellanguy,excel,26-31,游泳,,2026學習詞表-38南王卑南語.xlsx,38南王卑南語,740,,
split,puy_py,tremekab,excel,26-37,剖半;劈柴,,2026學習詞表-38南王卑南語.xlsx,38南王卑南語,746,,
tie,puy_py,benetebet,excel,26-38,綁住,,2026學習詞表-38南王卑南語.xlsx,38南王卑南語,747,,
pull,puy_py,kemedreng,excel,26-39,拉,,2026學習詞表-38南王卑南語.xlsx,38南王卑南語,748,,
split,puy_py,trekab,excel,26-40,劈(木材),,2026學習詞表-38南王卑南語.xlsx,38南王卑南語,749,,
hold,puy_py,tremilletrill,excel,26-42,提著,,2026學習詞表-38南王卑南語.xlsx,38南王卑南語,751,,
hold,puy_py,demikes,excel,26-43,拿著;摸著,,2026學習詞表-38南王卑南語.xlsx,38南王卑南語,752,,
tie,puy_py,temenges,excel,26-44,綁;束,,2026學習詞表-38南王卑南語.xlsx,38南王卑南語,753,,
scratch,puy_py,gemutregutr,excel,26-56,搔癢,,2026學習詞表-38南王卑南語.xlsx,38南王卑南語,765,,
rub,puy_py,llutrellutr,excel,26-85,揉搓(衣物),,2026學習詞表-38南王卑南語.xlsx,38南王卑南語,794,或是揉搓紙、葉子等,
lie,puy_py,miyagilid,excel,26-88,側臥,,2026學習詞表-38南王卑南語.xlsx,38南王卑南語,797,,
fight,puy_py,madradrikul,excel,26-96,打架;吵架,,2026學習詞表-38南王卑南語.xlsx,38南王卑南語,805,,
squeeze,puy_py,emetreetr,excel,26-97,擠,,2026學習詞表-38南王卑南語.xlsx,38南王卑南語,806,,
pull,puy_py,kemedreng,excel,26-99,拉;牽,,2026學習詞表-38南王卑南語.xlsx,38南王卑南語,808,,
dig,puy_py,kemurekur,excel,26-100,挖掘,,2026學習詞表-38南王卑南語.xlsx,38南王卑南語,809,,
stand,puy_py,karetigir,excel,26-105,起立,,2026學習詞表-38南王卑南語.xlsx,38南王卑南語,814,,
eat,puy_py,mekan,excel,27-01,吃,,2026學習詞表-38南王卑南語.xlsx,38南王卑南語,816,,
suck,puy_py,semirep,excel,27-02,吸,,2026學習詞表-38南王卑南語.xlsx,38南王卑南語,817,,
drink,puy_py,tremekel,excel,27-03,喝,,2026學習詞表-38南王卑南語.xlsx,38南王卑南語,818,,
vomit,puy_py,lepaan,excel,27-04,吐出來,,2026學習詞表-38南王卑南語.xlsx,38南王卑南語,819,,
bite,puy_py,karatraw,excel,27-05,咬,,2026學習詞表-38南王卑南語.xlsx,38南王卑南語,820,,
eat,puy_py,mekan,excel,27-15,吃,,2026學習詞表-38南王卑南語.xlsx,38南王卑南語,830,,
know,puy_py,malladram,excel,28-02,知道,,2026學習詞表-38南王卑南語.xlsx,38南王卑南語,836,認識,
see,puy_py,menau,excel,28-03,看,,2026學習詞表-38南王卑南語.xlsx,38南王卑南語,837,,
say,puy_py,rengay,excel,28-04,說;講,,2026學習詞表-38南王卑南語.xlsx,38南王卑南語,838,,
smell,puy_py,tremaull,excel,28-07,聞味,,2026學習詞表-38南王卑南語.xlsx,38南王卑南語,841,,
say,puy_py,marengay,excel,28-11,告訴;說話,,2026學習詞表-38南王卑南語.xlsx,38南王卑南語,845,,
hear,puy_py,killengaw,excel,28-19,聽,,2026學習詞表-38南王卑南語.xlsx,38南王卑南語,853,,
fear,puy_py,inedang/minedang,excel,29-02,害怕,,2026學習詞表-38南王卑南語.xlsx,38南王卑南語,866,,
wash,puy_py,benase,excel,30-02,洗(衣物),,2026學習詞表-38南王卑南語.xlsx,38南王卑南語,876,,
sleep,puy_py,allupe,excel,30-09,睡覺,,2026學習詞表-38南王卑南語.xlsx,38南王卑南語,883,,
kill,puy_py,tremuwak,excel,30-10,剖、宰殺,,2026學習詞表-38南王卑南語.xlsx,38南王卑南語,884,,
lie,puy_py,miedreng,excel,30-16,躺臥,,2026學習詞表-38南王卑南語.xlsx,38南王卑南語,890,,
burn,puy_py,benaitr,excel,30-20,焚燒,,2026學習詞表-38南王卑南語.xlsx,38南王卑南語,894,,
hunt,puy_py,penetrir,excel,30-25,設陷阱,,2026學習詞表-38南王卑南語.xlsx,38南王卑南語,899,,
burn,puy_py,mabengbeng,excel,30-54,燃燒;火旺,,2026學習詞表-38南王卑南語.xlsx,38南王卑南語,928,,
sing,puy_py,semenay,excel,30-64,唱歌,,2026學習詞表-38南王卑南語.xlsx,38南王卑南語,938,,
play,puy_py,temarumaruma,excel,30-65,扮家家,,2026學習詞表-38南王卑南語.xlsx,38南王卑南語,939,,
die,puy_py,minatray,excel,31-01,死亡,,2026學習詞表-38南王卑南語.xlsx,38南王卑南語,941,,
live,puy_py,baaw,excel,31-08,活的、未熟的,,2026學習詞表-38南王卑南語.xlsx,38南王卑南語,948,,
heavy,puy_py,aludrun,excel,32-02,重(重量),,2026學習詞表-38南王卑南語.xlsx,38南王卑南語,963,,
big,puy_py,matrina,excel,32-05,大,,2026學習詞表-38南王卑南語.xlsx,38南王卑南語,966,,
cold,puy_py,llitek,excel,32-08,冷,,2026學習詞表-38南王卑南語.xlsx,38南王卑南語,969,,
small,puy_py,makiteng,excel,32-09,小的,,2026學習詞表-38南王卑南語.xlsx,38南王卑南語,970,,
many,puy_py,esadru,excel,32-10,多,,2026學習詞表-38南王卑南語.xlsx,38南王卑南語,971,,
cold,puy_py,trallinetrin,excel,32-12,冰冷,,2026學習詞表-38南王卑南語.xlsx,38南王卑南語,973,,
few,puy_py,saima,excel,32-14,少的,,2026學習詞表-38南王卑南語.xlsx,38南王卑南語,975,,
laugh,puy_py,saeru,excel,32-16,笑,,2026學習詞表-38南王卑南語.xlsx,38南王卑南語,977,,
wet,puy_py,daleken,excel,32-17,濕的,,2026學習詞表-38南王卑南語.xlsx,38南王卑南語,978,,
thick,puy_py,ketrebe,excel,32-19,厚的;粗的,,2026學習詞表-38南王卑南語.xlsx,38南王卑南語,980,,
thin,puy_py,sallesall,excel,32-21,薄的,,2026學習詞表-38南王卑南語.xlsx,38南王卑南語,982,sautr細的,
dirty,puy_py,miyakitral,excel,32-22,髒(令人作噁),,2026學習詞表-38南王卑南語.xlsx,38南王卑南語,983,rigesis令人作噁,
dry,puy_py,batrekar,excel,32-28,乾的,,2026學習詞表-38南王卑南語.xlsx,38南王卑南語,989,,
new,puy_py,bekal,excel,32-31,新的,,2026學習詞表-38南王卑南語.xlsx,38南王卑南語,992,,
old,puy_py,maluman,excel,32-32,舊的,,2026學習詞表-38南王卑南語.xlsx,38南王卑南語,993,,
near,puy_py,adallep,excel,32-33,近,,2026學習詞表-38南王卑南語.xlsx,38南王卑南語,994,,
bad,puy_py,kuwatis,excel,32-35,壞的;不好的,,2026學習詞表-38南王卑南語.xlsx,38南王卑南語,996,,
far,puy_py,adawill,excel,32-37,遠,,2026學習詞表-38南王卑南語.xlsx,38南王卑南語,998,,
swell,puy_py,benare,excel,32-38,腫,,2026學習詞表-38南王卑南語.xlsx,38南王卑南語,999,,
smooth,puy_py,dalus,excel,32-44,滑,,2026學習詞表-38南王卑南語.xlsx,38南王卑南語,1005,,
warm,puy_py,sadeku,excel,32-56,暖和,,2026學習詞表-38南王卑南語.xlsx,38南王卑南語,1017,,
dull,puy_py,idrelan,excel,32-57,鈍的,,2026學習詞表-38南王卑南語.xlsx,38南王卑南語,1018,,
straight,puy_py,patedrell,excel,32-65,直/正確,,2026學習詞表-38南王卑南語.xlsx,38南王卑南語,1026,penatedrell直直的;正直的,
full,puy_py,matemuy lla,excel,32-66,滿了,,2026學習詞表-38南王卑南語.xlsx,38南王卑南語,1027,,
wide,puy_py,barawang,excel,32-68,(空間)寬敞,,2026學習詞表-38南王卑南語.xlsx,38南王卑南語,1029,,
straight,puy_py,penatedrell,excel,32-69,直的、正確、正直,,2026學習詞表-38南王卑南語.xlsx,38南王卑南語,1030,,
correct,puy_py,penatedrell,excel,32-69,直的、正確、正直,,2026學習詞表-38南王卑南語.xlsx,38南王卑南語,1030,,
wide,puy_py,drekan,excel,32-73,寬的,,2026學習詞表-38南王卑南語.xlsx,38南王卑南語,1034,,
long,puy_py,belakas,excel,32-74,長的,,2026學習詞表-38南王卑南語.xlsx,38南王卑南語,1035,,
short,puy_py,lliketri,excel,32-76,短的,,2026學習詞表-38南王卑南語.xlsx,38南王卑南語,1037,,
full,puy_py,matemuy,excel,32-79,滿滿,,2026學習詞表-38南王卑南語.xlsx,38南王卑南語,1040,,
wipe,puy_py,emitrul,excel,33-06,擦拭,,2026學習詞表-38南王卑南語.xlsx,38南王卑南語,1048,,
throw,puy_py,atellan,excel,34-19,丟棄,,2026學習詞表-38南王卑南語.xlsx,38南王卑南語,1069,,
count,puy_py,emaip,excel,34-29,數;念,,2026學習詞表-38南王卑南語.xlsx,38南王卑南語,1079,,
not,puy_py,amelli,excel,35-03,不是(回答用),,2026學習詞表-38南王卑南語.xlsx,38南王卑南語,1092,,
and,puy_py,aw;kay,excel,36-18,和,,2026學習詞表-38南王卑南語.xlsx,38南王卑南語,1114,,
if,puy_py,an,excel,36-22,如果,,2026學習詞表-38南王卑南語.xlsx,38南王卑南語,1118,,
all,puy_py,peniya,excel,36-28,都;全部,,2026學習詞表-38南王卑南語.xlsx,38南王卑南語,1124,,
at,puy_py,kadru,excel,36-35,在;有,,2026學習詞表-38南王卑南語.xlsx,38南王卑南語,1131,,
one,puy_tp,sa/isa,excel,01-01,一,,2026學習詞表-39知本卑南語.xlsx,39知本卑南語,5,,
two,puy_tp,zuwa,excel,01-02,二,,2026學習詞表-39知本卑南語.xlsx,39知本卑南語,6,,
three,puy_tp,telu,excel,01-03,三,,2026學習詞表-39知本卑南語.xlsx,39知本卑南語,7,,
four,puy_tp,pat,excel,01-04,四,,2026學習詞表-39知本卑南語.xlsx,39知本卑南語,8,,
five,puy_tp,lima,excel,01-05,五,,2026學習詞表-39知本卑南語.xlsx,39知本卑南語,9,數數,
six,puy_tp,unem,excel,01-06,六,,2026學習詞表-39知本卑南語.xlsx,39知本卑南語,10,數數,
seven,puy_tp,pitu,excel,01-07,七,,2026學習詞表-39知本卑南語.xlsx,39知本卑南語,11,數數,
eight,puy_tp,walu,excel,01-08,八,,2026學習詞表-39知本卑南語.xlsx,39知本卑南語,12,數數,
nine,puy_tp,iwa,excel,01-09,九,,2026學習詞表-39知本卑南語.xlsx,39知本卑南語,13,數數,
ten,puy_tp,puluʼ,excel,01-10,十,,2026學習詞表-39知本卑南語.xlsx,39知本卑南語,14,數數,
twenty,puy_tp,zuwa puluʼ,excel,01-20,二十,,2026學習詞表-39知本卑南語.xlsx,39知本卑南語,24,數數,
hundred,puy_tp,leman,excel,01-34,百,,2026學習詞表-39知本卑南語.xlsx,39知本卑南語,38,,
hundred,puy_tp,sa leman,excel,01-35,一百,,2026學習詞表-39知本卑南語.xlsx,39知本卑南語,39,,
few,puy_tp,saeman/saemat,excel,01-38,很少,,2026學習詞表-39知本卑南語.xlsx,39知本卑南語,42,指物品數量很少,
all,puy_tp,peniya,excel,01-43,全部,,2026學習詞表-39知本卑南語.xlsx,39知本卑南語,47,,
few,puy_tp,pakiwalay,excel,01-44,一點點,,2026學習詞表-39知本卑南語.xlsx,39知本卑南語,48,指程度,
you_singular,puy_tp,inu,excel,02-01,你,,2026學習詞表-39知本卑南語.xlsx,39知本卑南語,51,,
i,puy_tp,inku,excel,02-02,我,,2026學習詞表-39知本卑南語.xlsx,39知本卑南語,52,,
he,puy_tp,intaw,excel,02-03,他,,2026學習詞表-39知本卑南語.xlsx,39知本卑南語,53,,
you_plural,puy_tp,inmu,excel,02-04,你們,,2026學習詞表-39知本卑南語.xlsx,39知本卑南語,54,,
we,puy_tp,iniyam,excel,02-05,我們,,2026學習詞表-39知本卑南語.xlsx,39知本卑南語,55,,
they,puy_tp,nazu,excel,02-06,他們,,2026學習詞表-39知本卑南語.xlsx,39知本卑南語,56,,
we,puy_tp,iniyam,excel,02-13,我們(排除式),,2026學習詞表-39知本卑南語.xlsx,39知本卑南語,63,,
we,puy_tp,inta,excel,02-14,我們(包含式),,2026學習詞表-39知本卑南語.xlsx,39知本卑南語,64,,
that,puy_tp,izu,excel,02-16,那個,,2026學習詞表-39知本卑南語.xlsx,39知本卑南語,66,,
this,puy_tp,ini,excel,02-17,這個,,2026學習詞表-39知本卑南語.xlsx,39知本卑南語,67,,
here,puy_tp,kani,excel,02-18,這裡,,2026學習詞表-39知本卑南語.xlsx,39知本卑南語,68,,
there,puy_tp,kazu,excel,02-19,那裡,,2026學習詞表-39知本卑南語.xlsx,39知本卑南語,69,,
what,puy_tp,eman,excel,03-02,什麼,,2026學習詞表-39知本卑南語.xlsx,39知本卑南語,73,,
how,puy_tp,kemuda,excel,03-03,怎麼,,2026學習詞表-39知本卑南語.xlsx,39知本卑南語,74,,
when,puy_tp,nu aidan,excel,03-04,何時(未發生),,2026學習詞表-39知本卑南語.xlsx,39知本卑南語,75,,
who,puy_tp,i eman,excel,03-05,誰,,2026學習詞表-39知本卑南語.xlsx,39知本卑南語,76,,
where,puy_tp,iyan,excel,03-07,哪裡；何處,,2026學習詞表-39知本卑南語.xlsx,39知本卑南語,78,,
where,puy_tp,i  iyan,excel,03-12,什麼地方,,2026學習詞表-39知本卑南語.xlsx,39知本卑南語,83,,
when,puy_tp,a aidan,excel,03-13,何時(已發生),,2026學習詞表-39知本卑南語.xlsx,39知本卑南語,84,,
father,puy_tp,ama,excel,04-01,爸爸,,2026學習詞表-39知本卑南語.xlsx,39知本卑南語,87,,
mother,puy_tp,ina,excel,04-02,媽媽,,2026學習詞表-39知本卑南語.xlsx,39知本卑南語,88,,
wife,puy_tp,turumaʼan,excel,04-07,配偶,,2026學習詞表-39知本卑南語.xlsx,39知本卑南語,93,,
husband,puy_tp,turumaʼan,excel,04-07,配偶,,2026學習詞表-39知本卑南語.xlsx,39知本卑南語,93,,
wife,puy_tp,turumaʼan,excel,04-15,丈夫/妻子/配偶,,2026學習詞表-39知本卑南語.xlsx,39知本卑南語,101,,
husband,puy_tp,turumaʼan,excel,04-15,丈夫/妻子/配偶,,2026學習詞表-39知本卑南語.xlsx,39知本卑南語,101,,
name,puy_tp,ngadan,excel,05-01,名字,,2026學習詞表-39知本卑南語.xlsx,39知本卑南語,114,,
child,puy_tp,lralrak,excel,05-05,孩童,,2026學習詞表-39知本卑南語.xlsx,39知本卑南語,118,,
woman,puy_tp,vavayan,excel,05-07,女性,,2026學習詞表-39知本卑南語.xlsx,39知本卑南語,120,,
man,puy_tp,maʼinay,excel,05-08,男性,,2026學習詞表-39知本卑南語.xlsx,39知本卑南語,121,,
person,puy_tp,trau,excel,05-09,人,,2026學習詞表-39知本卑南語.xlsx,39知本卑南語,122,,
ear,puy_tp,tralinga,excel,06-01,耳朵,,2026學習詞表-39知本卑南語.xlsx,39知本卑南語,140,,
leg,puy_tp,paʼa,excel,06-02,大腿,,2026學習詞表-39知本卑南語.xlsx,39知本卑南語,141,,
eye,puy_tp,matra,excel,06-03,眼睛,,2026學習詞表-39知本卑南語.xlsx,39知本卑南語,142,,
mouth,puy_tp,udung,excel,06-05,嘴巴,,2026學習詞表-39知本卑南語.xlsx,39知本卑南語,144,,
head,puy_tp,tranguruʼ,excel,06-06,頭,,2026學習詞表-39知本卑南語.xlsx,39知本卑南語,145,,
fingernail,puy_tp,hamay,excel,06-07,指甲,,2026學習詞表-39知本卑南語.xlsx,39知本卑南語,146,,
hand,puy_tp,lima,excel,06-08,手,,2026學習詞表-39知本卑南語.xlsx,39知本卑南語,147,,
nose,puy_tp,ungetran,excel,06-10,鼻子,,2026學習詞表-39知本卑南語.xlsx,39知本卑南語,149,,
foot,puy_tp,kuwi,excel,06-11,腳,,2026學習詞表-39知本卑南語.xlsx,39知本卑南語,150,,
tooth,puy_tp,walri,excel,06-12,牙齒,,2026學習詞表-39知本卑南語.xlsx,39知本卑南語,151,,
hair,puy_tp,ʼarevu,excel,06-13,頭髮,,2026學習詞表-39知本卑南語.xlsx,39知本卑南語,152,,
blood,puy_tp,daraʼ / tu’u,excel,06-14,血,,2026學習詞表-39知本卑南語.xlsx,39知本卑南語,153,,
belly,puy_tp,tiyalr,excel,06-17,肚子,,2026學習詞表-39知本卑南語.xlsx,39知本卑南語,156,,
breast,puy_tp,susu,excel,06-18,乳房,,2026學習詞表-39知本卑南語.xlsx,39知本卑南語,157,,
back,puy_tp,likuzan,excel,06-22,背部,,2026學習詞表-39知本卑南語.xlsx,39知本卑南語,161,,
skin,puy_tp,luvitr,excel,06-23,皮,,2026學習詞表-39知本卑南語.xlsx,39知本卑南語,162,,
heart,puy_tp,ʼavuvung,excel,06-28,心臟,,2026學習詞表-39知本卑南語.xlsx,39知本卑南語,167,,
knee,puy_tp,vulan,excel,06-31,膝蓋,,2026學習詞表-39知本卑南語.xlsx,39知本卑南語,170,,
liver,puy_tp,ʼatray,excel,06-34,肝臟,,2026學習詞表-39知本卑南語.xlsx,39知本卑南語,173,,
fat,puy_tp,lrawlraw,excel,06-37,油脂,,2026學習詞表-39知本卑南語.xlsx,39知本卑南語,176,,
tongue,puy_tp,lidam,excel,06-42,舌頭,,2026學習詞表-39知本卑南語.xlsx,39知本卑南語,181,,
neck,puy_tp,niʼen,excel,06-47,脖子,,2026學習詞表-39知本卑南語.xlsx,39知本卑南語,186,,
tail,puy_tp,ikur,excel,07-01,尾巴,,2026學習詞表-39知本卑南語.xlsx,39知本卑南語,197,,
dog,puy_tp,suwan,excel,07-03,狗,,2026學習詞表-39知本卑南語.xlsx,39知本卑南語,199,,
bird,puy_tp,ʼayam,excel,07-06,鳥,,2026學習詞表-39知本卑南語.xlsx,39知本卑南語,202,,
fish,puy_tp,vulraw,excel,07-07,魚,,2026學習詞表-39知本卑南語.xlsx,39知本卑南語,203,,
snake,puy_tp,unan,excel,07-19,蛇,,2026學習詞表-39知本卑南語.xlsx,39知本卑南語,215,,
louse,puy_tp,kutru,excel,07-33,頭蝨,,2026學習詞表-39知本卑南語.xlsx,39知本卑南語,229,,
worm,puy_tp,utati,excel,07-39,蚯蚓,,2026學習詞表-39知本卑南語.xlsx,39知本卑南語,235,,
wing,puy_tp,pakpak ∕ kapkap,excel,07-49,翅膀,,2026學習詞表-39知本卑南語.xlsx,39知本卑南語,245,,
bird,puy_tp,ʼayam,excel,07-57,鳥類,,2026學習詞表-39知本卑南語.xlsx,39知本卑南語,253,,
horn,puy_tp,suʼang,excel,07-64,(動物的)角,,2026學習詞表-39知本卑南語.xlsx,39知本卑南語,260,,
tree,puy_tp,kawi,excel,08-03,樹,,2026學習詞表-39知本卑南語.xlsx,39知本卑南語,265,,
leaf,puy_tp,viraʼ,excel,08-06,葉子,,2026學習詞表-39知本卑南語.xlsx,39知本卑南語,268,,
flower,puy_tp,ʼaputr,excel,08-09,花朵,,2026學習詞表-39知本卑南語.xlsx,39知本卑南語,271,,
stick,puy_tp,saʼaz,excel,08-15,樹枝,,2026學習詞表-39知本卑南語.xlsx,39知本卑南語,277,,
fruit,puy_tp,vuwaʼ,excel,08-16,(植物的)果實,,2026學習詞表-39知本卑南語.xlsx,39知本卑南語,278,,
grass,puy_tp,tralunan,excel,08-20,草,,2026學習詞表-39知本卑南語.xlsx,39知本卑南語,282,,
fruit,puy_tp,inaekan na vuwaʼ,excel,08-24,水果,,2026學習詞表-39知本卑南語.xlsx,39知本卑南語,286,,
root,puy_tp,rami,excel,08-28,樹根,,2026學習詞表-39知本卑南語.xlsx,39知本卑南語,290,,
seed,puy_tp,ʼapapiyar,excel,08-44,種子,,2026學習詞表-39知本卑南語.xlsx,39知本卑南語,306,,
rope,puy_tp,tiluʼ,excel,09-15,繩索,,2026學習詞表-39知本卑南語.xlsx,39知本卑南語,335,,
stick,puy_tp,saʼaz,excel,09-18,枝條,,2026學習詞表-39知本卑南語.xlsx,39知本卑南語,338,,
ash,puy_tp,nasuk,excel,09-49,炭灰,,2026學習詞表-39知本卑南語.xlsx,39知本卑南語,369,,
road,puy_tp,dalan/ dadalan,excel,10-01,道路,,2026學習詞表-39知本卑南語.xlsx,39知本卑南語,393,,
wind,puy_tp,vali,excel,10-04,風,,2026學習詞表-39知本卑南語.xlsx,39知本卑南語,396,,
sand,puy_tp,vutrek,excel,10-05,沙子,,2026學習詞表-39知本卑南語.xlsx,39知本卑南語,397,,
earth,puy_tp,dareʼ,excel,10-06,泥土,,2026學習詞表-39知本卑南語.xlsx,39知本卑南語,398,,
river,puy_tp,zinanuman,excel,10-07,河流,,2026學習詞表-39知本卑南語.xlsx,39知本卑南語,399,,
lake,puy_tp,danaw,excel,10-08,湖泊,,2026學習詞表-39知本卑南語.xlsx,39知本卑南語,400,,
forest,puy_tp,kawikawiyan,excel,10-09,森林,,2026學習詞表-39知本卑南語.xlsx,39知本卑南語,401,,
sun,puy_tp,kadaw,excel,11-02,太陽,,2026學習詞表-39知本卑南語.xlsx,39知本卑南語,417,,
moon,puy_tp,ʼilras,excel,11-03,月亮,,2026學習詞表-39知本卑南語.xlsx,39知本卑南語,418,,
sky,puy_tp,rukup,excel,11-04,天空,,2026學習詞表-39知本卑南語.xlsx,39知本卑南語,419,,
star,puy_tp,vituʼen,excel,11-05,星星,,2026學習詞表-39知本卑南語.xlsx,39知本卑南語,420,,
rain,puy_tp,ʼudalr,excel,11-06,雨,,2026學習詞表-39知本卑南語.xlsx,39知本卑南語,421,,
snow,puy_tp,urelra,excel,11-07,雪,,2026學習詞表-39知本卑南語.xlsx,39知本卑南語,422,,
cloud,puy_tp,runev,excel,11-12,雲,,2026學習詞表-39知本卑南語.xlsx,39知本卑南語,427,,
smoke,puy_tp,ʼasevan,excel,11-13,煙,,2026學習詞表-39知本卑南語.xlsx,39知本卑南語,428,,
fire,puy_tp,apuy,excel,11-17,火,,2026學習詞表-39知本卑南語.xlsx,39知本卑南語,432,,
ice,puy_tp,kuli,excel,11-18,冰,,2026學習詞表-39知本卑南語.xlsx,39知本卑南語,433,,
stone,puy_tp,varasaʼ,excel,12-05,石頭,,2026學習詞表-39知本卑南語.xlsx,39知本卑南語,454,,
night,puy_tp,karauv,excel,13-02,晚上,,2026學習詞表-39知本卑南語.xlsx,39知本卑南語,471,,
day,puy_tp,ʼuninan,excel,13-07,白天；白晝,,2026學習詞表-39知本卑南語.xlsx,39知本卑南語,476,,
night,puy_tp,ʼesunganan,excel,13-22,夜,,2026學習詞表-39知本卑南語.xlsx,39知本卑南語,491,,
year,puy_tp,ʼami,excel,13-28,年;歲,,2026學習詞表-39知本卑南語.xlsx,39知本卑南語,497,,
in,puy_tp,savak,excel,14-01,裡面;內,,2026學習詞表-39知本卑南語.xlsx,39知本卑南語,502,,
at,puy_tp,ulra i iyan,excel,14-02,在某處,,2026學習詞表-39知本卑南語.xlsx,39知本卑南語,503,,
right,puy_tp,tarawalran,excel,14-10,右邊,,2026學習詞表-39知本卑南語.xlsx,39知本卑南語,511,,
left,puy_tp,tarawiri,excel,14-11,左邊,,2026學習詞表-39知本卑南語.xlsx,39知本卑南語,512,,
water,puy_tp,zanum,excel,21-02,水,,2026學習詞表-39知本卑南語.xlsx,39知本卑南語,601,,
salt,puy_tp,ʼateri,excel,21-07,鹽,,2026學習詞表-39知本卑南語.xlsx,39知本卑南語,606,,
egg,puy_tp,vetrinun,excel,21-09,蛋,,2026學習詞表-39知本卑南語.xlsx,39知本卑南語,608,,
white,puy_tp,velretriʼ,excel,22-01,白色,,2026學習詞表-39知本卑南語.xlsx,39知本卑南語,626,,
black,puy_tp,ʼuzeʼuzem,excel,22-02,黑色,,2026學習詞表-39知本卑南語.xlsx,39知本卑南語,627,,
red,puy_tp,zangzarang,excel,22-03,紅色,,2026學習詞表-39知本卑南語.xlsx,39知本卑南語,628,,
yellow,puy_tp,maluluʼ,excel,22-05,黃色的,,2026學習詞表-39知本卑南語.xlsx,39知本卑南語,630,,
green,puy_tp,remaʼat,excel,22-08,綠色,,2026學習詞表-39知本卑南語.xlsx,39知本卑南語,633,,
give,puy_tp,veray,excel,25-07,給;贈,,2026學習詞表-39知本卑南語.xlsx,39知本卑南語,663,,
come,puy_tp,zuwa,excel,25-08,來,,2026學習詞表-39知本卑南語.xlsx,39知本卑南語,664,,
walk,puy_tp,kemakawang,excel,25-10,走路,,2026學習詞表-39知本卑南語.xlsx,39知本卑南語,666,,
fly,puy_tp,muvii,excel,25-12,飛,,2026學習詞表-39知本卑南語.xlsx,39知本卑南語,668,,
fall,puy_tp,mutrerah,excel,25-26,掉落,,2026學習詞表-39知本卑南語.xlsx,39知本卑南語,682,,
sit,puy_tp,kemayan,excel,25-43,坐著,,2026學習詞表-39知本卑南語.xlsx,39知本卑南語,699,,
stand,puy_tp,matikeriz,excel,25-44,站著,,2026學習詞表-39知本卑南語.xlsx,39知本卑南語,700,,
sit,puy_tp,kayan,excel,26-03,坐下,,2026學習詞表-39知本卑南語.xlsx,39知本卑南語,712,,
hit,puy_tp,temenged (za trau),excel,26-08,打(人),,2026學習詞表-39知本卑南語.xlsx,39知本卑南語,717,,
stab,puy_tp,ʼemilrus,excel,26-09,刺,,2026學習詞表-39知本卑南語.xlsx,39知本卑南語,718,,
push,puy_tp,semekesek,excel,26-13,推,,2026學習詞表-39知本卑南語.xlsx,39知本卑南語,722,,
scratch,puy_tp,pahatrel,excel,26-18,抓癢,,2026學習詞表-39知本卑南語.xlsx,39知本卑南語,727,,
lie,puy_tp,miʼezeng,excel,26-20,躺,,2026學習詞表-39知本卑南語.xlsx,39知本卑南語,729,,
blow,puy_tp,miyup,excel,26-28,吹,,2026學習詞表-39知本卑南語.xlsx,39知本卑南語,737,,
dig,puy_tp,kerutr,excel,26-29,挖;掘,,2026學習詞表-39知本卑南語.xlsx,39知本卑南語,738,,
cut,puy_tp,ketket,excel,26-30,切,,2026學習詞表-39知本卑南語.xlsx,39知本卑南語,739,,
swim,puy_tp,pakulima,excel,26-31,游泳,,2026學習詞表-39知本卑南語.xlsx,39知本卑南語,740,,
split,puy_tp,pisa’aw,excel,26-37,剖半;劈柴,,2026學習詞表-39知本卑南語.xlsx,39知本卑南語,746,,
tie,puy_tp,vinetevet,excel,26-38,綁住,,2026學習詞表-39知本卑南語.xlsx,39知本卑南語,747,,
pull,puy_tp,kezeng,excel,26-39,拉,,2026學習詞表-39知本卑南語.xlsx,39知本卑南語,748,,
split,puy_tp,trekav,excel,26-40,劈(木材),,2026學習詞表-39知本卑南語.xlsx,39知本卑南語,749,,
hold,puy_tp,kemilrakilr,excel,26-42,提著,,2026學習詞表-39知本卑南語.xlsx,39知本卑南語,751,,
hold,puy_tp,demikes,excel,26-43,拿著;摸著,,2026學習詞表-39知本卑南語.xlsx,39知本卑南語,752,,
tie,puy_tp,vetru’,excel,26-44,綁;束,,2026學習詞表-39知本卑南語.xlsx,39知本卑南語,753,,
scratch,puy_tp,pahatrel,excel,26-56,搔癢,,2026學習詞表-39知本卑南語.xlsx,39知本卑南語,765,,
rub,puy_tp,mesmes za kavang,excel,26-85,揉搓(衣物),,2026學習詞表-39知本卑南語.xlsx,39知本卑南語,794,,
lie,puy_tp,mikakidir,excel,26-88,側臥,,2026學習詞表-39知本卑南語.xlsx,39知本卑南語,797,,
fight,puy_tp,matatengez ; makaselru,excel,26-96,打架;吵架,,2026學習詞表-39知本卑南語.xlsx,39知本卑南語,805,,
squeeze,puy_tp,papere’,excel,26-97,擠,,2026學習詞表-39知本卑南語.xlsx,39知本卑南語,806,擠(奶),
pull,puy_tp,kemezeng,excel,26-99,拉;牽,,2026學習詞表-39知本卑南語.xlsx,39知本卑南語,808,,
dig,puy_tp,kemulrkulr,excel,26-100,挖掘,,2026學習詞表-39知本卑南語.xlsx,39知本卑南語,809,,
stand,puy_tp,katikeriz,excel,26-105,起立,,2026學習詞表-39知本卑南語.xlsx,39知本卑南語,814,,
eat,puy_tp,mekan,excel,27-01,吃,,2026學習詞表-39知本卑南語.xlsx,39知本卑南語,816,,
suck,puy_tp,semirep,excel,27-02,吸,,2026學習詞表-39知本卑南語.xlsx,39知本卑南語,817,,
drink,puy_tp,ʼemawu,excel,27-03,喝,,2026學習詞表-39知本卑南語.xlsx,39知本卑南語,818,,
vomit,puy_tp,uta’,excel,27-04,吐出來,,2026學習詞表-39知本卑南語.xlsx,39知本卑南語,819,祈使(命令),
bite,puy_tp,karatr,excel,27-05,咬,,2026學習詞表-39知本卑南語.xlsx,39知本卑南語,820,,
eat,puy_tp,ekan / akan,excel,27-15,吃,,2026學習詞表-39知本卑南語.xlsx,39知本卑南語,830,,
know,puy_tp,mazalram,excel,28-02,知道,,2026學習詞表-39知本卑南語.xlsx,39知本卑南語,836,,
see,puy_tp,menaʼu,excel,28-03,看,,2026學習詞表-39知本卑南語.xlsx,39知本卑南語,837,,
say,puy_tp,marengay,excel,28-04,說;講,,2026學習詞表-39知本卑南語.xlsx,39知本卑南語,838,,
smell,puy_tp,tremaulr,excel,28-07,聞味,,2026學習詞表-39知本卑南語.xlsx,39知本卑南語,841,,
say,puy_tp,mumalr,excel,28-11,告訴;說話,,2026學習詞表-39知本卑南語.xlsx,39知本卑南語,845,,
hear,puy_tp,kinger,excel,28-19,聽,,2026學習詞表-39知本卑南語.xlsx,39知本卑南語,853,,
fear,puy_tp,makaud,excel,29-02,害怕,,2026學習詞表-39知本卑南語.xlsx,39知本卑南語,866,,
wash,puy_tp,remames,excel,30-02,洗(衣物),,2026學習詞表-39知本卑南語.xlsx,39知本卑南語,876,,
sleep,puy_tp,alrupeʼ,excel,30-09,睡覺,,2026學習詞表-39知本卑南語.xlsx,39知本卑南語,883,,
kill,puy_tp,pisa’aw ; tremuwak,excel,30-10,剖、宰殺,,2026學習詞表-39知本卑南語.xlsx,39知本卑南語,884,,
lie,puy_tp,miyahayang,excel,30-16,躺臥,,2026學習詞表-39知本卑南語.xlsx,39知本卑南語,890,仰躺,
burn,puy_tp,semulretr,excel,30-20,焚燒,,2026學習詞表-39知本卑南語.xlsx,39知本卑南語,894,,
hunt,puy_tp,penapetrir,excel,30-25,設陷阱,,2026學習詞表-39知本卑南語.xlsx,39知本卑南語,899,,
burn,puy_tp,rimenang,excel,30-54,燃燒;火旺,,2026學習詞表-39知本卑南語.xlsx,39知本卑南語,928,,
sing,puy_tp,semenay,excel,30-64,唱歌,,2026學習詞表-39知本卑南語.xlsx,39知本卑南語,938,,
play,puy_tp,ciyauci,excel,30-65,扮家家,,2026學習詞表-39知本卑南語.xlsx,39知本卑南語,939,(日語),
die,puy_tp,minatray,excel,31-01,死亡,,2026學習詞表-39知本卑南語.xlsx,39知本卑南語,941,,
live,puy_tp,vaavaaw ; ma’ama’at,excel,31-08,活的、未熟的,,2026學習詞表-39知本卑南語.xlsx,39知本卑南語,948,活的 ; mangde未成熟的果實,
heavy,puy_tp,ika'aluzun,excel,32-02,重(重量),,2026學習詞表-39知本卑南語.xlsx,39知本卑南語,963,,
big,puy_tp,maʼizang,excel,32-05,大,,2026學習詞表-39知本卑南語.xlsx,39知本卑南語,966,,
cold,puy_tp,lritek,excel,32-08,冷,,2026學習詞表-39知本卑南語.xlsx,39知本卑南語,969,,
small,puy_tp,makiteng,excel,32-09,小的,,2026學習詞表-39知本卑南語.xlsx,39知本卑南語,970,,
many,puy_tp,sazu,excel,32-10,多,,2026學習詞表-39知本卑南語.xlsx,39知本卑南語,971,,
cold,puy_tp,tralringtring,excel,32-12,冰冷,,2026學習詞表-39知本卑南語.xlsx,39知本卑南語,973,,
few,puy_tp,saeman,excel,32-14,少的,,2026學習詞表-39知本卑南語.xlsx,39知本卑南語,975,,
laugh,puy_tp,liked,excel,32-16,笑,,2026學習詞表-39知本卑南語.xlsx,39知本卑南語,977,,
wet,puy_tp,sapeneʼ,excel,32-17,濕的,,2026學習詞表-39知本卑南語.xlsx,39知本卑南語,978,,
thick,puy_tp,kezemel,excel,32-19,厚的;粗的,,2026學習詞表-39知本卑南語.xlsx,39知本卑南語,980,,
thin,puy_tp,alripit,excel,32-21,薄的,,2026學習詞表-39知本卑南語.xlsx,39知本卑南語,982,,
dirty,puy_tp,savava’ar,excel,32-22,髒(令人作噁),,2026學習詞表-39知本卑南語.xlsx,39知本卑南語,983,,
dry,puy_tp,trarangetrang,excel,32-28,乾的,,2026學習詞表-39知本卑南語.xlsx,39知本卑南語,989,(衣物),
new,puy_tp,vekal,excel,32-31,新的,,2026學習詞表-39知本卑南語.xlsx,39知本卑南語,992,,
old,puy_tp,maluman,excel,32-32,舊的,,2026學習詞表-39知本卑南語.xlsx,39知本卑南語,993,,
near,puy_tp,adalrep,excel,32-33,近,,2026學習詞表-39知本卑南語.xlsx,39知本卑南語,994,,
bad,puy_tp,muranak/kuwatreng,excel,32-35,壞的;不好的,,2026學習詞表-39知本卑南語.xlsx,39知本卑南語,996,,
far,puy_tp,adawilr,excel,32-37,遠,,2026學習詞表-39知本卑南語.xlsx,39知本卑南語,998,,
swell,puy_tp,venareʼ,excel,32-38,腫,,2026學習詞表-39知本卑南語.xlsx,39知本卑南語,999,,
smooth,puy_tp,dalus,excel,32-44,滑,,2026學習詞表-39知本卑南語.xlsx,39知本卑南語,1005,,
warm,puy_tp,sadeku,excel,32-56,暖和,,2026學習詞表-39知本卑南語.xlsx,39知本卑南語,1017,,
dull,puy_tp,muizel,excel,32-57,鈍的,,2026學習詞表-39知本卑南語.xlsx,39知本卑南語,1018,’azi izangan,
straight,puy_tp,patezelr ; pamaw,excel,32-65,直/正確,,2026學習詞表-39知本卑南語.xlsx,39知本卑南語,1026,,
full,puy_tp,matemuy lra,excel,32-66,滿了,,2026學習詞表-39知本卑南語.xlsx,39知本卑南語,1027,,
wide,puy_tp,lawas,excel,32-68,(空間)寬敞,,2026學習詞表-39知本卑南語.xlsx,39知本卑南語,1029,,
straight,puy_tp,pamaw,excel,32-69,直的、正確、正直,,2026學習詞表-39知本卑南語.xlsx,39知本卑南語,1030,patezelr ; penatezelr,
correct,puy_tp,pamaw,excel,32-69,直的、正確、正直,,2026學習詞表-39知本卑南語.xlsx,39知本卑南語,1030,patezelr ; penatezelr,
wide,puy_tp,lawas,excel,32-73,寬的,,2026學習詞表-39知本卑南語.xlsx,39知本卑南語,1034,,
long,puy_tp,tatelraw,excel,32-74,長的,,2026學習詞表-39知本卑南語.xlsx,39知本卑南語,1035,,
short,puy_tp,lriketri,excel,32-76,短的,,2026學習詞表-39知本卑南語.xlsx,39知本卑南語,1037,,
full,puy_tp,matemuy,excel,32-79,滿滿,,2026學習詞表-39知本卑南語.xlsx,39知本卑南語,1040,,
wipe,puy_tp,mitrul,excel,33-06,擦拭,,2026學習詞表-39知本卑南語.xlsx,39知本卑南語,1048,,
throw,puy_tp,’atelran,excel,34-19,丟棄,,2026學習詞表-39知本卑南語.xlsx,39知本卑南語,1069,,
count,puy_tp,miyup,excel,34-29,數;念,,2026學習詞表-39知本卑南語.xlsx,39知本卑南語,1079,,
not,puy_tp,melri,excel,35-03,不是(回答用),,2026學習詞表-39知本卑南語.xlsx,39知本卑南語,1092,,
because,puy_tp,alra kana,excel,36-05,因為,,2026學習詞表-39知本卑南語.xlsx,39知本卑南語,1101,,
and,puy_tp,za / zi,excel,36-18,和,,2026學習詞表-39知本卑南語.xlsx,39知本卑南語,1114,,
if,puy_tp,nuy,excel,36-22,如果,,2026學習詞表-39知本卑南語.xlsx,39知本卑南語,1118,,
all,puy_tp,papiya ;  peniya,excel,36-28,都;全部,,2026學習詞表-39知本卑南語.xlsx,39知本卑南語,1124,全部(人)/全部(物),
at,puy_tp,kazu ; ulra,excel,36-35,在;有,,2026學習詞表-39知本卑南語.xlsx,39知本卑南語,1131,,
one,puy_ws,sa/isa,excel,01-01,一,,2026學習詞表-40西群卑南語.xlsx,40西群卑南語,5,,
two,puy_ws,zuwa,excel,01-02,二,,2026學習詞表-40西群卑南語.xlsx,40西群卑南語,6,,
three,puy_ws,telu,excel,01-03,三,,2026學習詞表-40西群卑南語.xlsx,40西群卑南語,7,,
four,puy_ws,pat,excel,01-04,四,,2026學習詞表-40西群卑南語.xlsx,40西群卑南語,8,,
five,puy_ws,lima,excel,01-05,五,,2026學習詞表-40西群卑南語.xlsx,40西群卑南語,9,,
six,puy_ws,enem,excel,01-06,六,,2026學習詞表-40西群卑南語.xlsx,40西群卑南語,10,,
seven,puy_ws,pitu,excel,01-07,七,,2026學習詞表-40西群卑南語.xlsx,40西群卑南語,11,,
eight,puy_ws,walu,excel,01-08,八,,2026學習詞表-40西群卑南語.xlsx,40西群卑南語,12,,
nine,puy_ws,iwa,excel,01-09,九,,2026學習詞表-40西群卑南語.xlsx,40西群卑南語,13,,
ten,puy_ws,puluʼ,excel,01-10,十,,2026學習詞表-40西群卑南語.xlsx,40西群卑南語,14,,
twenty,puy_ws,zuwa puluʼ/makavetraʼan,excel,01-20,二十,,2026學習詞表-40西群卑南語.xlsx,40西群卑南語,24,,
hundred,puy_ws,leman,excel,01-34,百,,2026學習詞表-40西群卑南語.xlsx,40西群卑南語,38,,
hundred,puy_ws,sa leman,excel,01-35,一百,,2026學習詞表-40西群卑南語.xlsx,40西群卑南語,39,,
few,puy_ws,saeman,excel,01-38,很少,,2026學習詞表-40西群卑南語.xlsx,40西群卑南語,42,saema初鹿用語(待確認)；指物品數量很少,
all,puy_ws,peniya,excel,01-43,全部,,2026學習詞表-40西群卑南語.xlsx,40西群卑南語,47,數物；papiya/mapiya都是數人,
few,puy_ws,pakiwalay,excel,01-44,一點點,,2026學習詞表-40西群卑南語.xlsx,40西群卑南語,48,指程度,
you_singular,puy_ws,inu,excel,02-01,你,,2026學習詞表-40西群卑南語.xlsx,40西群卑南語,51,,
i,puy_ws,inku,excel,02-02,我,,2026學習詞表-40西群卑南語.xlsx,40西群卑南語,52,,
he,puy_ws,intaw,excel,02-03,他,,2026學習詞表-40西群卑南語.xlsx,40西群卑南語,53,,
you_plural,puy_ws,inmu,excel,02-04,你們,,2026學習詞表-40西群卑南語.xlsx,40西群卑南語,54,,
we,puy_ws,iniyam,excel,02-05,我們,,2026學習詞表-40西群卑南語.xlsx,40西群卑南語,55,iniyam我們(排除式),
they,puy_ws,naziyu/nazu,excel,02-06,他們,,2026學習詞表-40西群卑南語.xlsx,40西群卑南語,56,,
we,puy_ws,iniyam,excel,02-13,我們(排除式),,2026學習詞表-40西群卑南語.xlsx,40西群卑南語,63,,
we,puy_ws,inta,excel,02-14,我們(包含式),,2026學習詞表-40西群卑南語.xlsx,40西群卑南語,64,,
that,puy_ws,iziyu,excel,02-16,那個,,2026學習詞表-40西群卑南語.xlsx,40西群卑南語,66,單數,
this,puy_ws,ini,excel,02-17,這個,,2026學習詞表-40西群卑南語.xlsx,40西群卑南語,67,單數,
here,puy_ws,kani,excel,02-18,這裡,,2026學習詞表-40西群卑南語.xlsx,40西群卑南語,68,,
there,puy_ws,kaziyu,excel,02-19,那裡,,2026學習詞表-40西群卑南語.xlsx,40西群卑南語,69,,
what,puy_ws,eman,excel,03-02,什麼,,2026學習詞表-40西群卑南語.xlsx,40西群卑南語,73,,
how,puy_ws,kemuda,excel,03-03,怎麼,,2026學習詞表-40西群卑南語.xlsx,40西群卑南語,74,,
when,puy_ws,nu aidan,excel,03-04,何時(未發生),,2026學習詞表-40西群卑南語.xlsx,40西群卑南語,75,,
who,puy_ws,i eman,excel,03-05,誰,,2026學習詞表-40西群卑南語.xlsx,40西群卑南語,76,,
where,puy_ws,iyan,excel,03-07,哪裡；何處,,2026學習詞表-40西群卑南語.xlsx,40西群卑南語,78,,
where,puy_ws,i iyan,excel,03-12,什麼地方,,2026學習詞表-40西群卑南語.xlsx,40西群卑南語,83,,
when,puy_ws,a aidan,excel,03-13,何時(已發生),,2026學習詞表-40西群卑南語.xlsx,40西群卑南語,84,,
father,puy_ws,ama,excel,04-01,爸爸,,2026學習詞表-40西群卑南語.xlsx,40西群卑南語,87,,
mother,puy_ws,ina,excel,04-02,媽媽,,2026學習詞表-40西群卑南語.xlsx,40西群卑南語,88,,
wife,puy_ws,ʼazin,excel,04-07,配偶,,2026學習詞表-40西群卑南語.xlsx,40西群卑南語,93,,
husband,puy_ws,ʼazin,excel,04-07,配偶,,2026學習詞表-40西群卑南語.xlsx,40西群卑南語,93,,
wife,puy_ws,ʼazin,excel,04-15,丈夫/妻子/配偶,,2026學習詞表-40西群卑南語.xlsx,40西群卑南語,101,,
husband,puy_ws,ʼazin,excel,04-15,丈夫/妻子/配偶,,2026學習詞表-40西群卑南語.xlsx,40西群卑南語,101,,
name,puy_ws,ngadan,excel,05-01,名字,,2026學習詞表-40西群卑南語.xlsx,40西群卑南語,114,,
child,puy_ws,alrak,excel,05-05,孩童,,2026學習詞表-40西群卑南語.xlsx,40西群卑南語,118,,
woman,puy_ws,vavay,excel,05-07,女性,,2026學習詞表-40西群卑南語.xlsx,40西群卑南語,120,,
man,puy_ws,maʼinay,excel,05-08,男性,,2026學習詞表-40西群卑南語.xlsx,40西群卑南語,121,,
person,puy_ws,trau,excel,05-09,人,,2026學習詞表-40西群卑南語.xlsx,40西群卑南語,122,,
ear,puy_ws,tralinga/trangila,excel,06-01,耳朵,,2026學習詞表-40西群卑南語.xlsx,40西群卑南語,140,,
leg,puy_ws,paʼa,excel,06-02,大腿,,2026學習詞表-40西群卑南語.xlsx,40西群卑南語,141,,
eye,puy_ws,matra,excel,06-03,眼睛,,2026學習詞表-40西群卑南語.xlsx,40西群卑南語,142,,
mouth,puy_ws,udung,excel,06-05,嘴巴,,2026學習詞表-40西群卑南語.xlsx,40西群卑南語,144,,
head,puy_ws,tranguruʼ,excel,06-06,頭,,2026學習詞表-40西群卑南語.xlsx,40西群卑南語,145,,
fingernail,puy_ws,hamay,excel,06-07,指甲,,2026學習詞表-40西群卑南語.xlsx,40西群卑南語,146,,
hand,puy_ws,lima,excel,06-08,手,,2026學習詞表-40西群卑南語.xlsx,40西群卑南語,147,,
nose,puy_ws,ungetran,excel,06-10,鼻子,,2026學習詞表-40西群卑南語.xlsx,40西群卑南語,149,,
foot,puy_ws,kuy/kuwi,excel,06-11,腳,,2026學習詞表-40西群卑南語.xlsx,40西群卑南語,150,,
tooth,puy_ws,walri,excel,06-12,牙齒,,2026學習詞表-40西群卑南語.xlsx,40西群卑南語,151,,
hair,puy_ws,ʼarevu,excel,06-13,頭髮,,2026學習詞表-40西群卑南語.xlsx,40西群卑南語,152,,
blood,puy_ws,daraʼ/damuk,excel,06-14,血,,2026學習詞表-40西群卑南語.xlsx,40西群卑南語,153,,
belly,puy_ws,tiyalr,excel,06-17,肚子,,2026學習詞表-40西群卑南語.xlsx,40西群卑南語,156,,
breast,puy_ws,susu,excel,06-18,乳房,,2026學習詞表-40西群卑南語.xlsx,40西群卑南語,157,,
back,puy_ws,likuzan,excel,06-22,背部,,2026學習詞表-40西群卑南語.xlsx,40西群卑南語,161,,
skin,puy_ws,luvitr,excel,06-23,皮,,2026學習詞表-40西群卑南語.xlsx,40西群卑南語,162,,
heart,puy_ws,mulududu/ʼavuvung/muluduludu,excel,06-28,心臟,,2026學習詞表-40西群卑南語.xlsx,40西群卑南語,167,,
knee,puy_ws,tuzu,excel,06-31,膝蓋,,2026學習詞表-40西群卑南語.xlsx,40西群卑南語,170,,
liver,puy_ws,ʼatray/rami,excel,06-34,肝臟,,2026學習詞表-40西群卑南語.xlsx,40西群卑南語,173,,
fat,puy_ws,imar/lrawlraw,excel,06-37,油脂,,2026學習詞表-40西群卑南語.xlsx,40西群卑南語,176,,
tongue,puy_ws,lidam,excel,06-42,舌頭,,2026學習詞表-40西群卑南語.xlsx,40西群卑南語,181,,
neck,puy_ws,niʼen,excel,06-47,脖子,,2026學習詞表-40西群卑南語.xlsx,40西群卑南語,186,,
tail,puy_ws,ikur,excel,07-01,尾巴,,2026學習詞表-40西群卑南語.xlsx,40西群卑南語,197,,
dog,puy_ws,suwan,excel,07-03,狗,,2026學習詞表-40西群卑南語.xlsx,40西群卑南語,199,,
bird,puy_ws,ʼayam,excel,07-06,鳥,,2026學習詞表-40西群卑南語.xlsx,40西群卑南語,202,,
fish,puy_ws,vulraw/kuraw,excel,07-07,魚,,2026學習詞表-40西群卑南語.xlsx,40西群卑南語,203,,
snake,puy_ws,unan,excel,07-19,蛇,,2026學習詞表-40西群卑南語.xlsx,40西群卑南語,215,,
louse,puy_ws,kutru,excel,07-33,頭蝨,,2026學習詞表-40西群卑南語.xlsx,40西群卑南語,229,,
worm,puy_ws,ʼutati,excel,07-39,蚯蚓,,2026學習詞表-40西群卑南語.xlsx,40西群卑南語,235,,
wing,puy_ws,pakpak/pakipak,excel,07-49,翅膀,,2026學習詞表-40西群卑南語.xlsx,40西群卑南語,245,,
bird,puy_ws,ʼayam,excel,07-57,鳥類,,2026學習詞表-40西群卑南語.xlsx,40西群卑南語,253,,
horn,puy_ws,suʼang,excel,07-64,(動物的)角,,2026學習詞表-40西群卑南語.xlsx,40西群卑南語,260,,
tree,puy_ws,kawi,excel,08-03,樹,,2026學習詞表-40西群卑南語.xlsx,40西群卑南語,265,,
leaf,puy_ws,truvu/viraʼ,excel,08-06,葉子,,2026學習詞表-40西群卑南語.xlsx,40西群卑南語,268,,
flower,puy_ws,ʼaputr,excel,08-09,花朵,,2026學習詞表-40西群卑南語.xlsx,40西群卑南語,271,,
stick,puy_ws,saʼaz,excel,08-15,樹枝,,2026學習詞表-40西群卑南語.xlsx,40西群卑南語,277,,
fruit,puy_ws,vuwaʼ,excel,08-16,(植物的)果實,,2026學習詞表-40西群卑南語.xlsx,40西群卑南語,278,,
grass,puy_ws,tralun,excel,08-20,草,,2026學習詞表-40西群卑南語.xlsx,40西群卑南語,282,,
fruit,puy_ws,inaekan na vuwaʼ,excel,08-24,水果,,2026學習詞表-40西群卑南語.xlsx,40西群卑南語,286,,
root,puy_ws,rami,excel,08-28,樹根,,2026學習詞表-40西群卑南語.xlsx,40西群卑南語,290,,
seed,puy_ws,ʼapiyar/viniʼ,excel,08-44,種子,,2026學習詞表-40西群卑南語.xlsx,40西群卑南語,306,,
rope,puy_ws,tatiluʼ,excel,09-15,繩索,,2026學習詞表-40西群卑南語.xlsx,40西群卑南語,335,,
stick,puy_ws,saʼaz,excel,09-18,枝條,,2026學習詞表-40西群卑南語.xlsx,40西群卑南語,338,,
ash,puy_ws,ʼavu,excel,09-49,炭灰,,2026學習詞表-40西群卑南語.xlsx,40西群卑南語,369,,
road,puy_ws,dalan,excel,10-01,道路,,2026學習詞表-40西群卑南語.xlsx,40西群卑南語,393,,
wind,puy_ws,vali,excel,10-04,風,,2026學習詞表-40西群卑南語.xlsx,40西群卑南語,396,,
sand,puy_ws,vutrek,excel,10-05,沙子,,2026學習詞表-40西群卑南語.xlsx,40西群卑南語,397,,
earth,puy_ws,dareʼ,excel,10-06,泥土,,2026學習詞表-40西群卑南語.xlsx,40西群卑南語,398,,
river,puy_ws,zinanuman,excel,10-07,河流,,2026學習詞表-40西群卑南語.xlsx,40西群卑南語,399,,
lake,puy_ws,danaw,excel,10-08,湖泊,,2026學習詞表-40西群卑南語.xlsx,40西群卑南語,400,,
forest,puy_ws,kawikawi,excel,10-09,森林,,2026學習詞表-40西群卑南語.xlsx,40西群卑南語,401,,
sun,puy_ws,kadaw/ʼunin,excel,11-02,太陽,,2026學習詞表-40西群卑南語.xlsx,40西群卑南語,417,,
moon,puy_ws,vulan,excel,11-03,月亮,,2026學習詞表-40西群卑南語.xlsx,40西群卑南語,418,,
sky,puy_ws,lingatr,excel,11-04,天空,,2026學習詞表-40西群卑南語.xlsx,40西群卑南語,419,,
star,puy_ws,vituʼen/triʼur,excel,11-05,星星,,2026學習詞表-40西群卑南語.xlsx,40西群卑南語,420,,
rain,puy_ws,ʼudalr,excel,11-06,雨,,2026學習詞表-40西群卑南語.xlsx,40西群卑南語,421,,
snow,puy_ws,urelra,excel,11-07,雪,,2026學習詞表-40西群卑南語.xlsx,40西群卑南語,422,,
cloud,puy_ws,kutrem,excel,11-12,雲,,2026學習詞表-40西群卑南語.xlsx,40西群卑南語,427,,
smoke,puy_ws,ʼasevan,excel,11-13,煙,,2026學習詞表-40西群卑南語.xlsx,40西群卑南語,428,,
fire,puy_ws,apuy,excel,11-17,火,,2026學習詞表-40西群卑南語.xlsx,40西群卑南語,432,,
ice,puy_ws,kuli,excel,11-18,冰,,2026學習詞表-40西群卑南語.xlsx,40西群卑南語,433,,
stone,puy_ws,varasaʼ,excel,12-05,石頭,,2026學習詞表-40西群卑南語.xlsx,40西群卑南語,454,,
night,puy_ws,karauv,excel,13-02,晚上,,2026學習詞表-40西群卑南語.xlsx,40西群卑南語,471,,
day,puy_ws,ʼuninan,excel,13-07,白天；白晝,,2026學習詞表-40西群卑南語.xlsx,40西群卑南語,476,,
night,puy_ws,ʼesungan,excel,13-22,夜,,2026學習詞表-40西群卑南語.xlsx,40西群卑南語,491,,
year,puy_ws,ʼami,excel,13-28,年;歲,,2026學習詞表-40西群卑南語.xlsx,40西群卑南語,497,,
in,puy_ws,savak,excel,14-01,裡面;內,,2026學習詞表-40西群卑南語.xlsx,40西群卑南語,502,,
at,puy_ws,i iyan,excel,14-02,在某處,,2026學習詞表-40西群卑南語.xlsx,40西群卑南語,503,,
right,puy_ws,tarawalran,excel,14-10,右邊,,2026學習詞表-40西群卑南語.xlsx,40西群卑南語,511,,
left,puy_ws,tarawiri,excel,14-11,左邊,,2026學習詞表-40西群卑南語.xlsx,40西群卑南語,512,,
water,puy_ws,zanum/ʼenay,excel,21-02,水,,2026學習詞表-40西群卑南語.xlsx,40西群卑南語,601,,
salt,puy_ws,iyam,excel,21-07,鹽,,2026學習詞表-40西群卑南語.xlsx,40西群卑南語,606,,
egg,puy_ws,vetrinun/trinun,excel,21-09,蛋,,2026學習詞表-40西群卑南語.xlsx,40西群卑南語,608,,
white,puy_ws,vulretriʼ,excel,22-01,白色,,2026學習詞表-40西群卑南語.xlsx,40西群卑南語,626,,
black,puy_ws,ʼuzeʼuzem,excel,22-02,黑色,,2026學習詞表-40西群卑南語.xlsx,40西群卑南語,627,,
red,puy_ws,zemiyar,excel,22-03,紅色,,2026學習詞表-40西群卑南語.xlsx,40西群卑南語,628,,
yellow,puy_ws,maluluʼ,excel,22-05,黃色的,,2026學習詞表-40西群卑南語.xlsx,40西群卑南語,630,,
green,puy_ws,meraʼat,excel,22-08,綠色,,2026學習詞表-40西群卑南語.xlsx,40西群卑南語,633,,
give,puy_ws,veray,excel,25-07,給;贈,,2026學習詞表-40西群卑南語.xlsx,40西群卑南語,663,,
come,puy_ws,zuwa,excel,25-08,來,,2026學習詞表-40西群卑南語.xlsx,40西群卑南語,664,,
walk,puy_ws,kawang,excel,25-10,走路,,2026學習詞表-40西群卑南語.xlsx,40西群卑南語,666,kemakawang,
fly,puy_ws,vii,excel,25-12,飛,,2026學習詞表-40西群卑南語.xlsx,40西群卑南語,668,muvii,
fall,puy_ws,mutrerah,excel,25-26,掉落,,2026學習詞表-40西群卑南語.xlsx,40西群卑南語,682,,
sit,puy_ws,kemayan,excel,25-43,坐著,,2026學習詞表-40西群卑南語.xlsx,40西群卑南語,699,,
stand,puy_ws,matikezir/maketizir,excel,25-44,站著,,2026學習詞表-40西群卑南語.xlsx,40西群卑南語,700,,
sit,puy_ws,kayan,excel,26-03,坐下,,2026學習詞表-40西群卑南語.xlsx,40西群卑南語,712,,
hit,puy_ws,pukpuk,excel,26-08,打(人),,2026學習詞表-40西群卑南語.xlsx,40西群卑南語,717,,
stab,puy_ws,ilrus,excel,26-09,刺,,2026學習詞表-40西群卑南語.xlsx,40西群卑南語,718,,
push,puy_ws,sukun,excel,26-13,推,,2026學習詞表-40西群卑南語.xlsx,40西群卑南語,722,,
scratch,puy_ws,pahatrel,excel,26-18,抓癢,,2026學習詞表-40西群卑南語.xlsx,40西群卑南語,727,,
lie,puy_ws,iʼezeng,excel,26-20,躺,,2026學習詞表-40西群卑南語.xlsx,40西群卑南語,729,,
blow,puy_ws,iyup,excel,26-28,吹,,2026學習詞表-40西群卑南語.xlsx,40西群卑南語,737,,
dig,puy_ws,kerutr,excel,26-29,挖;掘,,2026學習詞表-40西群卑南語.xlsx,40西群卑南語,738,,
cut,puy_ws,ketket,excel,26-30,切,,2026學習詞表-40西群卑南語.xlsx,40西群卑南語,739,,
swim,puy_ws,lranguy,excel,26-31,游泳,,2026學習詞表-40西群卑南語.xlsx,40西群卑南語,740,melranguy,
split,puy_ws,pisaʼ,excel,26-37,剖半;劈柴,,2026學習詞表-40西群卑南語.xlsx,40西群卑南語,746,,
tie,puy_ws,vetvet,excel,26-38,綁住,,2026學習詞表-40西群卑南語.xlsx,40西群卑南語,747,,
pull,puy_ws,kezeng,excel,26-39,拉,,2026學習詞表-40西群卑南語.xlsx,40西群卑南語,748,,
split,puy_ws,trekav,excel,26-40,劈(木材),,2026學習詞表-40西群卑南語.xlsx,40西群卑南語,749,,
hold,puy_ws,tringatring/trilrtrilr,excel,26-42,提著,,2026學習詞表-40西群卑南語.xlsx,40西群卑南語,751,,
hold,puy_ws,dikes,excel,26-43,拿著;摸著,,2026學習詞表-40西群卑南語.xlsx,40西群卑南語,752,,
tie,puy_ws,vetuʼ,excel,26-44,綁;束,,2026學習詞表-40西群卑南語.xlsx,40西群卑南語,753,,
scratch,puy_ws,pahatrel,excel,26-56,搔癢,,2026學習詞表-40西群卑南語.xlsx,40西群卑南語,765,,
rub,puy_ws,lrutrelrutr,excel,26-85,揉搓(衣物),,2026學習詞表-40西群卑南語.xlsx,40西群卑南語,794,,
lie,puy_ws,kidir,excel,26-88,側臥,,2026學習詞表-40西群卑南語.xlsx,40西群卑南語,797,,
fight,puy_ws,liʼus,excel,26-96,打架;吵架,,2026學習詞表-40西群卑南語.xlsx,40西群卑南語,805,,
squeeze,puy_ws,ʼetrʼetr,excel,26-97,擠,,2026學習詞表-40西群卑南語.xlsx,40西群卑南語,806,,
pull,puy_ws,kezeng,excel,26-99,拉;牽,,2026學習詞表-40西群卑南語.xlsx,40西群卑南語,808,,
dig,puy_ws,kulrkulr/kerutr,excel,26-100,挖掘,,2026學習詞表-40西群卑南語.xlsx,40西群卑南語,809,,
stand,puy_ws,katikezir/kaketizir,excel,26-105,起立,,2026學習詞表-40西群卑南語.xlsx,40西群卑南語,814,,
eat,puy_ws,ekan,excel,27-01,吃,,2026學習詞表-40西群卑南語.xlsx,40西群卑南語,816,,
suck,puy_ws,sirep,excel,27-02,吸,,2026學習詞表-40西群卑南語.xlsx,40西群卑南語,817,,
drink,puy_ws,trekel,excel,27-03,喝,,2026學習詞表-40西群卑南語.xlsx,40西群卑南語,818,喝(酒),
vomit,puy_ws,utaʼ,excel,27-04,吐出來,,2026學習詞表-40西群卑南語.xlsx,40西群卑南語,819,,
bite,puy_ws,karatr,excel,27-05,咬,,2026學習詞表-40西群卑南語.xlsx,40西群卑南語,820,,
eat,puy_ws,ekan,excel,27-15,吃,,2026學習詞表-40西群卑南語.xlsx,40西群卑南語,830,,
know,puy_ws,malrazam,excel,28-02,知道,,2026學習詞表-40西群卑南語.xlsx,40西群卑南語,836,,
see,puy_ws,naʼu,excel,28-03,看,,2026學習詞表-40西群卑南語.xlsx,40西群卑南語,837,,
say,puy_ws,rengay,excel,28-04,說;講,,2026學習詞表-40西群卑南語.xlsx,40西群卑南語,838,,
smell,puy_ws,traulr,excel,28-07,聞味,,2026學習詞表-40西群卑南語.xlsx,40西群卑南語,841,,
say,puy_ws,rengay,excel,28-11,告訴;說話,,2026學習詞表-40西群卑南語.xlsx,40西群卑南語,845,pakalrazam,
hear,puy_ws,kinger,excel,28-19,聽,,2026學習詞表-40西群卑南語.xlsx,40西群卑南語,853,,
fear,puy_ws,kaud,excel,29-02,害怕,,2026學習詞表-40西群卑南語.xlsx,40西群卑南語,866,,
wash,puy_ws,vaseʼ,excel,30-02,洗(衣物),,2026學習詞表-40西群卑南語.xlsx,40西群卑南語,876,,
sleep,puy_ws,alrupeʼ,excel,30-09,睡覺,,2026學習詞表-40西群卑南語.xlsx,40西群卑南語,883,,
kill,puy_ws,truwak,excel,30-10,剖、宰殺,,2026學習詞表-40西群卑南語.xlsx,40西群卑南語,884,,
lie,puy_ws,iʼezeng,excel,30-16,躺臥,,2026學習詞表-40西群卑南語.xlsx,40西群卑南語,890,,
burn,puy_ws,vatriʼ,excel,30-20,焚燒,,2026學習詞表-40西群卑南語.xlsx,40西群卑南語,894,,
hunt,puy_ws,papetrir,excel,30-25,設陷阱,,2026學習詞表-40西群卑南語.xlsx,40西群卑南語,899,,
burn,puy_ws,venatriʼ,excel,30-54,燃燒;火旺,,2026學習詞表-40西群卑南語.xlsx,40西群卑南語,928,,
sing,puy_ws,semenay/senay,excel,30-64,唱歌,,2026學習詞表-40西群卑南語.xlsx,40西群卑南語,938,,
play,puy_ws,kivangavang,excel,30-65,扮家家,,2026學習詞表-40西群卑南語.xlsx,40西群卑南語,939,,
die,puy_ws,minatray,excel,31-01,死亡,,2026學習詞表-40西群卑南語.xlsx,40西群卑南語,941,,
live,puy_ws,vaaw,excel,31-08,活的、未熟的,,2026學習詞表-40西群卑南語.xlsx,40西群卑南語,948,,
heavy,puy_ws,aluzun,excel,32-02,重(重量),,2026學習詞表-40西群卑南語.xlsx,40西群卑南語,963,,
big,puy_ws,maʼizang,excel,32-05,大,,2026學習詞表-40西群卑南語.xlsx,40西群卑南語,966,,
cold,puy_ws,lritek,excel,32-08,冷,,2026學習詞表-40西群卑南語.xlsx,40西群卑南語,969,,
small,puy_ws,makiteng,excel,32-09,小的,,2026學習詞表-40西群卑南語.xlsx,40西群卑南語,970,,
many,puy_ws,sazu,excel,32-10,多,,2026學習詞表-40西群卑南語.xlsx,40西群卑南語,971,,
cold,puy_ws,tralrintrin,excel,32-12,冰冷,,2026學習詞表-40西群卑南語.xlsx,40西群卑南語,973,,
few,puy_ws,saema,excel,32-14,少的,,2026學習詞表-40西群卑南語.xlsx,40西群卑南語,975,少的(指東西),
laugh,puy_ws,liked,excel,32-16,笑,,2026學習詞表-40西群卑南語.xlsx,40西群卑南語,977,,
wet,puy_ws,sapeneʼ,excel,32-17,濕的,,2026學習詞表-40西群卑南語.xlsx,40西群卑南語,978,,
thick,puy_ws,kizemel/treliving/kezemel,excel,32-19,厚的;粗的,,2026學習詞表-40西群卑南語.xlsx,40西群卑南語,980,,
thin,puy_ws,aripitr,excel,32-21,薄的,,2026學習詞表-40西群卑南語.xlsx,40西群卑南語,982,,
dirty,puy_ws,lritraʼ,excel,32-22,髒(令人作噁),,2026學習詞表-40西群卑南語.xlsx,40西群卑南語,983,,
dry,puy_ws,marum,excel,32-28,乾的,,2026學習詞表-40西群卑南語.xlsx,40西群卑南語,989,,
new,puy_ws,vekal,excel,32-31,新的,,2026學習詞表-40西群卑南語.xlsx,40西群卑南語,992,,
old,puy_ws,maluman,excel,32-32,舊的,,2026學習詞表-40西群卑南語.xlsx,40西群卑南語,993,,
near,puy_ws,adalrep,excel,32-33,近,,2026學習詞表-40西群卑南語.xlsx,40西群卑南語,994,,
bad,puy_ws,kuwatreng,excel,32-35,壞的;不好的,,2026學習詞表-40西群卑南語.xlsx,40西群卑南語,996,,
far,puy_ws,adawilr,excel,32-37,遠,,2026學習詞表-40西群卑南語.xlsx,40西群卑南語,998,,
swell,puy_ws,venareʼ,excel,32-38,腫,,2026學習詞表-40西群卑南語.xlsx,40西群卑南語,999,,
smooth,puy_ws,dalus,excel,32-44,滑,,2026學習詞表-40西群卑南語.xlsx,40西群卑南語,1005,,
warm,puy_ws,sadeku,excel,32-56,暖和,,2026學習詞表-40西群卑南語.xlsx,40西群卑南語,1017,,
dull,puy_ws,musizel/muizel/ʼizelan,excel,32-57,鈍的,,2026學習詞表-40西群卑南語.xlsx,40西群卑南語,1018,,
straight,puy_ws,patezelr,excel,32-65,直/正確,,2026學習詞表-40西群卑南語.xlsx,40西群卑南語,1026,,
full,puy_ws,matemuy,excel,32-66,滿了,,2026學習詞表-40西群卑南語.xlsx,40西群卑南語,1027,,
wide,puy_ws,lawas,excel,32-68,(空間)寬敞,,2026學習詞表-40西群卑南語.xlsx,40西群卑南語,1029,也是長竹筒之意,
straight,puy_ws,pamau,excel,32-69,直的、正確、正直,,2026學習詞表-40西群卑南語.xlsx,40西群卑南語,1030,,
correct,puy_ws,pamau,excel,32-69,直的、正確、正直,,2026學習詞表-40西群卑南語.xlsx,40西群卑南語,1030,,
wide,puy_ws,ketrivi,excel,32-73,寬的,,2026學習詞表-40西群卑南語.xlsx,40西群卑南語,1034,,
long,puy_ws,tatelraw,excel,32-74,長的,,2026學習詞表-40西群卑南語.xlsx,40西群卑南語,1035,,
short,puy_ws,lriketri,excel,32-76,短的,,2026學習詞表-40西群卑南語.xlsx,40西群卑南語,1037,,
full,puy_ws,matemuy,excel,32-79,滿滿,,2026學習詞表-40西群卑南語.xlsx,40西群卑南語,1040,,
wipe,puy_ws,itrul,excel,33-06,擦拭,,2026學習詞表-40西群卑南語.xlsx,40西群卑南語,1048,,
throw,puy_ws,ʼatelr,excel,34-19,丟棄,,2026學習詞表-40西群卑南語.xlsx,40西群卑南語,1069,,
count,puy_ws,aip/iyup,excel,34-29,數;念,,2026學習詞表-40西群卑南語.xlsx,40西群卑南語,1079,,
not,puy_ws,amelri,excel,35-03,不是(回答用),,2026學習詞表-40西群卑南語.xlsx,40西群卑南語,1092,,
because,puy_ws,ʼalra na/ʼalra nu,excel,36-05,因為,,2026學習詞表-40西群卑南語.xlsx,40西群卑南語,1101,,
and,puy_ws,zi,excel,36-18,和,,2026學習詞表-40西群卑南語.xlsx,40西群卑南語,1114,,
if,puy_ws,nu,excel,36-22,如果,,2026學習詞表-40西群卑南語.xlsx,40西群卑南語,1118,,
all,puy_ws,peniya,excel,36-28,都;全部,,2026學習詞表-40西群卑南語.xlsx,40西群卑南語,1124,,
at,puy_ws,kazu,excel,36-35,在;有,,2026學習詞表-40西群卑南語.xlsx,40西群卑南語,1131,,
one,puy_ks,sa/isa,excel,01-01,一,,2026學習詞表-41建和卑南語.xlsx,41建和卑南語,5,saya數物/sasa數人,
two,puy_ks,duwa,excel,01-02,二,,2026學習詞表-41建和卑南語.xlsx,41建和卑南語,6,duwaya,
three,puy_ks,telu,excel,01-03,三,,2026學習詞表-41建和卑南語.xlsx,41建和卑南語,7,tuluwa,
four,puy_ks,pat,excel,01-04,四,,2026學習詞表-41建和卑南語.xlsx,41建和卑南語,8,pata,
five,puy_ks,lima,excel,01-05,五,,2026學習詞表-41建和卑南語.xlsx,41建和卑南語,9,lruwaca,
six,puy_ks,enem,excel,01-06,六,,2026學習詞表-41建和卑南語.xlsx,41建和卑南語,10,,
seven,puy_ks,pitu,excel,01-07,七,,2026學習詞表-41建和卑南語.xlsx,41建和卑南語,11,pituwa,
eight,puy_ks,walu,excel,01-08,八,,2026學習詞表-41建和卑南語.xlsx,41建和卑南語,12,waluwa,
nine,puy_ks,iwa,excel,01-09,九,,2026學習詞表-41建和卑南語.xlsx,41建和卑南語,13,iwaywaya,
ten,puy_ks,puluʼ,excel,01-10,十,,2026學習詞表-41建和卑南語.xlsx,41建和卑南語,14,pulu’,
twenty,puy_ks,duwa pulu’/makavecaʼan,excel,01-20,二十,,2026學習詞表-41建和卑南語.xlsx,41建和卑南語,24,,
hundred,puy_ks,leman,excel,01-34,百,,2026學習詞表-41建和卑南語.xlsx,41建和卑南語,38,,
hundred,puy_ks,sa leman,excel,01-35,一百,,2026學習詞表-41建和卑南語.xlsx,41建和卑南語,39,,
few,puy_ks,saeman,excel,01-38,很少,,2026學習詞表-41建和卑南語.xlsx,41建和卑南語,42,指物品數量很少,
all,puy_ks,peniya,excel,01-43,全部,,2026學習詞表-41建和卑南語.xlsx,41建和卑南語,47,,
few,puy_ks,pakiwalay,excel,01-44,一點點,,2026學習詞表-41建和卑南語.xlsx,41建和卑南語,48,指程度,
you_singular,puy_ks,inu,excel,02-01,你,,2026學習詞表-41建和卑南語.xlsx,41建和卑南語,51,,
i,puy_ks,inku,excel,02-02,我,,2026學習詞表-41建和卑南語.xlsx,41建和卑南語,52,,
he,puy_ks,intaw,excel,02-03,他,,2026學習詞表-41建和卑南語.xlsx,41建和卑南語,53,,
you_plural,puy_ks,inmu,excel,02-04,你們,,2026學習詞表-41建和卑南語.xlsx,41建和卑南語,54,,
we,puy_ks,iniyam,excel,02-05,我們,,2026學習詞表-41建和卑南語.xlsx,41建和卑南語,55,,
they,puy_ks,nadu,excel,02-06,他們,,2026學習詞表-41建和卑南語.xlsx,41建和卑南語,56,,
we,puy_ks,iniyam,excel,02-13,我們(排除式),,2026學習詞表-41建和卑南語.xlsx,41建和卑南語,63,,
we,puy_ks,inta,excel,02-14,我們(包含式),,2026學習詞表-41建和卑南語.xlsx,41建和卑南語,64,,
that,puy_ks,idu,excel,02-16,那個,,2026學習詞表-41建和卑南語.xlsx,41建和卑南語,66,單數,
this,puy_ks,ini,excel,02-17,這個,,2026學習詞表-41建和卑南語.xlsx,41建和卑南語,67,單數,
here,puy_ks,kani,excel,02-18,這裡,,2026學習詞表-41建和卑南語.xlsx,41建和卑南語,68,,
there,puy_ks,kadu,excel,02-19,那裡,,2026學習詞表-41建和卑南語.xlsx,41建和卑南語,69,,
what,puy_ks,eman,excel,03-02,什麼,,2026學習詞表-41建和卑南語.xlsx,41建和卑南語,73,,
how,puy_ks,kemuda,excel,03-03,怎麼,,2026學習詞表-41建和卑南語.xlsx,41建和卑南語,74,,
when,puy_ks,nu aidan,excel,03-04,何時(未發生),,2026學習詞表-41建和卑南語.xlsx,41建和卑南語,75,,
who,puy_ks,i eman,excel,03-05,誰,,2026學習詞表-41建和卑南語.xlsx,41建和卑南語,76,,
where,puy_ks,i iyan,excel,03-07,哪裡；何處,,2026學習詞表-41建和卑南語.xlsx,41建和卑南語,78,,
where,puy_ks,i iyan,excel,03-12,什麼地方,,2026學習詞表-41建和卑南語.xlsx,41建和卑南語,83,,
when,puy_ks,a aidan,excel,03-13,何時(已發生),,2026學習詞表-41建和卑南語.xlsx,41建和卑南語,84,,
father,puy_ks,ama,excel,04-01,爸爸,,2026學習詞表-41建和卑南語.xlsx,41建和卑南語,87,,
mother,puy_ks,ina,excel,04-02,媽媽,,2026學習詞表-41建和卑南語.xlsx,41建和卑南語,88,,
wife,puy_ks,turumaʼan,excel,04-07,配偶,,2026學習詞表-41建和卑南語.xlsx,41建和卑南語,93,,
husband,puy_ks,turumaʼan,excel,04-07,配偶,,2026學習詞表-41建和卑南語.xlsx,41建和卑南語,93,,
wife,puy_ks,turumaʼan,excel,04-15,丈夫/妻子/配偶,,2026學習詞表-41建和卑南語.xlsx,41建和卑南語,101,,
husband,puy_ks,turumaʼan,excel,04-15,丈夫/妻子/配偶,,2026學習詞表-41建和卑南語.xlsx,41建和卑南語,101,,
name,puy_ks,ngadan,excel,05-01,名字,,2026學習詞表-41建和卑南語.xlsx,41建和卑南語,114,,
child,puy_ks,lralrak,excel,05-05,孩童,,2026學習詞表-41建和卑南語.xlsx,41建和卑南語,118,,
woman,puy_ks,vavayan,excel,05-07,女性,,2026學習詞表-41建和卑南語.xlsx,41建和卑南語,120,,
man,puy_ks,maʼinay,excel,05-08,男性,,2026學習詞表-41建和卑南語.xlsx,41建和卑南語,121,,
person,puy_ks,cau,excel,05-09,人,,2026學習詞表-41建和卑南語.xlsx,41建和卑南語,122,,
ear,puy_ks,calinga,excel,06-01,耳朵,,2026學習詞表-41建和卑南語.xlsx,41建和卑南語,140,,
leg,puy_ks,paʼa,excel,06-02,大腿,,2026學習詞表-41建和卑南語.xlsx,41建和卑南語,141,,
eye,puy_ks,maca,excel,06-03,眼睛,,2026學習詞表-41建和卑南語.xlsx,41建和卑南語,142,,
mouth,puy_ks,udung,excel,06-05,嘴巴,,2026學習詞表-41建和卑南語.xlsx,41建和卑南語,144,,
head,puy_ks,canguruʼ,excel,06-06,頭,,2026學習詞表-41建和卑南語.xlsx,41建和卑南語,145,,
fingernail,puy_ks,hamay,excel,06-07,指甲,,2026學習詞表-41建和卑南語.xlsx,41建和卑南語,146,,
hand,puy_ks,lima,excel,06-08,手,,2026學習詞表-41建和卑南語.xlsx,41建和卑南語,147,,
nose,puy_ks,ungecan,excel,06-10,鼻子,,2026學習詞表-41建和卑南語.xlsx,41建和卑南語,149,,
foot,puy_ks,kuwi,excel,06-11,腳,,2026學習詞表-41建和卑南語.xlsx,41建和卑南語,150,,
tooth,puy_ks,walri,excel,06-12,牙齒,,2026學習詞表-41建和卑南語.xlsx,41建和卑南語,151,,
hair,puy_ks,ʼarevu,excel,06-13,頭髮,,2026學習詞表-41建和卑南語.xlsx,41建和卑南語,152,,
blood,puy_ks,daraʼ / tu’u,excel,06-14,血,,2026學習詞表-41建和卑南語.xlsx,41建和卑南語,153,,
belly,puy_ks,tiyalr,excel,06-17,肚子,,2026學習詞表-41建和卑南語.xlsx,41建和卑南語,156,,
breast,puy_ks,susu,excel,06-18,乳房,,2026學習詞表-41建和卑南語.xlsx,41建和卑南語,157,,
back,puy_ks,likudan,excel,06-22,背部,,2026學習詞表-41建和卑南語.xlsx,41建和卑南語,161,,
skin,puy_ks,ruvic,excel,06-23,皮,,2026學習詞表-41建和卑南語.xlsx,41建和卑南語,162,,
heart,puy_ks,ʼavuvung,excel,06-28,心臟,,2026學習詞表-41建和卑南語.xlsx,41建和卑南語,167,,
knee,puy_ks,tudu,excel,06-31,膝蓋,,2026學習詞表-41建和卑南語.xlsx,41建和卑南語,170,,
liver,puy_ks,ʼacay,excel,06-34,肝臟,,2026學習詞表-41建和卑南語.xlsx,41建和卑南語,173,,
fat,puy_ks,ʼarev,excel,06-37,油脂,,2026學習詞表-41建和卑南語.xlsx,41建和卑南語,176,,
tongue,puy_ks,lidam,excel,06-42,舌頭,,2026學習詞表-41建和卑南語.xlsx,41建和卑南語,181,,
neck,puy_ks,niʼen,excel,06-47,脖子,,2026學習詞表-41建和卑南語.xlsx,41建和卑南語,186,,
tail,puy_ks,ikur,excel,07-01,尾巴,,2026學習詞表-41建和卑南語.xlsx,41建和卑南語,197,,
dog,puy_ks,suwan,excel,07-03,狗,,2026學習詞表-41建和卑南語.xlsx,41建和卑南語,199,,
bird,puy_ks,ʼayam,excel,07-06,鳥,,2026學習詞表-41建和卑南語.xlsx,41建和卑南語,202,,
fish,puy_ks,vulraw,excel,07-07,魚,,2026學習詞表-41建和卑南語.xlsx,41建和卑南語,203,,
snake,puy_ks,unan,excel,07-19,蛇,,2026學習詞表-41建和卑南語.xlsx,41建和卑南語,215,,
louse,puy_ks,kucu,excel,07-33,頭蝨,,2026學習詞表-41建和卑南語.xlsx,41建和卑南語,229,,
worm,puy_ks,ʼuretati,excel,07-39,蚯蚓,,2026學習詞表-41建和卑南語.xlsx,41建和卑南語,235,,
wing,puy_ks,pakpak,excel,07-49,翅膀,,2026學習詞表-41建和卑南語.xlsx,41建和卑南語,245,,
bird,puy_ks,ʼayam,excel,07-57,鳥類,,2026學習詞表-41建和卑南語.xlsx,41建和卑南語,253,,
horn,puy_ks,suʼang,excel,07-64,(動物的)角,,2026學習詞表-41建和卑南語.xlsx,41建和卑南語,260,,
tree,puy_ks,kawi,excel,08-03,樹,,2026學習詞表-41建和卑南語.xlsx,41建和卑南語,265,,
leaf,puy_ks,viraʼ,excel,08-06,葉子,,2026學習詞表-41建和卑南語.xlsx,41建和卑南語,268,,
flower,puy_ks,ʼapuc,excel,08-09,花朵,,2026學習詞表-41建和卑南語.xlsx,41建和卑南語,271,,
stick,puy_ks,saʼad,excel,08-15,樹枝,,2026學習詞表-41建和卑南語.xlsx,41建和卑南語,277,,
fruit,puy_ks,vuwaʼ,excel,08-16,(植物的)果實,,2026學習詞表-41建和卑南語.xlsx,41建和卑南語,278,,
grass,puy_ks,calunan,excel,08-20,草,,2026學習詞表-41建和卑南語.xlsx,41建和卑南語,282,,
fruit,puy_ks,aekanen a vuwaʼ,excel,08-24,水果,,2026學習詞表-41建和卑南語.xlsx,41建和卑南語,286,,
root,puy_ks,rami,excel,08-28,樹根,,2026學習詞表-41建和卑南語.xlsx,41建和卑南語,290,,
seed,puy_ks,ʼapiyar,excel,08-44,種子,,2026學習詞表-41建和卑南語.xlsx,41建和卑南語,306,,
rope,puy_ks,tiluʼ,excel,09-15,繩索,,2026學習詞表-41建和卑南語.xlsx,41建和卑南語,335,,
stick,puy_ks,saʼad,excel,09-18,枝條,,2026學習詞表-41建和卑南語.xlsx,41建和卑南語,338,,
ash,puy_ks,ʼavu,excel,09-49,炭灰,,2026學習詞表-41建和卑南語.xlsx,41建和卑南語,369,,
road,puy_ks,dalan,excel,10-01,道路,,2026學習詞表-41建和卑南語.xlsx,41建和卑南語,393,,
wind,puy_ks,vali,excel,10-04,風,,2026學習詞表-41建和卑南語.xlsx,41建和卑南語,396,,
sand,puy_ks,vucek,excel,10-05,沙子,,2026學習詞表-41建和卑南語.xlsx,41建和卑南語,397,,
earth,puy_ks,dareʼ,excel,10-06,泥土,,2026學習詞表-41建和卑南語.xlsx,41建和卑南語,398,,
river,puy_ks,dinanuman,excel,10-07,河流,,2026學習詞表-41建和卑南語.xlsx,41建和卑南語,399,,
lake,puy_ks,danaw,excel,10-08,湖泊,,2026學習詞表-41建和卑南語.xlsx,41建和卑南語,400,evuv湖泊,
forest,puy_ks,kawikawiyan,excel,10-09,森林,,2026學習詞表-41建和卑南語.xlsx,41建和卑南語,401,zoling林班地,
sun,puy_ks,kadaw,excel,11-02,太陽,,2026學習詞表-41建和卑南語.xlsx,41建和卑南語,417,,
moon,puy_ks,vulan,excel,11-03,月亮,,2026學習詞表-41建和卑南語.xlsx,41建和卑南語,418,,
sky,puy_ks,rukup,excel,11-04,天空,,2026學習詞表-41建和卑南語.xlsx,41建和卑南語,419,,
star,puy_ks,vituʼen,excel,11-05,星星,,2026學習詞表-41建和卑南語.xlsx,41建和卑南語,420,,
rain,puy_ks,ʼudalr,excel,11-06,雨,,2026學習詞表-41建和卑南語.xlsx,41建和卑南語,421,,
snow,puy_ks,urelra,excel,11-07,雪,,2026學習詞表-41建和卑南語.xlsx,41建和卑南語,422,,
cloud,puy_ks,runev,excel,11-12,雲,,2026學習詞表-41建和卑南語.xlsx,41建和卑南語,427,,
smoke,puy_ks,ʼasevan,excel,11-13,煙,,2026學習詞表-41建和卑南語.xlsx,41建和卑南語,428,,
fire,puy_ks,apuy,excel,11-17,火,,2026學習詞表-41建和卑南語.xlsx,41建和卑南語,432,,
ice,puy_ks,kuli,excel,11-18,冰,,2026學習詞表-41建和卑南語.xlsx,41建和卑南語,433,,
stone,puy_ks,varasaʼ,excel,12-05,石頭,,2026學習詞表-41建和卑南語.xlsx,41建和卑南語,454,,
night,puy_ks,karauv,excel,13-02,晚上,,2026學習詞表-41建和卑南語.xlsx,41建和卑南語,471,,
day,puy_ks,ʼuninan,excel,13-07,白天；白晝,,2026學習詞表-41建和卑南語.xlsx,41建和卑南語,476,,
night,puy_ks,ʼesungan,excel,13-22,夜,,2026學習詞表-41建和卑南語.xlsx,41建和卑南語,491,,
year,puy_ks,ʼami,excel,13-28,年;歲,,2026學習詞表-41建和卑南語.xlsx,41建和卑南語,497,,
in,puy_ks,savak,excel,14-01,裡面;內,,2026學習詞表-41建和卑南語.xlsx,41建和卑南語,502,,
at,puy_ks,i iyan,excel,14-02,在某處,,2026學習詞表-41建和卑南語.xlsx,41建和卑南語,503,,
right,puy_ks,tarawalran,excel,14-10,右邊,,2026學習詞表-41建和卑南語.xlsx,41建和卑南語,511,,
left,puy_ks,tarawiri,excel,14-11,左邊,,2026學習詞表-41建和卑南語.xlsx,41建和卑南語,512,,
water,puy_ks,danum,excel,21-02,水,,2026學習詞表-41建和卑南語.xlsx,41建和卑南語,601,,
salt,puy_ks,ʼateri,excel,21-07,鹽,,2026學習詞表-41建和卑南語.xlsx,41建和卑南語,606,,
egg,puy_ks,vucinun,excel,21-09,蛋,,2026學習詞表-41建和卑南語.xlsx,41建和卑南語,608,,
white,puy_ks,vulreciʼ,excel,22-01,白色,,2026學習詞表-41建和卑南語.xlsx,41建和卑南語,626,,
black,puy_ks,ʼudeʼudem,excel,22-02,黑色,,2026學習詞表-41建和卑南語.xlsx,41建和卑南語,627,,
red,puy_ks,dangdarang,excel,22-03,紅色,,2026學習詞表-41建和卑南語.xlsx,41建和卑南語,628,,
yellow,puy_ks,malulu’,excel,22-05,黃色的,,2026學習詞表-41建和卑南語.xlsx,41建和卑南語,630,,
green,puy_ks,remaʼat,excel,22-08,綠色,,2026學習詞表-41建和卑南語.xlsx,41建和卑南語,633,,
give,puy_ks,veray,excel,25-07,給;贈,,2026學習詞表-41建和卑南語.xlsx,41建和卑南語,663,,
come,puy_ks,duwa,excel,25-08,來,,2026學習詞表-41建和卑南語.xlsx,41建和卑南語,664,,
walk,puy_ks,kawang,excel,25-10,走路,,2026學習詞表-41建和卑南語.xlsx,41建和卑南語,666,,
fly,puy_ks,muvii,excel,25-12,飛,,2026學習詞表-41建和卑南語.xlsx,41建和卑南語,668,,
fall,puy_ks,mucerah,excel,25-26,掉落,,2026學習詞表-41建和卑南語.xlsx,41建和卑南語,682,,
sit,puy_ks,kemayan,excel,25-43,坐著,,2026學習詞表-41建和卑南語.xlsx,41建和卑南語,699,,
stand,puy_ks,matikedir,excel,25-44,站著,,2026學習詞表-41建和卑南語.xlsx,41建和卑南語,700,,
sit,puy_ks,kayan,excel,26-03,坐下,,2026學習詞表-41建和卑南語.xlsx,41建和卑南語,712,,
hit,puy_ks,tenged,excel,26-08,打(人),,2026學習詞表-41建和卑南語.xlsx,41建和卑南語,717,,
stab,puy_ks,tusuk,excel,26-09,刺,,2026學習詞表-41建和卑南語.xlsx,41建和卑南語,718,’ilrus 矛,
push,puy_ks,semukun,excel,26-13,推,,2026學習詞表-41建和卑南語.xlsx,41建和卑南語,722,,
scratch,puy_ks,pahacer,excel,26-18,抓癢,,2026學習詞表-41建和卑南語.xlsx,41建和卑南語,727,,
lie,puy_ks,i’edeng,excel,26-20,躺,,2026學習詞表-41建和卑南語.xlsx,41建和卑南語,729,,
blow,puy_ks,iyup,excel,26-28,吹,,2026學習詞表-41建和卑南語.xlsx,41建和卑南語,737,,
dig,puy_ks,keruc,excel,26-29,挖;掘,,2026學習詞表-41建和卑南語.xlsx,41建和卑南語,738,,
cut,puy_ks,keteket,excel,26-30,切,,2026學習詞表-41建和卑南語.xlsx,41建和卑南語,739,,
swim,puy_ks,pakulima,excel,26-31,游泳,,2026學習詞表-41建和卑南語.xlsx,41建和卑南語,740,,
split,puy_ks,pisa’,excel,26-37,剖半;劈柴,,2026學習詞表-41建和卑南語.xlsx,41建和卑南語,746,,
tie,puy_ks,vetevet,excel,26-38,綁住,,2026學習詞表-41建和卑南語.xlsx,41建和卑南語,747,,
pull,puy_ks,kedeng,excel,26-39,拉,,2026學習詞表-41建和卑南語.xlsx,41建和卑南語,748,,
split,puy_ks,cekav,excel,26-40,劈(木材),,2026學習詞表-41建和卑南語.xlsx,41建和卑南語,749,,
hold,puy_ks,kilrakilr,excel,26-42,提著,,2026學習詞表-41建和卑南語.xlsx,41建和卑南語,751,,
hold,puy_ks,dikes,excel,26-43,拿著;摸著,,2026學習詞表-41建和卑南語.xlsx,41建和卑南語,752,,
tie,puy_ks,vetu’,excel,26-44,綁;束,,2026學習詞表-41建和卑南語.xlsx,41建和卑南語,753,,
scratch,puy_ks,pahacel,excel,26-56,搔癢,,2026學習詞表-41建和卑南語.xlsx,41建和卑南語,765,,
rub,puy_ks,lrucelruc,excel,26-85,揉搓(衣物),,2026學習詞表-41建和卑南語.xlsx,41建和卑南語,794,,
lie,puy_ks,kidir,excel,26-88,側臥,,2026學習詞表-41建和卑南語.xlsx,41建和卑南語,797,,
fight,puy_ks,li’us,excel,26-96,打架;吵架,,2026學習詞表-41建和卑南語.xlsx,41建和卑南語,805,marekaselru 吵架/maliʼus打架,
squeeze,puy_ks,’ec’ec,excel,26-97,擠,,2026學習詞表-41建和卑南語.xlsx,41建和卑南語,806,,
pull,puy_ks,kedeng,excel,26-99,拉;牽,,2026學習詞表-41建和卑南語.xlsx,41建和卑南語,808,kedeng拉/kulu牽,
dig,puy_ks,keruc,excel,26-100,挖掘,,2026學習詞表-41建和卑南語.xlsx,41建和卑南語,809,,
stand,puy_ks,katikedir,excel,26-105,起立,,2026學習詞表-41建和卑南語.xlsx,41建和卑南語,814,,
eat,puy_ks,ekan,excel,27-01,吃,,2026學習詞表-41建和卑南語.xlsx,41建和卑南語,816,,
suck,puy_ks,sirep,excel,27-02,吸,,2026學習詞表-41建和卑南語.xlsx,41建和卑南語,817,,
drink,puy_ks,’au,excel,27-03,喝,,2026學習詞表-41建和卑南語.xlsx,41建和卑南語,818,,
vomit,puy_ks,uta’,excel,27-04,吐出來,,2026學習詞表-41建和卑南語.xlsx,41建和卑南語,819,,
bite,puy_ks,karac,excel,27-05,咬,,2026學習詞表-41建和卑南語.xlsx,41建和卑南語,820,,
eat,puy_ks,ekan,excel,27-15,吃,,2026學習詞表-41建和卑南語.xlsx,41建和卑南語,830,,
know,puy_ks,madalram,excel,28-02,知道,,2026學習詞表-41建和卑南語.xlsx,41建和卑南語,836,,
see,puy_ks,na’u,excel,28-03,看,,2026學習詞表-41建和卑南語.xlsx,41建和卑南語,837,,
say,puy_ks,rengay,excel,28-04,說;講,,2026學習詞表-41建和卑南語.xlsx,41建和卑南語,838,,
smell,puy_ks,caulr,excel,28-07,聞味,,2026學習詞表-41建和卑南語.xlsx,41建和卑南語,841,,
say,puy_ks,umalr,excel,28-11,告訴;說話,,2026學習詞表-41建和卑南語.xlsx,41建和卑南語,845,,
hear,puy_ks,kinger,excel,28-19,聽,,2026學習詞表-41建和卑南語.xlsx,41建和卑南語,853,,
fear,puy_ks,kaud,excel,29-02,害怕,,2026學習詞表-41建和卑南語.xlsx,41建和卑南語,866,,
wash,puy_ks,rames,excel,30-02,洗(衣物),,2026學習詞表-41建和卑南語.xlsx,41建和卑南語,876,,
sleep,puy_ks,alrupeʼ,excel,30-09,睡覺,,2026學習詞表-41建和卑南語.xlsx,41建和卑南語,883,,
kill,puy_ks,cuwak,excel,30-10,剖、宰殺,,2026學習詞表-41建和卑南語.xlsx,41建和卑南語,884,,
lie,puy_ks,lalavay,excel,30-16,躺臥,,2026學習詞表-41建和卑南語.xlsx,41建和卑南語,890,,
burn,puy_ks,vaci’,excel,30-20,焚燒,,2026學習詞表-41建和卑南語.xlsx,41建和卑南語,894,,
hunt,puy_ks,papecir,excel,30-25,設陷阱,,2026學習詞表-41建和卑南語.xlsx,41建和卑南語,899,,
burn,puy_ks,muvaciʼ,excel,30-54,燃燒;火旺,,2026學習詞表-41建和卑南語.xlsx,41建和卑南語,928,,
sing,puy_ks,semenay,excel,30-64,唱歌,,2026學習詞表-41建和卑南語.xlsx,41建和卑南語,938,senay歌,
play,puy_ks,kivangavang,excel,30-65,扮家家,,2026學習詞表-41建和卑南語.xlsx,41建和卑南語,939,,
die,puy_ks,minacay,excel,31-01,死亡,,2026學習詞表-41建和卑南語.xlsx,41建和卑南語,941,,
live,puy_ks,vaavaaw,excel,31-08,活的、未熟的,,2026學習詞表-41建和卑南語.xlsx,41建和卑南語,948,,
heavy,puy_ks,aludun,excel,32-02,重(重量),,2026學習詞表-41建和卑南語.xlsx,41建和卑南語,963,,
big,puy_ks,maʼidang,excel,32-05,大,,2026學習詞表-41建和卑南語.xlsx,41建和卑南語,966,,
cold,puy_ks,lritek,excel,32-08,冷,,2026學習詞表-41建和卑南語.xlsx,41建和卑南語,969,,
small,puy_ks,makiteng,excel,32-09,小的,,2026學習詞表-41建和卑南語.xlsx,41建和卑南語,970,,
many,puy_ks,sadu,excel,32-10,多,,2026學習詞表-41建和卑南語.xlsx,41建和卑南語,971,物多,
cold,puy_ks,calringlicin,excel,32-12,冰冷,,2026學習詞表-41建和卑南語.xlsx,41建和卑南語,973,,
few,puy_ks,saeman,excel,32-14,少的,,2026學習詞表-41建和卑南語.xlsx,41建和卑南語,975,物少,
laugh,puy_ks,liked,excel,32-16,笑,,2026學習詞表-41建和卑南語.xlsx,41建和卑南語,977,,
wet,puy_ks,sapene’,excel,32-17,濕的,,2026學習詞表-41建和卑南語.xlsx,41建和卑南語,978,,
thick,puy_ks,kedemel,excel,32-19,厚的;粗的,,2026學習詞表-41建和卑南語.xlsx,41建和卑南語,980,,
thin,puy_ks,alripic,excel,32-21,薄的,,2026學習詞表-41建和卑南語.xlsx,41建和卑南語,982,,
dirty,puy_ks,lricaʼ,excel,32-22,髒(令人作噁),,2026學習詞表-41建和卑南語.xlsx,41建和卑南語,983,,
dry,puy_ks,marum,excel,32-28,乾的,,2026學習詞表-41建和卑南語.xlsx,41建和卑南語,989,,
new,puy_ks,vekal,excel,32-31,新的,,2026學習詞表-41建和卑南語.xlsx,41建和卑南語,992,,
old,puy_ks,maluman,excel,32-32,舊的,,2026學習詞表-41建和卑南語.xlsx,41建和卑南語,993,,
near,puy_ks,adalrep,excel,32-33,近,,2026學習詞表-41建和卑南語.xlsx,41建和卑南語,994,,
bad,puy_ks,kuwaceng/muranak,excel,32-35,壞的;不好的,,2026學習詞表-41建和卑南語.xlsx,41建和卑南語,996,,
far,puy_ks,adawilr,excel,32-37,遠,,2026學習詞表-41建和卑南語.xlsx,41建和卑南語,998,,
swell,puy_ks,venareʼ,excel,32-38,腫,,2026學習詞表-41建和卑南語.xlsx,41建和卑南語,999,,
smooth,puy_ks,dalus,excel,32-44,滑,,2026學習詞表-41建和卑南語.xlsx,41建和卑南語,1005,,
warm,puy_ks,sadeku,excel,32-56,暖和,,2026學習詞表-41建和卑南語.xlsx,41建和卑南語,1017,,
dull,puy_ks,muidel,excel,32-57,鈍的,,2026學習詞表-41建和卑南語.xlsx,41建和卑南語,1018,,
straight,puy_ks,patedelr,excel,32-65,直/正確,,2026學習詞表-41建和卑南語.xlsx,41建和卑南語,1026,,
full,puy_ks,matemuy,excel,32-66,滿了,,2026學習詞表-41建和卑南語.xlsx,41建和卑南語,1027,,
wide,puy_ks,alaway,excel,32-68,(空間)寬敞,,2026學習詞表-41建和卑南語.xlsx,41建和卑南語,1029,,
straight,puy_ks,patedelr/pamau,excel,32-69,直的、正確、正直,,2026學習詞表-41建和卑南語.xlsx,41建和卑南語,1030,,
correct,puy_ks,patedelr/pamau,excel,32-69,直的、正確、正直,,2026學習詞表-41建和卑南語.xlsx,41建和卑南語,1030,,
wide,puy_ks,lawas,excel,32-73,寬的,,2026學習詞表-41建和卑南語.xlsx,41建和卑南語,1034,,
long,puy_ks,tatelraw,excel,32-74,長的,,2026學習詞表-41建和卑南語.xlsx,41建和卑南語,1035,,
short,puy_ks,lrikeci,excel,32-76,短的,,2026學習詞表-41建和卑南語.xlsx,41建和卑南語,1037,,
full,puy_ks,matemuy,excel,32-79,滿滿,,2026學習詞表-41建和卑南語.xlsx,41建和卑南語,1040,,
wipe,puy_ks,icul,excel,33-06,擦拭,,2026學習詞表-41建和卑南語.xlsx,41建和卑南語,1048,,
throw,puy_ks,’atelr,excel,34-19,丟棄,,2026學習詞表-41建和卑南語.xlsx,41建和卑南語,1069,,
count,puy_ks,aiyup,excel,34-29,數;念,,2026學習詞表-41建和卑南語.xlsx,41建和卑南語,1079,,
not,puy_ks,melri,excel,35-03,不是(回答用),,2026學習詞表-41建和卑南語.xlsx,41建和卑南語,1092,,
because,puy_ks,alra kana,excel,36-05,因為,,2026學習詞表-41建和卑南語.xlsx,41建和卑南語,1101,,
and,puy_ks,di,excel,36-18,和,,2026學習詞表-41建和卑南語.xlsx,41建和卑南語,1114,,
if,puy_ks,nu,excel,36-22,如果,,2026學習詞表-41建和卑南語.xlsx,41建和卑南語,1118,,
all,puy_ks,peniya,excel,36-28,都;全部,,2026學習詞表-41建和卑南語.xlsx,41建和卑南語,1124,,
at,puy_ks,ulra/kadu,excel,36-35,在;有,,2026學習詞表-41建和卑南語.xlsx,41建和卑南語,1131,,
one,yam,asa,excel,01-01,一,,2026學習詞表-42雅美語.xlsx,42雅美語,5,,
two,yam,adoa,excel,01-02,二,,2026學習詞表-42雅美語.xlsx,42雅美語,6,,
three,yam,atlo,excel,01-03,三,,2026學習詞表-42雅美語.xlsx,42雅美語,7,,
four,yam,apat,excel,01-04,四,,2026學習詞表-42雅美語.xlsx,42雅美語,8,,
five,yam,alima,excel,01-05,五,,2026學習詞表-42雅美語.xlsx,42雅美語,9,,
six,yam,anem,excel,01-06,六,,2026學習詞表-42雅美語.xlsx,42雅美語,10,,
seven,yam,apito,excel,01-07,七,,2026學習詞表-42雅美語.xlsx,42雅美語,11,,
eight,yam,awao,excel,01-08,八,,2026學習詞表-42雅美語.xlsx,42雅美語,12,,
nine,yam,asiyam,excel,01-09,九,,2026學習詞表-42雅美語.xlsx,42雅美語,13,,
ten,yam,asa ngernan,excel,01-10,十,,2026學習詞表-42雅美語.xlsx,42雅美語,14,,
twenty,yam,adoa a ngernan,excel,01-20,二十,,2026學習詞表-42雅美語.xlsx,42雅美語,24,,
hundred,yam,asa poo,excel,01-34,百,,2026學習詞表-42雅美語.xlsx,42雅美語,38,asa poo (一百個東西)。朗島、 野銀、 漁人、東清部落統稱,
hundred,yam,asa ranaw(錢幣用),excel,01-35,一百,,2026學習詞表-42雅美語.xlsx,42雅美語,39,asaranow,
some,yam,apereh,excel,01-38,一些,,2026學習詞表-42雅美語.xlsx,42雅美語,42,,
all,yam,mamimin,excel,01-43,全部,,2026學習詞表-42雅美語.xlsx,42雅美語,47,,
few,yam,apereh,excel,01-44,一點點,,2026學習詞表-42雅美語.xlsx,42雅美語,48,,
you_singular,yam,imo,excel,02-01,你,,2026學習詞表-42雅美語.xlsx,42雅美語,51,,
i,yam,yaken,excel,02-02,我,,2026學習詞表-42雅美語.xlsx,42雅美語,52,,
he,yam,iya,excel,02-03,他,,2026學習詞表-42雅美語.xlsx,42雅美語,53,,
you_plural,yam,inyo,excel,02-04,你們,,2026學習詞表-42雅美語.xlsx,42雅美語,54,,
we,yam,yamen,excel,02-05,我們,,2026學習詞表-42雅美語.xlsx,42雅美語,55,主格(自由),
they,yam,sira,excel,02-06,他們,,2026學習詞表-42雅美語.xlsx,42雅美語,56,,
you_plural,yam,inyo,excel,02-07,你們,,2026學習詞表-42雅美語.xlsx,42雅美語,57,,
we,yam,namen,excel,02-08,我們,,2026學習詞表-42雅美語.xlsx,42雅美語,58,主格(附著)、屬格(附著),
they,yam,sira,excel,02-09,他們,,2026學習詞表-42雅美語.xlsx,42雅美語,59,,
you_singular,yam,imo,excel,02-10,你,,2026學習詞表-42雅美語.xlsx,42雅美語,60,,
he,yam,iya,excel,02-12,他,,2026學習詞表-42雅美語.xlsx,42雅美語,62,,
we,yam,namen,excel,02-13,我們(排除式),,2026學習詞表-42雅美語.xlsx,42雅美語,63,,
we,yam,jiyaten,excel,02-14,咱們(包含式),,2026學習詞表-42雅美語.xlsx,42雅美語,64,,
we,yam,ta,excel,02-15,咱們,,2026學習詞表-42雅美語.xlsx,42雅美語,65,,
that,yam,ito,excel,02-16,那個,,2026學習詞表-42雅美語.xlsx,42雅美語,66,,
this,yam,oya,excel,02-17,這個,,2026學習詞表-42雅美語.xlsx,42雅美語,67,,
here,yam,jiya,excel,02-18,這裡,,2026學習詞表-42雅美語.xlsx,42雅美語,68,,
there,yam,dang,excel,02-19,那裡,,2026學習詞表-42雅美語.xlsx,42雅美語,69,,
what,yam,ikongo,excel,03-02,什麼,,2026學習詞表-42雅美語.xlsx,42雅美語,73,,
how,yam,manngo,excel,03-03,如何,,2026學習詞表-42雅美語.xlsx,42雅美語,74,,
when,yam,simanngo,excel,03-04,何時(未發生),,2026學習詞表-42雅美語.xlsx,42雅美語,75,simango/野銀部落稱,
who,yam,sino,excel,03-05,誰,,2026學習詞表-42雅美語.xlsx,42雅美語,76,,
where,yam,jino,excel,03-07,哪裡,,2026學習詞表-42雅美語.xlsx,42雅美語,78,,
how,yam,makong,excel,03-09,怎麼,,2026學習詞表-42雅美語.xlsx,42雅美語,80,,
what,yam,ikong,excel,03-12,什麼,,2026學習詞表-42雅美語.xlsx,42雅美語,83,,
when,yam,no kango,excel,03-13,何時(已發生),,2026學習詞表-42雅美語.xlsx,42雅美語,84,,
father,yam,ama,excel,04-01,爸爸,,2026學習詞表-42雅美語.xlsx,42雅美語,87,,
mother,yam,ina,excel,04-02,媽媽,,2026學習詞表-42雅美語.xlsx,42雅美語,88,,
wife,yam,kadoan do vahay,excel,04-07,配偶,,2026學習詞表-42雅美語.xlsx,42雅美語,93,,
husband,yam,kadoan do vahay,excel,04-07,配偶,,2026學習詞表-42雅美語.xlsx,42雅美語,93,,
husband,yam,kataned,excel,04-15,丈夫,,2026學習詞表-42雅美語.xlsx,42雅美語,101,,
name,yam,ngaran,excel,05-01,名字,,2026學習詞表-42雅美語.xlsx,42雅美語,114,,
child,yam,kanakan,excel,05-05,孩童,,2026學習詞表-42雅美語.xlsx,42雅美語,118,,
woman,yam,mavakes,excel,05-07,女性,,2026學習詞表-42雅美語.xlsx,42雅美語,120,,
man,yam,mehakay,excel,05-08,男性,,2026學習詞表-42雅美語.xlsx,42雅美語,121,,
person,yam,tao,excel,05-09,人,,2026學習詞表-42雅美語.xlsx,42雅美語,122,,
ear,yam,talinga,excel,06-01,耳朵,,2026學習詞表-42雅美語.xlsx,42雅美語,140,,
leg,yam,opa,excel,06-02,大腿,,2026學習詞表-42雅美語.xlsx,42雅美語,141,appa/朗島部落稱,
eye,yam,mata,excel,06-03,眼睛,,2026學習詞表-42雅美語.xlsx,42雅美語,142,,
mouth,yam,ngongoy,excel,06-05,嘴巴,,2026學習詞表-42雅美語.xlsx,42雅美語,144,,
head,yam,oo,excel,06-06,頭,,2026學習詞表-42雅美語.xlsx,42雅美語,145,,
fingernail,yam,koko,excel,06-07,指甲,,2026學習詞表-42雅美語.xlsx,42雅美語,146,,
hand,yam,lima,excel,06-08,手,,2026學習詞表-42雅美語.xlsx,42雅美語,147,,
nose,yam,momodan,excel,06-10,鼻子,,2026學習詞表-42雅美語.xlsx,42雅美語,149,,
foot,yam,ai,excel,06-11,腳,,2026學習詞表-42雅美語.xlsx,42雅美語,150,,
tooth,yam,ngepen,excel,06-12,牙齒,,2026學習詞表-42雅美語.xlsx,42雅美語,151,,
hair,yam,ovok,excel,06-13,頭髮,,2026學習詞表-42雅美語.xlsx,42雅美語,152,,
blood,yam,rala,excel,06-14,血,,2026學習詞表-42雅美語.xlsx,42雅美語,153,,
meat,yam,asisi,excel,06-15,肉,,2026學習詞表-42雅美語.xlsx,42雅美語,154,,
belly,yam,velek,excel,06-17,肚子,,2026學習詞表-42雅美語.xlsx,42雅美語,156,,
breast,yam,soso,excel,06-18,乳房,,2026學習詞表-42雅美語.xlsx,42雅美語,157,,
back,yam,likod,excel,06-22,背部,,2026學習詞表-42雅美語.xlsx,42雅美語,161,,
skin,yam,kolit,excel,06-23,皮,,2026學習詞表-42雅美語.xlsx,42雅美語,162,,
heart,yam,taoz,excel,06-28,心臟,,2026學習詞表-42雅美語.xlsx,42雅美語,167,,
knee,yam,otod,excel,06-31,膝蓋,,2026學習詞表-42雅美語.xlsx,42雅美語,170,atod/朗島部落稱,
liver,yam,atay,excel,06-34,肝臟,,2026學習詞表-42雅美語.xlsx,42雅美語,173,,
fat,yam,tava,excel,06-37,油脂,,2026學習詞表-42雅美語.xlsx,42雅美語,176,,
tongue,yam,lila,excel,06-42,舌頭,,2026學習詞表-42雅美語.xlsx,42雅美語,181,,
neck,yam,zagow,excel,06-47,脖子,,2026學習詞表-42雅美語.xlsx,42雅美語,186,,
neck,yam,popotohan,excel,06-52,頸子,,2026學習詞表-42雅美語.xlsx,42雅美語,191,,
tail,yam,ipos,excel,07-01,尾巴,,2026學習詞表-42雅美語.xlsx,42雅美語,197,,
dog,yam,ino / agsa,excel,07-03,狗,,2026學習詞表-42雅美語.xlsx,42雅美語,199,,
bird,yam,meyyasasalap,excel,07-06,鳥,,2026學習詞表-42雅美語.xlsx,42雅美語,202,,
fish,yam,among,excel,07-07,魚,,2026學習詞表-42雅美語.xlsx,42雅美語,203,,
snake,yam,volay,excel,07-19,蛇,,2026學習詞表-42雅美語.xlsx,42雅美語,215,,
louse,yam,koto,excel,07-33,頭蝨,,2026學習詞表-42雅美語.xlsx,42雅美語,229,,
worm,yam,kalwalwaci,excel,07-39,蚯蚓,,2026學習詞表-42雅美語.xlsx,42雅美語,235,,
wing,yam,panid,excel,07-49,翅膀,,2026學習詞表-42雅美語.xlsx,42雅美語,245,,
horn,yam,ozong,excel,07-64,(動物的)角,,2026學習詞表-42雅美語.xlsx,42雅美語,260,,
tree,yam,kayo,excel,08-03,樹,,2026學習詞表-42雅美語.xlsx,42雅美語,265,,
leaf,yam,voong,excel,08-06,葉子,,2026學習詞表-42雅美語.xlsx,42雅美語,268,,
flower,yam,savong,excel,08-09,花朵,,2026學習詞表-42雅美語.xlsx,42雅美語,271,,
stick,yam,yangaw,excel,08-15,樹枝,,2026學習詞表-42雅美語.xlsx,42雅美語,277,,
fruit,yam,asi no kayo,excel,08-16,(植物的)果實,,2026學習詞表-42雅美語.xlsx,42雅美語,278,,
grass,yam,tamek,excel,08-20,草,,2026學習詞表-42雅美語.xlsx,42雅美語,282,,
fruit,yam,asiasi no kayo,excel,08-24,水果,,2026學習詞表-42雅美語.xlsx,42雅美語,286,,
root,yam,yamot no kayo,excel,08-28,樹根,,2026學習詞表-42雅美語.xlsx,42雅美語,290,,
seed,yam,vottow,excel,08-44,種子,,2026學習詞表-42雅美語.xlsx,42雅美語,306,,
rope,yam,ovid,excel,09-14,細繩,,2026學習詞表-42雅美語.xlsx,42雅美語,334,,
rope,yam,kolili,excel,09-15,繩索,,2026學習詞表-42雅美語.xlsx,42雅美語,335,,
stick,yam,yangow na,excel,09-18,枝條,,2026學習詞表-42雅美語.xlsx,42雅美語,338,,
ash,yam,avo,excel,09-49,炭灰,,2026學習詞表-42雅美語.xlsx,42雅美語,369,,
road,yam,rarahan,excel,10-01,道路,,2026學習詞表-42雅美語.xlsx,42雅美語,393,,
wind,yam,sazowsaw,excel,10-04,風,,2026學習詞表-42雅美語.xlsx,42雅美語,396,,
earth,yam,tana,excel,10-05,泥土,,2026學習詞表-42雅美語.xlsx,42雅美語,397,,
river,yam,ayo,excel,10-07,河流,,2026學習詞表-42雅美語.xlsx,42雅美語,399,,
lake,yam,mibebneng a ranom,excel,10-08,湖泊,,2026學習詞表-42雅美語.xlsx,42雅美語,400,,
forest,yam,kahasan,excel,10-09,森林,,2026學習詞表-42雅美語.xlsx,42雅美語,401,,
sun,yam,araw,excel,11-02,太陽,,2026學習詞表-42雅美語.xlsx,42雅美語,417,,
moon,yam,vehan,excel,11-03,月亮,,2026學習詞表-42雅美語.xlsx,42雅美語,418,,
sky,yam,angit,excel,11-04,天空,,2026學習詞表-42雅美語.xlsx,42雅美語,419,anit/朗島部落稱,
star,yam,mata no angit,excel,11-05,星星,,2026學習詞表-42雅美語.xlsx,42雅美語,420,,
rain,yam,cimoy,excel,11-06,雨,,2026學習詞表-42雅美語.xlsx,42雅美語,421,,
cloud,yam,cinalab,excel,11-12,雲,,2026學習詞表-42雅美語.xlsx,42雅美語,427,tahahaso霧,
smoke,yam,aob,excel,11-13,煙,,2026學習詞表-42雅美語.xlsx,42雅美語,428,,
fire,yam,apoy,excel,11-17,火,,2026學習詞表-42雅美語.xlsx,42雅美語,432,,
ice,yam,kozi,excel,11-18,冰,,2026學習詞表-42雅美語.xlsx,42雅美語,433,,
stone,yam,vato / veysen,excel,12-05,石頭,,2026學習詞表-42雅美語.xlsx,42雅美語,454,,
night,yam,maep,excel,13-02,晚上,,2026學習詞表-42雅美語.xlsx,42雅美語,471,,
day,yam,maraw,excel,13-07,白天,,2026學習詞表-42雅美語.xlsx,42雅美語,476,,
night,yam,ahep,excel,13-22,夜,,2026學習詞表-42雅美語.xlsx,42雅美語,491,,
year,yam,awan,excel,13-28,年,,2026學習詞表-42雅美語.xlsx,42雅美語,497,,
in,yam,sahad,excel,14-01,裡面,,2026學習詞表-42雅美語.xlsx,42雅美語,502,,
at,yam,do koang,excel,14-02,在某處,,2026學習詞表-42雅美語.xlsx,42雅美語,503,,
right,yam,wanan,excel,14-10,右邊,,2026學習詞表-42雅美語.xlsx,42雅美語,511,,
left,yam,ozi,excel,14-11,左邊,,2026學習詞表-42雅美語.xlsx,42雅美語,512,,
water,yam,ranom,excel,21-02,水,,2026學習詞表-42雅美語.xlsx,42雅美語,601,,
salt,yam,asin,excel,21-07,鹽,,2026學習詞表-42雅美語.xlsx,42雅美語,606,,
egg,yam,icoy,excel,21-09,蛋,,2026學習詞表-42雅美語.xlsx,42雅美語,608,,
white,yam,malavang,excel,22-01,白色,,2026學習詞表-42雅美語.xlsx,42雅美語,626,,
black,yam,mavaheng / masirem,excel,22-02,黑色,,2026學習詞表-42雅美語.xlsx,42雅美語,627,,
red,yam,mabazangbang,excel,22-03,紅色,,2026學習詞表-42雅美語.xlsx,42雅美語,628,,
yellow,yam,akmey kowarey no manok,excel,22-05,黃色的,,2026學習詞表-42雅美語.xlsx,42雅美語,630,,
green,yam,mowgarow,excel,22-08,綠色,,2026學習詞表-42雅美語.xlsx,42雅美語,633,,
give,yam,ipanta,excel,25-07,給,,2026學習詞表-42雅美語.xlsx,42雅美語,663,,
come,yam,mai,excel,25-08,來,,2026學習詞表-42雅美語.xlsx,42雅美語,664,,
walk,yam,omalam,excel,25-10,走路,,2026學習詞表-42雅美語.xlsx,42雅美語,666,,
fly,yam,somalap,excel,25-12,飛,,2026學習詞表-42雅美語.xlsx,42雅美語,668,,
give,yam,itoro,excel,25-15,送、給,,2026學習詞表-42雅美語.xlsx,42雅美語,671,,
fall,yam,mavozas,excel,25-26,(植物的果實)掉落,,2026學習詞表-42雅美語.xlsx,42雅美語,682,,
sit,yam,omlisna,excel,25-43,坐著,,2026學習詞表-42雅美語.xlsx,42雅美語,699,,
stand,yam,tomanek,excel,25-44,站著,,2026學習詞表-42雅美語.xlsx,42雅美語,700,,
sit,yam,amlisna,excel,26-03,坐下,,2026學習詞表-42雅美語.xlsx,42雅美語,712,,
hit,yam,manbakbak,excel,26-08,打(人),,2026學習詞表-42雅美語.xlsx,42雅美語,717,,
stab,yam,sobsoben,excel,26-09,刺,,2026學習詞表-42雅美語.xlsx,42雅美語,718,,
push,yam,padondonen,excel,26-13,推,,2026學習詞表-42雅美語.xlsx,42雅美語,722,,
scratch,yam,mikakadkad,excel,26-18,抓癢,,2026學習詞表-42雅美語.xlsx,42雅美語,727,,
lie,yam,mirey,excel,26-20,躺,,2026學習詞表-42雅美語.xlsx,42雅美語,729,,
blow,yam,avyotan,excel,26-28,吹,,2026學習詞表-42雅美語.xlsx,42雅美語,737,,
dig,yam,kalian,excel,26-29,挖掘,,2026學習詞表-42雅美語.xlsx,42雅美語,738,另作：kalihen(椰油),
cut,yam,ilapen,excel,26-30,切,,2026學習詞表-42雅美語.xlsx,42雅美語,739,,
swim,yam,miawawat,excel,26-31,游泳,,2026學習詞表-42雅美語.xlsx,42雅美語,740,,
split,yam,pisisiin,excel,26-37,剖開,,2026學習詞表-42雅美語.xlsx,42雅美語,746,,
tie,yam,pikedengen,excel,26-38,綁住,,2026學習詞表-42雅美語.xlsx,42雅美語,747,,
pull,yam,pamingit,excel,26-39,拉,,2026學習詞表-42雅美語.xlsx,42雅美語,748,,
split,yam,aboaken,excel,26-40,劈(木材),,2026學習詞表-42雅美語.xlsx,42雅美語,749,,
hold,yam,aviten,excel,26-42,提著,,2026學習詞表-42雅美語.xlsx,42雅美語,751,,
hold,yam,kemkeman,excel,26-43,握著,,2026學習詞表-42雅美語.xlsx,42雅美語,752,,
tie,yam,vaovaoden,excel,26-44,捆綁,,2026學習詞表-42雅美語.xlsx,42雅美語,753,vowvowden/紅頭、朗島部落稱,
scratch,yam,kelekelehen,excel,26-56,搔癢,,2026學習詞表-42雅美語.xlsx,42雅美語,765,,
rub,yam,apisan,excel,26-85,揉搓(衣物),,2026學習詞表-42雅美語.xlsx,42雅美語,794,,
lie,yam,misiri,excel,26-88,側臥,,2026學習詞表-42雅美語.xlsx,42雅美語,797,meysiri/朗島部落稱,
fight,yam,mililiman,excel,26-96,打架,,2026學習詞表-42雅美語.xlsx,42雅美語,805,,
squeeze,yam,aslinen,excel,26-97,擠,,2026學習詞表-42雅美語.xlsx,42雅美語,806,,
dig,yam,kowkawan,excel,26-100,(用手)挖掘,,2026學習詞表-42雅美語.xlsx,42雅美語,809,kowkawan/朗島部落稱,
stand,yam,tanek,excel,26-105,起立,,2026學習詞表-42雅美語.xlsx,42雅美語,814,tomanek,
eat,yam,koman,excel,27-01,吃,,2026學習詞表-42雅美語.xlsx,42雅美語,816,,
suck,yam,cizopen,excel,27-02,吸,,2026學習詞表-42雅美語.xlsx,42雅美語,817,,
drink,yam,minom,excel,27-03,喝,,2026學習詞表-42雅美語.xlsx,42雅美語,818,,
vomit,yam,mota,excel,27-04,吐,,2026學習詞表-42雅美語.xlsx,42雅美語,819,motota一直吐,
bite,yam,ngetngeten,excel,27-05,咬,,2026學習詞表-42雅美語.xlsx,42雅美語,820,,
eat,yam,koman,excel,27-15,吃(東西),,2026學習詞表-42雅美語.xlsx,42雅美語,830,,
know,yam,katenngan,excel,28-02,知道,,2026學習詞表-42雅美語.xlsx,42雅美語,836,,
see,yam,cita,excel,28-03,看,,2026學習詞表-42雅美語.xlsx,42雅美語,837,,
say,yam,panci,excel,28-04,說,,2026學習詞表-42雅美語.xlsx,42雅美語,838,,
smell,yam,angnoen,excel,28-07,聞(如聞味道),,2026學習詞表-42雅美語.xlsx,42雅美語,841,,
hear,yam,amizingen,excel,28-19,聽,,2026學習詞表-42雅美語.xlsx,42雅美語,853,,
think,yam,nakenakemen,excel,28-25,想(思考),,2026學習詞表-42雅美語.xlsx,42雅美語,859,,
fear,yam,maniahey,excel,29-02,害怕,,2026學習詞表-42雅美語.xlsx,42雅美語,866,,
wash,yam,mipipis,excel,30-02,洗衣物,,2026學習詞表-42雅美語.xlsx,42雅美語,876,,
sleep,yam,mitkeh,excel,30-09,睡覺,,2026學習詞表-42雅美語.xlsx,42雅美語,883,,
kill,yam,mangigo,excel,30-10,殺牲畜,,2026學習詞表-42雅美語.xlsx,42雅美語,884,,
lie,yam,mirey,excel,30-16,躺臥,,2026學習詞表-42雅美語.xlsx,42雅美語,890,,
burn,yam,asleben,excel,30-20,燒(如燒稻草),,2026學習詞表-42雅美語.xlsx,42雅美語,894,meseleseleb,
hunt,yam,soziban,excel,30-25,陷獵,,2026學習詞表-42雅美語.xlsx,42雅美語,899,,
burn,yam,masleb,excel,30-54,燃燒,,2026學習詞表-42雅美語.xlsx,42雅美語,928,,
drink,yam,minom,excel,30-61,喝(水),,2026學習詞表-42雅美語.xlsx,42雅美語,935,minom 喝(ranom水),
sing,yam,mianoanood,excel,30-64,唱歌,,2026學習詞表-42雅美語.xlsx,42雅美語,938,,
play,yam,miyalalam,excel,30-65,玩耍,,2026學習詞表-42雅美語.xlsx,42雅美語,939,,
die,yam,mawakwak/mazakat,excel,31-01,死亡,,2026學習詞表-42雅美語.xlsx,42雅美語,941,與世長辭,
live,yam,maviay,excel,31-08,活的,,2026學習詞表-42雅美語.xlsx,42雅美語,948,,
heavy,yam,marehmet,excel,32-02,重(重量),,2026學習詞表-42雅美語.xlsx,42雅美語,963,,
big,yam,arako,excel,32-05,大的,,2026學習詞表-42雅美語.xlsx,42雅美語,966,,
cold,yam,marekmeh,excel,32-08,冷,,2026學習詞表-42雅美語.xlsx,42雅美語,969,,
small,yam,alikey,excel,32-09,小的,,2026學習詞表-42雅美語.xlsx,42雅美語,970,,
many,yam,aro,excel,32-10,多,,2026學習詞表-42雅美語.xlsx,42雅美語,971,,
cold,yam,marekmeh,excel,32-12,冰冷,,2026學習詞表-42雅美語.xlsx,42雅美語,973,,
few,yam,apereh,excel,32-14,少的,,2026學習詞表-42雅美語.xlsx,42雅美語,975,,
laugh,yam,maming,excel,32-16,笑,,2026學習詞表-42雅美語.xlsx,42雅美語,977,,
wet,yam,mavasa,excel,32-17,濕的,,2026學習詞表-42雅美語.xlsx,42雅美語,978,,
thick,yam,mavahakey,excel,32-19,厚的,,2026學習詞表-42雅美語.xlsx,42雅美語,980,,
thin,yam,mataripis,excel,32-21,薄的,,2026學習詞表-42雅美語.xlsx,42雅美語,982,,
dirty,yam,maloit,excel,32-22,髒,,2026學習詞表-42雅美語.xlsx,42雅美語,983,,
dry,yam,makjit,excel,32-28,乾的,,2026學習詞表-42雅美語.xlsx,42雅美語,989,,
new,yam,avayo,excel,32-31,新的,,2026學習詞表-42雅美語.xlsx,42雅美語,992,,
old,yam,adan,excel,32-32,舊的,,2026學習詞表-42雅美語.xlsx,42雅美語,993,,
near,yam,masngen,excel,32-33,近,,2026學習詞表-42雅美語.xlsx,42雅美語,994,,
bad,yam,makava,excel,32-35,壞掉,,2026學習詞表-42雅美語.xlsx,42雅美語,996,,
far,yam,marai,excel,32-37,遠,,2026學習詞表-42雅美語.xlsx,42雅美語,998,,
swell,yam,omlipad,excel,32-38,腫,,2026學習詞表-42雅美語.xlsx,42雅美語,999,,
smooth,yam,maraphes,excel,32-44,滑,,2026學習詞表-42雅美語.xlsx,42雅美語,1005,,
warm,yam,mehteng,excel,32-56,暖和,,2026學習詞表-42雅美語.xlsx,42雅美語,1017,,
dull,yam,mangaleh,excel,32-57,鈍的,,2026學習詞表-42雅美語.xlsx,42雅美語,1018,mangareh/朗島部落稱,
straight,yam,matazineng,excel,32-65,直,,2026學習詞表-42雅美語.xlsx,42雅美語,1026,,
full,yam,mapno,excel,32-66,滿了,,2026學習詞表-42雅美語.xlsx,42雅美語,1027,,
wide,yam,mawazey na,excel,32-68,(空間)寬敞,,2026學習詞表-42雅美語.xlsx,42雅美語,1029,,
correct,yam,manoyong,excel,32-69,正確,,2026學習詞表-42雅美語.xlsx,42雅美語,1030,,
long,yam,anaro,excel,32-74,長的,,2026學習詞表-42雅美語.xlsx,42雅美語,1035,,
short,yam,alinged,excel,32-76,短,,2026學習詞表-42雅美語.xlsx,42雅美語,1037,,
full,yam,mapno,excel,32-79,滿滿,,2026學習詞表-42雅美語.xlsx,42雅美語,1040,,
wipe,yam,linasan,excel,33-06,擦拭,,2026學習詞表-42雅美語.xlsx,42雅美語,1048,,
throw,yam,ipipowa,excel,34-19,丟棄,,2026學習詞表-42雅美語.xlsx,42雅美語,1069,ipepowa/朗島部落稱,
count,yam,vilangan,excel,34-29,數(計算),,2026學習詞表-42雅美語.xlsx,42雅美語,1079,,
good,yam,apiya,excel,34-34,好,,2026學習詞表-42雅美語.xlsx,42雅美語,1084,,
not,yam,beken / ta ori,excel,35-03,不是(回答用),,2026學習詞表-42雅美語.xlsx,42雅美語,1092,,
because,yam,ta,excel,36-05,因為,,2026學習詞表-42雅美語.xlsx,42雅美語,1101,,
and,yam,aka,excel,36-18,和,,2026學習詞表-42雅美語.xlsx,42雅美語,1114,,
if,yam,no,excel,36-22,如果,,2026學習詞表-42雅美語.xlsx,42雅美語,1118,,
one,sak,cacay,excel,01-01,一,,2026學習詞表-43撒奇萊雅語.xlsx,43撒奇萊雅語,5,,
two,sak,tusa,excel,01-02,二,,2026學習詞表-43撒奇萊雅語.xlsx,43撒奇萊雅語,6,,
three,sak,tulu,excel,01-03,三,,2026學習詞表-43撒奇萊雅語.xlsx,43撒奇萊雅語,7,,
four,sak,sepat,excel,01-04,四,,2026學習詞表-43撒奇萊雅語.xlsx,43撒奇萊雅語,8,,
five,sak,lima,excel,01-05,五,,2026學習詞表-43撒奇萊雅語.xlsx,43撒奇萊雅語,9,,
six,sak,enem,excel,01-06,六,,2026學習詞表-43撒奇萊雅語.xlsx,43撒奇萊雅語,10,,
seven,sak,pitu,excel,01-07,七,,2026學習詞表-43撒奇萊雅語.xlsx,43撒奇萊雅語,11,,
eight,sak,walu,excel,01-08,八,,2026學習詞表-43撒奇萊雅語.xlsx,43撒奇萊雅語,12,,
nine,sak,siwa,excel,01-09,九,,2026學習詞表-43撒奇萊雅語.xlsx,43撒奇萊雅語,13,,
ten,sak,cacay a bataan,excel,01-10,十,,2026學習詞表-43撒奇萊雅語.xlsx,43撒奇萊雅語,14,,
twenty,sak,tusa a bataan,excel,01-20,二十,,2026學習詞表-43撒奇萊雅語.xlsx,43撒奇萊雅語,24,,
hundred,sak,lasubu,excel,01-34,百,,2026學習詞表-43撒奇萊雅語.xlsx,43撒奇萊雅語,38,,
hundred,sak,cacay a lasubu,excel,01-35,一百,,2026學習詞表-43撒奇萊雅語.xlsx,43撒奇萊雅語,39,,
some,sak,adiding,excel,01-38,一些,,2026學習詞表-43撒奇萊雅語.xlsx,43撒奇萊雅語,42,,
all,sak,hamin,excel,01-43,全部,,2026學習詞表-43撒奇萊雅語.xlsx,43撒奇萊雅語,47,,
few,sak,adidiʼ,excel,01-44,一點點,,2026學習詞表-43撒奇萊雅語.xlsx,43撒奇萊雅語,48,,
you_singular,sak,kisu,excel,02-01,你,,2026學習詞表-43撒奇萊雅語.xlsx,43撒奇萊雅語,51,,
i,sak,kaku,excel,02-02,我,,2026學習詞表-43撒奇萊雅語.xlsx,43撒奇萊雅語,52,,
he,sak,ciniza/cinida,excel,02-03,他,,2026學習詞表-43撒奇萊雅語.xlsx,43撒奇萊雅語,53,,
you_plural,sak,kamu,excel,02-04,你們,,2026學習詞表-43撒奇萊雅語.xlsx,43撒奇萊雅語,54,,
we,sak,kami,excel,02-05,我們,,2026學習詞表-43撒奇萊雅語.xlsx,43撒奇萊雅語,55,,
they,sak,kuheni/uheni,excel,02-06,他們,,2026學習詞表-43撒奇萊雅語.xlsx,43撒奇萊雅語,56,,
we,sak,kami,excel,02-13,我們(排除式),,2026學習詞表-43撒奇萊雅語.xlsx,43撒奇萊雅語,63,,
we,sak,kita,excel,02-14,咱們(包含式),,2026學習詞表-43撒奇萊雅語.xlsx,43撒奇萊雅語,64,,
that,sak,kuyza/ kuyda/uyda,excel,02-16,那個,,2026學習詞表-43撒奇萊雅語.xlsx,43撒奇萊雅語,66,,
this,sak,kuyni/uyni,excel,02-17,這個,,2026學習詞表-43撒奇萊雅語.xlsx,43撒奇萊雅語,67,,
here,sak,tini,excel,02-18,這裡,,2026學習詞表-43撒奇萊雅語.xlsx,43撒奇萊雅語,68,,
there,sak,tiza/ tida,excel,02-19,那裡,,2026學習詞表-43撒奇萊雅語.xlsx,43撒奇萊雅語,69,,
what,sak,canan,excel,03-02,什麼,,2026學習詞表-43撒奇萊雅語.xlsx,43撒奇萊雅語,73,,
how,sak,mahica,excel,03-03,如何,,2026學習詞表-43撒奇萊雅語.xlsx,43撒奇萊雅語,74,,
when,sak,ayaan,excel,03-04,何時(未發生),,2026學習詞表-43撒奇萊雅語.xlsx,43撒奇萊雅語,75,,
who,sak,cima,excel,03-05,誰,,2026學習詞表-43撒奇萊雅語.xlsx,43撒奇萊雅語,76,,
where,sak,cuwa,excel,03-07,哪裡,,2026學習詞表-43撒奇萊雅語.xlsx,43撒奇萊雅語,78,,
how,sak,mahica,excel,03-09,怎麼,,2026學習詞表-43撒奇萊雅語.xlsx,43撒奇萊雅語,80,,
where,sak,i cuwa,excel,03-12,什麼地方,,2026學習詞表-43撒奇萊雅語.xlsx,43撒奇萊雅語,83,,
when,sak,nayaan,excel,03-13,何時(已發生),,2026學習詞表-43撒奇萊雅語.xlsx,43撒奇萊雅語,84,a yaan指何時（未發生）,
father,sak,ama,excel,04-01,爸爸,,2026學習詞表-43撒奇萊雅語.xlsx,43撒奇萊雅語,87,,
mother,sak,ina,excel,04-02,媽媽,,2026學習詞表-43撒奇萊雅語.xlsx,43撒奇萊雅語,88,,
wife,sak,acawa,excel,04-07,配偶,,2026學習詞表-43撒奇萊雅語.xlsx,43撒奇萊雅語,93,,
husband,sak,acawa,excel,04-07,配偶,,2026學習詞表-43撒奇萊雅語.xlsx,43撒奇萊雅語,93,,
husband,sak,acawa,excel,04-15,丈夫,,2026學習詞表-43撒奇萊雅語.xlsx,43撒奇萊雅語,101,,
name,sak,ngangan,excel,05-01,名字,,2026學習詞表-43撒奇萊雅語.xlsx,43撒奇萊雅語,114,,
child,sak,wawa,excel,05-05,孩童,,2026學習詞表-43撒奇萊雅語.xlsx,43撒奇萊雅語,118,,
woman,sak,tatayna,excel,05-07,女性,,2026學習詞表-43撒奇萊雅語.xlsx,43撒奇萊雅語,120,,
man,sak,tatama,excel,05-08,男性,,2026學習詞表-43撒奇萊雅語.xlsx,43撒奇萊雅語,121,,
person,sak,tademaw/tamdaw,excel,05-09,人,,2026學習詞表-43撒奇萊雅語.xlsx,43撒奇萊雅語,122,,
ear,sak,tangila,excel,06-01,耳朵,,2026學習詞表-43撒奇萊雅語.xlsx,43撒奇萊雅語,140,,
leg,sak,padahaw/cepi’,excel,06-02,大腿,,2026學習詞表-43撒奇萊雅語.xlsx,43撒奇萊雅語,141,,
eye,sak,mata,excel,06-03,眼睛,,2026學習詞表-43撒奇萊雅語.xlsx,43撒奇萊雅語,142,,
mouth,sak,laway,excel,06-05,嘴巴,,2026學習詞表-43撒奇萊雅語.xlsx,43撒奇萊雅語,144,,
head,sak,tangah,excel,06-06,頭,,2026學習詞表-43撒奇萊雅語.xlsx,43撒奇萊雅語,145,,
fingernail,sak,kanus,excel,06-07,指甲,,2026學習詞表-43撒奇萊雅語.xlsx,43撒奇萊雅語,146,,
hand,sak,lima,excel,06-08,手,,2026學習詞表-43撒奇萊雅語.xlsx,43撒奇萊雅語,147,,
nose,sak,cihek,excel,06-10,鼻子,,2026學習詞表-43撒奇萊雅語.xlsx,43撒奇萊雅語,149,,
foot,sak,kukuʼ,excel,06-11,腳,,2026學習詞表-43撒奇萊雅語.xlsx,43撒奇萊雅語,150,,
tooth,sak,ngipen,excel,06-12,牙齒,,2026學習詞表-43撒奇萊雅語.xlsx,43撒奇萊雅語,151,,
hair,sak,bukes,excel,06-13,頭髮,,2026學習詞表-43撒奇萊雅語.xlsx,43撒奇萊雅語,152,,
blood,sak,izang/ idang,excel,06-14,血,,2026學習詞表-43撒奇萊雅語.xlsx,43撒奇萊雅語,153,,
meat,sak,titi/heci/basis,excel,06-15,肉,,2026學習詞表-43撒奇萊雅語.xlsx,43撒奇萊雅語,154,,
belly,sak,bili,excel,06-17,肚子,,2026學習詞表-43撒奇萊雅語.xlsx,43撒奇萊雅語,156,,
breast,sak,cucu,excel,06-18,乳房,,2026學習詞表-43撒奇萊雅語.xlsx,43撒奇萊雅語,157,,
back,sak,kulul,excel,06-22,背部,,2026學習詞表-43撒奇萊雅語.xlsx,43撒奇萊雅語,161,,
skin,sak,banges,excel,06-23,皮,,2026學習詞表-43撒奇萊雅語.xlsx,43撒奇萊雅語,162,,
heart,sak,balucuʼ,excel,06-28,心臟,,2026學習詞表-43撒奇萊雅語.xlsx,43撒奇萊雅語,167,,
knee,sak,tusuz/ tusud,excel,06-31,膝蓋,,2026學習詞表-43撒奇萊雅語.xlsx,43撒奇萊雅語,170,,
liver,sak,atay,excel,06-34,肝臟,,2026學習詞表-43撒奇萊雅語.xlsx,43撒奇萊雅語,173,,
fat,sak,simal,excel,06-37,油脂,,2026學習詞表-43撒奇萊雅語.xlsx,43撒奇萊雅語,176,,
tongue,sak,sema,excel,06-42,舌頭,,2026學習詞表-43撒奇萊雅語.xlsx,43撒奇萊雅語,181,,
neck,sak,liel,excel,06-47,脖子,,2026學習詞表-43撒奇萊雅語.xlsx,43撒奇萊雅語,186,,
neck,sak,ailuc,excel,06-52,頸子,,2026學習詞表-43撒奇萊雅語.xlsx,43撒奇萊雅語,191,,
tail,sak,kikul,excel,07-01,尾巴,,2026學習詞表-43撒奇萊雅語.xlsx,43撒奇萊雅語,197,,
dog,sak,wacu,excel,07-03,狗,,2026學習詞表-43撒奇萊雅語.xlsx,43撒奇萊雅語,199,,
bird,sak,ayam,excel,07-06,鳥,,2026學習詞表-43撒奇萊雅語.xlsx,43撒奇萊雅語,202,,
fish,sak,buting,excel,07-07,魚,,2026學習詞表-43撒奇萊雅語.xlsx,43撒奇萊雅語,203,,
snake,sak,bau,excel,07-19,蛇,,2026學習詞表-43撒奇萊雅語.xlsx,43撒奇萊雅語,215,,
louse,sak,kutu,excel,07-33,頭蝨,,2026學習詞表-43撒奇萊雅語.xlsx,43撒奇萊雅語,229,,
worm,sak,atikak,excel,07-39,蚯蚓,,2026學習詞表-43撒奇萊雅語.xlsx,43撒奇萊雅語,235,,
wing,sak,sakubad,excel,07-49,翅膀,,2026學習詞表-43撒奇萊雅語.xlsx,43撒奇萊雅語,245,,
horn,sak,ngawaʼ,excel,07-64,(動物的)角,,2026學習詞表-43撒奇萊雅語.xlsx,43撒奇萊雅語,260,,
tree,sak,kilang,excel,08-03,樹,,2026學習詞表-43撒奇萊雅語.xlsx,43撒奇萊雅語,265,,
leaf,sak,papah,excel,08-06,葉子,,2026學習詞表-43撒奇萊雅語.xlsx,43撒奇萊雅語,268,,
flower,sak,balu/hana,excel,08-09,花朵,,2026學習詞表-43撒奇萊雅語.xlsx,43撒奇萊雅語,271,,
stick,sak,ciid,excel,08-15,樹枝,,2026學習詞表-43撒奇萊雅語.xlsx,43撒奇萊雅語,277,,
fruit,sak,heci,excel,08-16,(植物的)果實,,2026學習詞表-43撒奇萊雅語.xlsx,43撒奇萊雅語,278,,
grass,sak,lutuk,excel,08-20,草,,2026學習詞表-43撒奇萊雅語.xlsx,43撒奇萊雅語,282,,
fruit,sak,heci,excel,08-24,水果,,2026學習詞表-43撒奇萊雅語.xlsx,43撒奇萊雅語,286,,
root,sak,lamit,excel,08-28,樹根,,2026學習詞表-43撒奇萊雅語.xlsx,43撒奇萊雅語,290,,
seed,sak,sapaluma,excel,08-44,種子,,2026學習詞表-43撒奇萊雅語.xlsx,43撒奇萊雅語,306,,
rope,sak,lait/laic,excel,09-15,繩索,,2026學習詞表-43撒奇萊雅語.xlsx,43撒奇萊雅語,335,,
stick,sak,ciid,excel,09-18,枝條,,2026學習詞表-43撒奇萊雅語.xlsx,43撒奇萊雅語,338,,
ash,sak,abu,excel,09-49,炭灰,,2026學習詞表-43撒奇萊雅語.xlsx,43撒奇萊雅語,369,,
road,sak,zazan/ dadan,excel,10-01,道路,,2026學習詞表-43撒奇萊雅語.xlsx,43撒奇萊雅語,393,,
wind,sak,bali,excel,10-04,風,,2026學習詞表-43撒奇萊雅語.xlsx,43撒奇萊雅語,396,,
sand,sak,bunak/liken,excel,10-05,沙子,,2026學習詞表-43撒奇萊雅語.xlsx,43撒奇萊雅語,397,,
earth,sak,lalaʼ,excel,10-06,泥土,,2026學習詞表-43撒奇萊雅語.xlsx,43撒奇萊雅語,398,,
river,sak,sauwac/talawadaw,excel,10-07,河流,,2026學習詞表-43撒奇萊雅語.xlsx,43撒奇萊雅語,399,,
lake,sak,banaw,excel,10-08,湖泊,,2026學習詞表-43撒奇萊雅語.xlsx,43撒奇萊雅語,400,,
forest,sak,kilakilangan,excel,10-09,森林,,2026學習詞表-43撒奇萊雅語.xlsx,43撒奇萊雅語,401,,
sun,sak,cilal,excel,11-02,太陽,,2026學習詞表-43撒奇萊雅語.xlsx,43撒奇萊雅語,417,,
moon,sak,bulad,excel,11-03,月亮,,2026學習詞表-43撒奇萊雅語.xlsx,43撒奇萊雅語,418,,
sky,sak,tapuku,excel,11-04,天空,,2026學習詞表-43撒奇萊雅語.xlsx,43撒奇萊雅語,419,,
star,sak,bunac,excel,11-05,星星,,2026學習詞表-43撒奇萊雅語.xlsx,43撒奇萊雅語,420,,
rain,sak,udad,excel,11-06,雨,,2026學習詞表-43撒奇萊雅語.xlsx,43撒奇萊雅語,421,,
snow,sak,sulda/suleda,excel,11-07,雪,,2026學習詞表-43撒奇萊雅語.xlsx,43撒奇萊雅語,422,,
cloud,sak,ladem,excel,11-12,雲,,2026學習詞表-43撒奇萊雅語.xlsx,43撒奇萊雅語,427,,
smoke,sak,wacah,excel,11-13,煙,,2026學習詞表-43撒奇萊雅語.xlsx,43撒奇萊雅語,428,,
fire,sak,lamal,excel,11-17,火,,2026學習詞表-43撒奇萊雅語.xlsx,43撒奇萊雅語,432,,
ice,sak,kuli,excel,11-18,冰,,2026學習詞表-43撒奇萊雅語.xlsx,43撒奇萊雅語,433,,
stone,sak,baʼtu,excel,12-05,石頭,,2026學習詞表-43撒奇萊雅語.xlsx,43撒奇萊雅語,454,,
night,sak,sandeb/labi,excel,13-02,晚上,,2026學習詞表-43撒奇萊雅語.xlsx,43撒奇萊雅語,471,,
day,sak,demiad,excel,13-07,白天,,2026學習詞表-43撒奇萊雅語.xlsx,43撒奇萊雅語,476,,
night,sak,labi,excel,13-22,夜,,2026學習詞表-43撒奇萊雅語.xlsx,43撒奇萊雅語,491,,
year,sak,mihcaan,excel,13-28,年,,2026學習詞表-43撒奇萊雅語.xlsx,43撒奇萊雅語,497,,
in,sak,labu,excel,14-01,裡面,,2026學習詞表-43撒奇萊雅語.xlsx,43撒奇萊雅語,502,,
at,sak,icuwa,excel,14-02,在某處,,2026學習詞表-43撒奇萊雅語.xlsx,43撒奇萊雅語,503,,
right,sak,kawanan,excel,14-10,右邊,,2026學習詞表-43撒奇萊雅語.xlsx,43撒奇萊雅語,511,,
left,sak,kawili,excel,14-11,左邊,,2026學習詞表-43撒奇萊雅語.xlsx,43撒奇萊雅語,512,,
water,sak,nanum,excel,21-02,水,,2026學習詞表-43撒奇萊雅語.xlsx,43撒奇萊雅語,601,,
salt,sak,cikah,excel,21-07,鹽,,2026學習詞表-43撒奇萊雅語.xlsx,43撒奇萊雅語,606,,
egg,sak,tiʼkuk,excel,21-09,蛋,,2026學習詞表-43撒奇萊雅語.xlsx,43撒奇萊雅語,608,,
white,sak,sanglacay/salengacay,excel,22-01,白色的,,2026學習詞表-43撒奇萊雅語.xlsx,43撒奇萊雅語,626,,
black,sak,lumeniʼay,excel,22-02,黑色的,,2026學習詞表-43撒奇萊雅語.xlsx,43撒奇萊雅語,627,,
red,sak,sumanahay,excel,22-03,紅色的,,2026學習詞表-43撒奇萊雅語.xlsx,43撒奇萊雅語,628,,
yellow,sak,takuliyaway/kalawlaway,excel,22-05,黃色的,,2026學習詞表-43撒奇萊雅語.xlsx,43撒奇萊雅語,630,,
green,sak,langdaway,excel,22-08,綠色的,,2026學習詞表-43撒奇萊雅語.xlsx,43撒奇萊雅語,633,,
give,sak,pabeli,excel,25-07,給,,2026學習詞表-43撒奇萊雅語.xlsx,43撒奇萊雅語,663,,
come,sak,awza/ awda,excel,25-08,來,,2026學習詞表-43撒奇萊雅語.xlsx,43撒奇萊雅語,664,,
walk,sak,culil,excel,25-10,走路,,2026學習詞表-43撒奇萊雅語.xlsx,43撒奇萊雅語,666,,
fly,sak,bahel,excel,25-12,飛,,2026學習詞表-43撒奇萊雅語.xlsx,43撒奇萊雅語,668,,
fall,sak,mapeluʼ,excel,25-26,(植物的果實)掉落,,2026學習詞表-43撒奇萊雅語.xlsx,43撒奇萊雅語,682,,
sit,sak,eneng,excel,25-43,坐著,,2026學習詞表-43撒奇萊雅語.xlsx,43撒奇萊雅語,699,,
stand,sak,tizeng/ tideng,excel,25-44,站著,,2026學習詞表-43撒奇萊雅語.xlsx,43撒奇萊雅語,700,,
sit,sak,eneng,excel,26-03,坐下,,2026學習詞表-43撒奇萊雅語.xlsx,43撒奇萊雅語,712,,
hit,sak,tiik,excel,26-08,打(人),,2026學習詞表-43撒奇萊雅語.xlsx,43撒奇萊雅語,717,,
stab,sak,cucuk,excel,26-09,刺,,2026學習詞表-43撒奇萊雅語.xlsx,43撒奇萊雅語,718,,
push,sak,cuzuh/ cuduh,excel,26-13,推,,2026學習詞表-43撒奇萊雅語.xlsx,43撒奇萊雅語,722,,
scratch,sak,mikuskus,excel,26-18,抓癢,,2026學習詞表-43撒奇萊雅語.xlsx,43撒奇萊雅語,727,,
lie,sak,ta’nang/maliyad,excel,26-20,躺,,2026學習詞表-43撒奇萊雅語.xlsx,43撒奇萊雅語,729,,
blow,sak,iyub,excel,26-28,吹,,2026學習詞表-43撒奇萊雅語.xlsx,43撒奇萊雅語,737,,
dig,sak,kutkut,excel,26-29,挖掘,,2026學習詞表-43撒奇萊雅語.xlsx,43撒奇萊雅語,738,,
cut,sak,cikcik,excel,26-30,切,,2026學習詞表-43撒奇萊雅語.xlsx,43撒奇萊雅語,739,,
swim,sak,danguy/ngaduy,excel,26-31,游泳,,2026學習詞表-43撒奇萊雅語.xlsx,43撒奇萊雅語,740,,
tie,sak,siket,excel,26-38,綁住,,2026學習詞表-43撒奇萊雅語.xlsx,43撒奇萊雅語,747,,
pull,sak,tengteng,excel,26-39,拉,,2026學習詞表-43撒奇萊雅語.xlsx,43撒奇萊雅語,748,,
split,sak,mipelaʼ,excel,26-40,劈(木材),,2026學習詞表-43撒奇萊雅語.xlsx,43撒奇萊雅語,749,,
hold,sak,huwad/alaen/kapeten,excel,26-42,提著,,2026學習詞表-43撒奇萊雅語.xlsx,43撒奇萊雅語,751,,
hold,sak,zikec/ dikec/kamelen,excel,26-43,握著,,2026學習詞表-43撒奇萊雅語.xlsx,43撒奇萊雅語,752,,
tie,sak,balud,excel,26-44,捆綁,,2026學習詞表-43撒奇萊雅語.xlsx,43撒奇萊雅語,753,,
scratch,sak,kuskus,excel,26-56,搔癢,,2026學習詞表-43撒奇萊雅語.xlsx,43撒奇萊雅語,765,,
rub,sak,lutlut,excel,26-85,揉搓(衣物),,2026學習詞表-43撒奇萊雅語.xlsx,43撒奇萊雅語,794,,
lie,sak,matukinil/matikinih,excel,26-88,側臥,,2026學習詞表-43撒奇萊雅語.xlsx,43撒奇萊雅語,797,,
fight,sak,matatiik/malalebu,excel,26-96,打架,,2026學習詞表-43撒奇萊雅語.xlsx,43撒奇萊雅語,805,,
squeeze,sak,celcel,excel,26-97,擠,,2026學習詞表-43撒奇萊雅語.xlsx,43撒奇萊雅語,806,,
dig,sak,kutkut,excel,26-100,(用手)挖掘,,2026學習詞表-43撒奇萊雅語.xlsx,43撒奇萊雅語,809,,
stand,sak,tizenga/ tidenga,excel,26-105,起立,,2026學習詞表-43撒奇萊雅語.xlsx,43撒奇萊雅語,814,,
eat,sak,kan,excel,27-01,吃,,2026學習詞表-43撒奇萊雅語.xlsx,43撒奇萊雅語,816,,
suck,sak,helup,excel,27-02,吸,,2026學習詞表-43撒奇萊雅語.xlsx,43撒奇萊雅語,817,,
drink,sak,nanum,excel,27-03,喝,,2026學習詞表-43撒奇萊雅語.xlsx,43撒奇萊雅語,818,,
vomit,sak,utaʼ,excel,27-04,吐,,2026學習詞表-43撒奇萊雅語.xlsx,43撒奇萊雅語,819,,
bite,sak,kalat,excel,27-05,咬,,2026學習詞表-43撒奇萊雅語.xlsx,43撒奇萊雅語,820,,
eat,sak,mukan,excel,27-15,吃(東西),,2026學習詞表-43撒奇萊雅語.xlsx,43撒奇萊雅語,830,,
know,sak,matineng,excel,28-02,知道,,2026學習詞表-43撒奇萊雅語.xlsx,43撒奇萊雅語,836,,
see,sak,azih/ adih/melaw,excel,28-03,看,,2026學習詞表-43撒奇萊雅語.xlsx,43撒奇萊雅語,837,,
say,sak,kamu,excel,28-04,說,,2026學習詞表-43撒奇萊雅語.xlsx,43撒奇萊雅語,838,,
smell,sak,sanek,excel,28-07,聞(如聞味道),,2026學習詞表-43撒奇萊雅語.xlsx,43撒奇萊雅語,841,,
hear,sak,tengil,excel,28-19,聽,,2026學習詞表-43撒奇萊雅語.xlsx,43撒奇萊雅語,853,,
think,sak,zateng/ dateng/simsim,excel,28-25,想(思考),,2026學習詞表-43撒奇萊雅語.xlsx,43撒奇萊雅語,859,,
fear,sak,talaw,excel,29-02,害怕,,2026學習詞表-43撒奇萊雅語.xlsx,43撒奇萊雅語,866,,
wash,sak,bacaʼ,excel,30-02,洗(衣物),,2026學習詞表-43撒奇萊雅語.xlsx,43撒奇萊雅語,876,,
sleep,sak,mabiʼ,excel,30-09,睡覺,,2026學習詞表-43撒奇萊雅語.xlsx,43撒奇萊雅語,883,,
kill,sak,mipacuk,excel,30-10,殺牲畜,,2026學習詞表-43撒奇萊雅語.xlsx,43撒奇萊雅語,884,,
lie,sak,malikalik,excel,30-16,躺臥,,2026學習詞表-43撒奇萊雅語.xlsx,43撒奇萊雅語,890,,
burn,sak,tuduh,excel,30-20,燒(如燒稻草),,2026學習詞表-43撒奇萊雅語.xlsx,43撒奇萊雅語,894,,
hunt,sak,mibihkac,excel,30-25,陷獵,,2026學習詞表-43撒奇萊雅語.xlsx,43撒奇萊雅語,899,,
burn,sak,matuduh,excel,30-54,燃燒,,2026學習詞表-43撒奇萊雅語.xlsx,43撒奇萊雅語,928,,
drink,sak,minanum,excel,30-61,喝(水),,2026學習詞表-43撒奇萊雅語.xlsx,43撒奇萊雅語,935,,
sing,sak,mudadiw,excel,30-64,唱歌,,2026學習詞表-43撒奇萊雅語.xlsx,43撒奇萊雅語,938,,
play,sak,mababalakas / misalama,excel,30-65,玩耍,,2026學習詞表-43撒奇萊雅語.xlsx,43撒奇萊雅語,939,,
die,sak,mapatay,excel,31-01,死亡,,2026學習詞表-43撒奇萊雅語.xlsx,43撒奇萊雅語,941,,
live,sak,mauzipay / maudipay,excel,31-08,活的,,2026學習詞表-43撒奇萊雅語.xlsx,43撒奇萊雅語,948,,
heavy,sak,baʼket,excel,32-02,重(重量),,2026學習詞表-43撒奇萊雅語.xlsx,43撒奇萊雅語,963,,
big,sak,tabaki,excel,32-05,大的,,2026學習詞表-43撒奇萊雅語.xlsx,43撒奇萊雅語,966,,
cold,sak,cuʼdet,excel,32-08,冷,,2026學習詞表-43撒奇萊雅語.xlsx,43撒奇萊雅語,969,,
small,sak,adidi’,excel,32-09,小的,,2026學習詞表-43撒奇萊雅語.xlsx,43撒奇萊雅語,970,,
many,sak,yadah,excel,32-10,多,,2026學習詞表-43撒奇萊雅語.xlsx,43撒奇萊雅語,971,,
cold,sak,cuʼdet,excel,32-12,冰冷,,2026學習詞表-43撒奇萊雅語.xlsx,43撒奇萊雅語,973,,
few,sak,adidi’,excel,32-14,少的,,2026學習詞表-43撒奇萊雅語.xlsx,43撒奇萊雅語,975,,
laugh,sak,matawa,excel,32-16,笑,,2026學習詞表-43撒奇萊雅語.xlsx,43撒奇萊雅語,977,,
wet,sak,malalemed,excel,32-17,濕的,,2026學習詞表-43撒奇萊雅語.xlsx,43撒奇萊雅語,978,,
thick,sak,kibetulay,excel,32-19,厚的,,2026學習詞表-43撒奇萊雅語.xlsx,43撒奇萊雅語,980,,
thin,sak,duhpicay,excel,32-21,薄的,,2026學習詞表-43撒奇萊雅語.xlsx,43撒奇萊雅語,982,,
dirty,sak,mauning,excel,32-22,髒(了),,2026學習詞表-43撒奇萊雅語.xlsx,43撒奇萊雅語,983,,
dry,sak,maacak,excel,32-28,乾的,,2026學習詞表-43撒奇萊雅語.xlsx,43撒奇萊雅語,989,,
new,sak,baluhay,excel,32-31,新的,,2026學習詞表-43撒奇萊雅語.xlsx,43撒奇萊雅語,992,,
old,sak,malumanay,excel,32-32,舊的,,2026學習詞表-43撒奇萊雅語.xlsx,43撒奇萊雅語,993,,
near,sak,macapi,excel,32-33,近,,2026學習詞表-43撒奇萊雅語.xlsx,43撒奇萊雅語,994,,
bad,sak,mapeci’/malepi’,excel,32-35,壞掉,,2026學習詞表-43撒奇萊雅語.xlsx,43撒奇萊雅語,996,,
far,sak,mabaat / mabatad,excel,32-37,遠,,2026學習詞表-43撒奇萊雅語.xlsx,43撒奇萊雅語,998,,
swell,sak,malebawa,excel,32-38,腫,,2026學習詞表-43撒奇萊雅語.xlsx,43撒奇萊雅語,999,,
smooth,sak,lameneng,excel,32-44,滑,,2026學習詞表-43撒奇萊雅語.xlsx,43撒奇萊雅語,1005,,
warm,sak,dihku,excel,32-56,暖和,,2026學習詞表-43撒奇萊雅語.xlsx,43撒奇萊雅語,1017,,
dull,sak,matales,excel,32-57,鈍的,,2026學習詞表-43撒奇萊雅語.xlsx,43撒奇萊雅語,1018,,
straight,sak,patelek/pabesuc,excel,32-65,直,,2026學習詞表-43撒奇萊雅語.xlsx,43撒奇萊雅語,1026,,
full,sak,matumes tu,excel,32-66,滿了,,2026學習詞表-43撒奇萊雅語.xlsx,43撒奇萊雅語,1027,,
wide,sak,ahebal,excel,32-68,(空間)寬敞,,2026學習詞表-43撒奇萊雅語.xlsx,43撒奇萊雅語,1029,,
correct,sak,malucek,excel,32-69,正確,,2026學習詞表-43撒奇萊雅語.xlsx,43撒奇萊雅語,1030,,
warm,sak,alababay/mabasaw,excel,32-72,溫的(水),,2026學習詞表-43撒奇萊雅語.xlsx,43撒奇萊雅語,1033,,
long,sak,tanayuʼ,excel,32-74,長,,2026學習詞表-43撒奇萊雅語.xlsx,43撒奇萊雅語,1035,,
short,sak,apuyuʼ,excel,32-76,短,,2026學習詞表-43撒奇萊雅語.xlsx,43撒奇萊雅語,1037,,
full,sak,matumes,excel,32-79,滿滿,,2026學習詞表-43撒奇萊雅語.xlsx,43撒奇萊雅語,1040,,
wipe,sak,misipu,excel,33-06,擦拭,,2026學習詞表-43撒奇萊雅語.xlsx,43撒奇萊雅語,1048,,
throw,sak,mibakah,excel,34-19,丟棄,,2026學習詞表-43撒奇萊雅語.xlsx,43撒奇萊雅語,1069,,
count,sak,asip/ sausi,excel,34-29,數(計算),,2026學習詞表-43撒奇萊雅語.xlsx,43撒奇萊雅語,1079,,
good,sak,kapahay,excel,34-34,好,,2026學習詞表-43撒奇萊雅語.xlsx,43撒奇萊雅語,1084,,
not,sak,caay,excel,35-03,不是(回答用),,2026學習詞表-43撒奇萊雅語.xlsx,43撒奇萊雅語,1092,,
because,sak,zayhan/sisa/iday,excel,36-05,因為,,2026學習詞表-43撒奇萊雅語.xlsx,43撒奇萊雅語,1101,,
and,sak,atu,excel,36-18,和,,2026學習詞表-43撒奇萊雅語.xlsx,43撒奇萊雅語,1114,,
if,sak,anu,excel,36-22,如果,,2026學習詞表-43撒奇萊雅語.xlsx,43撒奇萊雅語,1118,,
i,pan,*aku,acd,19072-31814b45130b9f247de5cff437cf4d79-1,1sg. nominative; I,pan,acd-2.0/cldf/forms.csv,,,,
i,pmp,*aku,acd,19081-31814b45130b9f247de5cff437cf4d79-1,1sg. nominative; I,pmp,acd-2.0/cldf/forms.csv,,,,
you_singular,pan,*kaSu,acd,19072-024b2171c8958efa3ce919d2ba68322c-1,"2sg., you",pan,acd-2.0/cldf/forms.csv,,,,
you_singular,pmp,*kahu,acd,19081-024b2171c8958efa3ce919d2ba68322c-1,"2sg., you",pmp,acd-2.0/cldf/forms.csv,,,,
he,pan,*ia₁,acd,19072-f9714f427ece03dbb7d64ddfe65d087e-1,"3sg. personal pronoun: he, she; him, her, it",pan,acd-2.0/cldf/forms.csv,,,,
he,pmp,*ia₁,acd,19081-f9714f427ece03dbb7d64ddfe65d087e-1,"3sg. personal pronoun: he, she; him, her, it",pmp,acd-2.0/cldf/forms.csv,,,,
we,pan,*ita₁,acd,19072-42dc6c5bee537c4850d8dd80da64d83f-1,we (incl.),pan,acd-2.0/cldf/forms.csv,,,,
we,pan,*i-ami,acd,19072-d299990b6539fdcfaf8a1e0776434cb3-1,"1pl. excl. nominative, we",pan,acd-2.0/cldf/forms.csv,,,,
we,pmp,*ita₁,acd,19081-42dc6c5bee537c4850d8dd80da64d83f-1,we (incl.),pmp,acd-2.0/cldf/forms.csv,,,,
we,pmp,*kam-ami,acd,19081-f9853c80575cdb596f810f7a8d1fe958-1,"1pl. excl., we",pmp,acd-2.0/cldf/forms.csv,,,,
you_plural,pan,*k-amu,acd,19072-b81ace7f89124abe41bb320d7ce63a81-1,"2pl. nominative, you all",pan,acd-2.0/cldf/forms.csv,,,,
you_plural,pmp,*kamu₂,acd,19081-b81ace7f89124abe41bb320d7ce63a81-1,"2pl. nominative, you all",pmp,acd-2.0/cldf/forms.csv,,,,
they,pmp,*ida,acd,19081-57b30897d8f6e257fe905a355332b3c1-1,"they, them (cf *da)",pmp,acd-2.0/cldf/forms.csv,,,,
this,pan,*i-ni,acd,19072-ea5a2ba944083bbb4bb4dcab6e6daf3c-1,this; here,pan,acd-2.0/cldf/forms.csv,,,,
this,pmp,*i-ni,acd,19081-ea5a2ba944083bbb4bb4dcab6e6daf3c-1,this; here,pmp,acd-2.0/cldf/forms.csv,,,,
that,pan,*i-Cu,acd,19072-7f245d8d19bcf4d5a57ab3f08291429d-1,that (2p),pan,acd-2.0/cldf/forms.csv,,,,
that,pmp,*i-Cu,acd,19081-7f245d8d19bcf4d5a57ab3f08291429d-1,that (2p),pmp,acd-2.0/cldf/forms.csv,,,,
here,pan,*di-ni,acd,19072-6c92285fa6d3e827b198d120ea3ac674-1,here,pan,acd-2.0/cldf/forms.csv,,,,
here,pmp,*di-ni,acd,19081-6c92285fa6d3e827b198d120ea3ac674-1,here,pmp,acd-2.0/cldf/forms.csv,,,,
there,pan,*dua,acd,19072-a876c5442f8fae07bb35da85068d110b-1,"over there, yonder",pan,acd-2.0/cldf/forms.csv,,,,
there,pmp,*i-di,acd,19081-f4bd49af2ce322507e58c447f2c82f02-2,"that, there",pmp,acd-2.0/cldf/forms.csv,,,,
who,pan,*ima,acd,19072-53d670af9bb16ea82e7ef41ee23ec6df-1,who?,pan,acd-2.0/cldf/forms.csv,,,,
who,pmp,*sai,acd,19081-53d670af9bb16ea82e7ef41ee23ec6df-2,who?,pmp,acd-2.0/cldf/forms.csv,,,,
what,pan,*nema,acd,19072-dfa3ad2ef5455b87d7e4655203501f43-1,what thing?,pan,acd-2.0/cldf/forms.csv,,,,
what,pmp,*apa₁,acd,19081-4a2028eceac5e1f4d252ea13c71ecec6-1,what?,pmp,acd-2.0/cldf/forms.csv,,,,
where,pan,*inu,acd,19072-567904efe9e64d9faf3e41ef402cb568-1,where?,pan,acd-2.0/cldf/forms.csv,,,,
where,pmp,*inu,acd,19081-567904efe9e64d9faf3e41ef402cb568-1,where?,pmp,acd-2.0/cldf/forms.csv,,,,
when,pan,*ijan,acd,19072-df491a4de50739fa9cffdbd4e3f4b4bb-1,when?,pan,acd-2.0/cldf/forms.csv,,,,
when,pmp,*ijan,acd,19081-df491a4de50739fa9cffdbd4e3f4b4bb-3,when?,pmp,acd-2.0/cldf/forms.csv,,,,
how,pan,*kuja,acd,19072-8759a2ae0ea28f142167308c60a65cc3-1,"how?, How is it? What is the matter?",pan,acd-2.0/cldf/forms.csv,,,,
how,pmp,*kuja,acd,19081-8759a2ae0ea28f142167308c60a65cc3-2,"how?, How is it? What is the matter?",pmp,acd-2.0/cldf/forms.csv,,,,
not,pan,*adi,acd,19072-99f2e975bb5b9a82b1d2386ad2adb527-1,"no, not",pan,acd-2.0/cldf/forms.csv,,,,
not,pmp,*adi,acd,19081-99f2e975bb5b9a82b1d2386ad2adb527-1,"no, not",pmp,acd-2.0/cldf/forms.csv,,,,
all,pan,*qemin,acd,19072-a181a603769c1f98ad927e7367c7aa51-1,all,pan,acd-2.0/cldf/forms.csv,,,,
all,pmp,*qemin,acd,19081-a181a603769c1f98ad927e7367c7aa51-1,all,pmp,acd-2.0/cldf/forms.csv,,,,
many,pan,*Sadu,acd,19072-b1e42110ea5a7d32af349e8b80968baa-1,"many, much, plenty",pan,acd-2.0/cldf/forms.csv,,,,
many,pmp,*hadu,acd,19081-7aeae477b1b8f8450201ef67d8c66895-1,"much, many, plenty",pmp,acd-2.0/cldf/forms.csv,,,,
some,pan,*pija pija,acd,19072-d22c20948d81fdb944af24c6219214ba-1,some; several,pan,acd-2.0/cldf/forms.csv,,,,
some,pmp,*pija pija,acd,19081-d22c20948d81fdb944af24c6219214ba-1,some; several,pmp,acd-2.0/cldf/forms.csv,,,,
few,pan,*dikit,acd,19072-a0117d579b57b95fc80029ae79e0d898-1,"little, few, small in amount",pan,acd-2.0/cldf/forms.csv,,,,
few,pmp,*dikit,acd,19081-a0117d579b57b95fc80029ae79e0d898-1,"little, few, small in amount",pmp,acd-2.0/cldf/forms.csv,,,,
other,pan,*duma,acd,19072-1b8a90c6a8dd16ac537d8e447995d4fe-1,someone; other people; be different,pan,acd-2.0/cldf/forms.csv,,,,
other,pmp,*duma,acd,19081-1b8a90c6a8dd16ac537d8e447995d4fe-1,someone; other people; be different,pmp,acd-2.0/cldf/forms.csv,,,,
big,pan,*Raya,acd,19072-14c5634c630c7b67a11c2af204a8b5a7-1,"big, large",pan,acd-2.0/cldf/forms.csv,,,,
big,pmp,*Raya,acd,19081-14c5634c630c7b67a11c2af204a8b5a7-2,"big, large",pmp,acd-2.0/cldf/forms.csv,,,,
long,pmp,*anaduq,acd,19081-ff6bab7678824315606cc8e098f12cd9-1,long (of objects),pmp,acd-2.0/cldf/forms.csv,,,,
wide,pan,*lawa₁,acd,19072-b71e59a3962a4af02e9a7dc3b88ed3ea-1,wide,pan,acd-2.0/cldf/forms.csv,,,,
wide,pmp,*lawa₁,acd,19081-b71e59a3962a4af02e9a7dc3b88ed3ea-2,wide,pmp,acd-2.0/cldf/forms.csv,,,,
thick,pan,*kaS(e)pal,acd,19072-9fb50ede5934c2cf5bf61d5a1296f97e-1,"thick, of solid objects",pan,acd-2.0/cldf/forms.csv,,,,
thick,pmp,*kaS(e)pal,acd,19081-9fb50ede5934c2cf5bf61d5a1296f97e-1,"thick, of solid objects",pmp,acd-2.0/cldf/forms.csv,,,,
heavy,pmp,*ma-beReqat,acd,19081-dd14faf0ccb747c7c02f9addc7eb5d50-1,heavy; burdensome,pmp,acd-2.0/cldf/forms.csv,,,,
small,pan,*kedi,acd,19072-88d24f21b84831e1584a66591d1b0ae1-1,small in size or amount,pan,acd-2.0/cldf/forms.csv,,,,
small,pmp,*dikiq,acd,19081-eb5c1399a871211c7e7ed732d15e3a8b-1,small,pmp,acd-2.0/cldf/forms.csv,,,,
short,pmp,*pandak,acd,19081-d6bb67dcd7b15bb6111cecece12cc6be-1,"short in height, squat and compact in build, of a person",pmp,acd-2.0/cldf/forms.csv,,,,
narrow,pan,*kipit,acd,19072-30ae93fc547c925f97b87f78dc97fcaf-1,"narrow; pinch between tongs, etc.",pan,acd-2.0/cldf/forms.csv,,,,
narrow,pmp,*kipit,acd,19081-30ae93fc547c925f97b87f78dc97fcaf-1,"narrow; pinch between tongs, etc.",pmp,acd-2.0/cldf/forms.csv,,,,
thin,pan,*ma-Nipis,acd,19072-66a397a0aad9781efa9f7ff5bb4954ac-2,thin (of materials),pan,acd-2.0/cldf/forms.csv,,,,
thin,pmp,*ma-nipis,acd,19081-67a31bdff6b7be6ae1f607d941205327-1,thin (of materals),pmp,acd-2.0/cldf/forms.csv,,,,
woman,pan,*ba-bahi,acd,19072-69c4d77aa87a6ce451ac6be8d66c1bc9-1,woman; female,pan,acd-2.0/cldf/forms.csv,,,,
woman,pmp,*ba-bahi,acd,19081-69c4d77aa87a6ce451ac6be8d66c1bc9-2,woman; female,pmp,acd-2.0/cldf/forms.csv,,,,
man,pan,*RuqaNay,acd,19072-07cf4f8f5d8b76282917320715dda2ad-1,male,pan,acd-2.0/cldf/forms.csv,,,,
man,pmp,*laki₁,acd,19081-aadc2f3bbafe7946377dabc10baf561c-1,"male, masculine; man",pmp,acd-2.0/cldf/forms.csv,,,,
person,pan,*Cau,acd,19072-e64d7fff8a4b9e1e6400ac1776960467-1,"person, human being",pan,acd-2.0/cldf/forms.csv,,,,
person,pmp,*tau₁,acd,19081-e64d7fff8a4b9e1e6400ac1776960467-1,"person, human being",pmp,acd-2.0/cldf/forms.csv,,,,
child,pan,*aN-aNak,acd,19072-1b7d5726533ab525a8760351e9b5e415-1,child,pan,acd-2.0/cldf/forms.csv,,,,
child,pmp,*an-anak,acd,19081-1b7d5726533ab525a8760351e9b5e415-1,child,pmp,acd-2.0/cldf/forms.csv,,,,
wife,pan,*qasawa,acd,19072-655bfc271c854beeb79f40d819682553-1,"spouse: husband, wife",pan,acd-2.0/cldf/forms.csv,,,,
wife,pmp,*qasawa,acd,19081-655bfc271c854beeb79f40d819682553-1,"spouse: husband, wife",pmp,acd-2.0/cldf/forms.csv,,,,
husband,pan,*qasawa,acd,19072-655bfc271c854beeb79f40d819682553-1,"spouse: husband, wife",pan,acd-2.0/cldf/forms.csv,,,,
husband,pmp,*banah,acd,19081-a2d4100de5a4c446ab1f52b1bf20cd93-1,husband,pmp,acd-2.0/cldf/forms.csv,,,,
mother,pan,*ina,acd,19072-24aa31b7e1f21c831f2f429aa68b4ff7-1,"mother, mother’s sister",pan,acd-2.0/cldf/forms.csv,,,,
mother,pmp,*ina,acd,19081-5e3d41e520ada74459e3b30209982f45-1,"mother, mother's sister; female animal",pmp,acd-2.0/cldf/forms.csv,,,,
father,pan,*amax,acd,19072-0de959beaa82daa7df6ef2286d071a6d-2,father,pan,acd-2.0/cldf/forms.csv,,,,
father,pmp,*amax,acd,19081-0de959beaa82daa7df6ef2286d071a6d-3,father,pmp,acd-2.0/cldf/forms.csv,,,,
fish,pan,*Sikan,acd,19072-83e4a96aed96436c621b9809e258b309-1,fish,pan,acd-2.0/cldf/forms.csv,,,,
fish,pmp,*hikan,acd,19081-83e4a96aed96436c621b9809e258b309-1,fish,pmp,acd-2.0/cldf/forms.csv,,,,
bird,pan,*qayam₁,acd,19072-abaecf8ca3f98dc13eeecbac263cd3ed-1,bird,pan,acd-2.0/cldf/forms.csv,,,,
bird,pmp,*manu(k)-manuk,acd,19081-abaecf8ca3f98dc13eeecbac263cd3ed-1,bird,pmp,acd-2.0/cldf/forms.csv,,,,
dog,pan,*asu₁,acd,19072-06d80eb0c50b49a509b49f2424e8c805-1,dog,pan,acd-2.0/cldf/forms.csv,,,,
dog,pmp,*asu₁,acd,19081-06d80eb0c50b49a509b49f2424e8c805-1,dog,pmp,acd-2.0/cldf/forms.csv,,,,
louse,pan,*kuCux,acd,19072-0f3e030df47b709f4bd2ef62f37b7f57-1,head louse,pan,acd-2.0/cldf/forms.csv,,,,
louse,pmp,*kutu₁,acd,19081-93bae5344a284d270d14bcc59460c2ea-1,head louse; sparks from a fire; water striker (insect that walks on water),pmp,acd-2.0/cldf/forms.csv,,,,
snake,pan,*SulaR,acd,19072-de1b2a7baf7850243db71c4abd4e5a39-1,snake,pan,acd-2.0/cldf/forms.csv,,,,
snake,pmp,*hulaR,acd,19081-de1b2a7baf7850243db71c4abd4e5a39-2,snake,pmp,acd-2.0/cldf/forms.csv,,,,
worm,pan,*kulay₁,acd,19072-694f9056d0f367c0c827eb8a797bb2ba-1,"worm, insect",pan,acd-2.0/cldf/forms.csv,,,,
worm,pmp,*bulati,acd,19081-a372f58dab928112a4b5ab98a25e7cd3-1,"roundworm, ascaris, intestinal worm; also earthworm?",pmp,acd-2.0/cldf/forms.csv,,,,
tree,pan,*kaSiw,acd,19072-169d5a9b15ebc7a2be270810936c2315-1,"wood, tree",pan,acd-2.0/cldf/forms.csv,,,,
tree,pmp,*kahiw,acd,19081-169d5a9b15ebc7a2be270810936c2315-1,"wood, tree",pmp,acd-2.0/cldf/forms.csv,,,,
forest,pan,*Salas,acd,19072-996c9924967fcd82d1b63acf4d1a60c6-1,"forest, wilderness, woods",pan,acd-2.0/cldf/forms.csv,,,,
forest,pmp,*halas,acd,19081-a0c25d21971691e6ad3675cb9d39d3ff-1,"forest, wilderness, woods, jungle",pmp,acd-2.0/cldf/forms.csv,,,,
stick,pan,*sukud,acd,19072-c61969f4b99964b71935f432546edd46-1,"walking stick, cane, staff",pan,acd-2.0/cldf/forms.csv,,,,
stick,pmp,*sukud,acd,19081-c61969f4b99964b71935f432546edd46-1,"walking stick, cane, staff",pmp,acd-2.0/cldf/forms.csv,,,,
fruit,pan,*buaq,acd,19072-e0deff349b2c61f5f796ccaa344a4930-1,fruit,pan,acd-2.0/cldf/forms.csv,,,,
fruit,pmp,*buaq,acd,19081-a9fc12ff4e79d44450ced5e94e4af1ce-1,"fruit; areca palm and nut; grain; berry; seed; nut; endosperm of a sprouting coconut; kidney; heart; finger; calf of the leg; testicle; various insects; scar tissue; roe; bud; flower; blossom; bear fruit; words, speech, or songs; meaning, contents of discussion; numeral classifier for roundish objects; buttock; Adam's apple; nipple of the breast; button; marble; tattooing",pmp,acd-2.0/cldf/forms.csv,,,,
seed,pan,*bineSiq,acd,19072-bdfc82110f9ccaa26b2f131649e88803-1,seed set aside for the next planting,pan,acd-2.0/cldf/forms.csv,,,,
seed,pmp,*binehiq,acd,19081-e7ef67d98edacc1ca95a4274d0f4c109-1,seed set aside for the next planting (esp. rice),pmp,acd-2.0/cldf/forms.csv,,,,
leaf,pan,*waSaw,acd,19072-bab4ff04cc14af66e4d42c85f888cfe6-1,leaf,pan,acd-2.0/cldf/forms.csv,,,,
leaf,pmp,*dahun,acd,19081-8d28c4ecb1ee06c8a21909e015810a90-1,leaf; blade of paddle or oar; ‘table’ for eating,pmp,acd-2.0/cldf/forms.csv,,,,
root,pan,*RameC,acd,19072-63a9f0ea7bb98050796b649e85481845-1,root,pan,acd-2.0/cldf/forms.csv,,,,
root,pmp,*wakaR,acd,19081-63a9f0ea7bb98050796b649e85481845-2,root,pmp,acd-2.0/cldf/forms.csv,,,,
bark,pmp,*kulit,acd,19081-b2928d98fe51a73b4ce69d8576f0fac2-1,skin; hide; rind; bark,pmp,acd-2.0/cldf/forms.csv,,,,
flower,pan,*buŋa,acd,19072-813a89ef965f66ee626edf620cee318d-1,"flower, blossom",pan,acd-2.0/cldf/forms.csv,,,,
flower,pmp,*buŋa,acd,19081-78219cde54d551daacdd0c93c5e33bc2-1,"flower, blossom; to flower, bear flowers; yield a benefit (as interest on a loan); first-born child; cotton; vulva (refined or evasive), skin rash, prickly heat; speckled (of fish); kidneys",pmp,acd-2.0/cldf/forms.csv,,,,
grass,pan,*udu,acd,19072-09d440e487d45777c05c3a6552ad9154-1,grass,pan,acd-2.0/cldf/forms.csv,,,,
grass,pmp,*dukut₂,acd,19081-09d440e487d45777c05c3a6552ad9154-1,grass,pmp,acd-2.0/cldf/forms.csv,,,,
rope,pan,*CaliS,acd,19072-4e9bec56badc795a9b9bc68efad9570a-1,"rope, cord, twine, string",pan,acd-2.0/cldf/forms.csv,,,,
rope,pmp,*talih,acd,19081-4e9bec56badc795a9b9bc68efad9570a-1,"rope, cord, twine, string",pmp,acd-2.0/cldf/forms.csv,,,,
skin,pan,*qaNiC,acd,19072-6769dd82b2fcca1a2b85503d47eb0119-1,"animal skin, hide, leather",pan,acd-2.0/cldf/forms.csv,,,,
skin,pmp,*kulit,acd,19081-b2928d98fe51a73b4ce69d8576f0fac2-1,skin; hide; rind; bark,pmp,acd-2.0/cldf/forms.csv,,,,
meat,pan,*Sesi,acd,19072-96580769db996639221f3f9800890a9c-1,"flesh, meat",pan,acd-2.0/cldf/forms.csv,,,,
meat,pmp,*hesi,acd,19081-96580769db996639221f3f9800890a9c-1,"flesh, meat",pmp,acd-2.0/cldf/forms.csv,,,,
blood,pan,*daRaq,acd,19072-7ce0367cf54ff2f0673b5e55037c1a65-1,blood; to bleed; menstruate,pan,acd-2.0/cldf/forms.csv,,,,
blood,pmp,*daRaq,acd,19081-7ce0367cf54ff2f0673b5e55037c1a65-1,blood; to bleed; menstruate,pmp,acd-2.0/cldf/forms.csv,,,,
bone,pan,*CuqelaN,acd,19072-7c3969b15a811aa76aac95c7c4be3c76-1,condylar bone; bone of fauna exclusive of fish,pan,acd-2.0/cldf/forms.csv,,,,
bone,pmp,*tuqelan,acd,19081-7c3969b15a811aa76aac95c7c4be3c76-1,condylar bone; bone of fauna exclusive of fish,pmp,acd-2.0/cldf/forms.csv,,,,
fat,pan,*SimaR,acd,19072-d1abe47d4ac5c7d8a3a588412a0864f9-1,"grease, oil, fat",pan,acd-2.0/cldf/forms.csv,,,,
fat,pmp,*himaR,acd,19081-d1abe47d4ac5c7d8a3a588412a0864f9-1,"grease, oil, fat",pmp,acd-2.0/cldf/forms.csv,,,,
egg,pan,*qiCeluR,acd,19072-0e9312087f58f367d001ec9bae8f325a-1,egg,pan,acd-2.0/cldf/forms.csv,,,,
egg,pmp,*qateluR,acd,19081-740454cc15fb5e42a84fc6f8a60461a2-1,egg; testicle,pmp,acd-2.0/cldf/forms.csv,,,,
horn,pan,*uReŋ,acd,19072-ce90d294a492890046e74ab89e0761c6-2,horn of an animal,pan,acd-2.0/cldf/forms.csv,,,,
horn,pmp,*uReŋ,acd,19081-ce90d294a492890046e74ab89e0761c6-1,horn of an animal,pmp,acd-2.0/cldf/forms.csv,,,,
tail,pan,*ikuR,acd,19072-7aea2552dfe7eb84b9443b6fc9ba6e01-1,tail,pan,acd-2.0/cldf/forms.csv,,,,
tail,pmp,*ikuR,acd,19081-7aea2552dfe7eb84b9443b6fc9ba6e01-2,tail,pmp,acd-2.0/cldf/forms.csv,,,,
feather,pmp,*bulu₁,acd,19081-c1a214fd307a249153d643731dc8cef1-1,"body hair; fur; feather; down; floss on plant stems; color; type, kind",pmp,acd-2.0/cldf/forms.csv,,,,
hair,pan,*bukeS,acd,19072-bd047aa3c26cade313e87ba84c773cb7-1,head hair,pan,acd-2.0/cldf/forms.csv,,,,
hair,pmp,*buhek,acd,19081-bd047aa3c26cade313e87ba84c773cb7-1,head hair,pmp,acd-2.0/cldf/forms.csv,,,,
head,pan,*quluh,acd,19072-96e89a298e0a9f469b9ae458d6afae9f-2,head,pan,acd-2.0/cldf/forms.csv,,,,
head,pmp,*qulu,acd,19081-2f55da55abe2bc6b26d3e5aff98c527e-1,"head; top part; leader, chief; headwaters; handle of a bladed implement; prow of a boat; first, first-born",pmp,acd-2.0/cldf/forms.csv,,,,
ear,pan,*Caliŋa,acd,19072-d8ff99616fc9df8a54a32eec86ba8109-1,ear,pan,acd-2.0/cldf/forms.csv,,,,
ear,pmp,*taliŋa,acd,19081-cd63910ca81066309dba39045f2bae17-1,ear; kind of tree fungus,pmp,acd-2.0/cldf/forms.csv,,,,
eye,pan,*maCa,acd,19072-77b30a9e76f554ff1640e35eb61f0cae-1,"eye, focal point, center or most prominent part",pan,acd-2.0/cldf/forms.csv,,,,
eye,pmp,*mata,acd,19081-4c8d38468fcd8e7831cfc16ace8dba50-1,"eye, face, focal point, center or most prominent part; hole, aperture; doorway, window; budding part of plant; ‘eye’ of coconut; knot in wood; sun; core of a boil; blade of a knife; to awaken; operculum of a snail; mesh of a net; eye of a needle; noose of a trap; hearth; direction of the wind; head of a river; spring, source; lid, cover",pmp,acd-2.0/cldf/forms.csv,,,,
nose,pan,*ujuŋ,acd,19072-41d1de28e96dc1cde568d3b068fa17bb-1,nose,pan,acd-2.0/cldf/forms.csv,,,,
nose,pmp,*ijuŋ,acd,19081-41d1de28e96dc1cde568d3b068fa17bb-1,nose,pmp,acd-2.0/cldf/forms.csv,,,,
mouth,pmp,*baqbaq,acd,19081-f172b08c6117a31988d59944b4f4ab2f-1,"mouth, opening; speak, say",pmp,acd-2.0/cldf/forms.csv,,,,
tooth,pan,*nipen,acd,19072-28b26be59c986170c572133aaace31c2-2,tooth,pan,acd-2.0/cldf/forms.csv,,,,
tooth,pmp,*ipen,acd,19081-28b26be59c986170c572133aaace31c2-1,tooth,pmp,acd-2.0/cldf/forms.csv,,,,
tongue,pan,*Sema,acd,19072-cc99541ff10660a5542cc6eec7b81ac4-2,tongue,pan,acd-2.0/cldf/forms.csv,,,,
tongue,pmp,*dilaq₁,acd,19081-b06690cf64ce1c7f73ec68d8dc8567fe-1,tongue; tongue of tongue-and-groove joint in carpentry,pmp,acd-2.0/cldf/forms.csv,,,,
fingernail,pan,*kuSkuS₁,acd,19072-dc4bc78e102e4aa43c33152fc2b3d140-1,"claw, talon, fingernail",pan,acd-2.0/cldf/forms.csv,,,,
fingernail,pmp,*kukuh,acd,19081-dc4bc78e102e4aa43c33152fc2b3d140-1,"claw, talon, fingernail",pmp,acd-2.0/cldf/forms.csv,,,,
foot,pan,*qaqay,acd,19072-b66bd44815b99374d2c9c65aeb6e067c-1,"foot, leg",pan,acd-2.0/cldf/forms.csv,,,,
foot,pmp,*qaqay,acd,19081-b66bd44815b99374d2c9c65aeb6e067c-1,"foot, leg",pmp,acd-2.0/cldf/forms.csv,,,,
leg,pan,*qaqay,acd,19072-b66bd44815b99374d2c9c65aeb6e067c-1,"foot, leg",pan,acd-2.0/cldf/forms.csv,,,,
leg,pmp,*qaqay,acd,19081-b66bd44815b99374d2c9c65aeb6e067c-1,"foot, leg",pmp,acd-2.0/cldf/forms.csv,,,,
knee,pan,*tuduS,acd,19072-22b84b6e35ace0cd87f805ecf020ff36-2,knee,pan,acd-2.0/cldf/forms.csv,,,,
knee,pmp,*tuhud,acd,19081-22b84b6e35ace0cd87f805ecf020ff36-3,knee,pmp,acd-2.0/cldf/forms.csv,,,,
hand,pan,*qalima,acd,19072-573ce5969e9884d49d4fab77b09a306a-3,hand,pan,acd-2.0/cldf/forms.csv,,,,
hand,pmp,*qalima,acd,19081-573ce5969e9884d49d4fab77b09a306a-3,hand,pmp,acd-2.0/cldf/forms.csv,,,,
wing,pan,*paNid,acd,19072-3328e4f7fbcce95180abf8bc6075e78b-1,wing,pan,acd-2.0/cldf/forms.csv,,,,
wing,pmp,*panid,acd,19081-3328e4f7fbcce95180abf8bc6075e78b-1,wing,pmp,acd-2.0/cldf/forms.csv,,,,
belly,pan,*tiaN,acd,19072-0dace72ad1134cb2bf737544c099f126-1,"abdomen, belly",pan,acd-2.0/cldf/forms.csv,,,,
belly,pmp,*tian,acd,19081-0dace72ad1134cb2bf737544c099f126-1,"abdomen, belly",pmp,acd-2.0/cldf/forms.csv,,,,
guts,pan,*C<in>aqi,acd,19072-16c91a4af4e0b62e27587b044fa0e1d4-1,small intestine,pan,acd-2.0/cldf/forms.csv,,,,
guts,pmp,*t<in>aqay,acd,19081-e809cc608db249eaf1b13d564503dbca-1,intestines,pmp,acd-2.0/cldf/forms.csv,,,,
neck,pan,*liqeR,acd,19072-45fe7e5529d283851d93b74536e095a0-1,neck,pan,acd-2.0/cldf/forms.csv,,,,
neck,pmp,*liqeR,acd,19081-45fe7e5529d283851d93b74536e095a0-1,neck,pmp,acd-2.0/cldf/forms.csv,,,,
back,pan,*likud,acd,19072-469bba0a564235dfceede42db14f17b0-1,back,pan,acd-2.0/cldf/forms.csv,,,,
back,pmp,*likud,acd,19081-469bba0a564235dfceede42db14f17b0-1,back,pmp,acd-2.0/cldf/forms.csv,,,,
breast,pan,*susu₁,acd,19072-90250d26b5795f56a683fa78c82c4ce6-1,"female breast, udder",pan,acd-2.0/cldf/forms.csv,,,,
breast,pmp,*susu₁,acd,19081-90250d26b5795f56a683fa78c82c4ce6-1,"female breast, udder",pmp,acd-2.0/cldf/forms.csv,,,,
heart,pan,*ajem,acd,19072-420905ddde7b465d727e898a3e3ac923-1,"heart, mind",pan,acd-2.0/cldf/forms.csv,,,,
heart,pmp,*pusuq₁,acd,19081-7c4ebc3c96ac8e297782857272f185f4-1,heart of a person or animal; purple heart-shaped inflorescence of banana plant,pmp,acd-2.0/cldf/forms.csv,,,,
liver,pan,*qaCay,acd,19072-ab309313142df64b0c8a000f1c11a12e-1,liver,pan,acd-2.0/cldf/forms.csv,,,,
liver,pmp,*qatay,acd,19081-2ba5624900aef5dbbd68054d0c4efb55-1,"liver; seat of the emotions, inner self: core, mind, will, desire, feeling, intelligence, understanding; to want or wish; hollow of the palm of the hand or sole of the foot; pith, as of bamboo",pmp,acd-2.0/cldf/forms.csv,,,,
drink,pan,*imah,acd,19072-0b18a3d7b9c43ff1750d2baa4606b8d0-1,drink,pan,acd-2.0/cldf/forms.csv,,,,
drink,pmp,*um-inum,acd,19081-8ce4fe6bc0847e53024f01c9eae36724-1,to drink,pmp,acd-2.0/cldf/forms.csv,,,,
eat,pan,*kaen,acd,19072-9a97eda6d89f5c9e84560468a0679707-1,eat,pan,acd-2.0/cldf/forms.csv,,,,
eat,pmp,*kaen,acd,19081-9a97eda6d89f5c9e84560468a0679707-1,eat,pmp,acd-2.0/cldf/forms.csv,,,,
bite,pan,*kaRaC,acd,19072-7659182992ed205987aad96e00094e92-1,to bite,pan,acd-2.0/cldf/forms.csv,,,,
bite,pmp,*kaRat,acd,19081-7659182992ed205987aad96e00094e92-3,to bite,pmp,acd-2.0/cldf/forms.csv,,,,
suck,pan,*qesep,acd,19072-8f7135c41a713f5c7298adcc49062969-1,"sip, suck",pan,acd-2.0/cldf/forms.csv,,,,
suck,pmp,*q<um>esep,acd,19081-a195a27d1c96dbc7ea4aa9928d914673-2,suck,pmp,acd-2.0/cldf/forms.csv,,,,
spit,pan,*l<um>udaq,acd,19072-039e4758003ccbd76012334cc173cfa7-1,to spit,pan,acd-2.0/cldf/forms.csv,,,,
spit,pmp,*l<um>udaq,acd,19081-039e4758003ccbd76012334cc173cfa7-1,to spit,pmp,acd-2.0/cldf/forms.csv,,,,
vomit,pan,*utaq,acd,19072-e5f18c6746faca00f7d36f1955baa798-1,vomit,pan,acd-2.0/cldf/forms.csv,,,,
vomit,pmp,*utaq,acd,19081-e5f18c6746faca00f7d36f1955baa798-1,vomit,pmp,acd-2.0/cldf/forms.csv,,,,
blow,pan,*S<um>eyup,acd,19072-6349ac43f298198d976ef735b58c66f6-1,to blow,pan,acd-2.0/cldf/forms.csv,,,,
blow,pmp,*h<um>eyup,acd,19081-6349ac43f298198d976ef735b58c66f6-1,to blow,pmp,acd-2.0/cldf/forms.csv,,,,
breathe,pan,*NiSawa,acd,19072-a1fc9b5f3c690507f54a7fd387b364fc-1,breath; to breathe,pan,acd-2.0/cldf/forms.csv,,,,
breathe,pmp,*nihawa,acd,19081-e9f4472e813052a994532e635c6916b8-1,"breath; life force, breath soul; to breathe; breathe easily, feel comfort, be at ease, have ‘breathing room’; to rest, take a break",pmp,acd-2.0/cldf/forms.csv,,,,
laugh,pan,*Cawa,acd,19072-76e5ca44222a53da67e0d5f44000d7f6-1,to laugh,pan,acd-2.0/cldf/forms.csv,,,,
laugh,pmp,*tawa₁,acd,19081-76e5ca44222a53da67e0d5f44000d7f6-1,to laugh,pmp,acd-2.0/cldf/forms.csv,,,,
see,pan,*kita₂,acd,19072-ecf550f6453b3a70ba7d1dccebd6174e-1,to see,pan,acd-2.0/cldf/forms.csv,,,,
see,pmp,*kita₂,acd,19081-ecf550f6453b3a70ba7d1dccebd6174e-1,to see,pmp,acd-2.0/cldf/forms.csv,,,,
hear,pan,*deŋeR,acd,19072-bd0cfa28403729f3880d4b1338bfd354-1,to hear; sound,pan,acd-2.0/cldf/forms.csv,,,,
hear,pmp,*deŋeR,acd,19081-345f992c31998da67a0ab28c038dd614-1,"to hear, listen; obey; hear about; news; fame, famous; to feel, perceive through any sense other than sight",pmp,acd-2.0/cldf/forms.csv,,,,
know,pan,*bajaq₁,acd,19072-e47a313a9cc5db6c519c555b9d8eb8b9-1,"know, understand; ask, inquire",pan,acd-2.0/cldf/forms.csv,,,,
know,pmp,*taqu-an,acd,19081-7284bc1fbb39d9ac6383f2aefb17974d-1,to know,pmp,acd-2.0/cldf/forms.csv,,,,
think,pan,*nemnem,acd,19072-54c84b40e9ff5a31472904a0cd2f0a17-1,think,pan,acd-2.0/cldf/forms.csv,,,,
think,pmp,*nemnem,acd,19081-54c84b40e9ff5a31472904a0cd2f0a17-1,think,pmp,acd-2.0/cldf/forms.csv,,,,
smell,pan,*Sajek-en,acd,19072-405ad2eff02cfffc45ed40ce18f4e538-1,to smell,pan,acd-2.0/cldf/forms.csv,,,,
smell,pmp,*Sajek-en,acd,19081-405ad2eff02cfffc45ed40ce18f4e538-1,to smell,pmp,acd-2.0/cldf/forms.csv,,,,
fear,pan,*takut,acd,19072-eb88d7636980738cd0522ea69e212905-1,fear,pan,acd-2.0/cldf/forms.csv,,,,
fear,pmp,*takut,acd,19081-eb88d7636980738cd0522ea69e212905-1,fear,pmp,acd-2.0/cldf/forms.csv,,,,
sleep,pan,*tuduR,acd,19072-6e909e412ef637213a4a85f4ae4d2cf8-1,to sleep,pan,acd-2.0/cldf/forms.csv,,,,
sleep,pmp,*tiduR,acd,19081-6e909e412ef637213a4a85f4ae4d2cf8-1,to sleep,pmp,acd-2.0/cldf/forms.csv,,,,
live,pan,*qudip₁,acd,19072-4f261ee384e1c66cb23a9de2c77c1827-1,"life, alive",pan,acd-2.0/cldf/forms.csv,,,,
live,pmp,*qudip₁,acd,19081-4f261ee384e1c66cb23a9de2c77c1827-1,"life, alive",pmp,acd-2.0/cldf/forms.csv,,,,
die,pan,*ma-aCay,acd,19072-7d0358f0ad67f3609e11dedb0bb499f4-1,die; dead; eclipse of sun or moon,pan,acd-2.0/cldf/forms.csv,,,,
die,pmp,*m-atay,acd,19081-d8b6c2efa62b0b712d6f35eceec5a808-1,"die; dead; sick; tired (of); faint, lose consciousness; eclipse; new moon; extinguished; blocked (path); paralyzed; numb, asleep (limbs); die down (wind); waterless (springs, rivers); dry up (plants); beaten (in a game); fixed (price); terminate a matter, reach an agreement; disaster; intensive, superlative; desire intensely, be deeply in love",pmp,acd-2.0/cldf/forms.csv,,,,
kill,pan,*pa-aCay,acd,19072-534735884d341071762ede7af01c53e8-2,kill,pan,acd-2.0/cldf/forms.csv,,,,
kill,pmp,*p-atay,acd,19081-534735884d341071762ede7af01c53e8-1,kill,pmp,acd-2.0/cldf/forms.csv,,,,
hunt,pan,*qanup,acd,19072-df988dd449ab788d0bdfa92dc5e8f666-1,to hunt (wild game),pan,acd-2.0/cldf/forms.csv,,,,
hunt,pmp,*qanup,acd,19081-df988dd449ab788d0bdfa92dc5e8f666-1,to hunt (wild game),pmp,acd-2.0/cldf/forms.csv,,,,
hit,pan,*pekpek₁,acd,19072-a3c98250d3037e5ae758e5a88a01f2d7-2,"beat, hit",pan,acd-2.0/cldf/forms.csv,,,,
hit,pmp,*pekpek₁,acd,19081-a3c98250d3037e5ae758e5a88a01f2d7-1,"beat, hit",pmp,acd-2.0/cldf/forms.csv,,,,
cut,pan,*tebteb,acd,19072-2dfa9a1edabb9f014c8b1190ce064d87-1,to cut,pan,acd-2.0/cldf/forms.csv,,,,
cut,pmp,*tebteb,acd,19081-2dfa9a1edabb9f014c8b1190ce064d87-1,to cut,pmp,acd-2.0/cldf/forms.csv,,,,
split,pan,*belaq,acd,19072-6e549c6b4b71fafe04d180ec2e270f4c-1,part of something split,pan,acd-2.0/cldf/forms.csv,,,,
split,pmp,*bekaq,acd,19081-b7ad72ea5af3de6ebd1b3d3d13b7a4d9-3,"split, crack open",pmp,acd-2.0/cldf/forms.csv,,,,
stab,pan,*tebek,acd,19072-5b88c2c822bfbb26e6b7deed376a547a-1,"pierce, stab",pan,acd-2.0/cldf/forms.csv,,,,
stab,pmp,*tebek,acd,19081-5b88c2c822bfbb26e6b7deed376a547a-3,"pierce, stab",pmp,acd-2.0/cldf/forms.csv,,,,
scratch,pan,*kiskis,acd,19072-5d3556624713c6e2115bdcfeaea030d7-1,"to shave, scrape off",pan,acd-2.0/cldf/forms.csv,,,,
scratch,pmp,*garus,acd,19081-989dd0740007f144b21dd5d7d8ddabac-1,scratch,pmp,acd-2.0/cldf/forms.csv,,,,
dig,pan,*k<um>ali,acd,19072-7f185fde04418edb2a1a5648952fb9c3-1,"to dig up, excavate, as tubers",pan,acd-2.0/cldf/forms.csv,,,,
dig,pmp,*k<um>ali,acd,19081-7f185fde04418edb2a1a5648952fb9c3-1,"to dig up, excavate, as tubers",pmp,acd-2.0/cldf/forms.csv,,,,
swim,pan,*Naŋuy,acd,19072-24cb9ef496c704f67e3646836cfd4494-1,to swim,pan,acd-2.0/cldf/forms.csv,,,,
swim,pmp,*naŋuy,acd,19081-24cb9ef496c704f67e3646836cfd4494-1,to swim,pmp,acd-2.0/cldf/forms.csv,,,,
fly,pan,*layap,acd,19072-82002e1438211474653564d10df0d339-1,to fly,pan,acd-2.0/cldf/forms.csv,,,,
fly,pmp,*layap,acd,19081-82002e1438211474653564d10df0d339-1,to fly,pmp,acd-2.0/cldf/forms.csv,,,,
walk,pan,*rakat,acd,19072-46f9631576015f35f527af2bc67351a6-1,walk,pan,acd-2.0/cldf/forms.csv,,,,
walk,pmp,*rakat,acd,19081-46f9631576015f35f527af2bc67351a6-1,walk,pmp,acd-2.0/cldf/forms.csv,,,,
come,pan,*um-aRi,acd,19072-3148c48e743c57b1daf0bca234d4e575-2,to come,pan,acd-2.0/cldf/forms.csv,,,,
come,pmp,*um-aRi,acd,19081-3148c48e743c57b1daf0bca234d4e575-2,to come,pmp,acd-2.0/cldf/forms.csv,,,,
lie,pan,*qinep,acd,19072-ac604ee4039e6c895c25f38fd77af7e6-1,lie down (to sleep),pan,acd-2.0/cldf/forms.csv,,,,
lie,pmp,*qinep,acd,19081-ac604ee4039e6c895c25f38fd77af7e6-1,lie down (to sleep),pmp,acd-2.0/cldf/forms.csv,,,,
sit,pan,*ikud,acd,19072-68baf6e25cef70d4646c9822838c9cc3-1,to sit,pan,acd-2.0/cldf/forms.csv,,,,
sit,pmp,*iŋkud,acd,19081-68baf6e25cef70d4646c9822838c9cc3-1,to sit,pmp,acd-2.0/cldf/forms.csv,,,,
stand,pan,*diRi,acd,19072-e059f5995f35378fe02beb5bad5b152b-1,to stand,pan,acd-2.0/cldf/forms.csv,,,,
stand,pmp,*diRi,acd,19081-e059f5995f35378fe02beb5bad5b152b-1,to stand,pmp,acd-2.0/cldf/forms.csv,,,,
turn,pan,*taliuk,acd,19072-ae76380a9ddbe1e5f0faa1c2d42aa100-1,"turn, go around",pan,acd-2.0/cldf/forms.csv,,,,
turn,pmp,*taliuk,acd,19081-ae76380a9ddbe1e5f0faa1c2d42aa100-1,"turn, go around",pmp,acd-2.0/cldf/forms.csv,,,,
fall,pan,*taktak₁,acd,19072-97697e34e3174abb00f70d8733f8ad58-1,"to fall, of many things at once; to dislodge the contents of a container by knocking it against something",pan,acd-2.0/cldf/forms.csv,,,,
fall,pmp,*nabuq,acd,19081-541a976b3b374da92b8cb5600b5cc140-1,to fall,pmp,acd-2.0/cldf/forms.csv,,,,
give,pan,*beRay,acd,19072-a1ec23e9b9ab43a88222d9949ee26499-1,give,pan,acd-2.0/cldf/forms.csv,,,,
give,pmp,*pa-beRay,acd,19081-e78a5c8cf0acbcaa1d81523e6248d43f-1,to give,pmp,acd-2.0/cldf/forms.csv,,,,
hold,pan,*biNiC,acd,19072-94b55966d750d9ecb93c66eefdcbb862-1,hold in the hand,pan,acd-2.0/cldf/forms.csv,,,,
hold,pmp,*metmet,acd,19081-eb73f0b15fa7e98728c857c58eab95de-1,to hold tightly,pmp,acd-2.0/cldf/forms.csv,,,,
squeeze,pan,*Rames,acd,19072-42a5fdb4286c35f1d9f26e7ab3404fb2-1,"squeeze, knead",pan,acd-2.0/cldf/forms.csv,,,,
squeeze,pmp,*Rames,acd,19081-42a5fdb4286c35f1d9f26e7ab3404fb2-1,"squeeze, knead",pmp,acd-2.0/cldf/forms.csv,,,,
rub,pan,*gisgis₁,acd,19072-f9f814cf6992df7d673e0d28832f8028-1,"rub, scrape against",pan,acd-2.0/cldf/forms.csv,,,,
rub,pmp,*gisgis₁,acd,19081-f9f814cf6992df7d673e0d28832f8028-1,"rub, scrape against",pmp,acd-2.0/cldf/forms.csv,,,,
wash,pan,*basuq,acd,19072-ea6b88c9793ead77656a80bac8e5fd08-1,to wash,pan,acd-2.0/cldf/forms.csv,,,,
wash,pmp,*basuq,acd,19081-ea6b88c9793ead77656a80bac8e5fd08-1,to wash,pmp,acd-2.0/cldf/forms.csv,,,,
wipe,pmp,*punas,acd,19081-d92f1938b600c95ab46f00ad1c15c86b-1,"wipe off, wipe out",pmp,acd-2.0/cldf/forms.csv,,,,
pull,pan,*SuRut,acd,19072-433cab3aea5596c6db2da2f923f8a20c-1,"pull, draw",pan,acd-2.0/cldf/forms.csv,,,,
pull,pmp,*SuRut,acd,19081-433cab3aea5596c6db2da2f923f8a20c-1,"pull, draw",pmp,acd-2.0/cldf/forms.csv,,,,
push,pan,*sulud₂,acd,19072-21a361d96e3e13f5f109748c2a9d2434-1,push,pan,acd-2.0/cldf/forms.csv,,,,
push,pmp,*sulud₂,acd,19081-21a361d96e3e13f5f109748c2a9d2434-1,push,pmp,acd-2.0/cldf/forms.csv,,,,
throw,pan,*batu₃,acd,19072-1439ad289d0daca85120ffcafdaa5f47-1,to throw,pan,acd-2.0/cldf/forms.csv,,,,
throw,pmp,*batu₃,acd,19081-1439ad289d0daca85120ffcafdaa5f47-1,to throw,pmp,acd-2.0/cldf/forms.csv,,,,
tie,pan,*C<um>aliS,acd,19072-09cf286f90e4c21c9ee5087752c753e8-1,"to tie with rope, fasten with rope",pan,acd-2.0/cldf/forms.csv,,,,
tie,pmp,*kebet₁,acd,19081-535509442abf326e329d49d49a742d09-1,tie by binding around,pmp,acd-2.0/cldf/forms.csv,,,,
sew,pan,*CaqiS,acd,19072-a0d4fb628434dd3b931c48d98f302fab-1,"to sew (, )",pan,acd-2.0/cldf/forms.csv,,,,
sew,pmp,*tahiq,acd,19081-a0d4fb628434dd3b931c48d98f302fab-1,"to sew (, )",pmp,acd-2.0/cldf/forms.csv,,,,
count,pan,*SipuR,acd,19072-d85508f87f9072aa0d149b17db0ededf-1,to count,pan,acd-2.0/cldf/forms.csv,,,,
count,pmp,*bilaŋ₁,acd,19081-4ca9302c9b893f018d8d91860b7586c7-1,"to count, calculate; hold valuable",pmp,acd-2.0/cldf/forms.csv,,,,
say,pmp,*baqbaq,acd,19081-f172b08c6117a31988d59944b4f4ab2f-1,"mouth, opening; speak, say",pmp,acd-2.0/cldf/forms.csv,,,,
sing,pan,*quyaS,acd,19072-203b22cabdd5e6871081b4223fad873b-1,"to sing; song, tune, melody",pan,acd-2.0/cldf/forms.csv,,,,
sing,pmp,*quyaS,acd,19072-203b22cabdd5e6871081b4223fad873b-1,"to sing; song, tune, melody",pan,acd-2.0/cldf/forms.csv,,,,pan
float,pmp,*apuŋ,acd,19081-546ade640b6edfbc8a086ef31347e768-1,float,pmp,acd-2.0/cldf/forms.csv,,,,
flow,pmp,*qaliR,acd,19081-c514793fed9e2fbd48defcf9cf935dc9-1,to flow,pmp,acd-2.0/cldf/forms.csv,,,,
swell,pan,*bunuR₁,acd,19072-2e21cf43598ab31b65317c355a8745b2-1,to swell; swollen,pan,acd-2.0/cldf/forms.csv,,,,
swell,pmp,*beŋkak,acd,19081-6dbb5638e5e4bdeddb02ea200cba0d17-1,"swell, increase in size",pmp,acd-2.0/cldf/forms.csv,,,,
sun,pan,*siNaR,acd,19072-ebd556e6dfc99dbed29675ce1c6c68e5-1,sun,pan,acd-2.0/cldf/forms.csv,,,,
sun,pmp,*mata nu qalejaw,acd,19081-0835c367dc9fcb05b246860bec934bd5-1,sun (‘eye of the day’),pmp,acd-2.0/cldf/forms.csv,,,,
moon,pan,*bulaN,acd,19072-c97da2aa22c095349a02c3569e2fbef2-1,"moon, month; menstruation",pan,acd-2.0/cldf/forms.csv,,,,
moon,pmp,*bulan₃,acd,19081-88124c6e5f9e2669b68a4763e3e39f8f-1,"moon, month; menstruation; shell disk collar piece",pmp,acd-2.0/cldf/forms.csv,,,,
star,pan,*bituqen,acd,19072-8ff953dd97c4405234a04291dee39e0b-1,star,pan,acd-2.0/cldf/forms.csv,,,,
star,pmp,*bituqen,acd,19081-8ff953dd97c4405234a04291dee39e0b-1,star,pmp,acd-2.0/cldf/forms.csv,,,,
water,pan,*daNum,acd,19072-e65bf091174a715dbc462dd4facddec3-1,fresh water,pan,acd-2.0/cldf/forms.csv,,,,
water,pmp,*wahiR,acd,19081-5367526b28ce1694a631cf5c0d047e3b-1,"fresh water; stream, river",pmp,acd-2.0/cldf/forms.csv,,,,
rain,pan,*quzaN,acd,19072-23678db5efde9ab46bce8c23a6d91b50-1,rain,pan,acd-2.0/cldf/forms.csv,,,,
rain,pmp,*quzan,acd,19081-23678db5efde9ab46bce8c23a6d91b50-1,rain,pmp,acd-2.0/cldf/forms.csv,,,,
river,pan,*sapaq₁,acd,19072-3a0e293465760b81cd74d6695d3231e0-1,"stream, river",pan,acd-2.0/cldf/forms.csv,,,,
river,pmp,*wahiR,acd,19081-5367526b28ce1694a631cf5c0d047e3b-1,"fresh water; stream, river",pmp,acd-2.0/cldf/forms.csv,,,,
lake,pan,*danaw,acd,19072-97d986e2afa2c72986972e6433fbeaf9-3,lake,pan,acd-2.0/cldf/forms.csv,,,,
lake,pmp,*danaw,acd,19081-97d986e2afa2c72986972e6433fbeaf9-2,lake,pmp,acd-2.0/cldf/forms.csv,,,,
sea,pan,*tenem,acd,19072-e2a29fdfc2e9c0879edaf05cb019ce4d-1,"sea, ocean",pan,acd-2.0/cldf/forms.csv,,,,
sea,pmp,*tasik,acd,19081-3a291c7f833caa8d97121791e094c8f3-1,"sea, saltwater",pmp,acd-2.0/cldf/forms.csv,,,,
salt,pan,*qasiRa,acd,19072-ceb20772e0c9d240c75eb26b0e37abee-1,salt,pan,acd-2.0/cldf/forms.csv,,,,
salt,pmp,*qasiRa,acd,19081-ceb20772e0c9d240c75eb26b0e37abee-1,salt,pmp,acd-2.0/cldf/forms.csv,,,,
stone,pan,*batux,acd,19072-446a225b8e836e7460bab1b6ace221e8-1,stone; testicle,pan,acd-2.0/cldf/forms.csv,,,,
stone,pmp,*batu,acd,19081-f9e6ab6997872ff24c07522c9f2c0622-1,stone; testicle; kind of banana; numeral classifier for teeth (?),pmp,acd-2.0/cldf/forms.csv,,,,
sand,pan,*qenay,acd,19072-88336b5bb2a1cc21bac7cf33fd451270-2,sand,pan,acd-2.0/cldf/forms.csv,,,,
sand,pmp,*qenay,acd,19081-88336b5bb2a1cc21bac7cf33fd451270-1,sand,pmp,acd-2.0/cldf/forms.csv,,,,
dust,pan,*bulbul,acd,19072-81ce2a8b273ad422d5190e8229c9dc24-1,"dust, pulverized stone",pan,acd-2.0/cldf/forms.csv,,,,
dust,pmp,*qabuk,acd,19081-b2c74ded3e1cf5db741a6133a469cd68-2,"dust, sawdust",pmp,acd-2.0/cldf/forms.csv,,,,
earth,pmp,*taneq,acd,19081-5a1fcaf43a81cc2ae73af9c5a019dc9d-1,"earth, soil, land",pmp,acd-2.0/cldf/forms.csv,,,,
cloud,pan,*luNuŋ,acd,19072-a1234b3161b4fbfdfb96dd576b65bbea-1,cloud,pan,acd-2.0/cldf/forms.csv,,,,
cloud,pmp,*luNuŋ,acd,19072-a1234b3161b4fbfdfb96dd576b65bbea-1,cloud,pan,acd-2.0/cldf/forms.csv,,,,pan
fog,pmp,*kabut,acd,19081-12658fb3ce4d1e92721157111e81c537-1,"fog, haze, mist; indistinct, blurry",pmp,acd-2.0/cldf/forms.csv,,,,
sky,pan,*laŋiC,acd,19072-900bc885d7553375aec470198a9514f3-1,sky,pan,acd-2.0/cldf/forms.csv,,,,
sky,pmp,*laŋit,acd,19081-900bc885d7553375aec470198a9514f3-1,sky,pmp,acd-2.0/cldf/forms.csv,,,,
wind,pan,*bali₃,acd,19072-7e25b972e192b01004b62346ee9975a5-1,wind,pan,acd-2.0/cldf/forms.csv,,,,
wind,pmp,*haŋin,acd,19081-7e25b972e192b01004b62346ee9975a5-1,wind,pmp,acd-2.0/cldf/forms.csv,,,,
snow,pan,*SuReNa,acd,19072-2b93fbdf27d43547bec8794054c28e00-1,snow,pan,acd-2.0/cldf/forms.csv,,,,
snow,pmp,*SuReNa,acd,19072-2b93fbdf27d43547bec8794054c28e00-1,snow,pan,acd-2.0/cldf/forms.csv,,,,pan
smoke,pan,*qaseb,acd,19072-fdfa02ecf86feac3801254da57c1c9ba-2,smoke,pan,acd-2.0/cldf/forms.csv,,,,
smoke,pmp,*qaseb,acd,19081-fdfa02ecf86feac3801254da57c1c9ba-1,smoke,pmp,acd-2.0/cldf/forms.csv,,,,
fire,pan,*Sapuy,acd,19072-015f28b9df1bdd36427dd976fb73b29d-1,fire,pan,acd-2.0/cldf/forms.csv,,,,
fire,pmp,*hapuy,acd,19081-015f28b9df1bdd36427dd976fb73b29d-1,fire,pmp,acd-2.0/cldf/forms.csv,,,,
ash,pan,*qabu,acd,19072-202996ebf570f75d9f6e3d84c261f3f1-1,"ash, cinder, powder",pan,acd-2.0/cldf/forms.csv,,,,
ash,pmp,*qabu,acd,19081-73d0f9c4bdf7770d98f3de425264b799-1,"ash, hearth, cinder, powder, dust; gray",pmp,acd-2.0/cldf/forms.csv,,,,
burn,pmp,*zeket,acd,19081-3441add54a8569ebe448e10c9858d8af-1,"to burn (fields, etc.)",pmp,acd-2.0/cldf/forms.csv,,,,
road,pan,*zalan,acd,19072-bfcb009d849eba1df9d42387346449d5-1,"path, made by a human as opposed to an animal; way or means to do something",pan,acd-2.0/cldf/forms.csv,,,,
road,pmp,*zalan,acd,19081-120db47504ea269c76c2e533786dbbdc-1,"path, made by a human as opposed to an animal; way or means to do something; wake of a boat; the Milky Way",pmp,acd-2.0/cldf/forms.csv,,,,
mountain,pan,*buled₁,acd,19072-ec6d9c8953ab272295ec0469bbed59ab-1,mountain,pan,acd-2.0/cldf/forms.csv,,,,
mountain,pmp,*bulud₃,acd,19081-ec6d9c8953ab272295ec0469bbed59ab-1,mountain,pmp,acd-2.0/cldf/forms.csv,,,,
red,pan,*taNah,acd,19072-bda9643ac6601722a28f238714274da4-1,red,pan,acd-2.0/cldf/forms.csv,,,,
red,pmp,*pulaq,acd,19081-bda9643ac6601722a28f238714274da4-4,red,pmp,acd-2.0/cldf/forms.csv,,,,
white,pan,*ma-puNi,acd,19072-d508fe45cecaf653904a0e774084bb5c-1,white,pan,acd-2.0/cldf/forms.csv,,,,
white,pmp,*ma-putiq,acd,19081-d508fe45cecaf653904a0e774084bb5c-2,white,pmp,acd-2.0/cldf/forms.csv,,,,
black,pan,*qeCeŋeN,acd,19072-1ffd9e753c8054cc61456ac7fac1ac89-1,black,pan,acd-2.0/cldf/forms.csv,,,,
black,pmp,*qitem,acd,19081-1ffd9e753c8054cc61456ac7fac1ac89-2,black,pmp,acd-2.0/cldf/forms.csv,,,,
night,pan,*beRŋi-n,acd,19072-93a04b066fd81a1017825f2dcda313b2-1,night,pan,acd-2.0/cldf/forms.csv,,,,
night,pmp,*beRŋi,acd,19081-93a04b066fd81a1017825f2dcda313b2-1,night,pmp,acd-2.0/cldf/forms.csv,,,,
day,pan,*qajaw,acd,19072-628b7db04235f228d40adc671413a8c8-2,day,pan,acd-2.0/cldf/forms.csv,,,,
day,pmp,*qalejaw,acd,19081-628b7db04235f228d40adc671413a8c8-3,day,pmp,acd-2.0/cldf/forms.csv,,,,
year,pan,*CawiN,acd,19072-84cdc76cabf41bd7c961f6ab12f117d8-1,year,pan,acd-2.0/cldf/forms.csv,,,,
year,pmp,*taqun,acd,19081-4a4c45d4fa4f8cf67446d7180e86ff30-1,"year, season",pmp,acd-2.0/cldf/forms.csv,,,,
warm,pmp,*ma-panas,acd,19081-86853f198cc1b307a87e4f19212348f7-2,"warm, hot",pmp,acd-2.0/cldf/forms.csv,,,,
cold,pan,*ramig,acd,19072-8e4c7c71b32f99913e457d6b0cf2a645-1,cold (of weather),pan,acd-2.0/cldf/forms.csv,,,,
cold,pmp,*ramig,acd,19081-8e4c7c71b32f99913e457d6b0cf2a645-1,cold (of weather),pmp,acd-2.0/cldf/forms.csv,,,,
full,pan,*peNuq,acd,19072-32268310b328bf74d502f4af2167ea35-1,full (of a container),pan,acd-2.0/cldf/forms.csv,,,,
full,pmp,*ma-penuq,acd,19081-e9dc924f238fa6cc29465942875fe8f0-1,full,pmp,acd-2.0/cldf/forms.csv,,,,
new,pan,*baqeRuh,acd,19072-ce22be3c2e0d29f96c2566b511702d8b-1,new; bachelor,pan,acd-2.0/cldf/forms.csv,,,,
new,pmp,*baqeRu,acd,19081-953f4aad609e78ee92d7fabacf41fa0a-1,"new, fresh; recent(ly); youth, bachelor; beautiful, in one's prime",pmp,acd-2.0/cldf/forms.csv,,,,
old,pan,*lama₂,acd,19072-599195a645490a92237d7fc8f185373f-1,"old, former",pan,acd-2.0/cldf/forms.csv,,,,
old,pmp,*lama₂,acd,19081-599195a645490a92237d7fc8f185373f-1,"old, former",pmp,acd-2.0/cldf/forms.csv,,,,
good,pmp,*ma-pia,acd,19081-755f85c2723bb39381c7379a604160d8-2,good,pmp,acd-2.0/cldf/forms.csv,,,,
bad,pan,*kuya₁,acd,19072-01c39d8aa637c0021e5aa384be01eceb-1,"bad, defective",pan,acd-2.0/cldf/forms.csv,,,,
bad,pmp,*ma-zaqat,acd,19081-91f3da3073f44911f0562da3eb3f7a8c-1,"bad, evil",pmp,acd-2.0/cldf/forms.csv,,,,
rotten,pan,*buRuk,acd,19072-9119b5d7d6c4ebdbcf9e02336734155c-1,rotten meat; addled eggs; bad character,pan,acd-2.0/cldf/forms.csv,,,,
rotten,pmp,*buRuk,acd,19081-9119b5d7d6c4ebdbcf9e02336734155c-1,rotten meat; addled eggs; bad character,pmp,acd-2.0/cldf/forms.csv,,,,
dirty,pmp,*lumes,acd,19081-678cdb6d3fec8ce8fefc1be610a9dc56-2,"smeared, smudged, dirty with",pmp,acd-2.0/cldf/forms.csv,,,,
straight,pmp,*lurus,acd,19081-3a7ec495eedbc3be120e8fd13e007b92-1,straight,pmp,acd-2.0/cldf/forms.csv,,,,
round,pmp,*bunteR,acd,19081-9bbd993d9da7df60b3fd4a4ed721b082-1,round,pmp,acd-2.0/cldf/forms.csv,,,,
sharp,pan,*Cazem,acd,19072-5e7e2a10545943aaa2a9b3d26d3d4816-1,sharp (of point or blade),pan,acd-2.0/cldf/forms.csv,,,,
sharp,pmp,*tazim,acd,19081-35caf41ff6e3b15de7efb5831f882585-1,"sharp point; to whet,",pmp,acd-2.0/cldf/forms.csv,,,,
dull,pmp,*dumpul,acd,19081-38dddef294386170631a4654df4dabd7-2,"dull, blunt",pmp,acd-2.0/cldf/forms.csv,,,,
smooth,pan,*ma-dalis,acd,19072-7959548ad67d9c79814227eb5893d506-1,"smooth, slippery",pan,acd-2.0/cldf/forms.csv,,,,
smooth,pmp,*ma-dalis,acd,19081-7959548ad67d9c79814227eb5893d506-1,"smooth, slippery",pmp,acd-2.0/cldf/forms.csv,,,,
wet,pmp,*ma-baseq,acd,19081-75c7503e0456beed34e0a36fa7b1ea25-1,"wet, moist, damp",pmp,acd-2.0/cldf/forms.csv,,,,
dry,pan,*keRaŋ₃,acd,19072-81e047aa9039b5428b6d6f5c440f4670-1,dry,pan,acd-2.0/cldf/forms.csv,,,,
dry,pmp,*keRaŋ₃,acd,19081-81e047aa9039b5428b6d6f5c440f4670-1,dry,pmp,acd-2.0/cldf/forms.csv,,,,
correct,pan,*keNa,acd,19072-b299fdf6da5d2cf3149871d659c976b6-1,"be ensnared, caught in a trap; suffer, undergo, be struck by something; be entrapped or deceived; hit the mark, be ‘on target’, correct, right, true",pan,acd-2.0/cldf/forms.csv,,,,
correct,pmp,*keNa,acd,19081-b299fdf6da5d2cf3149871d659c976b6-1,"be ensnared, caught in a trap; suffer, undergo, be struck by something; be entrapped or deceived; hit the mark, be ‘on target’, correct, right, true",pmp,acd-2.0/cldf/forms.csv,,,,
near,pan,*ipit,acd,19072-0df80a2368db10030e0989f61b3275dd-1,"near, come near; edge, border",pan,acd-2.0/cldf/forms.csv,,,,
near,pmp,*adani,acd,19081-85f06cc816f93b8a6dbb1a494f813358-1,near,pmp,acd-2.0/cldf/forms.csv,,,,
far,pan,*dawiN,acd,19072-17d965747c701d6ffb406cad0f4265dc-1,far,pan,acd-2.0/cldf/forms.csv,,,,
far,pmp,*zauq,acd,19081-17d965747c701d6ffb406cad0f4265dc-1,far,pmp,acd-2.0/cldf/forms.csv,,,,
right,pan,*waNan,acd,19072-46c03eac51ddd689180012b5c4728fdd-3,"right (side, hand, direction)",pan,acd-2.0/cldf/forms.csv,,,,
right,pmp,*ka-wanaN,acd,19081-46c03eac51ddd689180012b5c4728fdd-2,"right (side, hand, direction)",pmp,acd-2.0/cldf/forms.csv,,,,
left,pan,*wiRi,acd,19072-27f126ea27aa67d67c8fd94e3bcd4dad-1,left side or direction,pan,acd-2.0/cldf/forms.csv,,,,
left,pmp,*wiRi,acd,19081-27f126ea27aa67d67c8fd94e3bcd4dad-1,left side or direction,pmp,acd-2.0/cldf/forms.csv,,,,
at,pan,*sa₂,acd,19072-71705604a629cfc7d43259ba21f16aa7-1,locative marker,pan,acd-2.0/cldf/forms.csv,,,,
at,pmp,*sa₂,acd,19081-71705604a629cfc7d43259ba21f16aa7-1,locative marker,pmp,acd-2.0/cldf/forms.csv,,,,
in,pmp,*lem,acd,19081-dfc5796bf621b6d8102a743d7ac398e9-1,"in, inside",pmp,acd-2.0/cldf/forms.csv,,,,
and,pan,*maS,acd,19072-be5d5d37542d75f93a87094459f76678-1,and,pan,acd-2.0/cldf/forms.csv,,,,
and,pmp,*maS,acd,19081-be5d5d37542d75f93a87094459f76678-2,and,pmp,acd-2.0/cldf/forms.csv,,,,
if,pan,*nu₁,acd,19072-f6707a7f7782fe71d90697d10786c162-1,"if, when (in future)",pan,acd-2.0/cldf/forms.csv,,,,
if,pmp,*nu₁,acd,19081-f6707a7f7782fe71d90697d10786c162-1,"if, when (in future)",pmp,acd-2.0/cldf/forms.csv,,,,
because,pmp,*ba₁,acd,19081-40c0fa9ca75fa44851443165f2019d10-1,"conjunction: or, if; perhaps; because",pmp,acd-2.0/cldf/forms.csv,,,,
name,pan,*ŋajan,acd,19072-b068931cc450442b63f5b3d276ea4297-1,name,pan,acd-2.0/cldf/forms.csv,,,,
name,pmp,*ŋajan,acd,19081-b068931cc450442b63f5b3d276ea4297-2,name,pmp,acd-2.0/cldf/forms.csv,,,,
one,pan,*isa₁,acd,19072-f97c5d29941bfb1b2fdab0874906ab82-3,one,pan,acd-2.0/cldf/forms.csv,,,,
one,pmp,*isa₁,acd,19081-f97c5d29941bfb1b2fdab0874906ab82-3,one,pmp,acd-2.0/cldf/forms.csv,,,,
two,pan,*duSa,acd,19072-b8a9f715dbb64fd5c56e7783c6820a61-1,two,pan,acd-2.0/cldf/forms.csv,,,,
two,pmp,*duha,acd,19081-b8a9f715dbb64fd5c56e7783c6820a61-1,two,pmp,acd-2.0/cldf/forms.csv,,,,
three,pan,*telu,acd,19072-35d6d33467aae9a2e3dccb4b6b027878-1,three,pan,acd-2.0/cldf/forms.csv,,,,
three,pmp,*telu,acd,19081-35d6d33467aae9a2e3dccb4b6b027878-1,three,pmp,acd-2.0/cldf/forms.csv,,,,
four,pan,*Sepat,acd,19072-8cbad96aced40b3838dd9f07f6ef5772-1,four,pan,acd-2.0/cldf/forms.csv,,,,
four,pmp,*epat,acd,19081-8cbad96aced40b3838dd9f07f6ef5772-1,four,pmp,acd-2.0/cldf/forms.csv,,,,
five,pan,*lima,acd,19072-30056e1cab7a61d256fc8edd970d14f5-1,five,pan,acd-2.0/cldf/forms.csv,,,,
five,pmp,*lima,acd,19081-30056e1cab7a61d256fc8edd970d14f5-2,five,pmp,acd-2.0/cldf/forms.csv,,,,
six,pan,*enem,acd,19072-f52b5e449a2303c031a0c3a1109360bf-1,six,pan,acd-2.0/cldf/forms.csv,,,,
six,pmp,*enem,acd,19081-f52b5e449a2303c031a0c3a1109360bf-1,six,pmp,acd-2.0/cldf/forms.csv,,,,
seven,pan,*pitu₁,acd,19072-bb3aec0fdcdbc2974890f805c585d432-1,seven,pan,acd-2.0/cldf/forms.csv,,,,
seven,pmp,*pitu₁,acd,19081-bb3aec0fdcdbc2974890f805c585d432-1,seven,pmp,acd-2.0/cldf/forms.csv,,,,
eight,pan,*walu,acd,19072-24d27c169c2c881eb09a065116f2aa5c-1,eight,pan,acd-2.0/cldf/forms.csv,,,,
eight,pmp,*walu,acd,19081-24d27c169c2c881eb09a065116f2aa5c-1,eight,pmp,acd-2.0/cldf/forms.csv,,,,
nine,pan,*Siwa,acd,19072-c785e1ed2950e3e36b1e2ca01f299a54-1,nine,pan,acd-2.0/cldf/forms.csv,,,,
nine,pmp,*siwa,acd,19081-c785e1ed2950e3e36b1e2ca01f299a54-1,nine,pmp,acd-2.0/cldf/forms.csv,,,,
ten,pan,*sa-puluq,acd,19072-b1b9a972ccd8c962a473909b97007eb4-1,ten,pan,acd-2.0/cldf/forms.csv,,,,
ten,pmp,*sa-puluq,acd,19081-b1b9a972ccd8c962a473909b97007eb4-2,ten,pmp,acd-2.0/cldf/forms.csv,,,,
twenty,pan,*ma-puSaN,acd,19072-ab389edaabf8d841f5719d0cf64006a3-1,twenty,pan,acd-2.0/cldf/forms.csv,,,,
twenty,pmp,*ma-puSaN,acd,19072-ab389edaabf8d841f5719d0cf64006a3-1,twenty,pan,acd-2.0/cldf/forms.csv,,,,pan
hundred,pan,*RaCus,acd,19072-34b569aa5f872cc9d12a7f4e5adf8ec0-1,hundred,pan,acd-2.0/cldf/forms.csv,,,,
hundred,pmp,*Ratus,acd,19081-34b569aa5f872cc9d12a7f4e5adf8ec0-1,hundred,pmp,acd-2.0/cldf/forms.csv,,,,
